subject,angle,muscle,r,p,n,duration_s
subject_541,Sagittal,MTL,0.00398164224921736,0.9300895793895942,488,487.9996
subject_541,Sagittal,MTR,0.008775369492148069,0.8466763878661043,488,487.9996
subject_541,Sagittal,SCML,0.16120295097304563,0.0003497363378548228,488,487.9996
subject_541,Sagittal,SCMR,-0.028875878936338886,0.52452495416832,488,487.9996
subject_541,Sagittal,STL,-0.08069748675716448,0.07491251076453638,488,487.9996
subject_541,Sagittal,STR,-0.22476649185877703,5.252435665745111e-07,488,487.9996
subject_541,Sagittal,UTL,-0.045028210869342486,0.32087649564162113,488,487.9996
subject_541,Sagittal,UTR,0.05304116872686313,0.24218764694494163,488,487.9996
subject_541,Frontal,MTL,0.16677952060135887,0.0002149354021314615,488,487.9996
subject_541,Frontal,MTR,0.3924067504472276,2.05595725360709e-19,488,487.9996
subject_541,Frontal,SCML,-0.39612632265190306,8.760233006063932e-20,488,487.9996
subject_541,Frontal,SCMR,0.39533668028882846,1.0509041148822897e-19,488,487.9996
subject_541,Frontal,STL,0.15459524457229634,0.000610319178855647,488,487.9996
subject_541,Frontal,STR,0.33098898483021116,6.113750010761122e-14,488,487.9996
subject_541,Frontal,UTL,0.21239804120632086,2.2001281076603553e-06,488,487.9996
subject_541,Frontal,UTR,0.21548599548679495,1.5506707904585315e-06,488,487.9996
subject_541,Horizontal,MTL,0.022494601174176444,0.6200987811471858,488,487.9996
subject_541,Horizontal,MTR,0.050623772351204854,0.2643521390496597,488,487.9996
subject_541,Horizontal,SCML,-0.24377159058850245,4.931373036925496e-08,488,487.9996
subject_541,Horizontal,SCMR,0.07289997933922425,0.10774236650012843,488,487.9996
subject_541,Horizontal,STL,-0.08587259399695318,0.05800957482566165,488,487.9996
subject_541,Horizontal,STR,0.22123331057709456,7.975621175187442e-07,488,487.9996
subject_541,Horizontal,UTL,-0.007905869538885314,0.8617073359251138,488,487.9996
subject_541,Horizontal,UTR,-0.09342903283798722,0.03909966617999279,488,487.9996
subject_560,Sagittal,MTL,-0.3282747749171941,2.396663101312782e-13,473,472.9995
subject_560,Sagittal,MTR,-0.23859019381156618,1.5103720957417605e-07,473,472.9995
subject_560,Sagittal,SCML,-0.20699665869577014,5.6461977345910425e-06,473,472.9995
subject_560,Sagittal,SCMR,-0.16969259843705084,0.000209126083378629,473,472.9995
subject_560,Sagittal,STL,-0.2466963512294731,5.4696673335053936e-08,473,472.9995
subject_560,Sagittal,STR,-0.1545057938225227,0.0007471783152151776,473,472.9995
subject_560,Sagittal,UTL,-0.30278141515483104,1.7419843122223037e-11,473,472.9995
subject_560,Sagittal,UTR,-0.2744092841524389,1.2862523995322324e-09,473,472.9995
subject_560,Frontal,MTL,0.41926471114678276,1.4665904874765834e-21,473,472.9995
subject_560,Frontal,MTR,0.3565568496165654,1.2597251739690765e-15,473,472.9995
subject_560,Frontal,SCML,0.5041814776338583,7.289055712930334e-32,473,472.9995
subject_560,Frontal,SCMR,0.5202053197378265,3.7421093223183566e-34,473,472.9995
subject_560,Frontal,STL,0.47305060679375527,9.52799184174886e-28,473,472.9995
subject_560,Frontal,STR,0.4781883140575294,2.1301771479519394e-28,473,472.9995
subject_560,Frontal,UTL,0.4677024282207663,4.4120747005670404e-27,473,472.9995
subject_560,Frontal,UTR,0.4377251401934387,1.4648179251974175e-23,473,472.9995
subject_560,Horizontal,MTL,0.326468600462667,3.2914295136765816e-13,473,472.9995
subject_560,Horizontal,MTR,0.32240935468210424,6.663501993622409e-13,473,472.9995
subject_560,Horizontal,SCML,0.3188011362104929,1.236360474325739e-12,473,472.9995
subject_560,Horizontal,SCMR,0.28580097143888095,2.4222258476823723e-10,473,472.9995
subject_560,Horizontal,STL,0.33037750380691255,1.6521621334120687e-13,473,472.9995
subject_560,Horizontal,STR,0.30707442617775604,8.70882838758144e-12,473,472.9995
subject_560,Horizontal,UTL,0.3281975384803141,2.429502964853186e-13,473,472.9995
subject_560,Horizontal,UTR,0.3213569576278843,7.986753362968284e-13,473,472.9995
subject_570,Sagittal,MTL,-0.04466101280403592,0.3903845855819963,372,371.9996
subject_570,Sagittal,MTR,0.009476746539310943,0.8554494536181392,372,371.9996
subject_570,Sagittal,SCML,0.051293051416294255,0.32382665104481684,372,371.9996
subject_570,Sagittal,SCMR,0.06313145978504184,0.22446157227474128,372,371.9996
subject_570,Sagittal,STL,-0.014470698000883723,0.7808772647510962,372,371.9996
subject_570,Sagittal,STR,0.04148879352339797,0.4249532310045329,372,371.9996
subject_570,Sagittal,UTL,0.030215507984197223,0.5612761815178975,372,371.9996
subject_570,Sagittal,UTR,-0.001894659810275693,0.9709475264763519,372,371.9996
subject_570,Frontal,MTL,0.3589093970989123,9.447735293811636e-13,372,371.9996
subject_570,Frontal,MTR,0.37051514195621077,1.5047923268149806e-13,372,371.9996
subject_570,Frontal,SCML,0.4079037092210408,2.3982927483381824e-16,372,371.9996
subject_570,Frontal,SCMR,0.43507644119232064,1.3004364249885952e-18,372,371.9996
subject_570,Frontal,STL,0.30386897837447846,2.188608917678113e-09,372,371.9996
subject_570,Frontal,STR,0.3569635237096646,1.2763315283218545e-12,372,371.9996
subject_570,Frontal,UTL,0.371557574129022,1.2712382228194159e-13,372,371.9996
subject_570,Frontal,UTR,0.38503969689738077,1.3576690787933323e-14,372,371.9996
subject_570,Horizontal,MTL,0.2660678709742071,1.9022591792838137e-07,372,371.9996
subject_570,Horizontal,MTR,0.21434681857711047,3.0619288712161125e-05,372,371.9996
subject_570,Horizontal,SCML,0.27552543484110475,6.621341574307413e-08,372,371.9996
subject_570,Horizontal,SCMR,0.2812886378224955,3.411958323880342e-08,372,371.9996
subject_570,Horizontal,STL,0.1714922323052304,0.0008965458435395708,372,371.9996
subject_570,Horizontal,STR,0.2736043671806412,8.231215586280283e-08,372,371.9996
subject_570,Horizontal,UTL,0.27803760024324947,4.9687169122050716e-08,372,371.9996
subject_570,Horizontal,UTR,0.28217528443501716,3.076928982957228e-08,372,371.9996
subject_571,Sagittal,MTL,0.10006819232515399,0.013260011124198947,612,611.9995
subject_571,Sagittal,MTR,-0.0434543507230024,0.28313180093985746,612,611.9995
subject_571,Sagittal,SCML,0.15867242835256595,8.06985230742517e-05,612,611.9995
subject_571,Sagittal,SCMR,0.029217078472175143,0.47062226570227916,612,611.9995
subject_571,Sagittal,STL,0.26943249600759656,1.2227819481073947e-11,612,611.9995
subject_571,Sagittal,STR,0.275551221462935,3.988904069769278e-12,612,611.9995
subject_571,Sagittal,UTL,0.11410017706195834,0.004711171010987008,612,611.9995
subject_571,Sagittal,UTR,0.3698351687130837,9.380763363095179e-20,565,611.9995
subject_571,Frontal,MTL,-0.06469007098224362,0.10987680591887185,612,611.9995
subject_571,Frontal,MTR,-0.026906489700579204,0.5064412009327315,612,611.9995
subject_571,Frontal,SCML,-0.04476781903372966,0.2688196096646228,612,611.9995
subject_571,Frontal,SCMR,0.026448506897165092,0.5137069483423847,612,611.9995
subject_571,Frontal,STL,-0.05942326874298131,0.14201111903021846,612,611.9995
subject_571,Frontal,STR,-0.035837154367154435,0.3761382661278106,612,611.9995
subject_571,Frontal,UTL,-0.06835393340955653,0.09112321462245328,612,611.9995
subject_571,Frontal,UTR,-0.06583297538279467,0.11803792287575147,565,611.9995
subject_571,Horizontal,MTL,-0.07600334526062968,0.06023171392871292,612,611.9995
subject_571,Horizontal,MTR,-0.050560860813041494,0.2116473594948056,612,611.9995
subject_571,Horizontal,SCML,-0.053153725470120546,0.18911869956363417,612,611.9995
subject_571,Horizontal,SCMR,-0.015719241983541746,0.6979408950187919,612,611.9995
subject_571,Horizontal,STL,0.010371458628316205,0.7979060069300984,612,611.9995
subject_571,Horizontal,STR,0.015233079860339425,0.706844798841521,612,611.9995
subject_571,Horizontal,UTL,-0.014260755613934781,0.72477206849819,612,611.9995
subject_571,Horizontal,UTR,0.03343680326542015,0.42763486240991333,565,611.9995
subject_572,Sagittal,MTL,0.47086283883696944,4.752376285036616e-49,867,866.9994
subject_572,Sagittal,MTR,0.3816746970154405,1.886229366269552e-31,867,866.9994
subject_572,Sagittal,SCML,0.3002915644359826,1.5853327500382879e-19,867,866.9994
subject_572,Sagittal,SCMR,0.3459295018476208,8.92239654420466e-26,867,866.9994
subject_572,Sagittal,STL,-0.23740602322448182,1.423044743326297e-12,867,866.9994
subject_572,Sagittal,STR,0.14986919014626698,9.355252282331052e-06,867,866.9994
subject_572,Sagittal,UTL,0.07247998910704576,0.032851661946211606,867,866.9994
subject_572,Sagittal,UTR,0.18077064135439017,8.354523724598819e-08,867,866.9994
subject_572,Frontal,MTL,-0.06811386287281436,0.04495889088906131,867,866.9994
subject_572,Frontal,MTR,-0.1814704299950811,7.432185924087492e-08,867,866.9994
subject_572,Frontal,SCML,-0.10786336946462659,0.001469074362878947,867,866.9994
subject_572,Frontal,SCMR,-0.10724036184587604,0.001565574417657673,867,866.9994
subject_572,Frontal,STL,-0.21083828627427528,3.616108336409947e-10,867,866.9994
subject_572,Frontal,STR,-0.10474184082438953,0.0020140151941042926,867,866.9994
subject_572,Frontal,UTL,-0.0863622464228633,0.010958786016110002,867,866.9994
subject_572,Frontal,UTR,-0.08950263158540286,0.00836713350976694,867,866.9994
subject_572,Horizontal,MTL,-0.08733124094497671,0.010091932988166012,867,866.9994
subject_572,Horizontal,MTR,-0.15760376156215794,3.1148395037526003e-06,867,866.9994
subject_572,Horizontal,SCML,-0.11045485100616077,0.0011235535777613043,867,866.9994
subject_572,Horizontal,SCMR,-0.07689719046191101,0.023554802520549426,867,866.9994
subject_572,Horizontal,STL,0.03499969226248563,0.30329656095063473,867,866.9994
subject_572,Horizontal,STR,-0.15606949829988945,3.890722635024825e-06,867,866.9994
subject_572,Horizontal,UTL,-0.12948657593586965,0.00013166631230339127,867,866.9994
subject_572,Horizontal,UTR,-0.06595252581656712,0.052224888827767296,867,866.9994
subject_573,Sagittal,MTL,-0.19159825828477334,1.5049174736654681e-07,740,739.9993
subject_573,Sagittal,MTR,-0.18585200510363825,3.5505838320519184e-07,740,739.9993
subject_573,Sagittal,SCML,-0.2711104529387491,6.213276987508443e-14,740,739.9993
subject_573,Sagittal,SCMR,-0.32091800982479673,3.4585204306166036e-19,740,739.9993
subject_573,Sagittal,STL,-0.3813191870188679,5.0441480601244386e-27,740,739.9993
subject_573,Sagittal,STR,0.28401643291238143,3.386442530685028e-15,740,739.9993
subject_573,Sagittal,UTL,-0.11291442036273812,0.0020961856824644617,740,739.9993
subject_573,Sagittal,UTR,-0.2087123961666292,9.970702874449888e-09,740,739.9993
subject_573,Frontal,MTL,0.27831908797332927,1.2467240612979186e-14,740,739.9993
subject_573,Frontal,MTR,0.26137748935435995,5.041748984441883e-13,740,739.9993
subject_573,Frontal,SCML,0.42185640397077695,2.721936958833008e-33,740,739.9993
subject_573,Frontal,SCMR,0.38732928349209816,6.721778081210678e-28,740,739.9993
subject_573,Frontal,STL,0.4925724689638692,1.7324861702088389e-46,740,739.9993
subject_573,Frontal,STR,0.03023098035862864,0.41154998664783626,740,739.9993
subject_573,Frontal,UTL,0.3106517806457432,5.0915068967538885e-18,740,739.9993
subject_573,Frontal,UTR,0.36807873248403267,3.696458221200787e-25,740,739.9993
subject_573,Horizontal,MTL,0.36203284260784657,2.460406796380339e-24,740,739.9993
subject_573,Horizontal,MTR,0.4172213286079415,1.5703885182081073e-32,740,739.9993
subject_573,Horizontal,SCML,0.4531042834209432,9.62953316571683e-39,740,739.9993
subject_573,Horizontal,SCMR,0.4412832388328649,1.2968676787934028e-36,740,739.9993
subject_573,Horizontal,STL,0.24296110724687234,2.1026821370245203e-11,740,739.9993
subject_573,Horizontal,STR,0.2335502722645562,1.2621223876349818e-10,740,739.9993
subject_573,Horizontal,UTL,0.3824833053989541,3.425037011198932e-27,740,739.9993
subject_573,Horizontal,UTR,0.4888357065553446,1.0376253864138409e-45,740,739.9993
subject_574,Sagittal,MTL,-0.5148140795331627,1.530362640191928e-37,535,534.9995
subject_574,Sagittal,MTR,0.4180119939181551,4.849707641048473e-24,535,534.9995
subject_574,Sagittal,SCML,0.019952421494343456,0.6451808717937895,535,534.9995
subject_574,Sagittal,SCMR,-0.13614958746663605,0.0015967857535426403,535,534.9995
subject_574,Sagittal,STL,0.15012692257894794,0.0004938157114918525,535,534.9995
subject_574,Sagittal,STR,-0.19381747294334134,6.319377255622972e-06,535,534.9995
subject_574,Sagittal,UTL,-0.6967690840637509,6.0467287805461e-79,535,534.9995
subject_574,Sagittal,UTR,0.2833345476429564,2.4640078382445613e-11,535,534.9995
subject_574,Frontal,MTL,-0.49232419543140704,5.211356881989174e-34,535,534.9995
subject_574,Frontal,MTR,0.33032014123097003,4.3750348587665705e-15,535,534.9995
subject_574,Frontal,SCML,0.0031950494456525996,0.9412259890998294,535,534.9995
subject_574,Frontal,SCMR,-0.0865696028168708,0.0453454330189306,535,534.9995
subject_574,Frontal,STL,0.09788555408710187,0.0235591349444858,535,534.9995
subject_574,Frontal,STR,-0.20897326897911114,1.0814968015541456e-06,535,534.9995
subject_574,Frontal,UTL,-0.6613988872351756,1.3649712591003506e-68,535,534.9995
subject_574,Frontal,UTR,0.2745121941355223,1.0530884789676415e-10,535,534.9995
subject_574,Horizontal,MTL,0.44545703357516087,1.9340186526455793e-27,535,534.9995
subject_574,Horizontal,MTR,-0.29068738911004205,7.056877462106754e-12,535,534.9995
subject_574,Horizontal,SCML,-0.06569595521698278,0.12910580625051377,535,534.9995
subject_574,Horizontal,SCMR,0.12452680404580328,0.003916464960993006,535,534.9995
subject_574,Horizontal,STL,-0.18625512826758694,1.450884255904916e-05,535,534.9995
subject_574,Horizontal,STR,0.12360034534077775,0.004194075467881345,535,534.9995
subject_574,Horizontal,UTL,0.4846301983698586,7.350820002098473e-33,535,534.9995
subject_574,Horizontal,UTR,-0.11880159003364862,0.005937541451782965,535,534.9995
subject_575,Sagittal,MTL,-0.2747611043391774,7.329486100319145e-13,658,657.9995
subject_575,Sagittal,MTR,-0.2612064034444325,1.0027592343537365e-11,658,657.9995
subject_575,Sagittal,SCML,-0.26669921538288743,3.5361024862530067e-12,658,657.9995
subject_575,Sagittal,SCMR,-0.2085039054070775,6.749877435211051e-08,658,657.9995
subject_575,Sagittal,STL,-0.3186174618319873,5.440228259827863e-17,658,657.9995
subject_575,Sagittal,STR,-0.30270080604139676,2.0726983279541313e-15,658,657.9995
subject_575,Sagittal,UTL,-0.24917596882649565,9.045371854933709e-11,658,657.9995
subject_575,Sagittal,UTR,-0.31302554589085896,2.0043788026270394e-16,658,657.9995
subject_575,Frontal,MTL,-0.35134013668652914,1.497704502008698e-20,658,657.9995
subject_575,Frontal,MTR,-0.3293826268646073,4.08593732259019e-18,658,657.9995
subject_575,Frontal,SCML,-0.3289830361490127,4.506446428693581e-18,658,657.9995
subject_575,Frontal,SCMR,-0.30430830946104775,1.449461850822726e-15,658,657.9995
subject_575,Frontal,STL,-0.4192106197302674,2.1743928240053208e-29,658,657.9995
subject_575,Frontal,STR,-0.41779207268990676,3.4980908668114295e-29,658,657.9995
subject_575,Frontal,UTL,-0.3754354568368819,1.8732990290658458e-23,658,657.9995
subject_575,Frontal,UTR,-0.45719171724753177,2.6808835866225236e-35,658,657.9995
subject_575,Horizontal,MTL,-0.1569533756821212,5.265397456904908e-05,658,657.9995
subject_575,Horizontal,MTR,-0.1442097397368974,0.0002059679659873688,658,657.9995
subject_575,Horizontal,SCML,-0.15144261419229468,9.624810268982319e-05,658,657.9995
subject_575,Horizontal,SCMR,-0.07408529977885511,0.05751225747062329,658,657.9995
subject_575,Horizontal,STL,-0.18698702580167567,1.3650313546389357e-06,658,657.9995
subject_575,Horizontal,STR,-0.10439448797290088,0.0073597728572155265,658,657.9995
subject_575,Horizontal,UTL,-0.15688449116349837,5.305918403511722e-05,658,657.9995
subject_575,Horizontal,UTR,-0.19180894210527383,7.161530263475732e-07,658,657.9995
subject_577,Sagittal,MTL,-0.14838950181426314,0.0033512357624840734,389,388.9993
subject_577,Sagittal,MTR,-0.06796909753119709,0.1809637435683148,389,388.9993
subject_577,Sagittal,SCML,0.12245757873984607,0.01566751498926606,389,388.9993
subject_577,Sagittal,SCMR,-0.04619267272579149,0.3635533343027009,389,388.9993
subject_577,Sagittal,STL,0.09160588518534324,0.07111656656041784,389,388.9993
subject_577,Sagittal,STR,0.20469904243118628,4.752958984901307e-05,389,388.9993
subject_577,Sagittal,UTL,0.06612647340337502,0.1931059694610684,389,388.9993
subject_577,Sagittal,UTR,0.19933360108044376,7.538462840408149e-05,389,388.9993
subject_577,Frontal,MTL,-0.12387479289200236,0.014495124768476678,389,388.9993
subject_577,Frontal,MTR,-0.09346625200120073,0.06554198594214279,389,388.9993
subject_577,Frontal,SCML,0.00544152836993292,0.9148055399938855,389,388.9993
subject_577,Frontal,SCMR,0.09730733085056516,0.05516465002507056,389,388.9993
subject_577,Frontal,STL,-0.08706445391892673,0.08636152643728369,389,388.9993
subject_577,Frontal,STR,-0.12259443327554756,0.015550786224386628,389,388.9993
subject_577,Frontal,UTL,0.0800224760284253,0.11508604410500957,389,388.9993
subject_577,Frontal,UTR,0.08482382459013081,0.09479765510777585,389,388.9993
subject_577,Horizontal,MTL,-0.1434476160380597,0.004585450716357193,389,388.9993
subject_577,Horizontal,MTR,-0.3652441307957023,1.0135499125394255e-13,389,388.9993
subject_577,Horizontal,SCML,0.45386672089150476,3.6514883630527695e-21,389,388.9993
subject_577,Horizontal,SCMR,0.3460889772484513,2.1847406768023904e-12,389,388.9993
subject_577,Horizontal,STL,-0.21392321856278246,2.0904455616241883e-05,389,388.9993
subject_577,Horizontal,STR,0.35597860539565357,4.593354838561593e-13,389,388.9993
subject_577,Horizontal,UTL,0.4933772255766866,2.947917448985326e-25,389,388.9993
subject_577,Horizontal,UTR,0.15228107030546364,0.002600733814018508,389,388.9993
subject_578,Sagittal,MTL,-0.0032352508701709855,0.9347435032586153,643,642.9995
subject_578,Sagittal,MTR,-0.08755898354916684,0.02640401010587406,643,642.9995
subject_578,Sagittal,SCML,0.1739558366336604,9.149282642164688e-06,643,642.9995
subject_578,Sagittal,SCMR,-0.20627853992700687,1.3104490499484564e-07,643,642.9995
subject_578,Sagittal,STL,-0.2528816798258979,7.718206147933412e-11,643,642.9995
subject_578,Sagittal,STR,-0.45330739621873156,6.631992095409063e-34,643,642.9995
subject_578,Sagittal,UTL,-0.07322492780436807,0.06349976889199312,643,642.9995
subject_578,Sagittal,UTR,0.15452000775174599,8.345292114739568e-05,643,642.9995
subject_578,Horizontal,MTL,-0.23290603480065888,2.2756981315316275e-09,643,642.9995
subject_578,Horizontal,MTR,-0.18802077651988583,1.5761120441967527e-06,643,642.9995
subject_578,Horizontal,SCML,-0.3885698957275159,1.3251696193263987e-24,643,642.9995
subject_578,Horizontal,SCMR,-0.11326514394288818,0.004030234805231272,643,642.9995
subject_578,Horizontal,STL,0.03736187692121164,0.34420541499041013,643,642.9995
subject_578,Horizontal,STR,0.0049730825936083745,0.8998426857531107,643,642.9995
subject_578,Horizontal,UTL,-0.41726075684448727,1.7739356436158497e-28,643,642.9995
subject_578,Horizontal,UTR,-0.0788042318679481,0.045771653968512085,643,642.9995
subject_579,Sagittal,MTL,0.2849556153793712,2.6462852920457874e-20,1009,1008.999
subject_579,Sagittal,MTR,0.19676420791572746,2.8978471085130554e-10,1009,1008.999
subject_579,Sagittal,SCML,0.6507784992878306,1.3930080352056882e-122,1009,1008.999
subject_579,Sagittal,SCMR,0.09448434755415716,0.002662141289459962,1009,1008.999
subject_579,Sagittal,STL,0.24050633400348154,9.625971861880247e-15,1009,1008.999
subject_579,Sagittal,STR,0.36518701606110276,3.43919294090032e-33,1009,1008.999
subject_579,Sagittal,UTL,0.5104586955827106,4.801587217603567e-68,1009,1008.999
subject_579,Sagittal,UTR,0.4999729731363719,6.328701154881009e-65,1009,1008.999
subject_579,Frontal,MTL,-0.12527550129841386,0.0007545939172179423,720,1008.999
subject_579,Frontal,MTR,-0.10418384547589422,0.005137123922212307,720,1008.999
subject_579,Frontal,SCML,-0.34725046596014847,7.848096591368524e-22,720,1008.999
subject_579,Frontal,SCMR,0.11884052840926096,0.0014001846609921597,720,1008.999
subject_579,Frontal,STL,-0.15576656711731446,2.6923089715740438e-05,720,1008.999
subject_579,Frontal,STR,-0.14362026767631852,0.00011013481719018267,720,1008.999
subject_579,Frontal,UTL,-0.4002707519063505,4.408676211812813e-29,720,1008.999
subject_579,Frontal,UTR,-0.35075065092576674,2.8625821963203353e-22,720,1008.999
subject_579,Horizontal,MTL,-0.22450293542093666,5.404025828844972e-13,1009,1008.999
subject_579,Horizontal,MTR,-0.10567680508236989,0.0007736457391357563,1009,1008.999
subject_579,Horizontal,SCML,-0.2537533788176245,2.728598218655627e-16,1009,1008.999
subject_579,Horizontal,SCMR,-0.19828882151808708,2.0980922077615012e-10,1009,1008.999
subject_579,Horizontal,STL,-0.09694090528778498,0.002050968446097188,1009,1008.999
subject_579,Horizontal,STR,-0.30015303901426715,1.8793204951087108e-22,1009,1008.999
subject_579,Horizontal,UTL,-0.19106874010685768,9.464999185442852e-10,1009,1008.999
subject_579,Horizontal,UTR,-0.18794385648888434,1.7846863766714446e-09,1009,1008.999
subject_580,Sagittal,MTL,-0.022466742833335804,0.5333515711681464,771,770.9993
subject_580,Sagittal,MTR,0.0023326025802397066,0.9484414367108907,771,770.9993
subject_580,Sagittal,SCML,-0.03268955512044884,0.3646941562762525,771,770.9993
subject_580,Sagittal,SCMR,0.1961101970865205,4.020939704273457e-08,771,770.9993
subject_580,Sagittal,STL,-0.008807872965527538,0.8070951785679112,771,770.9993
subject_580,Sagittal,STR,0.007010699287316931,0.8459003964259209,771,770.9993
subject_580,Sagittal,UTL,-0.023615410329359366,0.5126262599326289,771,770.9993
subject_580,Sagittal,UTR,-0.0648651058615478,0.07184867424256167,771,770.9993
subject_580,Frontal,MTL,-0.2871629142512758,4.2024593386148376e-16,771,770.9993
subject_580,Frontal,MTR,-0.2774935984452122,4.252462874360589e-15,771,770.9993
subject_580,Frontal,SCML,-0.256814925783875,4.4482454182250036e-13,771,770.9993
subject_580,Frontal,SCMR,-0.06408549252986201,0.07533886922509109,771,770.9993
subject_580,Frontal,STL,-0.2758908042490984,6.18680817803664e-15,771,770.9993
subject_580,Frontal,STR,-0.2821180538307209,1.421774433222877e-15,771,770.9993
subject_580,Frontal,UTL,-0.2646186942469209,8.06464738917622e-14,771,770.9993
subject_580,Frontal,UTR,-0.25723533081892125,4.0631617696825435e-13,771,770.9993
subject_580,Horizontal,MTL,0.4229688710781854,8.217111456808641e-35,771,770.9993
subject_580,Horizontal,MTR,0.40339333560789054,1.5588813603467515e-31,771,770.9993
subject_580,Horizontal,SCML,0.3872070364926616,5.536344157620852e-29,771,770.9993
subject_580,Horizontal,SCMR,0.12717358155407388,0.00040032804924596346,771,770.9993
subject_580,Horizontal,STL,0.3655473571182554,8.714883241842724e-26,771,770.9993
subject_580,Horizontal,STR,0.3989457059394534,8.086209082353186e-31,771,770.9993
subject_580,Horizontal,UTL,0.40963922116271806,1.4803963718488092e-32,771,770.9993
subject_580,Horizontal,UTR,0.3694865881236978,2.380573448398944e-26,771,770.9993
subject_581,Sagittal,MTL,-0.01057825813031496,0.8304933853646016,412,411.9994
subject_581,Sagittal,MTR,-0.17063757794333617,0.0005040652039167067,412,411.9994
subject_581,Sagittal,SCML,-0.07908245948355236,0.1089715737933418,412,411.9994
subject_581,Sagittal,SCMR,-0.01338398506188734,0.7865048803714139,412,411.9994
subject_581,Sagittal,STL,-0.19736672577541575,5.490982723596035e-05,412,411.9994
subject_581,Sagittal,STR,-0.19727093993422407,5.537859588747949e-05,412,411.9994
subject_581,Sagittal,UTL,-0.23653769244546433,1.1997464031238208e-06,412,411.9994
subject_581,Sagittal,UTR,0.3078070750190879,1.7198030362060162e-10,412,411.9994
subject_581,Frontal,MTL,-0.15153231425061475,0.002040632633799777,412,411.9994
subject_581,Frontal,MTR,-0.14413947957106388,0.0033662510227156083,412,411.9994
subject_581,Frontal,SCML,-0.03481672360752845,0.48095407549920177,412,411.9994
subject_581,Frontal,SCMR,-0.08742564898013003,0.07630319187377238,412,411.9994
subject_581,Frontal,STL,-0.2646292825427394,4.964600780356345e-08,412,411.9994
subject_581,Frontal,STR,-0.23773121584938428,1.0560000905336507e-06,412,411.9994
subject_581,Frontal,UTL,-0.2459091893929369,4.3251179156191386e-07,412,411.9994
subject_581,Frontal,UTR,0.143390285586382,0.0035370052503725263,412,411.9994
subject_581,Horizontal,MTL,0.1706360652850144,0.000504124069547801,412,411.9994
subject_581,Horizontal,MTR,-0.0746474540105388,0.13035956248929564,412,411.9994
subject_581,Horizontal,SCML,0.18107366185078264,0.00022004748503876367,412,411.9994
subject_581,Horizontal,SCMR,0.06215961526220896,0.20799894723368983,412,411.9994
subject_581,Horizontal,STL,0.18946101623398923,0.0001092589503761621,412,411.9994
subject_581,Horizontal,STR,0.18964740188694937,0.00010753486776157865,412,411.9994
subject_581,Horizontal,UTL,-0.011276332004088884,0.8194935642566794,412,411.9994
subject_581,Horizontal,UTR,-0.17361823573237675,0.00039970088582156634,412,411.9994
subject_582,Sagittal,MTL,-0.3358719574480173,3.294084514489238e-17,597,596.9994
subject_582,Sagittal,MTR,-0.3696908437471303,9.007214999118215e-21,597,596.9994
subject_582,Sagittal,SCML,-0.4508321780542291,3.1699358061608727e-31,597,596.9994
subject_582,Sagittal,SCMR,-0.4505375283579925,3.502603784071299e-31,597,596.9994
subject_582,Sagittal,STL,-0.5156724397292881,7.230015653469293e-42,597,596.9994
subject_582,Sagittal,STR,-0.4956357392272202,2.478831353213176e-38,597,596.9994
subject_582,Sagittal,UTL,-0.17272514374857167,2.201753571650346e-05,597,596.9994
subject_582,Sagittal,UTR,-0.41249814182778816,6.269671679411576e-26,597,596.9994
subject_582,Frontal,MTL,0.4300422852516765,2.8662542686261263e-28,597,596.9994
subject_582,Frontal,MTR,0.4862509728110558,9.357538050455844e-37,597,596.9994
subject_582,Frontal,SCML,0.4885802120872773,3.83998642148996e-37,597,596.9994
subject_582,Frontal,SCMR,0.4516013021740673,2.441850152495344e-31,597,596.9994
subject_582,Frontal,STL,0.45508833358041173,7.417580466856473e-32,597,596.9994
subject_582,Frontal,STR,0.49317257873069026,6.499394814373661e-38,597,596.9994
subject_582,Frontal,UTL,0.24614563343726356,1.0899686524696465e-09,597,596.9994
subject_582,Frontal,UTR,0.47339038132931305,1.1330918306384935e-34,597,596.9994
subject_582,Horizontal,MTL,-0.4044362937479925,6.714442039233919e-25,597,596.9994
subject_582,Horizontal,MTR,-0.49647310167422587,1.783016412436476e-38,597,596.9994
subject_582,Horizontal,SCML,-0.5360129627948397,1.0507617789233436e-45,597,596.9994
subject_582,Horizontal,SCMR,-0.5267908377521309,6.218882301636423e-44,597,596.9994
subject_582,Horizontal,STL,-0.5305719090196415,1.1849618067040213e-44,597,596.9994
subject_582,Horizontal,STR,-0.5402781956270925,1.5246840022600673e-46,597,596.9994
subject_582,Horizontal,UTL,-0.23816137922795358,3.817189127956248e-09,597,596.9994
subject_582,Horizontal,UTR,-0.46438010652559936,2.896663468135119e-33,597,596.9994
subject_583,Sagittal,MTL,0.1490114835811158,0.00017012767840685948,632,631.9993
subject_583,Sagittal,MTR,0.05433604797106137,0.1724760367279802,632,631.9993
subject_583,Sagittal,SCML,0.374344473046849,1.8639570179525108e-22,632,631.9993
subject_583,Sagittal,SCMR,0.17157956938611513,1.4436985776493617e-05,632,631.9993
subject_583,Sagittal,STL,0.00425864226273306,0.9149086559037282,632,631.9993
subject_583,Sagittal,STR,-0.22553046652925746,9.89373706198772e-09,632,631.9993
subject_583,Sagittal,UTL,-0.30318432988646793,6.6501561795580035e-15,632,631.9993
subject_583,Sagittal,UTR,0.008677083252437288,0.8276544864507548,632,631.9993
subject_583,Frontal,MTL,-0.3762285677162465,1.1044065331420674e-22,632,631.9993
subject_583,Frontal,MTR,-0.4077140202315431,1.0418749260579868e-26,632,631.9993
subject_583,Frontal,SCML,-0.6362456315054918,5.1800524148739414e-73,632,631.9993
subject_583,Frontal,SCMR,-0.19929029820282176,4.397013285984048e-07,632,631.9993
subject_583,Frontal,STL,-0.18311078344380788,3.5961797108983016e-06,632,631.9993
subject_583,Frontal,STR,-0.1172326653162657,0.0031620125989386427,632,631.9993
subject_583,Frontal,UTL,0.11963039842858089,0.002592486131788245,632,631.9993
subject_583,Frontal,UTR,-0.5216630296314296,2.1350411563266652e-45,632,631.9993
subject_583,Horizontal,MTL,-0.18790743406131424,1.9648544007000136e-06,632,631.9993
subject_583,Horizontal,MTR,-0.18135164002820284,4.4712269718139455e-06,632,631.9993
subject_583,Horizontal,SCML,-0.1968121548672341,6.137453961738905e-07,632,631.9993
subject_583,Horizontal,SCMR,-0.08839358600322866,0.026274367344728527,632,631.9993
subject_583,Horizontal,STL,-0.09745390492644286,0.014248393590738767,632,631.9993
subject_583,Horizontal,STR,-0.051144716282974206,0.19912329545984586,632,631.9993
subject_583,Horizontal,UTL,-0.10649893894626204,0.007369562704813968,632,631.9993
subject_583,Horizontal,UTR,-0.17699566248729837,7.599019824942151e-06,632,631.9993
subject_584,Sagittal,MTL,0.21098101013670306,9.817429626063323e-10,823,822.9997
subject_584,Sagittal,MTR,0.1371788381306726,7.878028994748544e-05,823,822.9997
subject_584,Sagittal,SCML,0.21883963814396779,2.215667963002503e-10,823,822.9997
subject_584,Sagittal,SCMR,0.5171507912150586,1.7640752049186712e-57,823,822.9997
subject_584,Sagittal,STL,-0.13940290956541015,6.0023688628931924e-05,823,822.9997
subject_584,Sagittal,STR,-0.30006995435727013,1.3819826263408354e-18,823,822.9997
subject_584,Sagittal,UTL,0.29764907406563995,2.674242733704395e-18,823,822.9997
subject_584,Sagittal,UTR,0.32496161176347094,1.0770459373002263e-21,823,822.9997
subject_584,Frontal,MTL,-0.23336101310856877,1.2161369311519624e-11,823,822.9997
subject_584,Frontal,MTR,-0.17286067040218742,6.066466305468005e-07,823,822.9997
subject_584,Frontal,SCML,0.342271037492589,4.93248619568947e-24,823,822.9997
subject_584,Frontal,SCMR,0.096834955098287,0.005430652897566065,823,822.9997
subject_584,Frontal,STL,-0.3274782144828532,5.027764771973468e-22,823,822.9997
subject_584,Frontal,STR,-0.41279172693323896,3.3314603344231064e-35,823,822.9997
subject_584,Frontal,UTL,-0.045297629083246395,0.1942225282786073,823,822.9997
subject_584,Frontal,UTR,0.19624685918945248,1.3735251113086033e-08,823,822.9997
subject_584,Horizontal,MTL,-0.3752735908491105,6.405351654169626e-29,823,822.9997
subject_584,Horizontal,MTR,-0.2304192519665694,2.2249445342245197e-11,823,822.9997
subject_584,Horizontal,SCML,-0.2546633129558469,1.1953182813069653e-13,823,822.9997
subject_584,Horizontal,SCMR,-0.4778453802222379,3.5713130613710343e-48,823,822.9997
subject_584,Horizontal,STL,-0.11946756079494959,0.0005939100397446024,823,822.9997
subject_584,Horizontal,STR,0.11578618004136268,0.0008752800784212547,823,822.9997
subject_584,Horizontal,UTL,-0.278550151746057,3.934936200275814e-16,823,822.9997
subject_584,Horizontal,UTR,-0.23053121783759478,2.174701920237792e-11,823,822.9997
subject_585,Sagittal,MTL,0.22890483062466097,1.4215708786276974e-08,600,599.9996
subject_585,Sagittal,MTR,-0.07492216311675579,0.06665964711335515,600,599.9996
subject_585,Sagittal,SCML,0.354165480126695,3.5925116228554575e-19,600,599.9996
subject_585,Sagittal,SCMR,0.36876452138866944,9.155818331183794e-21,600,599.9996
subject_585,Sagittal,STL,-0.08925213472927446,0.02881362324544703,600,599.9996
subject_585,Sagittal,STR,0.2829573847686835,1.6486794083229028e-12,600,599.9996
subject_585,Sagittal,UTL,0.31547800725117536,2.4828342379640938e-15,600,599.9996
subject_585,Sagittal,UTR,0.29120974482841366,3.424193397924271e-13,600,599.9996
subject_585,Frontal,MTL,0.31226144210635437,4.899013835642948e-15,600,599.9996
subject_585,Frontal,MTR,0.10576954052682809,0.009522929006809112,600,599.9996
subject_585,Frontal,SCML,0.31446518386350564,3.078042886618639e-15,600,599.9996
subject_585,Frontal,SCMR,0.31318403662703087,4.034743235741831e-15,600,599.9996
subject_585,Frontal,STL,0.013497391667505828,0.741443177305878,600,599.9996
subject_585,Frontal,STR,0.275941889227602,6.0242505403148365e-12,600,599.9996
subject_585,Frontal,UTL,0.24699256061334113,8.639609957498232e-10,600,599.9996
subject_585,Frontal,UTR,0.32949151499193224,1.1659366572409818e-16,600,599.9996
subject_585,Horizontal,MTL,,,600,599.9996
subject_585,Horizontal,MTR,,,600,599.9996
subject_585,Horizontal,SCML,,,600,599.9996
subject_585,Horizontal,SCMR,,,600,599.9996
subject_585,Horizontal,STL,,,600,599.9996
subject_585,Horizontal,STR,,,600,599.9996
subject_585,Horizontal,UTL,,,600,599.9996
subject_585,Horizontal,UTR,,,600,599.9996
subject_586,Sagittal,MTL,0.08599253469612332,0.05949081075206384,481,480.9994
subject_586,Sagittal,MTR,0.07577145091601864,0.09694247067544588,481,480.9994
subject_586,Sagittal,SCML,0.4678551683021225,1.5597185306906581e-27,481,480.9994
subject_586,Sagittal,SCMR,0.4575522516520071,2.91379270548578e-26,481,480.9994
subject_586,Sagittal,STL,0.252886660597473,1.871621845709556e-08,481,480.9994
subject_586,Sagittal,STR,0.6083162945404528,5.127562602656896e-50,481,480.9994
subject_586,Sagittal,UTL,0.3518745716828254,1.8222148705912217e-15,481,480.9994
subject_586,Sagittal,UTR,0.5376180448319733,2.2222674378795904e-37,481,480.9994
subject_586,Frontal,MTL,0.16782112096980975,0.00021791997751914388,481,480.9994
subject_586,Frontal,MTR,0.1655425797544592,0.00026596631507791945,481,480.9994
subject_586,Frontal,SCML,0.349179131026461,3.07550196294124e-15,481,480.9994
subject_586,Frontal,SCMR,0.23476607143833753,1.9048385206307475e-07,481,480.9994
subject_586,Frontal,STL,0.13303239268170952,0.0034663283070217863,481,480.9994
subject_586,Frontal,STR,0.48623334764145837,6.532880226971931e-30,481,480.9994
subject_586,Frontal,UTL,0.38756913906631235,1.092400499798974e-18,481,480.9994
subject_586,Frontal,UTR,0.5071705097291659,8.40563923803802e-33,481,480.9994
subject_586,Horizontal,MTL,0.20720353860942492,4.598292449568523e-06,481,480.9994
subject_586,Horizontal,MTR,0.23161794757150186,2.7979258250443013e-07,481,480.9994
subject_586,Horizontal,SCML,0.23057096727953966,3.1757407794055716e-07,481,480.9994
subject_586,Horizontal,SCMR,0.18269507601165258,5.569131298061096e-05,481,480.9994
subject_586,Horizontal,STL,0.1168348905688807,0.01033214606307581,481,480.9994
subject_586,Horizontal,STR,0.28345344058262145,2.43980682168276e-10,481,480.9994
subject_586,Horizontal,UTL,0.21620058549705018,1.7011100778660047e-06,481,480.9994
subject_586,Horizontal,UTR,0.2882613272724668,1.1722911698150098e-10,481,480.9994
subject_587,Sagittal,MTL,0.05079864757293113,0.30902736883948045,403,402.9996
subject_587,Sagittal,MTR,0.01440763973523552,0.7730804336665829,403,402.9996
subject_587,Sagittal,SCML,0.3515165603926776,3.6494606969216985e-13,403,402.9996
subject_587,Sagittal,SCMR,0.3609203403150215,7.638343720295545e-14,403,402.9996
subject_587,Sagittal,STL,-0.17453235958652377,0.00043173796464231467,403,402.9996
subject_587,Sagittal,STR,0.5190607133569599,3.5230123207568674e-29,403,402.9996
subject_587,Sagittal,UTL,0.3901302073294076,4.2242076660471306e-16,403,402.9996
subject_587,Sagittal,UTR,0.5612684090863734,7.975317637000276e-35,403,402.9996
subject_587,Frontal,MTL,0.1012074349881019,0.042292460679666945,403,402.9996
subject_587,Frontal,MTR,0.1558206959943617,0.0017036742750657886,403,402.9996
subject_587,Frontal,SCML,0.38046677387709554,2.4991237542008575e-15,403,402.9996
subject_587,Frontal,SCMR,0.3599708016384599,8.96618800773125e-14,403,402.9996
subject_587,Frontal,STL,0.012488332798103975,0.8026395059651179,403,402.9996
subject_587,Frontal,STR,0.3573666398413171,1.3878016767024997e-13,403,402.9996
subject_587,Frontal,UTL,0.3765950919822561,5.01191556434996e-15,403,402.9996
subject_587,Frontal,UTR,0.4251747131083571,4.020426015983684e-19,403,402.9996
subject_587,Horizontal,MTL,-0.009249145534738526,0.8531486245559745,403,402.9996
subject_587,Horizontal,MTR,-0.003275739043553228,0.947731387297325,403,402.9996
subject_587,Horizontal,SCML,0.026591293412373262,0.5945511324710909,403,402.9996
subject_587,Horizontal,SCMR,0.006551478087106456,0.8956860060714724,403,402.9996
subject_587,Horizontal,STL,0.09518912279501734,0.056222096480214374,403,402.9996
subject_587,Horizontal,STR,-0.05260451522882537,0.292122149903046,403,402.9996
subject_587,Horizontal,UTL,-0.014644480430002667,0.7694545526245085,403,402.9996
subject_587,Horizontal,UTR,-0.009249145534738526,0.8531486245559745,403,402.9996
subject_588,Sagittal,MTL,-0.2428062011410352,4.031582397998547e-11,720,719.9995
subject_588,Sagittal,MTR,-0.22629167950129195,8.183295607253095e-10,720,719.9995
subject_588,Sagittal,SCML,0.47107921652084994,4.754725007208548e-41,720,719.9995
subject_588,Sagittal,SCMR,0.4865828810452196,4.564542495475446e-44,720,719.9995
subject_588,Sagittal,STL,-0.2242560339621885,1.167620114672138e-09,720,719.9995
subject_588,Sagittal,STR,0.41667840685942087,1.3136482892245394e-31,720,719.9995
subject_588,Sagittal,UTL,0.40069441430072245,3.809281518157251e-29,720,719.9995
subject_588,Sagittal,UTR,0.22386373039044744,1.2499205679551585e-09,720,719.9995
subject_588,Frontal,MTL,-0.23965584678921206,7.286516100559464e-11,720,719.9995
subject_588,Frontal,MTR,-0.26843349013389345,2.385972609346088e-13,720,719.9995
subject_588,Frontal,SCML,0.47233451116067277,2.7447436516540266e-41,720,719.9995
subject_588,Frontal,SCMR,0.45983529890380787,5.900585286066091e-39,720,719.9995
subject_588,Frontal,STL,-0.1720849103357106,3.4141677345891346e-06,720,719.9995
subject_588,Frontal,STR,0.5265267624329513,1.3542436708835214e-52,720,719.9995
subject_588,Frontal,UTL,0.422102895429529,1.787070491305999e-32,720,719.9995
subject_588,Frontal,UTR,0.27680487553140837,3.944504683966269e-14,720,719.9995
subject_588,Horizontal,MTL,0.06089409444615136,0.10254550827259658,720,719.9995
subject_588,Horizontal,MTR,0.12256404092766515,0.000982619877628268,720,719.9995
subject_588,Horizontal,SCML,-0.19588380568390756,1.168258007614682e-07,720,719.9995
subject_588,Horizontal,SCMR,-0.15446949970319948,3.14562928770156e-05,720,719.9995
subject_588,Horizontal,STL,-0.09866766232848649,0.008063520113745984,720,719.9995
subject_588,Horizontal,STR,-0.24951467470691763,1.1116710426107848e-11,720,719.9995
subject_588,Horizontal,UTL,-0.20949635874979708,1.389339437797218e-08,720,719.9995
subject_588,Horizontal,UTR,-0.17978167235689832,1.2021668734280874e-06,720,719.9995
subject_590,Sagittal,MTL,-0.7770296860122761,1.3076208104027589e-135,666,665.9995
subject_590,Sagittal,MTR,-0.7663545440588261,9.924266905075501e-130,666,665.9995
subject_590,Sagittal,SCML,-0.7560748079561549,2.339539290794448e-124,666,665.9995
subject_590,Sagittal,SCMR,-0.5600128939158087,3.0317992512105773e-56,666,665.9995
subject_590,Sagittal,STL,-0.6104816543977385,2.9411498520187e-69,666,665.9995
subject_590,Sagittal,STR,-0.7295369869710798,1.2011638706060758e-111,666,665.9995
subject_590,Sagittal,UTL,-0.6835155222884393,7.521261834559032e-93,666,665.9995
subject_590,Sagittal,UTR,-0.7472057395740391,6.21835145971705e-120,666,665.9995
subject_590,Frontal,MTL,0.6234008654573792,5.600094762695906e-73,666,665.9995
subject_590,Frontal,MTR,0.6248572258945486,2.0788081221138232e-73,666,665.9995
subject_590,Frontal,SCML,0.5955679501113992,3.5908003503324672e-65,666,665.9995
subject_590,Frontal,SCMR,0.5317502562613377,6.987075619240482e-50,666,665.9995
subject_590,Frontal,STL,0.5717213776842938,4.592246180020757e-59,666,665.9995
subject_590,Frontal,STR,0.624242569503934,3.160344666446178e-73,666,665.9995
subject_590,Frontal,UTL,0.5690073154984713,2.1169912489138274e-58,666,665.9995
subject_590,Frontal,UTR,0.5845780553374963,2.706590565501413e-62,666,665.9995
subject_590,Horizontal,MTL,0.16443299359143068,2.0025345584738955e-05,666,665.9995
subject_590,Horizontal,MTR,0.14920841083245215,0.00011107074460533054,666,665.9995
subject_590,Horizontal,SCML,0.14755845605069093,0.00013246820475445667,666,665.9995
subject_590,Horizontal,SCMR,0.10913450908755462,0.0048088508802837495,666,665.9995
subject_590,Horizontal,STL,0.12813398839268383,0.0009190249499094931,666,665.9995
subject_590,Horizontal,STR,0.1703328319019708,9.876665890011827e-06,666,665.9995
subject_590,Horizontal,UTL,0.04113637262709224,0.2891173566273221,666,665.9995
subject_590,Horizontal,UTR,0.09738483109622474,0.011921282362730223,666,665.9995
subject_591,Sagittal,MTL,-0.283197334224014,1.9617132896716862e-10,487,486.9998
subject_591,Sagittal,MTR,-0.418977584523205,4.01240444433012e-22,487,486.9998
subject_591,Sagittal,SCML,-0.06824925410508055,0.13257790474246817,487,486.9998
subject_591,Sagittal,SCMR,0.3215561567289213,3.5445173757591393e-13,487,486.9998
subject_591,Sagittal,STL,-0.42071568830826356,2.600447364932559e-22,487,486.9998
subject_591,Sagittal,STR,-0.21472361327742376,1.7334146958467393e-06,487,486.9998
subject_591,Sagittal,UTL,-0.22661759726810876,4.3251007476995173e-07,487,486.9998
subject_591,Sagittal,UTR,-0.36597174588943915,7.010758479225082e-17,487,486.9998
subject_591,Frontal,MTL,-0.15890952066918893,0.0004312072400251557,487,486.9998
subject_591,Frontal,MTR,-0.11019730353734143,0.014974006364795699,487,486.9998
subject_591,Frontal,SCML,0.19806604850299622,1.0656581541933081e-05,487,486.9998
subject_591,Frontal,SCMR,0.287092730903408,1.0772185256039585e-10,487,486.9998
subject_591,Frontal,STL,-0.12614097345008837,0.00530872658372844,487,486.9998
subject_591,Frontal,STR,-0.10076967274065281,0.026165858172154506,487,486.9998
subject_591,Frontal,UTL,-0.06780890893803453,0.13510060662308065,487,486.9998
subject_591,Frontal,UTR,-0.10494793563384756,0.020533843882350772,487,486.9998
subject_591,Horizontal,MTL,-0.1387891588337024,0.0021419604829371556,487,486.9998
subject_591,Horizontal,MTR,-0.18738377147574145,3.161767239968095e-05,487,486.9998
subject_591,Horizontal,SCML,-0.1068836050788283,0.01830369854318251,487,486.9998
subject_591,Horizontal,SCMR,-0.015461922204285149,0.7335866539911898,487,486.9998
subject_591,Horizontal,STL,-0.14161157320432588,0.0017310825901783364,487,486.9998
subject_591,Horizontal,STR,-0.13928001350685432,0.002064644334113338,487,486.9998
subject_591,Horizontal,UTL,-0.1497106753113324,0.0009196090789478724,487,486.9998
subject_591,Horizontal,UTR,-0.1659088795253454,0.00023562566499580345,487,486.9998
subject_594,Sagittal,MTL,0.6883817300425021,1.8762225547691237e-78,550,549.9995
subject_594,Sagittal,MTR,0.7114024218161186,5.472061919632654e-86,550,549.9995
subject_594,Sagittal,SCML,0.7577868498369971,1.1044287069019312e-103,550,549.9995
subject_594,Sagittal,SCMR,0.7302259405282998,1.0056099389809289e-92,550,549.9995
subject_594,Sagittal,STL,0.19217859101508009,5.649191153580948e-06,550,549.9995
subject_594,Sagittal,STR,-0.6491155870046782,4.1755073490666274e-67,550,549.9995
subject_594,Sagittal,UTL,0.6372080258244431,5.464918354074714e-64,550,549.9995
subject_594,Sagittal,UTR,0.6551072759531521,9.97205368582252e-69,550,549.9995
subject_594,Frontal,MTL,0.4387558859669242,2.7729322880669226e-27,550,549.9995
subject_594,Frontal,MTR,0.4413903746241165,1.2536987421280618e-27,550,549.9995
subject_594,Frontal,SCML,0.39685456530748875,3.440809979195102e-22,550,549.9995
subject_594,Frontal,SCMR,0.3939320903250109,7.341229910288709e-22,550,549.9995
subject_594,Frontal,STL,-0.005186955892626012,0.9033988017955407,550,549.9995
subject_594,Frontal,STR,-0.2787674623146983,2.829584418471371e-11,550,549.9995
subject_594,Frontal,UTL,0.4522493704574504,4.415230964270318e-29,550,549.9995
subject_594,Frontal,UTR,0.4537244752341098,2.7763772860755425e-29,550,549.9995
subject_594,Horizontal,MTL,0.2548802690650645,1.3251930677698496e-09,550,549.9995
subject_594,Horizontal,MTR,0.2324588952681767,3.4884845356490966e-08,550,549.9995
subject_594,Horizontal,SCML,0.13383611106533372,0.0016565740514137858,550,549.9995
subject_594,Horizontal,SCMR,0.10647804025544517,0.012470019843722722,550,549.9995
subject_594,Horizontal,STL,0.1654458155574041,9.694392792059744e-05,550,549.9995
subject_594,Horizontal,STR,-0.010687854407990296,0.8025183014596813,550,549.9995
subject_594,Horizontal,UTL,0.19361333047593207,4.792965207470512e-06,550,549.9995
subject_594,Horizontal,UTR,0.2692537163102514,1.370696837417129e-10,550,549.9995
subject_595,Sagittal,MTL,0.009387089315433063,0.8165813916307444,613,612.9993
subject_595,Sagittal,MTR,0.01996744531728062,0.6217223040821991,613,612.9993
subject_595,Sagittal,SCML,0.12584510785153474,0.0017972557383382425,613,612.9993
subject_595,Sagittal,SCMR,0.1012040096580219,0.012175423236779736,613,612.9993
subject_595,Sagittal,STL,0.41504395730402893,6.363098088822636e-27,613,612.9993
subject_595,Sagittal,STR,0.38428636900040125,5.246004177680457e-23,613,612.9993
subject_595,Sagittal,UTL,0.03833048709703021,0.3434199862180562,613,612.9993
subject_595,Sagittal,UTR,0.06249322172434216,0.12219820339864133,613,612.9993
subject_595,Frontal,MTL,0.4971510863980265,1.389736739829633e-39,613,612.9993
subject_595,Frontal,MTR,0.5178800301909763,2.3148878819378638e-43,613,612.9993
subject_595,Frontal,SCML,0.5578593902122637,1.9803827404958053e-51,613,612.9993
subject_595,Frontal,SCMR,0.5282657791018079,2.3517359940201875e-45,613,612.9993
subject_595,Frontal,STL,0.36738872400892414,5.029490545398315e-21,613,612.9993
subject_595,Frontal,STR,0.24214775216325615,1.2501332354125585e-09,613,612.9993
subject_595,Frontal,UTL,0.5351868569715922,1.0099499082706703e-46,613,612.9993
subject_595,Frontal,UTR,0.6112627968123729,4.47304630389615e-64,613,612.9993
subject_595,Horizontal,MTL,-0.40611709701400633,9.610379667803098e-26,613,612.9993
subject_595,Horizontal,MTR,-0.4368214490547897,5.948740453079752e-30,613,612.9993
subject_595,Horizontal,SCML,-0.46040265162848454,1.7247174042755766e-33,613,612.9993
subject_595,Horizontal,SCMR,-0.4668752851625057,1.6457292975754292e-34,613,612.9993
subject_595,Horizontal,STL,-0.43991139973686005,2.1207147081052004e-30,613,612.9993
subject_595,Horizontal,STR,-0.4017586402624544,3.512340222532887e-25,613,612.9993
subject_595,Horizontal,UTL,-0.4525314088383685,2.808485688773178e-32,613,612.9993
subject_595,Horizontal,UTR,-0.45838605223597545,3.549621373895205e-33,613,612.9993
subject_596,Sagittal,MTL,0.458161135007266,1.211572268299817e-36,681,683.9998
subject_596,Sagittal,MTR,0.5287285974171527,2.610270708214268e-50,681,683.9998
subject_596,Sagittal,SCML,0.6925328294438657,2.191480500025017e-98,681,683.9998
subject_596,Sagittal,SCMR,0.5942524793353994,3.03192953277231e-66,681,683.9998
subject_596,Sagittal,STL,0.5301881887378301,1.255592747630378e-50,681,683.9998
subject_596,Sagittal,STR,0.6334358474389196,1.1488815859915148e-77,681,683.9998
subject_596,Sagittal,UTL,0.5429357127880092,1.80286264664507e-53,681,683.9998
subject_596,Sagittal,UTR,0.5122339802664306,7.999605958480475e-47,681,683.9998
subject_596,Frontal,MTL,0.26012800767098954,4.843407781497846e-12,684,683.9998
subject_596,Frontal,MTR,0.1871141610810619,8.294347042474474e-07,684,683.9998
subject_596,Frontal,SCML,0.34144732465968414,3.880184529461226e-20,684,683.9998
subject_596,Frontal,SCMR,0.3238665526608206,3.624048657594069e-18,684,683.9998
subject_596,Frontal,STL,0.2473665352704353,5.385980894668381e-11,684,683.9998
subject_596,Frontal,STR,0.29567055558812055,2.883403894947592e-15,684,683.9998
subject_596,Frontal,UTL,0.26856354757962253,9.156200973361207e-13,684,683.9998
subject_596,Frontal,UTR,0.2718410582348141,4.717145315448917e-13,684,683.9998
subject_596,Horizontal,MTL,-0.04707044148136671,0.21889125322037653,684,683.9998
subject_596,Horizontal,MTR,-0.07951226838975518,0.03761692531215345,684,683.9998
subject_596,Horizontal,SCML,-0.09293380845870959,0.01504256709971855,684,683.9998
subject_596,Horizontal,SCMR,-0.08634642713287616,0.023924421097659687,684,683.9998
subject_596,Horizontal,STL,-0.06296458452950797,0.09989590145145934,684,683.9998
subject_596,Horizontal,STR,-0.06365891604756105,0.09620456815427941,684,683.9998
subject_596,Horizontal,UTL,-0.08772683036871265,0.021757023799725137,684,683.9998
subject_596,Horizontal,UTR,-0.07431583742933337,0.052047161275463036,684,683.9998
subject_597,Sagittal,MTL,0.1537735342018656,0.0001817196371579975,588,587.9996
subject_597,Sagittal,MTR,0.08167524593297366,0.04774698744933594,588,587.9996
subject_597,Sagittal,SCML,0.31387914853312715,6.5561403841497176e-15,588,587.9996
subject_597,Sagittal,SCMR,0.3727202782818836,8.121671070031362e-21,588,587.9996
subject_597,Sagittal,STL,-0.15034810596220863,0.0002533917840313167,588,587.9996
subject_597,Sagittal,STR,-0.12813235030052558,0.0018502371155649563,588,587.9996
subject_597,Sagittal,UTL,0.06356851847740244,0.12362566954717794,588,587.9996
subject_597,Sagittal,UTR,-0.12371996955860413,0.0026538945013235625,588,587.9996
subject_597,Frontal,MTL,0.5944736664180821,1.8146841932795091e-57,588,587.9996
subject_597,Frontal,MTR,0.4582521704354079,7.236033255191131e-32,588,587.9996
subject_597,Frontal,SCML,0.6076775780658662,1.2207055739986159e-60,588,587.9996
subject_597,Frontal,SCMR,0.6227275522061939,1.9242195801019568e-64,588,587.9996
subject_597,Frontal,STL,0.030399151172759906,0.46188790570438526,588,587.9996
subject_597,Frontal,STR,-0.09564223639406257,0.020363315343318998,588,587.9996
subject_597,Frontal,UTL,0.3658234467640153,4.65659822363815e-20,588,587.9996
subject_597,Frontal,UTR,0.05490273190162606,0.18368621964979626,588,587.9996
subject_597,Horizontal,MTL,-0.40184084262898107,3.1624856759267954e-24,588,587.9996
subject_597,Horizontal,MTR,-0.3337779612959978,9.088371147660467e-17,588,587.9996
subject_597,Horizontal,SCML,-0.47058450661951573,9.76321142611059e-34,588,587.9996
subject_597,Horizontal,SCMR,-0.5661708224532894,3.8509461275604654e-51,588,587.9996
subject_597,Horizontal,STL,0.15546846475924836,0.0001537547774413941,588,587.9996
subject_597,Horizontal,STR,0.20162111580984338,8.249983079932293e-07,588,587.9996
subject_597,Horizontal,UTL,-0.29489915294535735,2.9069704790043045e-13,588,587.9996
subject_597,Horizontal,UTR,-0.06770974291157537,0.10095049727808686,588,587.9996
subject_598,Sagittal,MTL,0.02772299915578652,0.47441396015504705,668,667.9998
subject_598,Sagittal,MTR,-0.026880224467789853,0.4879567562188823,668,667.9998
subject_598,Sagittal,SCML,0.10023753569573993,0.009531204076906923,668,667.9998
subject_598,Sagittal,SCMR,0.03816682305689105,0.32464395925062445,668,667.9998
subject_598,Sagittal,STL,0.11403611606509088,0.0031627959842566913,668,667.9998
subject_598,Sagittal,STR,0.08593812239159111,0.02634547926356615,668,667.9998
subject_598,Sagittal,UTL,0.08541216708993436,0.027283507402969392,668,667.9998
subject_598,Sagittal,UTR,0.0626500281875881,0.10570776450279425,668,667.9998
subject_598,Frontal,MTL,0.6241924900625657,1.9929296273348558e-73,668,667.9998
subject_598,Frontal,MTR,0.36945633866286026,4.944858444692531e-23,668,667.9998
subject_598,Frontal,SCML,0.7395764087654306,1.2875271596833785e-116,668,667.9998
subject_598,Frontal,SCMR,0.641231375550311,1.2214051047796117e-78,668,667.9998
subject_598,Frontal,STL,0.3520250565934715,6.394236192675372e-21,668,667.9998
subject_598,Frontal,STR,0.6861726293254321,4.06723361283016e-94,668,667.9998
subject_598,Frontal,UTL,0.7918060099461598,9.70155278056576e-145,668,667.9998
subject_598,Frontal,UTR,0.7868916166872103,9.255681972495142e-142,668,667.9998
subject_598,Horizontal,MTL,-0.3948779495040079,2.3680757115813156e-26,668,667.9998
subject_598,Horizontal,MTR,-0.26093971502230656,7.355641745731797e-12,668,667.9998
subject_598,Horizontal,SCML,-0.44106552854037406,3.595384220559541e-33,668,667.9998
subject_598,Horizontal,SCMR,-0.3697160594319576,4.5887962816251284e-23,668,667.9998
subject_598,Horizontal,STL,-0.3558425515497655,2.261716023489261e-21,668,667.9998
subject_598,Horizontal,STR,-0.4388250862736847,8.155394353094403e-33,668,667.9998
subject_598,Horizontal,UTL,-0.4526985941558768,4.630593139671197e-35,668,667.9998
subject_598,Horizontal,UTR,-0.4557720213678738,1.425498165527965e-35,668,667.9998
subject_600,Sagittal,MTL,-0.12304801390325548,0.016259048805701493,381,380.9994
subject_600,Sagittal,MTR,-0.13527262976410157,0.008195605190769052,381,380.9994
subject_600,Sagittal,SCML,-0.2514982605494902,6.589807262039321e-07,381,380.9994
subject_600,Sagittal,SCMR,0.007490616465124438,0.88413246579849,381,380.9994
subject_600,Sagittal,STL,-0.19763316449552318,0.00010303158868981067,381,380.9994
subject_600,Sagittal,UTL,-0.3075270185550659,8.667357501083801e-10,381,380.9994
subject_600,Sagittal,UTR,-0.12161995251574773,0.01755138214086425,381,380.9994
subject_600,Frontal,MTL,-0.39776871923980295,6.791659757555064e-16,381,380.9994
subject_600,Frontal,MTR,0.06307756530809686,0.21929573442533037,381,380.9994
subject_600,Frontal,SCML,0.19951921432317157,8.81243689965296e-05,381,380.9994
subject_600,Frontal,SCMR,-0.05016096615662288,0.32881640459140593,381,380.9994
subject_600,Frontal,STL,-0.3678166679450132,1.1932737024882583e-13,381,380.9994
subject_600,Frontal,UTL,-0.28635521998836166,1.2654281600220347e-08,381,380.9994
subject_600,Frontal,UTR,-0.324424094680818,8.697594544964862e-11,381,380.9994
subject_600,Horizontal,MTL,-0.14720454578789108,0.003982056603617985,381,380.9994
subject_600,Horizontal,MTR,0.003158411710391533,0.9510029665084996,381,380.9994
subject_600,Horizontal,SCML,0.1510397600076522,0.0031219872579984704,381,380.9994
subject_600,Horizontal,SCMR,-0.08443111304385936,0.09985564248599241,381,380.9994
subject_600,Horizontal,STL,-0.012238845377767189,0.811790585859185,381,380.9994
subject_600,Horizontal,UTL,-0.04827857900169914,0.3473140114529574,381,380.9994
subject_600,Horizontal,UTR,-0.11381562199232347,0.026316036798309243,381,380.9994
subject_601,Sagittal,MTL,0.010254340696446883,0.7799176114880588,745,744.9999
subject_601,Sagittal,MTR,-0.0578311507319199,0.11476036471232422,745,744.9999
subject_601,Sagittal,SCML,0.3190044112068763,4.38620811617133e-19,745,744.9999
subject_601,Sagittal,SCMR,0.39615090731921315,2.102043861428846e-29,745,744.9999
subject_601,Sagittal,STL,0.38831939986842795,3.1814491586700846e-28,745,744.9999
subject_601,Sagittal,STR,0.2602625293569828,5.331014421152134e-13,745,744.9999
subject_601,Sagittal,UTL,0.18009807344539025,7.498773155813768e-07,745,744.9999
subject_601,Sagittal,UTR,-0.2635280181385281,2.662594587354624e-13,745,744.9999
subject_601,Frontal,MTL,-0.08585182418693048,0.07168744114981014,441,744.9999
subject_601,Frontal,MTR,0.08428300260623249,0.07704975338002643,441,744.9999
subject_601,Frontal,SCML,-0.012342970098446695,0.7960391382070933,441,744.9999
subject_601,Frontal,SCMR,0.1498969073511112,0.0015953569979026102,441,744.9999
subject_601,Frontal,STL,0.10879220827320159,0.02231646658576083,441,744.9999
subject_601,Frontal,STR,0.1632573115071016,0.0005778746646925445,441,744.9999
subject_601,Frontal,UTL,-0.16497018383479264,0.000504411198986296,441,744.9999
subject_601,Frontal,UTR,0.0920266381399709,0.05346152316739004,441,744.9999
subject_601,Horizontal,MTL,-0.05549986963913008,0.13015914438111068,745,744.9999
subject_601,Horizontal,MTR,-0.01614438518021598,0.6599771572008595,745,744.9999
subject_601,Horizontal,SCML,-0.18319548920276166,4.790129365380361e-07,745,744.9999
subject_601,Horizontal,SCMR,-0.20065160184758352,3.317473132549609e-08,745,744.9999
subject_601,Horizontal,STL,-0.1471343332918307,5.5492437187608527e-05,745,744.9999
subject_601,Horizontal,STR,-0.11213646232560509,0.0021747857995407173,745,744.9999
subject_601,Horizontal,UTL,-0.12528864327706843,0.0006091968702580459,745,744.9999
subject_601,Horizontal,UTR,0.22662059699893766,3.931323250667849e-10,745,744.9999
subject_602,Sagittal,MTL,-0.036446679191092936,0.3918872554848306,554,553.9995
subject_602,Sagittal,MTR,-0.13836025952806782,0.001094739409630612,554,553.9995
subject_602,Sagittal,SCML,0.006348419759595394,0.881484148600182,554,553.9995
subject_602,Sagittal,SCMR,-0.07204776114251871,0.09023205657544757,554,553.9995
subject_602,Sagittal,STL,-0.11865861503184022,0.00516642714790889,554,553.9995
subject_602,Sagittal,STR,-0.13995049090587522,0.0009570017867174349,554,553.9995
subject_602,Sagittal,UTL,0.07818987768598824,0.06591068208324748,554,553.9995
subject_602,Sagittal,UTR,-0.043229423704944786,0.30978348585753046,554,553.9995
subject_602,Frontal,MTL,-0.09344097043640069,0.02786476558685723,554,553.9995
subject_602,Frontal,MTR,-0.11114089283844573,0.008840715847075825,554,553.9995
subject_602,Frontal,SCML,-0.47802666065034716,5.6488059323441036e-33,554,553.9995
subject_602,Frontal,SCMR,-0.45322121594965276,2.0467095997832395e-29,554,553.9995
subject_602,Frontal,STL,-0.06441974104882771,0.12992208527838844,554,553.9995
subject_602,Frontal,STR,0.258204953550772,6.889702641425104e-10,554,553.9995
subject_602,Frontal,UTL,-0.567309988629334,1.6706510056497108e-48,554,553.9995
subject_602,Frontal,UTR,-0.5098612944712146,5.442371761048646e-38,554,553.9995
subject_602,Horizontal,MTL,-0.12756483041136774,0.0026294236983527525,554,553.9995
subject_602,Horizontal,MTR,-0.09158186273266786,0.03114280560927349,554,553.9995
subject_602,Horizontal,SCML,-0.023313241722233025,0.5839916088081973,554,553.9995
subject_602,Horizontal,SCMR,-0.06432975723791454,0.13046024859540462,554,553.9995
subject_602,Horizontal,STL,-0.049059292923612205,0.24899054147179675,554,553.9995
subject_602,Horizontal,STR,0.026088366179907573,0.540032011098757,554,553.9995
subject_602,Horizontal,UTL,-0.16603111373209167,8.623909344392511e-05,554,553.9995
subject_602,Horizontal,UTR,-0.06181271598224236,0.1462231744649722,554,553.9995
subject_603,Sagittal,MTL,0.19915256390302738,3.795601712114794e-08,750,749.9996
subject_603,Sagittal,MTR,-0.13353925463282038,0.0002449707790013013,750,749.9996
subject_603,Sagittal,SCML,0.49875535400088783,2.0282891680741394e-48,750,749.9996
subject_603,Sagittal,SCMR,0.446785629231228,4.4235450161906706e-38,750,749.9996
subject_603,Sagittal,STL,0.4625753487204416,4.904121688529999e-41,750,749.9996
subject_603,Sagittal,STR,0.00505155004959012,0.8901514838434597,750,749.9996
subject_603,Sagittal,UTL,0.49245781961018786,4.535635694501231e-47,750,749.9996
subject_603,Sagittal,UTR,0.48423595163294864,2.380770999534423e-45,750,749.9996
subject_603,Frontal,MTL,0.14060988154036705,0.00011175216754306018,750,749.9996
subject_603,Frontal,MTR,-0.23678632364936708,5.117973353358206e-11,750,749.9996
subject_603,Frontal,SCML,0.5355550223910098,6.780822283101046e-57,750,749.9996
subject_603,Frontal,SCMR,0.3754705501241184,1.6009818115248847e-26,750,749.9996
subject_603,Frontal,STL,0.4261966698529945,1.8756491972931998e-34,750,749.9996
subject_603,Frontal,STR,0.047658467843844865,0.19232060722292427,750,749.9996
subject_603,Frontal,UTL,0.43239271215181535,1.6130490919061442e-35,750,749.9996
subject_603,Frontal,UTR,0.4567074325084667,6.410874686094677e-40,750,749.9996
subject_603,Horizontal,MTL,-0.07366201852521789,0.0437275587586834,750,749.9996
subject_603,Horizontal,MTR,0.2935692814229306,2.251972712412537e-16,750,749.9996
subject_603,Horizontal,SCML,-0.55560442498831,5.687981374208045e-62,750,749.9996
subject_603,Horizontal,SCMR,-0.34997632397722017,4.945880941583411e-23,750,749.9996
subject_603,Horizontal,STL,-0.5146623087443475,5.892624337447379e-52,750,749.9996
subject_603,Horizontal,STR,-0.08500621554613412,0.019894924729184978,750,749.9996
subject_603,Horizontal,UTL,-0.3554472872858069,9.369452762687484e-24,750,749.9996
subject_603,Horizontal,UTR,-0.44840266637179804,2.2397309120615824e-38,750,749.9996
subject_604,Sagittal,MTL,-0.11788028609590441,0.0013668177305526464,735,734.9996
subject_604,Sagittal,MTR,-0.2187473359532917,2.0591891237423392e-09,735,734.9996
subject_604,Sagittal,SCML,-0.329225380767214,4.855597225623151e-20,735,734.9996
subject_604,Sagittal,SCMR,-0.3076171206345756,1.4217212747880434e-17,735,734.9996
subject_604,Sagittal,STL,-0.046874300142479806,0.20432034725178935,735,734.9996
subject_604,Sagittal,STR,-0.369328138034087,3.59865809582392e-25,735,734.9996
subject_604,Sagittal,UTL,-0.2696521465415524,1.0359029902807666e-13,735,734.9996
subject_604,Sagittal,UTR,-0.30591725976150175,2.1797223854154386e-17,735,734.9996
subject_604,Frontal,MTL,0.11909345934816222,0.0012174821464690975,735,734.9996
subject_604,Frontal,MTR,0.23764522817854142,6.776834299205066e-11,735,734.9996
subject_604,Frontal,SCML,0.4007629509430826,9.905304570823495e-30,735,734.9996
subject_604,Frontal,SCMR,0.30997742822109087,7.818153210657951e-18,735,734.9996
subject_604,Frontal,STL,0.08568727204085096,0.020158846062352184,735,734.9996
subject_604,Frontal,STR,0.38515412776791647,2.0997400168282784e-27,735,734.9996
subject_604,Frontal,UTL,0.30364432419527404,3.8429234349485624e-17,735,734.9996
subject_604,Frontal,UTR,0.3235363177171262,2.265684151377152e-19,735,734.9996
subject_604,Horizontal,MTL,-0.051127310369554764,0.16615858302778153,735,734.9996
subject_604,Horizontal,MTR,-0.02576521982970363,0.48552449216723526,735,734.9996
subject_604,Horizontal,SCML,0.3182793380187675,9.137634462901724e-19,735,734.9996
subject_604,Horizontal,SCMR,0.05796298093661899,0.11639807781495272,735,734.9996
subject_604,Horizontal,STL,0.4382015380696738,7.714758070137005e-36,735,734.9996
subject_604,Horizontal,STR,0.256880994438188,1.5336062539448048e-12,735,734.9996
subject_604,Horizontal,UTL,0.10628591363763458,0.00391692621916422,735,734.9996
subject_604,Horizontal,UTR,0.06809379526421674,0.06502548960434133,735,734.9996
subject_605,Sagittal,MTL,0.28951495990738124,1.781494850436763e-13,622,621.9998
subject_605,Sagittal,MTR,0.017285717669547424,0.6669995897979883,622,621.9998
subject_605,Sagittal,SCML,0.5952472369044355,6.841222168351528e-61,622,621.9998
subject_605,Sagittal,SCMR,0.4399270439469176,7.956172739517745e-31,622,621.9998
subject_605,Sagittal,STL,-0.06803101572653408,0.0900298779812041,622,621.9998
subject_605,Sagittal,STR,0.18505920067685286,3.3799128036110025e-06,622,621.9998
subject_605,Sagittal,UTL,0.39315259702708544,2.002198002928015e-24,622,621.9998
subject_605,Sagittal,UTR,-0.3885306840074615,7.597101194212943e-24,622,621.9998
subject_605,Frontal,MTL,0.2968126771541237,4.270404984672268e-14,621,621.9998
subject_605,Frontal,MTR,0.08649195488922205,0.03115669404045986,621,621.9998
subject_605,Frontal,SCML,0.561952205976316,5.569124708991786e-53,621,621.9998
subject_605,Frontal,SCMR,0.4835721752878897,1.0368452920435316e-37,621,621.9998
subject_605,Frontal,STL,-0.12027819559273825,0.0026805008620075675,621,621.9998
subject_605,Frontal,STR,0.13952482843462802,0.0004884606586640846,621,621.9998
subject_605,Frontal,UTL,0.4399774816750462,8.71588012109411e-31,621,621.9998
subject_605,Frontal,UTR,-0.384458065712067,2.621008908914092e-23,621,621.9998
subject_605,Horizontal,MTL,-0.4522114659270711,1.24981216558652e-32,621,621.9998
subject_605,Horizontal,MTR,-0.08103616707599105,0.04352224172072758,621,621.9998
subject_605,Horizontal,SCML,-0.13413026464372896,0.0008054120342370089,621,621.9998
subject_605,Horizontal,SCMR,-0.22088449159208592,2.664429478153552e-08,621,621.9998
subject_605,Horizontal,STL,0.3938686667816254,1.769733017277339e-24,621,621.9998
subject_605,Horizontal,STR,0.016781734727295217,0.6763964575852682,621,621.9998
subject_605,Horizontal,UTL,-0.2873839014185618,2.841016092118383e-13,621,621.9998
subject_605,Horizontal,UTR,0.15492490717417376,0.00010603148348075793,621,621.9998
subject_606,Sagittal,MTL,0.28860867737480905,1.1495032778142734e-08,377,376.9994
subject_606,Sagittal,MTR,0.2698272265506035,1.0336414185063666e-07,377,376.9994
subject_606,Sagittal,SCML,0.2444168283482993,1.5630810817416593e-06,377,376.9994
subject_606,Sagittal,SCMR,0.2665184398752955,1.4965678136344786e-07,377,376.9994
subject_606,Sagittal,STL,0.19509165792864916,0.00013778658975321112,377,376.9994
subject_606,Sagittal,STR,0.15401148485375352,0.0027145433852394105,377,376.9994
subject_606,Sagittal,UTL,0.40288611116913714,3.811713197716424e-16,377,376.9994
subject_606,Sagittal,UTR,0.38233957544084857,1.4339881393892798e-14,377,376.9994
subject_606,Frontal,MTL,0.3403863573316035,1.1135408113210159e-11,377,376.9994
subject_606,Frontal,MTR,0.24121686708720774,2.156482885765369e-06,377,376.9994
subject_606,Frontal,SCML,0.2729672612610331,7.241577582057836e-08,377,376.9994
subject_606,Frontal,SCMR,0.39397599307553255,1.8959043679803184e-15,377,376.9994
subject_606,Frontal,STL,0.3871858223605546,6.2345779619996875e-15,377,376.9994
subject_606,Frontal,STR,0.3955830007504306,1.424650215322008e-15,377,376.9994
subject_606,Frontal,UTL,0.3900436939922593,3.790247978178794e-15,377,376.9994
subject_606,Frontal,UTR,0.418185952548666,2.1627125437255144e-17,377,376.9994
subject_606,Horizontal,MTL,0.12876061531333077,0.012342384465018487,377,376.9994
subject_606,Horizontal,MTR,0.14510637637865098,0.0047568216456285485,377,376.9994
subject_606,Horizontal,SCML,-0.10347560543381092,0.04465883307040835,377,376.9994
subject_606,Horizontal,SCMR,-0.04427928486278708,0.39127150008811046,377,376.9994
subject_606,Horizontal,STL,-0.005065917222132175,0.9219034566747097,377,376.9994
subject_606,Horizontal,STR,-0.055820185403221395,0.2796633388559278,377,376.9994
subject_606,Horizontal,UTL,-0.026360325732275147,0.6099015543955777,377,376.9994
subject_606,Horizontal,UTR,-0.07063343850151962,0.1711215345326747,377,376.9994
subject_607,Sagittal,MTL,0.25195664141291924,2.8114052492635524e-11,678,677.9994
subject_607,Sagittal,MTR,0.24098019920749988,2.05618103419014e-10,678,677.9994
subject_607,Sagittal,SCML,0.42071956295555973,1.8371543718311122e-30,678,677.9994
subject_607,Sagittal,SCMR,0.2471111943235029,6.84764374060303e-11,678,677.9994
subject_607,Sagittal,STL,-0.43354951526133,1.9198830430815119e-32,678,677.9994
subject_607,Sagittal,STR,-0.04903907119133164,0.20219891372215446,678,677.9994
subject_607,Sagittal,UTL,0.38509502434523707,2.161896066161693e-25,678,677.9994
subject_607,Sagittal,UTR,0.46893443141954955,2.2926529585751067e-38,678,677.9994
subject_607,Frontal,MTL,0.2514448999624579,7.122086310498741e-08,447,677.9994
subject_607,Frontal,MTR,0.2435607012804955,1.8505875814727662e-07,447,677.9994
subject_607,Frontal,SCML,0.21500071596217327,4.5042453301432815e-06,447,677.9994
subject_607,Frontal,SCMR,0.16565332895834253,0.00043674155817262296,447,677.9994
subject_607,Frontal,STL,0.06740739572419185,0.15479977152013596,447,677.9994
subject_607,Frontal,STR,0.2443631597508516,1.6816841900890971e-07,447,677.9994
subject_607,Frontal,UTL,0.38267875959635567,4.880063659814202e-17,447,677.9994
subject_607,Frontal,UTR,0.28343414033743486,1.0524040886229933e-09,447,677.9994
subject_607,Horizontal,MTL,0.04072792485824485,0.289611658203804,678,677.9994
subject_607,Horizontal,MTR,0.11498524834633547,0.0027134610265866855,678,677.9994
subject_607,Horizontal,SCML,0.06279477822850765,0.10232751519465373,678,677.9994
subject_607,Horizontal,SCMR,0.02931529404053242,0.4460124909518757,678,677.9994
subject_607,Horizontal,STL,0.008640320448708468,0.8223142262374415,678,677.9994
subject_607,Horizontal,STR,0.043062002496660895,0.26283416002666016,678,677.9994
subject_607,Horizontal,UTL,0.04191417119658314,0.2757816617166237,678,677.9994
subject_607,Horizontal,UTR,0.026097168364761017,0.49752379276420206,678,677.9994
subject_608,Sagittal,MTL,-0.21191066898910507,5.310866901502386e-05,358,357.9994
subject_608,Sagittal,MTR,0.12686906164911343,0.016314939424204318,358,357.9994
subject_608,Sagittal,SCML,-0.15534299038240543,0.003210215601395135,358,357.9994
subject_608,Sagittal,SCMR,-0.11959516851293232,0.02363192196679429,358,357.9994
subject_608,Sagittal,STL,-0.034269087570448054,0.518069669832093,358,357.9994
subject_608,Sagittal,STR,-0.050101995818983086,0.344529870031397,358,357.9994
subject_608,Sagittal,UTL,-0.09268011989237075,0.07990658108769613,358,357.9994
subject_608,Sagittal,UTR,-0.09474849839222803,0.07337580643665051,358,357.9994
subject_608,Frontal,MTL,0.40083609032045553,3.915387080164462e-15,355,357.9994
subject_608,Frontal,MTR,0.45479843401455755,1.593604304782813e-19,355,357.9994
subject_608,Frontal,SCML,0.3704512927665122,5.454303201271892e-13,355,357.9994
subject_608,Frontal,SCMR,0.4134809287081392,4.300515700297805e-16,355,357.9994
subject_608,Frontal,STL,0.35084226225783394,1.0135628041996124e-11,355,357.9994
subject_608,Frontal,STR,0.3354198356105321,8.793176210842842e-11,355,357.9994
subject_608,Frontal,UTL,0.447200819813188,7.395307897647759e-19,355,357.9994
subject_608,Frontal,UTR,0.3019594418929545,6.423059714006801e-09,355,357.9994
subject_608,Horizontal,MTL,-0.44458350953695536,9.952067162704101e-19,357,357.9994
subject_608,Horizontal,MTR,-0.4227582048345492,6.558133266284684e-17,357,357.9994
subject_608,Horizontal,SCML,-0.412775888265234,4.034276389823495e-16,357,357.9994
subject_608,Horizontal,SCMR,-0.419496277977321,1.1953361752631818e-16,357,357.9994
subject_608,Horizontal,STL,-0.4165576902886087,2.041475531020368e-16,357,357.9994
subject_608,Horizontal,STR,-0.2947142889988491,1.3830241201177655e-08,357,357.9994
subject_608,Horizontal,UTL,-0.49391422328708545,2.3537741505640685e-23,357,357.9994
subject_608,Horizontal,UTR,-0.36299449714122667,1.4691308989782659e-12,357,357.9994
subject_609,Sagittal,MTL,-0.3055568532707937,9.31946204706408e-15,615,614.9996
subject_609,Sagittal,MTR,-0.21983618179482906,3.6253986234578936e-08,615,614.9996
subject_609,Sagittal,SCML,0.030616781282686533,0.44850816231360513,615,614.9996
subject_609,Sagittal,SCMR,-0.41946372452645,1.3240014579752534e-27,615,614.9996
subject_609,Sagittal,STL,-0.5626031452865828,1.2569906282595767e-52,615,614.9996
subject_609,Sagittal,STR,-0.46294516778587314,5.408269332549046e-34,615,614.9996
subject_609,Sagittal,UTL,-0.4626027390057239,6.124343238535359e-34,615,614.9996
subject_609,Sagittal,UTR,-0.5027220969720312,1.0607115087111588e-40,615,614.9996
subject_609,Frontal,MTL,0.5086145906454854,9.011872499690031e-42,615,614.9996
subject_609,Frontal,MTR,0.4579120601992719,3.316328993632814e-33,615,614.9996
subject_609,Frontal,SCML,0.23007394736499537,7.8501771752842e-09,615,614.9996
subject_609,Frontal,SCMR,0.5183759858029466,1.362363888510717e-43,615,614.9996
subject_609,Frontal,STL,0.5597626703826547,5.2596402579320595e-52,615,614.9996
subject_609,Frontal,STR,0.20865344557091545,1.7749114710042448e-07,615,614.9996
subject_609,Frontal,UTL,0.546871023927562,2.938890907468151e-49,615,614.9996
subject_609,Frontal,UTR,0.5898775634699396,6.485180923031324e-59,615,614.9996
subject_609,Horizontal,MTL,-0.04713864915237073,0.2431008717416848,615,614.9996
subject_609,Horizontal,MTR,-0.046838586078940515,0.2461169369870995,615,614.9996
subject_609,Horizontal,SCML,-0.17978364638451255,7.256552094235277e-06,615,614.9996
subject_609,Horizontal,SCMR,-0.08009261592286707,0.047102006344504954,615,614.9996
subject_609,Horizontal,STL,0.048455287589750734,0.23017340753828167,615,614.9996
subject_609,Horizontal,STR,0.08048064151190276,0.0460394252181632,615,614.9996
subject_609,Horizontal,UTL,-0.05714408922303571,0.15695094798349843,615,614.9996
subject_609,Horizontal,UTR,-0.01607463831692785,0.6907387133968818,615,614.9996
subject_610,Sagittal,MTL,0.23450903998435177,1.2473803025453594e-06,418,417.9997
subject_610,Sagittal,MTR,0.15876949594139686,0.0011259161235523674,418,417.9997
subject_610,Sagittal,SCML,0.5117774586042371,2.793540395895275e-29,418,417.9997
subject_610,Sagittal,SCMR,0.38489424885513535,3.290178388760284e-16,418,417.9997
subject_610,Sagittal,STL,0.30743990058580545,1.3359952531256897e-10,418,417.9997
subject_610,Sagittal,STR,0.2801719272450696,5.606043860716368e-09,418,417.9997
subject_610,Sagittal,UTL,-0.07484786927953067,0.12655485830717997,418,417.9997
subject_610,Sagittal,UTR,0.05108164852952792,0.2974489135093951,418,417.9997
subject_610,Frontal,MTL,-0.15678699411012764,0.0013006823727387548,418,417.9997
subject_610,Frontal,MTR,-0.16416842519927957,0.0007536823562989337,418,417.9997
subject_610,Frontal,SCML,-0.3208733572412897,1.8283491950101302e-11,418,417.9997
subject_610,Frontal,SCMR,-0.2864688587912149,2.4494047813034076e-09,418,417.9997
subject_610,Frontal,STL,-0.12925616180068022,0.008148772181782575,418,417.9997
subject_610,Frontal,STR,-0.14901593345474687,0.002253709742194633,418,417.9997
subject_610,Frontal,UTL,0.09907422419741127,0.04291926092634487,418,417.9997
subject_610,Frontal,UTR,0.022200480759435023,0.6508465301207379,418,417.9997
subject_610,Horizontal,MTL,0.13872696949283292,0.004489650572546371,418,417.9997
subject_610,Horizontal,MTR,-0.13748961058826561,0.004863344022703045,418,417.9997
subject_610,Horizontal,SCML,0.11616896484802922,0.017500637000740987,418,417.9997
subject_610,Horizontal,SCMR,0.2352409640490817,1.15311420647675e-06,418,417.9997
subject_610,Horizontal,STL,0.10408092016494874,0.033391180812006385,418,417.9997
subject_610,Horizontal,STR,0.10103511363062924,0.038944938526649736,418,417.9997
subject_610,Horizontal,UTL,0.14900656654616118,0.0022551691566876455,418,417.9997
subject_610,Horizontal,UTR,0.021177873558940186,0.6659344026674268,418,417.9997
subject_611,Sagittal,MTL,-0.12408185431769297,0.0008340808247352114,722,721.9998
subject_611,Sagittal,MTR,-0.13370579049876277,0.0003149952159575417,722,721.9998
subject_611,Sagittal,SCML,-0.19432209802567277,1.419983843143271e-07,722,721.9998
subject_611,Sagittal,SCMR,-0.20232333869712915,4.1621087158586694e-08,722,721.9998
subject_611,Sagittal,STL,0.12080516008732049,0.0011446078824855206,722,721.9998
subject_611,Sagittal,STR,-0.15983052366609524,1.5961523580217385e-05,722,721.9998
subject_611,Sagittal,UTL,-0.17217091403716708,3.271153450842158e-06,722,721.9998
subject_611,Sagittal,UTR,-0.17210988151934672,3.2978317646646198e-06,722,721.9998
subject_611,Frontal,MTL,-0.09292868959441228,0.012486793702540864,722,721.9998
subject_611,Frontal,MTR,-0.09553170104907413,0.010217776074168539,722,721.9998
subject_611,Frontal,SCML,-0.14464602324780237,9.601695904713196e-05,722,721.9998
subject_611,Frontal,SCMR,-0.14460794372172744,9.642939550903977e-05,722,721.9998
subject_611,Frontal,STL,0.09245789798322247,0.012941687945678475,722,721.9998
subject_611,Frontal,STR,-0.16136491195159813,1.3188386353942924e-05,722,721.9998
subject_611,Frontal,UTL,-0.14677901582351663,7.539478147715049e-05,722,721.9998
subject_611,Frontal,UTR,-0.1971132486159546,9.307957309589212e-08,722,721.9998
subject_611,Horizontal,MTL,-0.0398094378141704,0.28540687435984163,722,721.9998
subject_611,Horizontal,MTR,-0.039668783872410115,0.2871137329040877,722,721.9998
subject_611,Horizontal,SCML,-0.08629156350468002,0.020396739068508144,722,721.9998
subject_611,Horizontal,SCMR,-0.09267123702754017,0.012733770784659693,722,721.9998
subject_611,Horizontal,STL,-0.04635469441813015,0.21347602427504375,722,721.9998
subject_611,Horizontal,STR,-0.01053328421011974,0.7775238129825689,722,721.9998
subject_611,Horizontal,UTL,-0.033668759632812205,0.3663294961714238,722,721.9998
subject_611,Horizontal,UTR,0.0045438733664781685,0.9029915064127995,722,721.9998
subject_612,Sagittal,MTL,0.3495198332331653,1.5555032665439155e-17,560,559.9998
subject_612,Sagittal,MTR,0.38946317272556824,1.0038349532888933e-21,560,559.9998
subject_612,Sagittal,SCML,0.46319884689305313,3.957775084986041e-31,560,559.9998
subject_612,Sagittal,SCMR,0.25088005110558487,1.7421966827800748e-09,560,559.9998
subject_612,Sagittal,STL,-0.03254703379752671,0.44207968772450795,560,559.9998
subject_612,Sagittal,STR,-0.11939767292761368,0.0046653084504396924,560,559.9998
subject_612,Sagittal,UTL,0.5527635452891201,4.0032030869553125e-46,560,559.9998
subject_612,Sagittal,UTR,0.5620423187282786,5.982117225372486e-48,560,559.9998
subject_612,Frontal,MTL,-0.2241557631178557,8.275905772575684e-08,560,559.9998
subject_612,Frontal,MTR,-0.2150888771879216,2.76461993493436e-07,560,559.9998
subject_612,Frontal,SCML,-0.2922602215965787,1.722251851886491e-12,560,559.9998
subject_612,Frontal,SCMR,-0.30014578250285084,4.022402105756014e-13,560,559.9998
subject_612,Frontal,STL,0.031660698853774226,0.4546156461854089,560,559.9998
subject_612,Frontal,STR,-0.10444347874357063,0.01340488381919921,560,559.9998
subject_612,Frontal,UTL,-0.3685800452761781,1.841997248947015e-19,560,559.9998
subject_612,Frontal,UTR,-0.2923509150270865,1.6941134537880632e-12,560,559.9998
subject_612,Horizontal,MTL,0.014358391684357343,0.7345797328186903,560,559.9998
subject_612,Horizontal,MTR,-0.05665339979041805,0.180654066334028,560,559.9998
subject_612,Horizontal,SCML,-0.1050901476920998,0.01283831200229235,560,559.9998
subject_612,Horizontal,SCMR,0.01313004372523313,0.756536135768234,560,559.9998
subject_612,Horizontal,STL,0.09685689650661859,0.02188701930174375,560,559.9998
subject_612,Horizontal,STR,0.09088114967844677,0.0315325617506405,560,559.9998
subject_612,Horizontal,UTL,0.08746169454899286,0.03854016659743413,560,559.9998
subject_612,Horizontal,UTR,-0.14688717689581285,0.0004881969346838101,560,559.9998
subject_613,Sagittal,MTL,0.04781467031054612,0.46859174026247574,232,537.9996
subject_613,Sagittal,MTR,-0.1512336121418713,0.02120303339092178,232,537.9996
subject_613,Sagittal,SCML,0.362610037735371,1.2849962956827989e-08,232,537.9996
subject_613,Sagittal,SCMR,0.44904103574088694,6.519119338941368e-13,232,537.9996
subject_613,Sagittal,STL,-0.6091948086512033,5.863542137004017e-25,232,537.9996
subject_613,Sagittal,STR,-0.3146848079727599,9.976548834209558e-07,232,537.9996
subject_613,Sagittal,UTL,-0.12327786497688467,0.06083021965892995,232,537.9996
subject_613,Sagittal,UTR,-0.17451376441469316,0.007716420566986857,232,537.9996
subject_613,Frontal,MTL,0.1318547294205159,0.0448272874248888,232,537.9996
subject_613,Frontal,MTR,0.008199369728670736,0.9011437802774293,232,537.9996
subject_613,Frontal,SCML,0.058282006449740645,0.37686811364913797,232,537.9996
subject_613,Frontal,SCMR,0.008199369728670736,0.9011437802774293,232,537.9996
subject_613,Frontal,STL,0.09107948536442359,0.16676801336774838,232,537.9996
subject_613,Frontal,STR,0.138502867038357,0.03499724610780994,232,537.9996
subject_613,Frontal,UTL,0.038337593596217225,0.5612401728527451,232,537.9996
subject_613,Frontal,UTR,-0.008642578903193478,0.895829690602369,232,537.9996
subject_613,Horizontal,MTL,0.0477504704722584,0.46918973538307074,232,537.9996
subject_613,Horizontal,MTR,0.2583097259057809,6.863260226618971e-05,232,537.9996
subject_613,Horizontal,SCML,-0.12217008668700158,0.0632040667652641,232,537.9996
subject_613,Horizontal,SCMR,-0.1455373381947025,0.026650412669815365,232,537.9996
subject_613,Horizontal,STL,0.07111772197995933,0.28069987049250883,232,537.9996
subject_613,Horizontal,STR,0.07137171384417347,0.27898112862355706,232,537.9996
subject_613,Horizontal,UTL,0.08102340468431082,0.21889628281807463,232,537.9996
subject_613,Horizontal,UTR,0.10337468873515518,0.11635431338635936,232,537.9996
subject_614,Sagittal,MTL,-0.4768349804041159,7.418700675100043e-37,626,625.9998
subject_614,Sagittal,MTR,-0.6923077700034584,1.7419591108852167e-90,626,625.9998
subject_614,Sagittal,SCML,0.6794461600082045,5.809504394255083e-86,626,625.9998
subject_614,Sagittal,STL,-0.3601039164956883,1.329993221220725e-20,626,625.9998
subject_614,Sagittal,STR,-0.16876348805025126,2.1907843351177344e-05,626,625.9998
subject_614,Sagittal,UTL,0.6295094070138196,2.1103129403285633e-70,626,625.9998
subject_614,Sagittal,UTR,0.5721933022382265,1.009987361261184e-55,626,625.9998
subject_614,Frontal,MTL,-0.0933372759460081,0.01950525143711034,626,625.9998
subject_614,Frontal,MTR,-0.10363033467185569,0.009469086849057924,626,625.9998
subject_614,Frontal,SCML,0.23879444794022242,1.4445164524063451e-09,626,625.9998
subject_614,Frontal,STL,-0.03965987759060127,0.32183385586889124,626,625.9998
subject_614,Frontal,STR,0.022956229658304777,0.5664468086995701,626,625.9998
subject_614,Frontal,UTL,0.1959067032491909,7.823009437220363e-07,626,625.9998
subject_614,Frontal,UTR,0.15744316801049738,7.619837611319318e-05,626,625.9998
subject_614,Horizontal,MTL,0.05500513416663026,0.16928087606318054,626,625.9998
subject_614,Horizontal,MTR,0.05079951022632452,0.20434026853002707,626,625.9998
subject_614,Horizontal,SCML,-0.03264892269447872,0.4148087375021558,626,625.9998
subject_614,Horizontal,STL,0.03198487680916729,0.42436792378130295,626,625.9998
subject_614,Horizontal,STR,-0.015605078304818646,0.6967714751678371,626,625.9998
subject_614,Horizontal,UTL,-0.031542179552293007,0.4308114703959807,626,625.9998
subject_614,Horizontal,UTR,-0.02113879401574724,0.5975726468006268,626,625.9998
subject_615,Sagittal,MTL,0.48327653092808964,2.3941946464532956e-34,564,563.9998
subject_615,Sagittal,MTR,0.4888823926913281,3.1870101415222676e-35,564,563.9998
subject_615,Sagittal,SCML,0.5793388903666141,7.227641416891178e-52,564,563.9998
subject_615,Sagittal,SCMR,0.6636490253866056,7.096657666299483e-73,564,563.9998
subject_615,Sagittal,STL,0.2387427760611475,9.441858153202752e-09,564,563.9998
subject_615,Sagittal,STR,0.34814272475037095,1.630587092877813e-17,564,563.9998
subject_615,Sagittal,UTL,0.05475717840587635,0.19411550343694658,564,563.9998
subject_615,Sagittal,UTR,0.2824797172355332,8.29890687369061e-12,564,563.9998
subject_615,Frontal,MTL,-0.1644177552945861,8.753678536050582e-05,564,563.9998
subject_615,Frontal,MTR,-0.20268193697700537,1.2147834166300917e-06,564,563.9998
subject_615,Frontal,SCML,-0.43166948608929934,5.285903124784341e-27,564,563.9998
subject_615,Frontal,SCMR,-0.4623509281308697,3.227092965925876e-31,564,563.9998
subject_615,Frontal,STL,0.046393359916820254,0.27136297811008986,564,563.9998
subject_615,Frontal,STR,-0.3607125512553659,8.98865985755011e-19,564,563.9998
subject_615,Frontal,UTL,0.29896893558899207,4.141490448175009e-13,564,563.9998
subject_615,Frontal,UTR,0.02857905783270129,0.49818543690142725,564,563.9998
subject_615,Horizontal,MTL,-0.0801152003674906,0.05724090220123798,564,563.9998
subject_615,Horizontal,MTR,0.0006195220379649848,0.9882873212795551,564,563.9998
subject_615,Horizontal,SCML,0.019528132359737396,0.6435201497261129,564,563.9998
subject_615,Horizontal,SCMR,0.055269343017287406,0.18997127595454388,564,563.9998
subject_615,Horizontal,STL,-0.1277579247346483,0.0023672215487263964,564,563.9998
subject_615,Horizontal,STR,0.05805751385066253,0.1685455820881416,564,563.9998
subject_615,Horizontal,UTL,-0.08668933921065175,0.03958380541758284,564,563.9998
subject_615,Horizontal,UTR,-0.13125503979007683,0.0017856635050810027,564,563.9998
subject_616,Sagittal,MTL,-0.09250820111902369,0.02242343078743958,609,608.9993
subject_616,Sagittal,MTR,0.3331130507138331,3.0131071542993375e-17,609,608.9993
subject_616,Sagittal,SCML,0.5877224640087885,7.670201192249742e-58,609,608.9993
subject_616,Sagittal,SCMR,-0.2710939212360689,1.0167528696246407e-11,609,608.9993
subject_616,Sagittal,STL,0.14610229130115918,0.0002974358624960648,609,608.9993
subject_616,Sagittal,STR,-0.03101974566467258,0.4447992254480226,609,608.9993
subject_616,Sagittal,UTL,0.20525382028159975,3.2330504104540606e-07,609,608.9993
subject_616,Sagittal,UTR,0.28504294771669114,7.551028464789744e-13,609,608.9993
subject_616,Frontal,MTL,0.340086119022555,7.612742246710584e-17,568,608.9993
subject_616,Frontal,MTR,-0.21921741020659027,1.3105187366532216e-07,568,608.9993
subject_616,Frontal,SCML,-0.5966831851675791,4.539853177099053e-56,568,608.9993
subject_616,Frontal,SCMR,0.3201235685569416,5.311032866960763e-15,568,608.9993
subject_616,Frontal,STL,-0.05410256835451611,0.19791462358778844,568,608.9993
subject_616,Frontal,STR,0.01309702446209389,0.7554480159560464,568,608.9993
subject_616,Frontal,UTL,-0.05784505340688589,0.16859800116859944,568,608.9993
subject_616,Frontal,UTR,-0.13860591031083738,0.0009260406038689124,568,608.9993
subject_616,Horizontal,MTL,-0.18523882857289903,5.5055344475042414e-06,594,608.9993
subject_616,Horizontal,MTR,0.4153917342551492,3.509257572804189e-26,594,608.9993
subject_616,Horizontal,SCML,0.6813137862559381,2.944256765775625e-82,594,608.9993
subject_616,Horizontal,SCMR,-0.42275224518449583,3.764488114383043e-27,594,608.9993
subject_616,Horizontal,STL,0.23046825144869246,1.332614060642236e-08,594,608.9993
subject_616,Horizontal,STR,-0.01199275058088933,0.7705286209184239,594,608.9993
subject_616,Horizontal,UTL,0.27128884477251236,1.7623815559807112e-11,594,608.9993
subject_616,Horizontal,UTR,0.37245572052378234,5.525078955945461e-21,594,608.9993
subject_617,Sagittal,MTR,-0.3664883379743455,2.8274663003386026e-19,561,560.9996
subject_617,Sagittal,SCML,-0.14133082156378568,0.0007882724784193621,561,560.9996
subject_617,Sagittal,SCMR,-0.2946359805481589,1.0659883676998775e-12,561,560.9996
subject_617,Sagittal,STL,-0.43040320534270127,1.053401168638531e-26,561,560.9996
subject_617,Sagittal,STR,-0.1400741657297514,0.0008787048291107347,561,560.9996
subject_617,Sagittal,UTL,-0.08008045209941696,0.05801888746755309,561,560.9996
subject_617,Sagittal,UTR,-0.3300984868134256,9.97391677982377e-16,561,560.9996
subject_617,Frontal,MTR,-0.1635787166631564,9.940576909088476e-05,561,560.9996
subject_617,Frontal,SCML,-0.13387089070844016,0.0014827712444424087,561,560.9996
subject_617,Frontal,SCMR,-0.183074477445939,1.2802206636824619e-05,561,560.9996
subject_617,Frontal,STL,-0.17833979268440608,2.149748470309191e-05,561,560.9996
subject_617,Frontal,STR,-0.19718569477442918,2.522568378801418e-06,561,560.9996
subject_617,Frontal,UTL,-0.17017014054685908,5.0966814094282024e-05,561,560.9996
subject_617,Frontal,UTR,-0.14853912977358133,0.0004156097058378876,561,560.9996
subject_617,Horizontal,MTR,0.15702654044260195,0.0001883602692633376,561,560.9996
subject_617,Horizontal,SCML,0.40369438968684646,2.110259435335295e-23,561,560.9996
subject_617,Horizontal,SCMR,0.3775820615329757,1.8870066782694652e-20,561,560.9996
subject_617,Horizontal,STL,0.24386931280918828,4.861459942617808e-09,561,560.9996
subject_617,Horizontal,STR,0.4953850204448688,4.483092999869029e-36,561,560.9996
subject_617,Horizontal,UTL,0.3744089178585812,4.1370315172391125e-20,561,560.9996
subject_617,Horizontal,UTR,0.39756845953766834,1.097941110934038e-22,561,560.9996
subject_618,Sagittal,MTL,0.30311333360985254,1.8010151597813793e-15,659,658.9993
subject_618,Sagittal,MTR,0.1797479314100554,3.426902235870854e-06,659,658.9993
subject_618,Sagittal,SCML,0.23939201609579133,4.831150257120365e-10,659,658.9993
subject_618,Sagittal,SCMR,0.3721763758019539,4.436807698932953e-23,659,658.9993
subject_618,Sagittal,STL,0.24944437346292694,8.344202477393755e-11,659,658.9993
subject_618,Sagittal,STR,-0.12510245299689313,0.0012906160120698539,659,658.9993
subject_618,Sagittal,UTL,-0.1437476385211053,0.00021358279574787168,659,658.9993
subject_618,Sagittal,UTR,0.25173624552334406,5.53011408505289e-11,659,658.9993
subject_618,Frontal,MTL,-0.48959632583365537,6.660002556805094e-41,657,658.9993
subject_618,Frontal,MTR,-0.08745011584925262,0.02499049374080932,657,658.9993
subject_618,Frontal,SCML,-0.210736515688355,4.9620800719295635e-08,657,658.9993
subject_618,Frontal,SCMR,-0.346476520813442,5.753149695809807e-20,657,658.9993
subject_618,Frontal,STL,0.237048994570561,7.633209142610577e-10,657,658.9993
subject_618,Frontal,STR,0.15016312731178647,0.00011173670541525158,657,658.9993
subject_618,Frontal,UTL,-0.031968061369750896,0.41332610025281996,657,658.9993
subject_618,Frontal,UTR,-0.44521972536575694,2.632827029914346e-33,657,658.9993
subject_618,Horizontal,MTL,0.47531528852357396,2.460089839215569e-38,657,658.9993
subject_618,Horizontal,MTR,0.16950632506253924,1.2529626551711428e-05,657,658.9993
subject_618,Horizontal,SCML,0.2626421516679665,7.938203193024125e-12,657,658.9993
subject_618,Horizontal,SCMR,0.35306956768584685,1.0103421333463902e-20,657,658.9993
subject_618,Horizontal,STL,-0.0679817284697067,0.08164765579918098,657,658.9993
subject_618,Horizontal,STR,-0.1499313872170447,0.00011452907206033092,657,658.9993
subject_618,Horizontal,UTL,-0.0064463347597659695,0.8690072700732123,657,658.9993
subject_618,Horizontal,UTR,0.39098230178406895,2.0046078399573944e-25,657,658.9993
subject_619,Sagittal,MTL,0.21966980400362437,1.4005898684881743e-05,384,528.9999
subject_619,Sagittal,MTR,0.1644219224308006,0.0012227117529457381,384,528.9999
subject_619,Sagittal,SCML,0.34250457654924243,5.214976864177864e-12,384,528.9999
subject_619,Sagittal,SCMR,0.4868813313994256,2.9923450130551344e-24,384,528.9999
subject_619,Sagittal,STL,-0.4321885511770606,6.594593243257682e-19,384,528.9999
subject_619,Sagittal,STR,-0.3145069548279608,2.907585451999036e-10,384,528.9999
subject_619,Sagittal,UTL,0.46097062222944296,1.3407690904093273e-21,384,528.9999
subject_619,Sagittal,UTR,0.2649063820970875,1.3748430121854966e-07,384,528.9999
subject_619,Frontal,MTL,-0.2048918995515542,5.3532339161955704e-05,383,528.9999
subject_619,Frontal,MTR,-0.10153590181601185,0.04706261097067765,383,528.9999
subject_619,Frontal,SCML,0.42534793289634776,2.924383920066451e-18,383,528.9999
subject_619,Frontal,SCMR,0.26968253267891584,8.314211251734738e-08,383,528.9999
subject_619,Frontal,STL,-0.007560184864395587,0.8827577179675159,383,528.9999
subject_619,Frontal,STR,0.06106313838232991,0.2331687573700691,383,528.9999
subject_619,Frontal,UTL,0.20275467505485803,6.425747892249519e-05,383,528.9999
subject_619,Frontal,UTR,0.1252030100957509,0.014209721321002226,383,528.9999
subject_619,Horizontal,MTL,-0.1722103170032648,0.0007246597371475308,382,528.9999
subject_619,Horizontal,MTR,-0.11710109096031047,0.022073544492312688,382,528.9999
subject_619,Horizontal,SCML,0.16793955975446018,0.0009841334705381712,382,528.9999
subject_619,Horizontal,SCMR,-0.02778534654586528,0.5882426351413361,382,528.9999
subject_619,Horizontal,STL,0.13797700729837342,0.006916722314946566,382,528.9999
subject_619,Horizontal,STR,0.14523144426894566,0.00445070329220348,382,528.9999
subject_619,Horizontal,UTL,-0.1157363732426026,0.02368254431503863,382,528.9999
subject_619,Horizontal,UTR,0.041988580581481444,0.41316834784357864,382,528.9999
subject_620,Sagittal,MTL,0.24295426233324385,2.113980980072871e-09,592,591.9996
subject_620,Sagittal,MTR,0.2460044273130034,1.3083791845610475e-09,592,591.9996
subject_620,Sagittal,SCML,0.32688157874383544,3.2997693680591856e-16,592,591.9996
subject_620,Sagittal,SCMR,0.47644595075884466,7.057980797065282e-35,592,591.9996
subject_620,Sagittal,STL,0.29184460632694953,4.3509647389240785e-13,592,591.9996
subject_620,Sagittal,STR,0.2345030622612797,7.724819502287439e-09,592,591.9996
subject_620,Sagittal,UTL,0.3035657335310771,4.375044483472786e-14,592,591.9996
subject_620,Sagittal,UTR,0.26641279418153246,4.463007462041787e-11,592,591.9996
subject_620,Frontal,MTL,-0.47690628683084757,5.963612684650632e-35,592,591.9996
subject_620,Frontal,MTR,-0.5251601866017402,2.8418122338870585e-43,592,591.9996
subject_620,Frontal,SCML,-0.478759829715773,3.01827262342726e-35,592,591.9996
subject_620,Frontal,SCMR,-0.24984728342747944,7.082998275567564e-10,592,591.9996
subject_620,Frontal,STL,-0.525922198676654,2.0474050543745234e-43,592,591.9996
subject_620,Frontal,STR,-0.4945973239214138,7.543176065365151e-38,592,591.9996
subject_620,Frontal,UTL,-0.5518717990656103,1.7337113964821514e-48,592,591.9996
subject_620,Frontal,UTR,-0.5366933423301653,1.8165839845691048e-45,592,591.9996
subject_620,Horizontal,MTL,0.09286129292341617,0.023850964647135608,592,591.9996
subject_620,Horizontal,MTR,0.04726945729045308,0.25083372768664663,592,591.9996
subject_620,Horizontal,SCML,0.09207182390812678,0.02507602131714415,592,591.9996
subject_620,Horizontal,SCMR,0.11930850493561124,0.003647311920327714,592,591.9996
subject_620,Horizontal,STL,0.09078893675828148,0.027182656696916333,592,591.9996
subject_620,Horizontal,STR,0.07825611614056219,0.057047298721587335,592,591.9996
subject_620,Horizontal,UTL,0.0923678747888603,0.024610401064367522,592,591.9996
subject_620,Horizontal,UTR,0.027927466415862672,0.497644440734136,592,591.9996
subject_621,Sagittal,MTL,0.05011657035794453,0.19016067896047106,685,684.9995
subject_621,Sagittal,MTR,-0.3302066546062763,6.885270298292641e-19,685,684.9995
subject_621,Sagittal,SCML,0.569122498140774,4.750009044092619e-60,685,684.9995
subject_621,Sagittal,SCMR,0.5286828477368858,1.3823532104262913e-50,685,684.9995
subject_621,Sagittal,STL,0.15174569304356753,6.679440493098689e-05,685,684.9995
subject_621,Sagittal,STR,-0.5138858428130227,1.9718637126857966e-47,685,684.9995
subject_621,Sagittal,UTL,0.6040627592663411,2.3707429033651605e-69,685,684.9995
subject_621,Sagittal,UTR,0.5963942516106505,3.271086096655577e-67,685,684.9995
subject_621,Frontal,MTL,0.126958737123616,0.0008830400054456693,683,684.9995
subject_621,Frontal,MTR,-0.041189570187693175,0.28239991137442555,683,684.9995
subject_621,Frontal,SCML,0.6286474892736534,2.1145347189478982e-76,683,684.9995
subject_621,Frontal,SCMR,0.4406985019213087,8.054995645369e-34,683,684.9995
subject_621,Frontal,STL,0.3018566182797206,7.433250792235926e-16,683,684.9995
subject_621,Frontal,STR,-0.3112666113393388,8.251548139229649e-17,683,684.9995
subject_621,Frontal,UTL,0.7680529494317406,6.115308182969107e-134,683,684.9995
subject_621,Frontal,UTR,0.6072940486913465,4.5307131121910256e-70,683,684.9995
subject_621,Horizontal,MTL,0.21304141567942253,1.841386650533175e-08,684,684.9995
subject_621,Horizontal,MTR,0.18778289654771263,7.565910177662618e-07,684,684.9995
subject_621,Horizontal,SCML,0.342697311225836,2.778904727318605e-20,684,684.9995
subject_621,Horizontal,SCMR,0.22778027546454852,1.6836140051448163e-09,684,684.9995
subject_621,Horizontal,STL,0.29259758662641505,5.719663669870663e-15,684,684.9995
subject_621,Horizontal,STR,0.012490899066671949,0.7443527691220396,684,684.9995
subject_621,Horizontal,UTL,0.41603527521639105,5.210388744239836e-30,684,684.9995
subject_621,Horizontal,UTR,0.3358555857744248,1.6958667104607547e-19,684,684.9995
subject_623,Sagittal,MTL,0.018760699824524378,0.6349013347187411,643,642.9995
subject_623,Sagittal,MTR,-0.17105695897482665,1.2928493476404705e-05,643,642.9995
subject_623,Sagittal,SCML,0.23013435650441968,3.554699684359976e-09,643,642.9995
subject_623,Sagittal,SCMR,0.21056099510606757,7.067934753494222e-08,643,642.9995
subject_623,Sagittal,STL,0.13331926468855276,0.0007009719319352848,643,642.9995
subject_623,Sagittal,STR,-0.025435182586617762,0.5196918759094994,643,642.9995
subject_623,Sagittal,UTL,0.21116409560702923,6.472557199314201e-08,643,642.9995
subject_623,Sagittal,UTR,0.1124940636853993,0.0042890402232101275,643,642.9995
subject_623,Frontal,MTL,-0.09178379228470789,0.019923305166345804,643,642.9995
subject_623,Frontal,MTR,-0.04318352194378879,0.2742168027343485,643,642.9995
subject_623,Frontal,SCML,-0.08305680875599795,0.03523479279312791,643,642.9995
subject_623,Frontal,SCMR,-0.0820035521232226,0.03763052081464264,643,642.9995
subject_623,Frontal,STL,-0.08140169119020815,0.03906058859612746,643,642.9995
subject_623,Frontal,STR,-0.0820035521232226,0.03763052081464264,643,642.9995
subject_623,Frontal,UTL,-0.08636704388757759,0.028532982932768052,643,642.9995
subject_623,Frontal,UTR,-0.08395960015551966,0.03328588585515753,643,642.9995
subject_623,Horizontal,MTL,0.07708983245507459,0.05071233912092851,643,642.9995
subject_623,Horizontal,MTR,0.027663815474309066,0.48376945743331123,643,642.9995
subject_623,Horizontal,SCML,0.10290939356442971,0.009017815745231528,643,642.9995
subject_623,Horizontal,SCMR,0.10401594618340208,0.008300152912275365,643,642.9995
subject_623,Horizontal,STL,0.10008153687150034,0.01110897522819727,643,642.9995
subject_623,Horizontal,STR,0.10020448716249729,0.011009809160343977,643,642.9995
subject_623,Horizontal,UTL,0.0977454813425587,0.013149548688626665,643,642.9995
subject_623,Horizontal,UTR,0.07278657227018208,0.06510486370230868,643,642.9995
subject_624,Sagittal,MTL,-0.40725147033249304,1.2419940681859749e-37,909,908.9995
subject_624,Sagittal,MTR,-0.2817319493776966,4.783985938354125e-18,909,908.9995
subject_624,Sagittal,SCML,-0.2366555198353812,4.895210424733471e-13,909,908.9995
subject_624,Sagittal,SCMR,0.307681585726177,2.2021098066279646e-21,909,908.9995
subject_624,Sagittal,STL,-0.4018618082576271,1.3390573200865455e-36,909,908.9995
subject_624,Sagittal,STR,0.06895415384307832,0.03765820223133911,909,908.9995
subject_624,Sagittal,UTL,-0.14357101480127651,1.3915773358177032e-05,909,908.9995
subject_624,Sagittal,UTR,-0.05134257909028424,0.12189945093754957,909,908.9995
subject_624,Frontal,MTL,-0.41724553526671615,1.3441967988144525e-39,909,908.9995
subject_624,Frontal,MTR,-0.2983667453540669,3.8034746621444364e-20,909,908.9995
subject_624,Frontal,SCML,-0.28615724481026245,1.3640489894234136e-18,909,908.9995
subject_624,Frontal,SCMR,0.3212055472069825,2.9211814303733813e-23,909,908.9995
subject_624,Frontal,STL,-0.4388953356369727,4.328318665704527e-44,909,908.9995
subject_624,Frontal,STR,0.028826056005039458,0.38535089928933436,909,908.9995
subject_624,Frontal,UTL,-0.14999877501936354,5.5748404864180456e-06,909,908.9995
subject_624,Frontal,UTR,-0.06448572762641146,0.05194750236973341,909,908.9995
subject_624,Horizontal,MTL,-0.018413707821117745,0.5792712480223121,909,908.9995
subject_624,Horizontal,MTR,0.04751493173656042,0.15231710876164428,909,908.9995
subject_624,Horizontal,SCML,0.004767544586763341,0.8858615756061703,909,908.9995
subject_624,Horizontal,SCMR,0.006002379916626986,0.8565856897933445,909,908.9995
subject_624,Horizontal,STL,-0.038142364614733706,0.2506327956734475,909,908.9995
subject_624,Horizontal,STR,0.008714375521067972,0.793029549305871,909,908.9995
subject_624,Horizontal,UTL,-0.04651148535513857,0.1611744040848581,909,908.9995
subject_624,Horizontal,UTR,-0.03297242317279794,0.3207058793263584,909,908.9995
subject_625,Sagittal,MTL,-0.4098142911900653,3.94811672925341e-38,909,908.9995
subject_625,Sagittal,MTR,-0.2859906955215479,1.4305959554854912e-18,909,908.9995
subject_625,Sagittal,SCML,-0.25466035519319746,6.377928300363498e-15,909,908.9995
subject_625,Sagittal,SCMR,0.29961824005128773,2.6093993707686232e-20,909,908.9995
subject_625,Sagittal,STL,-0.40701539247625584,1.3795927550290487e-37,909,908.9995
subject_625,Sagittal,STR,0.06926318153336979,0.03680744545578283,909,908.9995
subject_625,Sagittal,UTL,-0.14320935707091878,1.4634034653756407e-05,909,908.9995
subject_625,Sagittal,UTR,-0.048323006079519115,0.14545721549430732,909,908.9995
subject_625,Frontal,MTL,0.37532594530273455,0.0707176825852986,24,908.9995
subject_625,Frontal,MTR,0.5560384374855327,0.004781910806006346,24,908.9995
subject_625,Frontal,SCML,0.264118257805628,0.21235119036264072,24,908.9995
subject_625,Frontal,SCMR,-0.2919201796799046,0.16631740262735337,24,908.9995
subject_625,Frontal,STL,0.4865336327998411,0.015914803581098768,24,908.9995
subject_625,Frontal,STR,0.4309297890512878,0.035527760014326844,24,908.9995
subject_625,Frontal,UTL,0.5004345937369793,0.012755127620809624,24,908.9995
subject_625,Frontal,UTR,0.4587317109255644,0.024153735024583557,24,908.9995
subject_625,Horizontal,MTL,-0.0535252595023388,0.10680922290171417,909,908.9995
subject_625,Horizontal,MTR,-0.006414321919361839,0.8468608440475666,909,908.9995
subject_625,Horizontal,SCML,-0.037801604659603735,0.25489382537795496,909,908.9995
subject_625,Horizontal,SCMR,-0.03172821610817251,0.33931572448184816,909,908.9995
subject_625,Horizontal,STL,0.004086909964655941,0.902067683294369,909,908.9995
subject_625,Horizontal,STR,-0.03440651999942721,0.30009804782683036,909,908.9995
subject_625,Horizontal,UTL,-0.12494337051926949,0.00015897055233243904,909,908.9995
subject_625,Horizontal,UTR,-0.11061832381938619,0.000835465597967016,909,908.9995
subject_626,Sagittal,MTL,0.13203453345661303,0.0003411725938404661,732,731.9994
subject_626,Sagittal,MTR,0.13828194321526907,0.00017477475564549566,732,731.9994
subject_626,Sagittal,SCML,0.2676665255118416,1.781301620425483e-13,732,731.9994
subject_626,Sagittal,SCMR,0.23977549627203576,4.955446793130434e-11,732,731.9994
subject_626,Sagittal,STL,0.03405053635145978,0.3576006682187973,732,731.9994
subject_626,Sagittal,STR,-0.08940772932166892,0.01553399353888069,732,731.9994
subject_626,Sagittal,UTL,0.18944754041857154,2.421551924662302e-07,732,731.9994
subject_626,Sagittal,UTR,0.2645160750912617,3.481145844859439e-13,732,731.9994
subject_626,Frontal,MTL,-0.2862517884662425,2.850326908736151e-15,732,731.9994
subject_626,Frontal,MTR,-0.47628495974423096,1.016428957485388e-42,732,731.9994
subject_626,Frontal,SCML,-0.4090726642321082,6.699653498398601e-31,732,731.9994
subject_626,Frontal,SCMR,-0.6346774942538009,8.837068470333058e-84,732,731.9994
subject_626,Frontal,STL,-0.6227121573351836,7.918277209066072e-80,732,731.9994
subject_626,Frontal,STR,-0.36758145991112245,7.774172610393242e-25,732,731.9994
subject_626,Frontal,UTL,-0.7390870200346193,2.1834708873639887e-127,732,731.9994
subject_626,Frontal,UTR,-0.5853650394369065,1.573324156087338e-68,732,731.9994
subject_626,Horizontal,MTL,-0.18400101770692892,5.370220650402669e-07,732,731.9994
subject_626,Horizontal,MTR,-0.4917445828855555,7.851755294328472e-46,732,731.9994
subject_626,Horizontal,SCML,-0.36575122998668547,1.3758907469136688e-24,732,731.9994
subject_626,Horizontal,SCMR,-0.471698625996983,7.945919468257748e-42,732,731.9994
subject_626,Horizontal,STL,-0.4695068528725086,2.0997771509015242e-41,732,731.9994
subject_626,Horizontal,STR,-0.2635939019770617,4.2283398145002736e-13,732,731.9994
subject_626,Horizontal,UTL,-0.4960510824059489,9.984518895842551e-47,732,731.9994
subject_626,Horizontal,UTR,-0.47750666027384975,5.846414292051744e-43,732,731.9994
subject_627,Sagittal,MTL,0.06321987203154399,0.0896066029236625,722,721.9998
subject_627,Sagittal,MTR,-0.060133820956768176,0.10642751614151452,722,721.9998
subject_627,Sagittal,SCML,0.1554499030629857,2.7258448005478055e-05,722,721.9998
subject_627,Sagittal,SCMR,0.17790713901033153,1.5053926408505473e-06,722,721.9998
subject_627,Sagittal,STL,-0.25275087241425187,5.506425530896202e-12,722,721.9998
subject_627,Sagittal,STR,-0.24901914589292404,1.1468053253395122e-11,722,721.9998
subject_627,Sagittal,UTL,0.11769658423324914,0.0015346424994241137,722,721.9998
subject_627,Sagittal,UTR,-0.16344130601127477,1.0158082373483563e-05,722,721.9998
subject_627,Frontal,MTL,0.01213114046298349,0.7452120750422411,720,721.9998
subject_627,Frontal,MTR,0.026130442629501892,0.4838931848701347,720,721.9998
subject_627,Frontal,SCML,-0.0952949298196673,0.010515115699981762,720,721.9998
subject_627,Frontal,SCMR,-0.0014903469535455446,0.9681563126579896,720,721.9998
subject_627,Frontal,STL,0.09002637869401563,0.015676026564526324,720,721.9998
subject_627,Frontal,STR,0.13808369704463774,0.000201958289567605,720,721.9998
subject_627,Frontal,UTL,-0.0018608698788601138,0.9602453770962035,720,721.9998
subject_627,Frontal,UTR,0.004338371211177868,0.9074869052375213,720,721.9998
subject_627,Horizontal,MTL,0.14462976141396233,0.00010287705644621462,716,721.9998
subject_627,Horizontal,MTR,0.12455378993842939,0.0008377123657504414,716,721.9998
subject_627,Horizontal,SCML,-0.06038727459492311,0.10641821242864097,716,721.9998
subject_627,Horizontal,SCMR,-0.26165689403298387,1.1311756451504151e-12,716,721.9998
subject_627,Horizontal,STL,0.1036142586318417,0.005517503233386802,716,721.9998
subject_627,Horizontal,STR,0.14491492279624535,9.96496683675661e-05,716,721.9998
subject_627,Horizontal,UTL,0.2736591553590317,9.155469600929557e-14,716,721.9998
subject_627,Horizontal,UTR,0.19277585407011716,2.01280011326768e-07,716,721.9998
subject_628,Sagittal,MTL,0.15180024327689234,0.000135840283824845,627,626.9996
subject_628,Sagittal,MTR,0.11754488292885015,0.0032017719493003063,627,626.9996
subject_628,Sagittal,SCML,0.2746571566124091,2.5831475488413806e-12,627,626.9996
subject_628,Sagittal,SCMR,0.17640867924812229,8.857044732706099e-06,627,626.9996
subject_628,Sagittal,STL,-0.05918971300965418,0.1387534063684757,627,626.9996
subject_628,Sagittal,STR,-0.5054129233837923,5.840300871402905e-42,627,626.9996
subject_628,Sagittal,UTL,0.14680615231047847,0.00022541183499494538,627,626.9996
subject_628,Sagittal,UTR,0.18520170547566883,3.032036927630179e-06,627,626.9996
subject_628,Frontal,MTL,-0.045944792632623195,0.250652006430003,627,626.9996
subject_628,Frontal,MTR,0.014546588582667816,0.7162026486736937,627,626.9996
subject_628,Frontal,SCML,-0.04952692900737009,0.21555364337465802,627,626.9996
subject_628,Frontal,SCMR,-0.09771445050070438,0.014375363946592029,627,626.9996
subject_628,Frontal,STL,0.01351867118817523,0.7354784450139821,627,626.9996
subject_628,Frontal,STR,0.05457306894397005,0.17231645660508974,627,626.9996
subject_628,Frontal,UTL,-0.016820466455333236,0.6742128205874679,627,626.9996
subject_628,Frontal,UTR,-0.01850251310086656,0.6437820058500975,627,626.9996
subject_628,Horizontal,MTL,0.5652735388706203,3.1774571264437653e-54,627,626.9996
subject_628,Horizontal,MTR,0.5500909684350745,7.077872058847196e-51,627,626.9996
subject_628,Horizontal,SCML,0.5669367979913683,1.332614824069733e-54,627,626.9996
subject_628,Horizontal,SCMR,0.43425989735939424,3.177985945940251e-30,627,626.9996
subject_628,Horizontal,STL,0.4607654241169551,2.8167914315325596e-34,627,626.9996
subject_628,Horizontal,STR,-0.3925504763314062,1.5633814654393098e-24,627,626.9996
subject_628,Horizontal,UTL,0.5522659995929757,2.4032977243260167e-51,627,626.9996
subject_628,Horizontal,UTR,0.5665742927983848,1.6111495921506866e-54,627,626.9996
subject_629,Sagittal,MTL,0.026326689125550192,0.5941427881887797,412,411.9994
subject_629,Sagittal,MTR,-0.09734280102223904,0.04832134694305253,412,411.9994
subject_629,Sagittal,SCML,0.7069527405394588,1.1816049597396182e-63,412,411.9994
subject_629,Sagittal,SCMR,0.5059683713296954,3.6318042874251323e-28,412,411.9994
subject_629,Sagittal,STL,-0.3224496132735222,2.0133409464632946e-11,412,411.9994
subject_629,Sagittal,STR,-0.4679849282935465,8.197931695357635e-24,412,411.9994
subject_629,Sagittal,UTL,0.24759456652860723,3.584115451988258e-07,412,411.9994
subject_629,Sagittal,UTR,0.23791688487791832,1.035179118888678e-06,412,411.9994
subject_629,Frontal,MTL,-0.2919973650438449,1.5311970258958587e-09,412,411.9994
subject_629,Frontal,MTR,-0.012137328179208805,0.8059753191481253,412,411.9994
subject_629,Frontal,SCML,-0.7160696940647969,5.338261166467878e-66,412,411.9994
subject_629,Frontal,SCMR,-0.7559556161540041,1.872329609231513e-77,412,411.9994
subject_629,Frontal,STL,-0.09001607417144332,0.06795839803571736,412,411.9994
subject_629,Frontal,STR,-0.016776349462087062,0.7342240483444311,412,411.9994
subject_629,Frontal,UTL,-0.5817377177467433,1.1170426540457189e-38,412,411.9994
subject_629,Frontal,UTR,-0.5085826891705937,1.737653213129859e-28,412,411.9994
subject_629,Horizontal,MTL,0.16811357254286152,0.0006116789010182175,412,411.9994
subject_629,Horizontal,MTR,0.16548758229773758,0.0007459608659113421,412,411.9994
subject_629,Horizontal,SCML,-0.3348609686948291,2.9776512984928126e-12,412,411.9994
subject_629,Horizontal,SCMR,-0.14951999209948336,0.0023436793411063606,412,411.9994
subject_629,Horizontal,STL,0.3657486689119565,1.738274905164745e-14,412,411.9994
subject_629,Horizontal,STR,0.4348475262864823,1.9573631870555535e-20,412,411.9994
subject_629,Horizontal,UTL,0.052524208135367276,0.28750079912903814,412,411.9994
subject_629,Horizontal,UTR,0.057035075605658785,0.24804589064626353,412,411.9994
subject_630,Sagittal,MTL,0.06209486183636252,0.1407992761488451,564,563.9998
subject_630,Sagittal,MTR,0.11175027983818665,0.007898946204141218,564,563.9998
subject_630,Sagittal,SCML,-0.6274985508145037,4.490953487037348e-63,564,563.9998
subject_630,Sagittal,SCMR,-0.6604767150098569,5.831672562883951e-72,564,563.9998
subject_630,Sagittal,STL,0.4418987503019864,2.319845690917676e-28,564,563.9998
subject_630,Sagittal,STR,-0.45778522160268115,1.4567819383454026e-30,564,563.9998
subject_630,Sagittal,UTL,-0.669245711262779,1.6202636643580979e-74,564,563.9998
subject_630,Sagittal,UTR,-0.7032178949426273,2.6359148959313653e-85,564,563.9998
subject_630,Frontal,MTL,0.04686965883463993,0.2664676370641301,564,563.9998
subject_630,Frontal,MTR,0.10371068874786017,0.013732863543895182,564,563.9998
subject_630,Frontal,SCML,-0.6106133169446764,6.330901455296735e-59,564,563.9998
subject_630,Frontal,SCMR,-0.6664674749798415,1.0687736983753696e-73,564,563.9998
subject_630,Frontal,STL,0.4821294639368347,3.600576260102886e-34,564,563.9998
subject_630,Frontal,STR,-0.4349523622038751,1.9607976464530403e-27,564,563.9998
subject_630,Frontal,UTL,-0.6707921252451591,5.619334403287608e-75,564,563.9998
subject_630,Frontal,UTR,-0.7178091907237868,1.99823422627879e-90,564,563.9998
subject_630,Horizontal,MTL,0.006906415791141272,0.8700016800096347,564,563.9998
subject_630,Horizontal,MTR,0.03442551018883906,0.4145066394468822,564,563.9998
subject_630,Horizontal,SCML,-0.5527893713597557,1.901593152699422e-46,564,563.9998
subject_630,Horizontal,SCMR,-0.5794478543811401,6.850462472321147e-52,564,563.9998
subject_630,Horizontal,STL,0.35456445888150295,3.770083366427121e-18,564,563.9998
subject_630,Horizontal,STR,-0.4689702717615012,3.4841045066576e-32,564,563.9998
subject_630,Horizontal,UTL,-0.6332722565760063,1.493503814693514e-64,564,563.9998
subject_630,Horizontal,UTR,-0.5974158971458462,7.488495687911758e-56,564,563.9998
subject_631,Sagittal,MTL,0.45305155492774324,3.805177156969228e-30,569,568.9996
subject_631,Sagittal,MTR,0.3945961839425911,1.2181549696432326e-22,569,568.9996
subject_631,Sagittal,SCML,0.6927192686638302,1.5983491870678456e-82,569,568.9996
subject_631,Sagittal,SCMR,0.42326190659503143,3.8780192467710166e-26,569,568.9996
subject_631,Sagittal,STL,0.27162523841632275,4.4188465996569984e-11,569,568.9996
subject_631,Sagittal,STR,-0.2024936174855445,1.115159994578421e-06,569,568.9996
subject_631,Sagittal,UTL,0.4854435232344425,5.608713877641242e-35,569,568.9996
subject_631,Sagittal,UTR,0.4722360127544947,6.045762716823127e-33,569,568.9996
subject_631,Frontal,MTL,0.5150605538094783,7.1667472071727096e-40,569,568.9996
subject_631,Frontal,MTR,0.3304964735331152,5.735929244031733e-16,569,568.9996
subject_631,Frontal,SCML,0.3100330432539667,3.83693387517596e-14,569,568.9996
subject_631,Frontal,SCMR,0.3658341267600577,1.8479926585146675e-19,569,568.9996
subject_631,Frontal,STL,0.4143565325767643,5.1459444562510365e-25,569,568.9996
subject_631,Frontal,STR,-0.06369382834171947,0.12913169678444292,569,568.9996
subject_631,Frontal,UTL,0.5649278852926989,2.770811589123678e-49,569,568.9996
subject_631,Frontal,UTR,0.5569029898007837,1.1642908959642707e-47,569,568.9996
subject_631,Horizontal,MTL,-0.31880067259828215,6.591203125882161e-15,569,568.9996
subject_631,Horizontal,MTR,-0.14319181513950932,0.0006129559619999663,569,568.9996
subject_631,Horizontal,SCML,-0.16042405848643954,0.0001214332241627527,569,568.9996
subject_631,Horizontal,SCMR,-0.24467309031576692,3.3462028138780893e-09,569,568.9996
subject_631,Horizontal,STL,-0.2746702752932002,2.626318081301443e-11,569,568.9996
subject_631,Horizontal,STR,-0.09648314655808937,0.021346837016112077,569,568.9996
subject_631,Horizontal,UTL,-0.35044204033219206,6.952783679967726e-18,569,568.9996
subject_631,Horizontal,UTR,-0.30009402193716894,2.6357411132691805e-13,569,568.9996
subject_632,Sagittal,MTL,-0.12282764284793744,0.0023159559134362712,613,612.9993
subject_632,Sagittal,MTR,-0.2627544496976893,3.8775176673594455e-11,613,612.9993
subject_632,Sagittal,SCML,0.1325288365868583,0.001005149129589167,613,612.9993
subject_632,Sagittal,SCMR,0.16967494972628505,2.410308863372317e-05,613,612.9993
subject_632,Sagittal,STL,0.23837640005113706,2.2835093708558246e-09,613,612.9993
subject_632,Sagittal,STR,0.19468862674733667,1.1919234174667627e-06,613,612.9993
subject_632,Sagittal,UTL,0.036322924552422496,0.3693060076106038,613,612.9993
subject_632,Sagittal,UTR,-0.1372751168590473,0.0006544525161261263,613,612.9993
subject_632,Frontal,MTL,-0.16814307154725405,2.8597479182382722e-05,613,612.9993
subject_632,Frontal,MTR,-0.18670416856824323,3.2535497820372244e-06,613,612.9993
subject_632,Frontal,SCML,-0.10773286344367132,0.007592584901753998,613,612.9993
subject_632,Frontal,SCMR,0.0019611423203949687,0.9613523966025127,613,612.9993
subject_632,Frontal,STL,0.07495075420096022,0.0636655133022785,613,612.9993
subject_632,Frontal,STR,0.26018696488425047,6.079180949321418e-11,613,612.9993
subject_632,Frontal,UTL,-0.08597856144826803,0.03331000934855069,613,612.9993
subject_632,Frontal,UTR,-0.342283025498231,2.7319573614014663e-18,613,612.9993
subject_632,Horizontal,MTL,-0.12411416979243392,0.002080025500641152,613,612.9993
subject_632,Horizontal,MTR,-0.06125560963002965,0.1297863359793287,613,612.9993
subject_632,Horizontal,SCML,-0.059996148497449595,0.13787797442111546,613,612.9993
subject_632,Horizontal,SCMR,-0.0008014752661873037,0.9842004478152887,613,612.9993
subject_632,Horizontal,STL,-0.08804778281400523,0.029276296154730406,613,612.9993
subject_632,Horizontal,STR,-0.004236369264132892,0.9166345234893226,613,612.9993
subject_632,Horizontal,UTL,-0.08060551248512313,0.04605681224852115,613,612.9993
subject_632,Horizontal,UTR,-0.10041340120660934,0.012870452865951013,613,612.9993
