subject,pct_center,angle,muscle,r,p,n
subject_541,10,Sagittal,MTL,-0.42853049762074613,1.071945289151019e-05,98
subject_541,10,Sagittal,MTR,-0.2270501811493532,0.02455755621888636,98
subject_541,10,Sagittal,SCML,-0.2089751637679034,0.03891688410122104,98
subject_541,10,Sagittal,SCMR,0.108382885927295,0.28809840943109594,98
subject_541,10,Sagittal,STL,-0.2439623208785193,0.015485780826519852,98
subject_541,10,Sagittal,STR,-0.22113496534582927,0.028654815689699055,98
subject_541,10,Sagittal,UTL,-0.41839396872107104,1.8099438668730332e-05,98
subject_541,10,Sagittal,UTR,-0.40433860935156135,3.641062372271612e-05,98
subject_541,10,Frontal,MTL,0.2710676537893287,0.006939241393961438,98
subject_541,10,Frontal,MTR,0.22129041066435529,0.028540158638947905,98
subject_541,10,Frontal,SCML,0.15090364231570874,0.13801850280739247,98
subject_541,10,Frontal,SCMR,0.005705461785084666,0.955535431409511,98
subject_541,10,Frontal,STL,0.15818101704158202,0.11979565996194558,98
subject_541,10,Frontal,STR,0.19392748169507165,0.05570217902151976,98
subject_541,10,Frontal,UTL,0.3258517307257028,0.001059515932618942,98
subject_541,10,Frontal,UTR,0.2982559257651912,0.002855275519138743,98
subject_541,10,Horizontal,MTL,0.40643689271385697,3.2867610686416734e-05,98
subject_541,10,Horizontal,MTR,0.2537845386429247,0.011684551748177143,98
subject_541,10,Horizontal,SCML,0.27133955936108195,0.0068807669299550175,98
subject_541,10,Horizontal,SCMR,0.032438625240073085,0.7511758918971361,98
subject_541,10,Horizontal,STL,0.24996822979115146,0.013051848340437423,98
subject_541,10,Horizontal,STR,0.30263329194562305,0.0024549574682620813,98
subject_541,10,Horizontal,UTL,0.34461268931512934,0.000511239087055831,98
subject_541,10,Horizontal,UTR,0.3743798983589612,0.00014604403614876642,98
subject_541,20,Sagittal,MTL,-0.048106023892174374,0.6380781358370203,98
subject_541,20,Sagittal,MTR,0.5723335439646651,7.422414436901091e-10,98
subject_541,20,Sagittal,SCML,0.2523564061335873,0.012180828250131408,98
subject_541,20,Sagittal,SCMR,0.09178052727041926,0.3687473344688557,98
subject_541,20,Sagittal,STL,0.05881108248305225,0.5651369149901714,98
subject_541,20,Sagittal,STR,-0.23374935915642553,0.02053095625598333,98
subject_541,20,Sagittal,UTL,0.2665319325968196,0.007981572223791663,98
subject_541,20,Sagittal,UTR,0.530434318382663,1.9359631916114166e-08,98
subject_541,20,Frontal,MTL,-0.04742675505089842,0.6428354338511943,98
subject_541,20,Frontal,MTR,-0.17916774130339405,0.07752570684445594,98
subject_541,20,Frontal,SCML,-0.23713377525449214,0.018721845582635715,98
subject_541,20,Frontal,SCMR,-0.24240341470459192,0.016178418899693358,98
subject_541,20,Frontal,STL,-0.21605521745409284,0.03262238798590429,98
subject_541,20,Frontal,STR,-0.0329352465631239,0.7474933363414572,98
subject_541,20,Frontal,UTL,-0.06455308326372286,0.5277118266402525,98
subject_541,20,Frontal,UTR,-0.27797348099276575,0.005582765690464127,98
subject_541,20,Horizontal,MTL,-0.18999280514242717,0.06095708475767471,98
subject_541,20,Horizontal,MTR,-0.5484407695002048,5.0353296459466406e-09,98
subject_541,20,Horizontal,SCML,-0.5222879137316115,3.4711492344756396e-08,98
subject_541,20,Horizontal,SCMR,-0.2330680969965807,0.02091271966337299,98
subject_541,20,Horizontal,STL,-0.4115228775352167,2.5571786535358304e-05,98
subject_541,20,Horizontal,STR,0.059228526299461105,0.5623743207353682,98
subject_541,20,Horizontal,UTL,-0.5069038809265568,1.003621417122601e-07,98
subject_541,20,Horizontal,UTR,-0.6061308925191603,3.7510796468828525e-11,98
subject_541,30,Sagittal,MTL,-0.022313881496628874,0.8282517763426677,97
subject_541,30,Sagittal,MTR,-0.026721860253817745,0.7950069272701018,97
subject_541,30,Sagittal,SCML,0.056796040732481144,0.5805572622166832,97
subject_541,30,Sagittal,SCMR,0.06649037061346509,0.5175791736954223,97
subject_541,30,Sagittal,STL,0.09612133567778591,0.3489726699972392,97
subject_541,30,Sagittal,STR,-0.17722169804039803,0.0824616068089627,97
subject_541,30,Sagittal,UTL,0.07999635305779518,0.4360336470878189,97
subject_541,30,Sagittal,UTR,-0.04183147665186005,0.6841332195670684,97
subject_541,30,Frontal,MTL,-0.1365453469209031,0.1823226150822394,97
subject_541,30,Frontal,MTR,0.13821053407847506,0.1769971823204418,97
subject_541,30,Frontal,SCML,-0.22813064058736243,0.024613032235765803,97
subject_541,30,Frontal,SCMR,-0.019982245890863864,0.8459641594123354,97
subject_541,30,Frontal,STL,0.08159417072102744,0.42689411626973095,97
subject_541,30,Frontal,STR,0.09824604229674734,0.3383723653996775,97
subject_541,30,Frontal,UTL,-0.1865009616480627,0.06738567968741987,97
subject_541,30,Frontal,UTR,0.07826379640588348,0.4460681594060144,97
subject_541,30,Horizontal,MTL,,,97
subject_541,30,Horizontal,MTR,,,97
subject_541,30,Horizontal,SCML,,,97
subject_541,30,Horizontal,SCMR,,,97
subject_541,30,Horizontal,STL,,,97
subject_541,30,Horizontal,STR,,,97
subject_541,30,Horizontal,UTL,,,97
subject_541,30,Horizontal,UTR,,,97
subject_541,40,Sagittal,MTL,-0.011164250416703565,0.9135728552594512,97
subject_541,40,Sagittal,MTR,-0.4617581635815069,1.928981117775844e-06,97
subject_541,40,Sagittal,SCML,0.09737096237819537,0.34271330699388525,97
subject_541,40,Sagittal,SCMR,-0.00967935011497452,0.9250321814597025,97
subject_541,40,Sagittal,STL,0.12583155149466874,0.2194021592600304,97
subject_541,40,Sagittal,STR,-0.33449670809258053,0.0008118803369499167,97
subject_541,40,Sagittal,UTL,0.3027913368352919,0.0025732525198619563,97
subject_541,40,Sagittal,UTR,-0.03259447822807707,0.7512883409065113,97
subject_541,40,Frontal,MTL,-0.1192908770084963,0.24450130194728145,97
subject_541,40,Frontal,MTR,0.046954919673557055,0.6478800046687915,97
subject_541,40,Frontal,SCML,0.03299534895979685,0.7483307922355074,97
subject_541,40,Frontal,SCMR,0.04060966025821151,0.6928895093496087,97
subject_541,40,Frontal,STL,0.0,1.0,97
subject_541,40,Frontal,STR,-0.11675277324235808,0.2547554384437223,97
subject_541,40,Frontal,UTL,0.0,1.0,97
subject_541,40,Frontal,UTR,0.1446719146698785,0.1574113285625018,97
subject_541,40,Horizontal,MTL,0.16767340501194372,0.10066715376534577,97
subject_541,40,Horizontal,MTR,0.09112685054996943,0.374697059912514,97
subject_541,40,Horizontal,SCML,0.14944803490194986,0.14400719354636984,97
subject_541,40,Horizontal,SCMR,0.05832118435198043,0.5704192913484817,97
subject_541,40,Horizontal,STL,0.08748177652797065,0.39418005374842857,97
subject_541,40,Horizontal,STR,0.0473859622859841,0.6448656476821927,97
subject_541,40,Horizontal,UTL,0.065611332395978,0.5231429484403076,97
subject_541,40,Horizontal,UTR,0.07290148043997553,0.4779314376089397,97
subject_541,50,Sagittal,MTL,0.20041840309890663,0.0478487028797325,98
subject_541,50,Sagittal,MTR,0.124175263289454,0.22313984284289018,98
subject_541,50,Sagittal,SCML,-0.1085255625962296,0.2874604634147842,98
subject_541,50,Sagittal,SCMR,-0.12928697457116048,0.2045171469213504,98
subject_541,50,Sagittal,STL,0.09587211113120543,0.3476929695384393,98
subject_541,50,Sagittal,STR,0.010954790485257089,0.9147424478295992,98
subject_541,50,Sagittal,UTL,0.27239916211653625,0.006657030849009262,98
subject_541,50,Sagittal,UTR,0.18003447134170175,0.07607839388698927,98
subject_541,50,Frontal,MTL,-0.11683216849787803,0.2519324178212678,98
subject_541,50,Frontal,MTR,-0.19294951739928695,0.05697227362832084,98
subject_541,50,Frontal,SCML,0.11065360544897705,0.27805677231411846,98
subject_541,50,Frontal,SCMR,0.1395463497683738,0.17055292880130024,98
subject_541,50,Frontal,STL,0.03442160280026894,0.736505826582328,98
subject_541,50,Frontal,STR,-0.05795109960711451,0.5708483349799753,98
subject_541,50,Frontal,UTL,-0.18377721761535148,0.07007581257427974,98
subject_541,50,Frontal,UTR,-0.07619378473294172,0.4558564709460849,98
subject_541,50,Horizontal,MTL,-0.14051523789580875,0.167574443841379,98
subject_541,50,Horizontal,MTR,-0.3478532778131799,0.0004486736420986773,98
subject_541,50,Horizontal,SCML,-0.23669011183338448,0.01895089625898096,98
subject_541,50,Horizontal,SCMR,-0.37907888623447067,0.00011848545092491983,98
subject_541,50,Horizontal,STL,-0.2953942556654113,0.003147750681307922,98
subject_541,50,Horizontal,STR,0.030601096252865015,0.7648495407204532,98
subject_541,50,Horizontal,UTL,-0.08805621574804014,0.3885752856458224,98
subject_541,50,Horizontal,UTR,-0.27790791494948835,0.005594448612129333,98
subject_541,60,Sagittal,MTL,0.3362725617773361,0.0007582577018993814,97
subject_541,60,Sagittal,MTR,0.5232528188188208,3.823046310886251e-08,97
subject_541,60,Sagittal,SCML,-0.15583961458264975,0.1274402650596622,97
subject_541,60,Sagittal,SCMR,0.11328210057846005,0.2692477785263941,97
subject_541,60,Sagittal,STL,0.07574419079014916,0.46088936274825987,97
subject_541,60,Sagittal,STR,-0.13278762783038037,0.19476793981993232,97
subject_541,60,Sagittal,UTL,0.08381238615344345,0.4143898922093133,97
subject_541,60,Sagittal,UTR,0.1930024180776545,0.05821694918539945,97
subject_541,60,Frontal,MTL,-0.13379521526057236,0.19137226372639948,97
subject_541,60,Frontal,MTR,-0.2956724633415803,0.003278677614576585,97
subject_541,60,Frontal,SCML,0.16039675953074384,0.11654880564556311,97
subject_541,60,Frontal,SCMR,0.12243955308248257,0.23218147268144346,97
subject_541,60,Frontal,STL,0.03324799286816577,0.7464687004289238,97
subject_541,60,Frontal,STR,0.046162892987491176,0.6534335941773832,97
subject_541,60,Frontal,UTL,-0.30633513087912095,0.0022757913715478416,97
subject_541,60,Frontal,UTR,-0.12823550825798471,0.21065151312963337,97
subject_541,60,Horizontal,MTL,-0.3548908590903536,0.00036137188442810327,97
subject_541,60,Horizontal,MTR,-0.3401037399615889,0.0006534251679198551,97
subject_541,60,Horizontal,SCML,0.0221806786931471,0.8292614352389723,97
subject_541,60,Horizontal,SCMR,-0.3433897664346477,0.0005742639059322099,97
subject_541,60,Horizontal,STL,-0.25384554504379464,0.01211014650660427,97
subject_541,60,Horizontal,STR,-0.04107533091323537,0.6895473859645032,97
subject_541,60,Horizontal,UTL,-0.07640011549861779,0.45700511379348197,97
subject_541,60,Horizontal,UTR,-0.17498090969038269,0.0864784877081159,97
subject_541,70,Sagittal,MTL,-0.23258600947121724,0.02187413320096174,97
subject_541,70,Sagittal,MTR,-0.431549278873372,1.0182254657266938e-05,97
subject_541,70,Sagittal,SCML,0.3469753968170817,0.0004979822562096134,97
subject_541,70,Sagittal,SCMR,-0.4075778006321485,3.4197308031760294e-05,97
subject_541,70,Sagittal,STL,0.08579595741760765,0.4033911090894784,97
subject_541,70,Sagittal,STR,-0.18979770419227524,0.06260012498015477,97
subject_541,70,Sagittal,UTL,-0.30763397076236787,0.002174781717382413,97
subject_541,70,Sagittal,UTR,-0.20806616408068473,0.04084617640043059,97
subject_541,70,Frontal,MTL,0.10570714663796453,0.30278062746910156,97
subject_541,70,Frontal,MTR,0.029160592175990215,0.7767662330070759,97
subject_541,70,Frontal,SCML,0.10935222065996332,0.28631787177667206,97
subject_541,70,Frontal,SCMR,-0.12393251674795841,0.2264941168288969,97
subject_541,70,Frontal,STL,-0.07290148043997553,0.4779314376089397,97
subject_541,70,Frontal,STR,0.065611332395978,0.5231429484403076,97
subject_541,70,Frontal,UTL,0.010935222065996331,0.9153392278132825,97
subject_541,70,Frontal,UTR,0.05832118435198043,0.5704192913484817,97
subject_541,70,Horizontal,MTL,0.057335309036732875,0.5769631436493828,97
subject_541,70,Horizontal,MTR,0.35311269692464053,0.000388646240882281,97
subject_541,70,Horizontal,SCML,-0.2375319945807505,0.01914341094006279,97
subject_541,70,Horizontal,SCMR,0.09828910120582779,0.3381596671147394,97
subject_541,70,Horizontal,STL,-0.09100842704243314,0.3753206764435661,97
subject_541,70,Horizontal,STR,0.1219512922368604,0.23406293529589892,97
subject_541,70,Horizontal,UTL,0.24936309009626678,0.013772345320240279,97
subject_541,70,Horizontal,UTR,0.20112862376377721,0.04821776632731315,97
subject_541,80,Sagittal,MTL,-0.03626784993817915,0.7229316343639692,98
subject_541,80,Sagittal,MTR,-0.15452900234430528,0.12869383101440882,98
subject_541,80,Sagittal,SCML,-0.018758201503791278,0.8545389102584282,98
subject_541,80,Sagittal,SCMR,-0.2383839198678298,0.018089209483814445,98
subject_541,80,Sagittal,STL,-0.08481936869689599,0.40631644094776903,98
subject_541,80,Sagittal,STR,0.04840946781070089,0.6359576650085293,98
subject_541,80,Sagittal,UTL,-0.4223922321082885,1.4750448392055571e-05,98
subject_541,80,Sagittal,UTR,0.054764378642993675,0.5922447667095799,98
subject_541,80,Frontal,MTL,0.03159634989098132,0.7574342788401932,98
subject_541,80,Frontal,MTR,0.14895422091462623,0.1432399505130616,98
subject_541,80,Frontal,SCML,-0.24223868249752348,0.01625315313211422,98
subject_541,80,Frontal,SCMR,0.15948633754495334,0.11673294719627038,98
subject_541,80,Frontal,STL,0.1880735112558412,0.06366330933249922,98
subject_541,80,Frontal,STR,0.09328446158289723,0.36091937195800333,98
subject_541,80,Frontal,UTL,0.2798533847486917,0.00525687912615463,98
subject_541,80,Frontal,UTR,0.14444045664448604,0.15590069835623455,98
subject_541,80,Horizontal,MTL,0.019740765108378105,0.8470098815790031,98
subject_541,80,Horizontal,MTR,0.17407765595569782,0.08647639302433575,98
subject_541,80,Horizontal,SCML,0.0915253655024803,0.37008568922465557,98
subject_541,80,Horizontal,SCMR,0.15613150585717225,0.12472900236021173,98
subject_541,80,Horizontal,STL,0.11306074562071097,0.2676708984821204,98
subject_541,80,Horizontal,STR,0.15254227583746716,0.1337422668352312,98
subject_541,80,Horizontal,UTL,0.11306074562071097,0.2676708984821204,98
subject_541,80,Horizontal,UTR,0.06998998538424965,0.49345995949467925,98
subject_541,90,Sagittal,MTL,0.15037367866199122,0.141512102249567,97
subject_541,90,Sagittal,MTR,-0.27251831044528746,0.006923218806100176,97
subject_541,90,Sagittal,SCML,0.4291961333607717,1.151544802185056e-05,97
subject_541,90,Sagittal,SCMR,0.11631072672819899,0.25657100078382017,97
subject_541,90,Sagittal,STL,-0.22686102327605007,0.0254451083593537,97
subject_541,90,Sagittal,STR,-0.41447176846100475,2.436438279086291e-05,97
subject_541,90,Sagittal,UTL,-0.2197486554003143,0.03056225073239071,97
subject_541,90,Sagittal,UTR,-0.3319594841175004,0.0008945118026081898,97
subject_541,90,Frontal,MTL,0.015564320159117257,0.8797290388367534,97
subject_541,90,Frontal,MTR,0.5773621620929686,5.986666449828669e-10,97
subject_541,90,Frontal,SCML,-0.592926482252086,1.5659814614387236e-10,97
subject_541,90,Frontal,SCMR,0.16601941503058407,0.10411900465331865,97
subject_541,90,Frontal,STL,0.3846610553610408,0.00010018327980630851,97
subject_541,90,Frontal,STR,0.4454360197918796,4.833529218477725e-06,97
subject_541,90,Frontal,UTL,0.36094399607095734,0.0002811854032513306,97
subject_541,90,Frontal,UTR,0.6877947194124198,7.132073169001167e-15,97
subject_541,90,Horizontal,MTL,,,97
subject_541,90,Horizontal,MTR,,,97
subject_541,90,Horizontal,SCML,,,97
subject_541,90,Horizontal,SCMR,,,97
subject_541,90,Horizontal,STL,,,97
subject_541,90,Horizontal,STR,,,97
subject_541,90,Horizontal,UTL,,,97
subject_541,90,Horizontal,UTR,,,97
subject_560,10,Sagittal,MTL,-0.24154111612891466,0.018367995301121955,95
subject_560,10,Sagittal,MTR,-0.14324144944894338,0.16610902066393912,95
subject_560,10,Sagittal,SCML,-0.1801124576174722,0.08070793430001727,95
subject_560,10,Sagittal,SCMR,0.031878573024489334,0.7590880615929292,95
subject_560,10,Sagittal,STL,-0.26196471444543984,0.010333464976816116,95
subject_560,10,Sagittal,STR,-0.022771818799294758,0.8266170455775732,95
subject_560,10,Sagittal,UTL,-0.07840885788474673,0.45007994652927125,95
subject_560,10,Sagittal,UTR,-0.13360190570244815,0.19679154519737294,95
subject_560,10,Frontal,MTL,0.21730600778067852,0.03440047831761258,95
subject_560,10,Frontal,MTR,0.17779582454782789,0.08475104836212122,95
subject_560,10,Frontal,SCML,0.2304760688582954,0.02463957679107683,95
subject_560,10,Frontal,SCMR,0.294131364066777,0.0038136969661302527,95
subject_560,10,Frontal,STL,0.21072097724187008,0.040389738200392024,95
subject_560,10,Frontal,STR,0.2634012215523376,0.009907373264166061,95
subject_560,10,Frontal,UTL,0.03731517305324783,0.719584913870004,95
subject_560,10,Frontal,UTR,0.02634012215523376,0.7999768759171635,95
subject_560,10,Horizontal,MTL,,,95
subject_560,10,Horizontal,MTR,,,95
subject_560,10,Horizontal,SCML,,,95
subject_560,10,Horizontal,SCMR,,,95
subject_560,10,Horizontal,STL,,,95
subject_560,10,Horizontal,STR,,,95
subject_560,10,Horizontal,UTL,,,95
subject_560,10,Horizontal,UTR,,,95
subject_560,20,Sagittal,MTL,0.1666131682378429,0.10849355215554439,94
subject_560,20,Sagittal,MTR,0.08773089752420093,0.40044612994162443,94
subject_560,20,Sagittal,SCML,-0.027193340930010624,0.7947328635603305,94
subject_560,20,Sagittal,SCMR,-0.12137726142093631,0.24387119027915818,94
subject_560,20,Sagittal,STL,-0.2872026860524733,0.005005734776925438,94
subject_560,20,Sagittal,STR,0.04642291773051815,0.6568225080082251,94
subject_560,20,Sagittal,UTL,0.09051497766703537,0.3856044864011288,94
subject_560,20,Sagittal,UTR,0.19369859908479792,0.06139943112701815,94
subject_560,20,Frontal,MTL,0.06520631780205145,0.5323616662273378,94
subject_560,20,Frontal,MTR,0.07064017761888908,0.49868253099996207,94
subject_560,20,Frontal,SCML,0.1793173739556415,0.08374978947953728,94
subject_560,20,Frontal,SCMR,0.2418067618492742,0.018874858333692696,94
subject_560,20,Frontal,STL,0.11411105615359005,0.27346119186623313,94
subject_560,20,Frontal,STR,0.22007132258192366,0.033062317610347405,94
subject_560,20,Frontal,UTL,-0.059772457985213835,0.5671366041765673,94
subject_560,20,Frontal,UTR,-0.1983358833145732,0.055327915608204895,94
subject_560,20,Horizontal,MTL,,,94
subject_560,20,Horizontal,MTR,,,94
subject_560,20,Horizontal,SCML,,,94
subject_560,20,Horizontal,SCMR,,,94
subject_560,20,Horizontal,STL,,,94
subject_560,20,Horizontal,STR,,,94
subject_560,20,Horizontal,UTL,,,94
subject_560,20,Horizontal,UTR,,,94
subject_560,30,Sagittal,MTL,0.136562653452617,0.18936266934581417,94
subject_560,30,Sagittal,MTR,0.16000901757345304,0.12343072500554408,94
subject_560,30,Sagittal,SCML,0.04819023563789647,0.6446275771262917,94
subject_560,30,Sagittal,SCMR,-0.03685731947399906,0.7243256666706194,94
subject_560,30,Sagittal,STL,-0.2671344719742292,0.009246764800766503,94
subject_560,30,Sagittal,STR,0.14716572170613818,0.1569355999873392,94
subject_560,30,Sagittal,UTL,-0.03585377859723177,0.7315423817247291,94
subject_560,30,Sagittal,UTR,0.14764215020318933,0.15558247914158063,94
subject_560,30,Frontal,MTL,0.16510302157861842,0.11177852743894255,94
subject_560,30,Frontal,MTR,-0.04855971222900542,0.6420898022233436,94
subject_560,30,Frontal,SCML,0.2699919999932701,0.008495611058679957,94
subject_560,30,Frontal,SCMR,0.3107821582656347,0.0022983322931381727,94
subject_560,30,Frontal,STL,0.21366273380762385,0.03866233400330341,94
subject_560,30,Frontal,STR,0.27193438848243034,0.008016166013947359,94
subject_560,30,Frontal,UTL,0.19229646042686147,0.06333853553633777,94
subject_560,30,Frontal,UTR,0.031078215826563466,0.7661956910088731,94
subject_560,30,Horizontal,MTL,,,94
subject_560,30,Horizontal,MTR,,,94
subject_560,30,Horizontal,SCML,,,94
subject_560,30,Horizontal,SCMR,,,94
subject_560,30,Horizontal,STL,,,94
subject_560,30,Horizontal,STR,,,94
subject_560,30,Horizontal,UTL,,,94
subject_560,30,Horizontal,UTR,,,94
subject_560,40,Sagittal,MTL,-0.09895850450921011,0.34003099031750494,95
subject_560,40,Sagittal,MTR,0.16153913423196703,0.11783267338290451,95
subject_560,40,Sagittal,SCML,0.036717854924644334,0.7238914150715097,95
subject_560,40,Sagittal,SCMR,0.02469712861002863,0.812216655555309,95
subject_560,40,Sagittal,STL,-0.011365050333818487,0.9129567061241194,95
subject_560,40,Sagittal,STR,0.07523274772258476,0.468698313860466,95
subject_560,40,Sagittal,UTL,-0.056922388851432755,0.5837532529977488,95
subject_560,40,Sagittal,UTR,0.17287990027020042,0.09386399243886756,95
subject_560,40,Frontal,MTL,0.1289276557823492,0.21305821569046934,95
subject_560,40,Frontal,MTR,-0.10486116003631067,0.3118626855175124,95
subject_560,40,Frontal,SCML,0.35755936536971505,0.00037471135190199014,95
subject_560,40,Frontal,SCMR,0.33177383421324524,0.0010217230720298584,95
subject_560,40,Frontal,STL,0.24754109910211045,0.01558205574182541,95
subject_560,40,Frontal,STR,0.32661672798195124,0.001236167680584055,95
subject_560,40,Frontal,UTL,0.20112714302046475,0.05065221911491002,95
subject_560,40,Frontal,UTR,-0.06016623936509629,0.5624611274224727,95
subject_560,40,Horizontal,MTL,,,95
subject_560,40,Horizontal,MTR,,,95
subject_560,40,Horizontal,SCML,,,95
subject_560,40,Horizontal,SCMR,,,95
subject_560,40,Horizontal,STL,,,95
subject_560,40,Horizontal,STR,,,95
subject_560,40,Horizontal,UTL,,,95
subject_560,40,Horizontal,UTR,,,95
subject_560,50,Sagittal,MTL,-0.12838722088167095,0.2149987963563475,95
subject_560,50,Sagittal,MTR,-0.12849241319701848,0.2146200955234774,95
subject_560,50,Sagittal,SCML,-0.20943789985694952,0.041652591557685255,95
subject_560,50,Sagittal,SCMR,0.03786923352511392,0.7155980978188962,95
subject_560,50,Sagittal,STL,-0.14590174138703613,0.15830055305168017,95
subject_560,50,Sagittal,STR,0.09782885327321098,0.3455992498352499,95
subject_560,50,Sagittal,UTL,0.05601490792256435,0.5897752399765198,95
subject_560,50,Sagittal,UTR,-0.07379240921629839,0.4772777560276844,95
subject_560,50,Frontal,MTL,0.17270836736164802,0.09419540724797154,95
subject_560,50,Frontal,MTR,0.19342533202592235,0.06036790427950524,95
subject_560,50,Frontal,SCML,0.31186762030428467,0.002093856477062654,95
subject_560,50,Frontal,SCMR,0.309162046560816,0.0022998622187535606,95
subject_560,50,Frontal,STL,0.28618786037341926,0.0049303781204230596,95
subject_560,50,Frontal,STR,0.37363200376232636,0.00019184248531963367,95
subject_560,50,Frontal,UTL,0.21751266855348905,0.034225305747507276,95
subject_560,50,Frontal,UTR,0.14376645851722897,0.16454587549756408,95
subject_560,50,Horizontal,MTL,,,95
subject_560,50,Horizontal,MTR,,,95
subject_560,50,Horizontal,SCML,,,95
subject_560,50,Horizontal,SCMR,,,95
subject_560,50,Horizontal,STL,,,95
subject_560,50,Horizontal,STR,,,95
subject_560,50,Horizontal,UTL,,,95
subject_560,50,Horizontal,UTR,,,95
subject_560,60,Sagittal,MTL,-0.1274984041840577,0.22072285196731586,94
subject_560,60,Sagittal,MTR,-0.09891931273771594,0.34284689039558863,94
subject_560,60,Sagittal,SCML,0.06334941896026526,0.5441248662696355,94
subject_560,60,Sagittal,SCMR,0.14375985319227857,0.16686533241927065,94
subject_560,60,Sagittal,STL,-0.19145290031672185,0.06452893188342367,94
subject_560,60,Sagittal,STR,0.12973502873203227,0.21266429018203475,94
subject_560,60,Sagittal,UTL,-0.08433263090309918,0.4190121211560232,94
subject_560,60,Sagittal,UTR,-0.18009689838473505,0.08239170477698605,94
subject_560,60,Frontal,MTL,0.24756086190844823,0.016143694327844172,94
subject_560,60,Frontal,MTR,0.2688420753391205,0.008791181322018088,94
subject_560,60,Frontal,SCML,0.3032731728896412,0.002965280572820309,94
subject_560,60,Frontal,SCMR,0.34936129331935106,0.0005579191819062027,94
subject_560,60,Frontal,STL,0.3401023773267526,0.0007969190841523552,94
subject_560,60,Frontal,STR,0.3834112348084268,0.0001365011512894471,94
subject_560,60,Frontal,UTL,0.28701051426799307,0.0050362912997488915,94
subject_560,60,Frontal,UTR,0.21184336265055112,0.04038954097992425,94
subject_560,60,Horizontal,MTL,,,94
subject_560,60,Horizontal,MTR,,,94
subject_560,60,Horizontal,SCML,,,94
subject_560,60,Horizontal,SCMR,,,94
subject_560,60,Horizontal,STL,,,94
subject_560,60,Horizontal,STR,,,94
subject_560,60,Horizontal,UTL,,,94
subject_560,60,Horizontal,UTR,,,94
subject_560,70,Sagittal,MTL,-0.3453170156846182,0.0006528117529680008,94
subject_560,70,Sagittal,MTR,-0.3115230436058581,0.002240476737681499,94
subject_560,70,Sagittal,SCML,-0.3651947269349142,0.0002955558969558351,94
subject_560,70,Sagittal,SCMR,-0.35325319655868204,0.00047870039200315496,94
subject_560,70,Sagittal,STL,-0.48189011894227557,8.764298526372059e-07,94
subject_560,70,Sagittal,STR,-0.22979528422905512,0.025877538767988324,94
subject_560,70,Sagittal,UTL,-0.5467395218122667,1.1913343584016583e-08,94
subject_560,70,Sagittal,UTR,-0.5722060928330303,1.6924274600812512e-09,94
subject_560,70,Frontal,MTL,0.2743694811074334,0.007448873268890393,94
subject_560,70,Frontal,MTR,0.14813865519869024,0.15418162620981324,94
subject_560,70,Frontal,SCML,0.4423295056636949,8.056819188486992e-06,94
subject_560,70,Frontal,SCMR,0.5132691433644762,1.224228446488032e-07,94
subject_560,70,Frontal,STL,0.4026867669485524,5.7292715354234866e-05,94
subject_560,70,Frontal,STR,0.464237334953642,2.4407535149449048e-06,94
subject_560,70,Frontal,UTL,0.34217942890965075,0.0007363573507220627,94
subject_560,70,Frontal,UTR,0.2597642615808019,0.011459260939308116,94
subject_560,70,Horizontal,MTL,0.17770466332772772,0.08661602019077197,94
subject_560,70,Horizontal,MTR,0.17770466332772772,0.08661602019077197,94
subject_560,70,Horizontal,SCML,0.13566700103514695,0.19230923000893857,94
subject_560,70,Horizontal,SCMR,0.17770466332772772,0.08661602019077197,94
subject_560,70,Horizontal,STL,0.16623984633884203,0.1092985507136256,94
subject_560,70,Horizontal,STR,0.17006145200180395,0.1012744371286865,94
subject_560,70,Horizontal,UTL,0.1738830576647658,0.09371932665904711,94
subject_560,70,Horizontal,UTR,0.17770466332772772,0.08661602019077197,94
subject_560,80,Sagittal,MTL,-0.3051568843190853,0.0027833900803031168,94
subject_560,80,Sagittal,MTR,-0.1750450581530785,0.09151248375533945,94
subject_560,80,Sagittal,SCML,-0.30543815650679784,0.002757108100636892,94
subject_560,80,Sagittal,SCMR,-0.23339341087077137,0.023579063516951517,94
subject_560,80,Sagittal,STL,-0.3303073057703779,0.0011485219490125595,94
subject_560,80,Sagittal,STR,-0.08132672783053894,0.4358419411680375,94
subject_560,80,Sagittal,UTL,-0.6665213274827183,2.2588123957847218e-13,94
subject_560,80,Sagittal,UTR,-0.5570986333462309,5.493721275237014e-09,94
subject_560,80,Frontal,MTL,0.36546872871544156,0.00029223899465293614,94
subject_560,80,Frontal,MTR,0.17628562524615216,0.08920198280574723,94
subject_560,80,Frontal,SCML,0.5045686340378754,2.1553259999801708e-07,94
subject_560,80,Frontal,SCMR,0.5177674552101516,9.081300735087662e-08,94
subject_560,80,Frontal,STL,0.36763839794924036,0.000267160323256047,94
subject_560,80,Frontal,STR,0.3484127177941899,0.0005789657584099315,94
subject_560,80,Frontal,UTL,0.5444664405038422,1.4069635424383224e-08,94
subject_560,80,Frontal,UTR,0.5045686340378754,2.1553259999801708e-07,94
subject_560,80,Horizontal,MTL,0.36950278179646634,0.00024721166657587723,94
subject_560,80,Horizontal,MTR,0.32058515583759617,0.001631667089132716,94
subject_560,80,Horizontal,SCML,0.2821498782984838,0.005866386282305276,94
subject_560,80,Horizontal,SCMR,0.2541969491791294,0.013424314172152002,94
subject_560,80,Horizontal,STL,0.3537792591668295,0.00046882290396530325,94
subject_560,80,Horizontal,STR,0.32407927197751546,0.0014401183791173209,94
subject_560,80,Horizontal,UTL,0.3677557237265067,0.0002658624635180751,94
subject_560,80,Horizontal,UTR,0.36251454951662776,0.00032987889409984844,94
subject_560,90,Sagittal,MTL,-0.7609554801036109,5.606076026633086e-19,94
subject_560,90,Sagittal,MTR,-0.4760939665248394,1.2345590889640893e-06,94
subject_560,90,Sagittal,SCML,-0.6052855534948819,1.0319782772283592e-10,94
subject_560,90,Sagittal,SCMR,-0.3510315553269116,0.0005225557637833295,94
subject_560,90,Sagittal,STL,-0.6957587440731836,7.0858583743733445e-15,94
subject_560,90,Sagittal,STR,-0.2955531294172831,0.0038272782328698167,94
subject_560,90,Sagittal,UTL,-0.8415260223570015,2.444342857324804e-26,94
subject_560,90,Sagittal,UTR,-0.7333932318247444,4.2558333523644615e-17,94
subject_560,90,Frontal,MTL,0.6055871298664117,1.004498035670471e-10,94
subject_560,90,Frontal,MTR,0.21799629028489048,0.0347955759594441,94
subject_560,90,Frontal,SCML,0.6874319297237496,1.97916215930268e-14,94
subject_560,90,Frontal,SCMR,0.5350496802723922,2.76663544599969e-08,94
subject_560,90,Frontal,STL,0.5439385139516117,1.462130600992224e-08,94
subject_560,90,Frontal,STR,0.1613574587228663,0.12025916956999072,94
subject_560,90,Frontal,UTL,0.7379852081926683,2.1485351962372407e-17,94
subject_560,90,Frontal,UTR,0.6882485716872114,1.792215680086847e-14,94
subject_560,90,Horizontal,MTL,0.4232227606569114,2.1385672446543946e-05,94
subject_560,90,Horizontal,MTR,0.41443612894777143,3.285912926515193e-05,94
subject_560,90,Horizontal,SCML,0.28751811537130434,0.004955936822205105,94
subject_560,90,Horizontal,SCMR,0.13228762184316378,0.20372528073792223,94
subject_560,90,Horizontal,STL,0.40564949723863136,4.9895807549207533e-05,94
subject_560,90,Horizontal,STR,0.1840311196858773,0.07580331486065617,94
subject_560,90,Horizontal,UTL,0.383194771759718,0.0001377969895086225,94
subject_560,90,Horizontal,UTR,0.28263665331067095,0.005778112253099453,94
subject_570,10,Sagittal,MTL,0.0776491696873951,0.5078637240504369,75
subject_570,10,Sagittal,MTR,0.13482447614784418,0.24879638940950097,75
subject_570,10,Sagittal,SCML,0.32162106664101286,0.004897313544036522,75
subject_570,10,Sagittal,SCMR,0.3557109460159668,0.0017366681420838694,75
subject_570,10,Sagittal,STL,0.06817975874990789,0.561096392002059,75
subject_570,10,Sagittal,STR,0.3499296214436062,0.0020874048202168117,75
subject_570,10,Sagittal,UTL,0.21945110652601932,0.05852941341420266,75
subject_570,10,Sagittal,UTR,0.1506732797169017,0.19693506983209572,75
subject_570,10,Frontal,MTL,-0.018678844606483034,0.8736212768252368,75
subject_570,10,Frontal,MTR,-0.006226281535494345,0.9577191422253449,75
subject_570,10,Frontal,SCML,0.1058467861034039,0.3660981094324131,75
subject_570,10,Frontal,SCMR,0.20297677805711567,0.08071774610412989,75
subject_570,10,Frontal,STL,-0.07471537842593214,0.524074255508403,75
subject_570,10,Frontal,STR,0.0485649959768559,0.6790459421018975,75
subject_570,10,Frontal,UTL,-0.11705409286729368,0.3172451038769091,75
subject_570,10,Frontal,UTR,-0.16686434515124843,0.15246764365611815,75
subject_570,10,Horizontal,MTL,,,75
subject_570,10,Horizontal,MTR,,,75
subject_570,10,Horizontal,SCML,,,75
subject_570,10,Horizontal,SCMR,,,75
subject_570,10,Horizontal,STL,,,75
subject_570,10,Horizontal,STR,,,75
subject_570,10,Horizontal,UTL,,,75
subject_570,10,Horizontal,UTR,,,75
subject_570,20,Sagittal,MTL,0.209609976521383,0.07306821399076731,74
subject_570,20,Sagittal,MTR,0.14633465646125668,0.21346385416998637,74
subject_570,20,Sagittal,SCML,0.4643208038540378,3.0843752265291125e-05,74
subject_570,20,Sagittal,SCMR,0.4189349290785312,0.00020329439384598428,74
subject_570,20,Sagittal,STL,0.1122323774463396,0.34107921081059944,74
subject_570,20,Sagittal,STR,0.4535569576752882,4.9428902409575635e-05,74
subject_570,20,Sagittal,UTL,0.2636304008016498,0.02323577234201236,74
subject_570,20,Sagittal,UTR,0.35745358338152977,0.0017685543419763965,74
subject_570,20,Frontal,MTL,0.4996166884901938,5.849932287944844e-06,74
subject_570,20,Frontal,MTR,0.46681012070971595,2.7594017225560907e-05,74
subject_570,20,Frontal,SCML,0.5132860917320596,2.9194390592292887e-06,74
subject_570,20,Frontal,SCMR,0.45860847876459654,3.969313907414851e-05,74
subject_570,20,Frontal,STL,0.13737750258075096,0.24313347332119595,74
subject_570,20,Frontal,STR,0.41349944806643957,0.0002504221290825784,74
subject_570,20,Frontal,UTL,0.22076086235613215,0.05874224385281947,74
subject_570,20,Frontal,UTR,0.5515604208092838,3.520855918557751e-07,74
subject_570,20,Horizontal,MTL,,,74
subject_570,20,Horizontal,MTR,,,74
subject_570,20,Horizontal,SCML,,,74
subject_570,20,Horizontal,SCMR,,,74
subject_570,20,Horizontal,STL,,,74
subject_570,20,Horizontal,STR,,,74
subject_570,20,Horizontal,UTL,,,74
subject_570,20,Horizontal,UTR,,,74
subject_570,30,Sagittal,MTL,-0.30923559672800305,0.0073422325556637275,74
subject_570,30,Sagittal,MTR,-0.16602725422292278,0.15743873727319643,74
subject_570,30,Sagittal,SCML,0.11409455858921233,0.33307703672882205,74
subject_570,30,Sagittal,SCMR,0.06373558100500827,0.5895494861939912,74
subject_570,30,Sagittal,STL,0.03383493806438711,0.7747357513719065,74
subject_570,30,Sagittal,STR,0.07317788930204652,0.535511590771366,74
subject_570,30,Sagittal,UTL,0.04642468246043813,0.6944870596280543,74
subject_570,30,Sagittal,UTR,-0.08419391564859116,0.47572147508289253,74
subject_570,30,Frontal,MTL,-0.13633196349488655,0.24677303808735504,74
subject_570,30,Frontal,MTR,-0.05934450175659769,0.6154898436898092,74
subject_570,30,Frontal,SCML,-0.03368201451050139,0.7757271311826877,74
subject_570,30,Frontal,SCMR,-0.024058581793215277,0.838771023706684,74
subject_570,30,Frontal,STL,-0.027266392698977314,0.8176224525284009,74
subject_570,30,Frontal,STR,0.01122733817016713,0.9243625524896454,74
subject_570,30,Frontal,UTL,-0.0946304217199801,0.4225617280707792,74
subject_570,30,Frontal,UTR,0.25822877791384397,0.02632580297257321,74
subject_570,30,Horizontal,MTL,,,74
subject_570,30,Horizontal,MTR,,,74
subject_570,30,Horizontal,SCML,,,74
subject_570,30,Horizontal,SCMR,,,74
subject_570,30,Horizontal,STL,,,74
subject_570,30,Horizontal,STR,,,74
subject_570,30,Horizontal,UTL,,,74
subject_570,30,Horizontal,UTR,,,74
subject_570,40,Sagittal,MTL,-0.3505247208239039,0.0022003642786088498,74
subject_570,40,Sagittal,MTR,-0.10014992023540113,0.3958855395384888,74
subject_570,40,Sagittal,SCML,-0.09691927764716238,0.41137659280825395,74
subject_570,40,Sagittal,SCMR,-0.03715238976474558,0.7533202218418594,74
subject_570,40,Sagittal,STL,-0.09207331376480427,0.43526160106611156,74
subject_570,40,Sagittal,STR,-0.06299753047065554,0.5938748936107576,74
subject_570,40,Sagittal,UTL,-0.15668616552957917,0.182476210134919,74
subject_570,40,Sagittal,UTR,-0.18414662752960853,0.11627920088788228,74
subject_570,40,Frontal,MTL,-0.17556172079419585,0.13460809150557307,74
subject_570,40,Frontal,MTR,0.0039013715732043523,0.9736828659997367,74
subject_570,40,Frontal,SCML,0.15995623450137844,0.1734020911481074,74
subject_570,40,Frontal,SCMR,0.007802743146408705,0.9473937547842826,74
subject_570,40,Frontal,STL,-0.03901371573204352,0.7413843108268392,74
subject_570,40,Frontal,STR,-0.0039013715732043523,0.9736828659997367,74
subject_570,40,Frontal,UTL,0.007802743146408705,0.9473937547842826,74
subject_570,40,Frontal,UTR,0.19116720708701324,0.10276985382199125,74
subject_570,40,Horizontal,MTL,,,74
subject_570,40,Horizontal,MTR,,,74
subject_570,40,Horizontal,SCML,,,74
subject_570,40,Horizontal,SCMR,,,74
subject_570,40,Horizontal,STL,,,74
subject_570,40,Horizontal,STR,,,74
subject_570,40,Horizontal,UTL,,,74
subject_570,40,Horizontal,UTR,,,74
subject_570,50,Sagittal,MTL,-0.2896289096645512,0.01231585466747289,74
subject_570,50,Sagittal,MTR,-0.31057741162385016,0.007077994812913917,74
subject_570,50,Sagittal,SCML,-0.09172904645814277,0.4369877161297854,74
subject_570,50,Sagittal,SCMR,-0.13727616814237628,0.24348459737909872,74
subject_570,50,Sagittal,STL,-0.28534398880923995,0.013728144956721243,74
subject_570,50,Sagittal,STR,-0.30391197918225504,0.00847787577141523,74
subject_570,50,Sagittal,UTL,-0.08760282637525053,0.4579740666688821,74
subject_570,50,Sagittal,UTR,-0.280582965636672,0.015459543892295478,74
subject_570,50,Frontal,MTL,-0.09783823262574212,0.40693472399676406,74
subject_570,50,Frontal,MTR,-0.19728037070436527,0.09203114856604526,74
subject_570,50,Frontal,SCML,-0.18124131617555508,0.12225373396627336,74
subject_570,50,Frontal,SCMR,-0.261436588819606,0.024451416620187235,74
subject_570,50,Frontal,STL,-0.1555788289294588,0.1856257322018206,74
subject_570,50,Frontal,STR,-0.11708509806031436,0.32047656997854645,74
subject_570,50,Frontal,UTL,-0.06896793447388379,0.5593010333622738,74
subject_570,50,Frontal,UTR,-0.14595539621217268,0.21466574449660838,74
subject_570,50,Horizontal,MTL,,,74
subject_570,50,Horizontal,MTR,,,74
subject_570,50,Horizontal,SCML,,,74
subject_570,50,Horizontal,SCMR,,,74
subject_570,50,Horizontal,STL,,,74
subject_570,50,Horizontal,STR,,,74
subject_570,50,Horizontal,UTL,,,74
subject_570,50,Horizontal,UTR,,,74
subject_570,60,Sagittal,MTL,0.10056404026159609,0.39392507871928567,74
subject_570,60,Sagittal,MTR,0.13468888098320697,0.2525678552945748,74
subject_570,60,Sagittal,SCML,0.4402762810143528,8.657878448864976e-05,74
subject_570,60,Sagittal,SCMR,0.316614880714496,0.005989723827484335,74
subject_570,60,Sagittal,STL,-0.15619521147013865,0.18386777681710828,74
subject_570,60,Sagittal,STR,-0.13768806312594234,0.2420595510847983,74
subject_570,60,Sagittal,UTL,0.315919948266789,0.006106972983176653,74
subject_570,60,Sagittal,UTR,0.011758988523041698,0.9207921583659651,74
subject_570,60,Frontal,MTL,-0.035669423001267256,0.7628715118542367,74
subject_570,60,Frontal,MTR,-0.10700826900380173,0.3641648528121438,74
subject_570,60,Frontal,SCML,0.0032426748182970222,0.978124977124079,74
subject_570,60,Frontal,SCMR,0.18050889821853427,0.12379632749469631,74
subject_570,60,Frontal,STL,-0.25833309385766284,0.026262990457661325,74
subject_570,60,Frontal,STR,-0.13511145076237593,0.25106874711475463,74
subject_570,60,Frontal,UTL,0.04864012227445534,0.6806777577562892,74
subject_570,60,Frontal,UTR,-0.13294966755017792,0.2588021093270506,74
subject_570,60,Horizontal,MTL,,,74
subject_570,60,Horizontal,MTR,,,74
subject_570,60,Horizontal,SCML,,,74
subject_570,60,Horizontal,SCMR,,,74
subject_570,60,Horizontal,STL,,,74
subject_570,60,Horizontal,STR,,,74
subject_570,60,Horizontal,UTL,,,74
subject_570,60,Horizontal,UTR,,,74
subject_570,70,Sagittal,MTL,-0.230609880220395,0.04807111248665864,74
subject_570,70,Sagittal,MTR,-0.10901389516565559,0.3551911422010771,74
subject_570,70,Sagittal,SCML,-0.020420416874477723,0.8628947672329376,74
subject_570,70,Sagittal,SCMR,0.09593148653282323,0.41618245906954654,74
subject_570,70,Sagittal,STL,-0.38140965565097557,0.0007998224995394764,74
subject_570,70,Sagittal,STR,0.042786517752422024,0.7173795301143022,74
subject_570,70,Sagittal,UTL,-0.13310331616095597,0.25824718567123844,74
subject_570,70,Sagittal,UTR,-0.08195962235554899,0.48755087740394987,74
subject_570,70,Frontal,MTL,0.08149699421707281,0.4900195243478062,74
subject_570,70,Frontal,MTR,-0.0020374248554268204,0.9862545501093208,74
subject_570,70,Frontal,SCML,0.1507694393015847,0.19976160486599714,74
subject_570,70,Frontal,SCMR,0.35654934969969354,0.0018202019429063082,74
subject_570,70,Frontal,STL,-0.2933891791814621,0.011182063485347876,74
subject_570,70,Frontal,STR,-0.052973046241097325,0.6539739990174709,74
subject_570,70,Frontal,UTL,0.16095656357871882,0.1706933641183838,74
subject_570,70,Frontal,UTR,0.12224549132560922,0.2994609510383137,74
subject_570,70,Horizontal,MTL,,,74
subject_570,70,Horizontal,MTR,,,74
subject_570,70,Horizontal,SCML,,,74
subject_570,70,Horizontal,SCMR,,,74
subject_570,70,Horizontal,STL,,,74
subject_570,70,Horizontal,STR,,,74
subject_570,70,Horizontal,UTL,,,74
subject_570,70,Horizontal,UTR,,,74
subject_570,80,Sagittal,MTL,-0.31753121335675455,0.005838157265430509,74
subject_570,80,Sagittal,MTR,0.016340627656190848,0.8900954194290936,74
subject_570,80,Sagittal,SCML,-0.11624749862944973,0.32397458795730477,74
subject_570,80,Sagittal,SCMR,-0.11204269276812867,0.34190103223075224,74
subject_570,80,Sagittal,STL,-0.2086506713379934,0.07442118673468252,74
subject_570,80,Sagittal,STR,0.0009571915781869116,0.9935420806379549,74
subject_570,80,Sagittal,UTL,-0.14768098634883778,0.20923569772948214,74
subject_570,80,Sagittal,UTR,-0.08802743977968919,0.4557892220516236,74
subject_570,80,Frontal,MTL,0.17346475022168517,0.13940076989541145,74
subject_570,80,Frontal,MTR,0.07554110090299192,0.5223800474100373,74
subject_570,80,Frontal,SCML,0.27698403664430366,0.016890247021896152,74
subject_570,80,Frontal,SCMR,0.33014258913159433,0.004070350972616409,74
subject_570,80,Frontal,STL,-0.0783389194549546,0.5070458036871229,74
subject_570,80,Frontal,STR,0.04756291538336529,0.6873794691366152,74
subject_570,80,Frontal,UTL,0.1538800203579465,0.19053373456885128,74
subject_570,80,Frontal,UTR,0.28537749230019166,0.013716581038159639,74
subject_570,80,Horizontal,MTL,,,74
subject_570,80,Horizontal,MTR,,,74
subject_570,80,Horizontal,SCML,,,74
subject_570,80,Horizontal,SCMR,,,74
subject_570,80,Horizontal,STL,,,74
subject_570,80,Horizontal,STR,,,74
subject_570,80,Horizontal,UTL,,,74
subject_570,80,Horizontal,UTR,,,74
subject_570,90,Sagittal,MTL,-0.22932700521125776,0.0493634505439487,74
subject_570,90,Sagittal,MTR,-0.13041447452938315,0.2680751724311079,74
subject_570,90,Sagittal,SCML,-0.22164505671158177,0.057711682975078775,74
subject_570,90,Sagittal,SCMR,-0.11705542713847372,0.3206000684701316,74
subject_570,90,Sagittal,STL,0.004505949119964989,0.9696064233248723,74
subject_570,90,Sagittal,STR,-0.03563074304113284,0.763121117048469,74
subject_570,90,Sagittal,UTL,-0.16231341829935556,0.16706899235154754,74
subject_570,90,Sagittal,UTR,-0.2537226504466629,0.029163055120098213,74
subject_570,90,Frontal,MTL,,,74
subject_570,90,Frontal,MTR,,,74
subject_570,90,Frontal,SCML,,,74
subject_570,90,Frontal,SCMR,,,74
subject_570,90,Frontal,STL,,,74
subject_570,90,Frontal,STR,,,74
subject_570,90,Frontal,UTL,,,74
subject_570,90,Frontal,UTR,,,74
subject_570,90,Horizontal,MTL,0.35716252392034453,0.0017850331633036572,74
subject_570,90,Horizontal,MTR,0.0425634095863623,0.7187917635441126,74
subject_570,90,Horizontal,SCML,0.4034270995576949,0.00036513860566262713,74
subject_570,90,Horizontal,SCMR,0.45339284124603324,4.977954840131735e-05,74
subject_570,90,Horizontal,STL,-0.13139139481007495,0.264475738116098,74
subject_570,90,Horizontal,STR,0.47930100360294936,1.5575486985965912e-05,74
subject_570,90,Horizontal,UTL,0.45154225822053917,5.389642217588505e-05,74
subject_570,90,Horizontal,UTR,0.5089103320108536,3.658889554879388e-06,74
subject_571,10,Sagittal,MTL,0.04674676090225357,0.6076478218513773,123
subject_571,10,Sagittal,MTR,-0.057572326584880706,0.5270513934420815,123
subject_571,10,Sagittal,SCML,0.06150889592401785,0.4991411117899084,123
subject_571,10,Sagittal,SCMR,-0.017222490858725,0.8500376256253658,123
subject_571,10,Sagittal,STL,0.07627103094578214,0.4017656435679332,123
subject_571,10,Sagittal,STR,0.12400193418282,0.17178636860697286,123
subject_571,10,Sagittal,UTL,-0.027555985373959997,0.762234571849715,123
subject_571,10,Sagittal,UTR,-0.009841423347842857,0.913968056142014,123
subject_571,10,Frontal,MTL,-0.0968954862289086,0.2863506082550082,123
subject_571,10,Frontal,MTR,-0.13004394204406153,0.15167889123463943,123
subject_571,10,Frontal,SCML,-0.13514370447716198,0.13612993141789537,123
subject_571,10,Frontal,SCMR,0.0688467928468561,0.4492595020777482,123
subject_571,10,Frontal,STL,-0.03824821824825339,0.6744739003213741,123
subject_571,10,Frontal,STR,0.09179572379580812,0.3125897479972602,123
subject_571,10,Frontal,UTL,-0.1376935856937122,0.12882613857990213,123
subject_571,10,Frontal,UTR,-0.0866959613627077,0.340344850765351,123
subject_571,10,Horizontal,MTL,,,123
subject_571,10,Horizontal,MTR,,,123
subject_571,10,Horizontal,SCML,,,123
subject_571,10,Horizontal,SCMR,,,123
subject_571,10,Horizontal,STL,,,123
subject_571,10,Horizontal,STR,,,123
subject_571,10,Horizontal,UTL,,,123
subject_571,10,Horizontal,UTR,,,123
subject_571,20,Sagittal,MTL,0.22731051128215315,0.01180459894525151,122
subject_571,20,Sagittal,MTR,0.21412544682263154,0.017870869835315047,122
subject_571,20,Sagittal,SCML,0.07842476340523474,0.39054143768987176,122
subject_571,20,Sagittal,SCMR,-0.13316915104116864,0.14366437984320796,122
subject_571,20,Sagittal,STL,0.18738613609872162,0.0387543707821765,122
subject_571,20,Sagittal,STR,0.1728825651932478,0.05687670407781753,122
subject_571,20,Sagittal,UTL,0.004113740111370753,0.9641310846254691,122
subject_571,20,Sagittal,UTR,0.2530477571071394,0.004921141132420819,122
subject_571,20,Frontal,MTL,,,122
subject_571,20,Frontal,MTR,,,122
subject_571,20,Frontal,SCML,,,122
subject_571,20,Frontal,SCMR,,,122
subject_571,20,Frontal,STL,,,122
subject_571,20,Frontal,STR,,,122
subject_571,20,Frontal,UTL,,,122
subject_571,20,Frontal,UTR,,,122
subject_571,20,Horizontal,MTL,-0.10196468751404858,0.2637557006421338,122
subject_571,20,Horizontal,MTR,-0.14068545492444678,0.12219576197589134,122
subject_571,20,Horizontal,SCML,-0.1535923773945795,0.09120860022048309,122
subject_571,20,Horizontal,SCMR,-0.1355226859363937,0.13665525289389477,122
subject_571,20,Horizontal,STL,-0.09938330302002205,0.2760997286625246,122
subject_571,20,Horizontal,STR,-0.15617376188860604,0.08583407893623045,122
subject_571,20,Horizontal,UTL,-0.027104537187278736,0.7669613661084761,122
subject_571,20,Horizontal,UTR,-0.06840668909170348,0.4540525862957911,122
subject_571,30,Sagittal,MTL,0.03285901833656555,0.7193703129275556,122
subject_571,30,Sagittal,MTR,0.05896645722160578,0.5188217888258589,122
subject_571,30,Sagittal,SCML,0.07176382971256402,0.4321540838780839,122
subject_571,30,Sagittal,SCMR,0.1445130970571061,0.11226021399408884,122
subject_571,30,Sagittal,STL,0.048233177067898855,0.5977939044480161,122
subject_571,30,Sagittal,STR,0.019335884346380214,0.832580649390504,122
subject_571,30,Sagittal,UTL,-0.04306628786239229,0.6376375955297836,122
subject_571,30,Sagittal,UTR,0.015360842006576843,0.8666388881666153,122
subject_571,30,Frontal,MTL,,,122
subject_571,30,Frontal,MTR,,,122
subject_571,30,Frontal,SCML,,,122
subject_571,30,Frontal,SCMR,,,122
subject_571,30,Frontal,STL,,,122
subject_571,30,Frontal,STR,,,122
subject_571,30,Frontal,UTL,,,122
subject_571,30,Frontal,UTR,,,122
subject_571,30,Horizontal,MTL,-0.08614649639008876,0.34543589654231455,122
subject_571,30,Horizontal,MTR,0.010997425071075161,0.9043059623826829,122
subject_571,30,Horizontal,SCML,-0.20711817217191553,0.022077935008095878,122
subject_571,30,Horizontal,SCMR,-0.1722929927801775,0.057740349387009685,122
subject_571,30,Horizontal,STL,-0.07881487967603866,0.3881812401767863,122
subject_571,30,Horizontal,STR,-0.034825179391738015,0.703342477023725,122
subject_571,30,Horizontal,UTL,-0.0403238919272756,0.6592229274463016,122
subject_571,30,Horizontal,UTR,-0.025660658499175378,0.7790481674815491,122
subject_571,40,Sagittal,MTL,-0.03505183219722763,0.7015030211209103,122
subject_571,40,Sagittal,MTR,-0.015335176586287086,0.8668596569708117,122
subject_571,40,Sagittal,SCML,0.08543884098074234,0.3494275448533724,122
subject_571,40,Sagittal,SCMR,0.21323197919980139,0.018365448245938026,122
subject_571,40,Sagittal,STL,0.07740612943554434,0.3967446195870245,122
subject_571,40,Sagittal,STR,-0.03067035317257417,0.7373560932950018,122
subject_571,40,Sagittal,UTL,-0.027749367156138537,0.7615812927728071,122
subject_571,40,Sagittal,UTR,-0.1730684214738114,0.05660665973372375,122
subject_571,40,Frontal,MTL,,,122
subject_571,40,Frontal,MTR,,,122
subject_571,40,Frontal,SCML,,,122
subject_571,40,Frontal,SCMR,,,122
subject_571,40,Frontal,STL,,,122
subject_571,40,Frontal,STR,,,122
subject_571,40,Frontal,UTL,,,122
subject_571,40,Frontal,UTR,,,122
subject_571,40,Horizontal,MTL,-0.037430075163384924,0.6823076790734705,122
subject_571,40,Horizontal,MTR,0.13810407043042025,0.12927051795530545,122
subject_571,40,Horizontal,SCML,-0.13810407043042025,0.12927051795530545,122
subject_571,40,Horizontal,SCMR,-0.12261576346626095,0.1784715324629901,122
subject_571,40,Horizontal,STL,-0.07098807358573002,0.4371599357530713,122
subject_571,40,Horizontal,STR,0.1200343789722344,0.18785828715537828,122
subject_571,40,Horizontal,UTL,-0.0968019185259955,0.2888269727556701,122
subject_571,40,Horizontal,UTR,0.03226730617533183,0.7242181872129066,122
subject_571,50,Sagittal,MTL,-0.14241257105411034,0.11763171260328138,122
subject_571,50,Sagittal,MTR,-0.07223523790530201,0.42912823304774617,122
subject_571,50,Sagittal,SCML,0.1894454280732988,0.03662528697918885,122
subject_571,50,Sagittal,SCMR,0.09023495214368767,0.3229394221793928,122
subject_571,50,Sagittal,STL,-0.06487961887702391,0.47771027610406086,122
subject_571,50,Sagittal,STR,0.09848742831246471,0.2804732476689269,122
subject_571,50,Sagittal,UTL,-0.08154447597606229,0.371908469356477,122
subject_571,50,Sagittal,UTR,0.19522285662953617,0.031170613604534245,122
subject_571,50,Frontal,MTL,,,122
subject_571,50,Frontal,MTR,,,122
subject_571,50,Frontal,SCML,,,122
subject_571,50,Frontal,SCMR,,,122
subject_571,50,Frontal,STL,,,122
subject_571,50,Frontal,STR,,,122
subject_571,50,Frontal,UTL,,,122
subject_571,50,Frontal,UTR,,,122
subject_571,50,Horizontal,MTL,,,122
subject_571,50,Horizontal,MTR,,,122
subject_571,50,Horizontal,SCML,,,122
subject_571,50,Horizontal,SCMR,,,122
subject_571,50,Horizontal,STL,,,122
subject_571,50,Horizontal,STR,,,122
subject_571,50,Horizontal,UTL,,,122
subject_571,50,Horizontal,UTR,,,122
subject_571,60,Sagittal,MTL,0.1355226859363937,0.13665525289389477,122
subject_571,60,Sagittal,MTR,0.15101099290055298,0.09684689348738837,122
subject_571,60,Sagittal,SCML,0.15101099290055298,0.09684689348738837,122
subject_571,60,Sagittal,SCMR,0.15617376188860604,0.08583407893623045,122
subject_571,60,Sagittal,STL,-0.13810407043042025,0.12927051795530545,122
subject_571,60,Sagittal,STR,-0.14842960840652641,0.1027569191256403,122
subject_571,60,Sagittal,UTL,0.15617376188860604,0.08583407893623045,122
subject_571,60,Sagittal,UTR,-0.0038720767410398197,0.966236937827765,122
subject_571,60,Frontal,MTL,,,122
subject_571,60,Frontal,MTR,,,122
subject_571,60,Frontal,SCML,,,122
subject_571,60,Frontal,SCMR,,,122
subject_571,60,Frontal,STL,,,122
subject_571,60,Frontal,STR,,,122
subject_571,60,Frontal,UTL,,,122
subject_571,60,Frontal,UTR,,,122
subject_571,60,Horizontal,MTL,,,122
subject_571,60,Horizontal,MTR,,,122
subject_571,60,Horizontal,SCML,,,122
subject_571,60,Horizontal,SCMR,,,122
subject_571,60,Horizontal,STL,,,122
subject_571,60,Horizontal,STR,,,122
subject_571,60,Horizontal,UTL,,,122
subject_571,60,Horizontal,UTR,,,122
subject_571,70,Sagittal,MTL,,,122
subject_571,70,Sagittal,MTR,,,122
subject_571,70,Sagittal,SCML,,,122
subject_571,70,Sagittal,SCMR,,,122
subject_571,70,Sagittal,STL,,,122
subject_571,70,Sagittal,STR,,,122
subject_571,70,Sagittal,UTL,,,122
subject_571,70,Sagittal,UTR,,,122
subject_571,70,Frontal,MTL,,,122
subject_571,70,Frontal,MTR,,,122
subject_571,70,Frontal,SCML,,,122
subject_571,70,Frontal,SCMR,,,122
subject_571,70,Frontal,STL,,,122
subject_571,70,Frontal,STR,,,122
subject_571,70,Frontal,UTL,,,122
subject_571,70,Frontal,UTR,,,122
subject_571,70,Horizontal,MTL,,,122
subject_571,70,Horizontal,MTR,,,122
subject_571,70,Horizontal,SCML,,,122
subject_571,70,Horizontal,SCMR,,,122
subject_571,70,Horizontal,STL,,,122
subject_571,70,Horizontal,STR,,,122
subject_571,70,Horizontal,UTL,,,122
subject_571,70,Horizontal,UTR,,,122
subject_571,80,Sagittal,MTL,0.12036153017940712,0.18664913926924065,122
subject_571,80,Sagittal,MTR,-0.1381834506265596,0.1290483797470244,122
subject_571,80,Sagittal,SCML,0.363796789413015,3.805989203434563e-05,122
subject_571,80,Sagittal,SCMR,0.30319609580434487,0.0006870159915675119,122
subject_571,80,Sagittal,STL,0.32494762257577214,0.0002603747516147923,122
subject_571,80,Sagittal,STR,0.1411036874832266,0.12107820181497389,122
subject_571,80,Sagittal,UTL,0.12581674837075338,0.16731612581480834,122
subject_571,80,Sagittal,UTR,0.2437280534303186,0.006824811689989675,122
subject_571,80,Frontal,MTL,,,122
subject_571,80,Frontal,MTR,,,122
subject_571,80,Frontal,SCML,,,122
subject_571,80,Frontal,SCMR,,,122
subject_571,80,Frontal,STL,,,122
subject_571,80,Frontal,STR,,,122
subject_571,80,Frontal,UTL,,,122
subject_571,80,Frontal,UTR,,,122
subject_571,80,Horizontal,MTL,,,122
subject_571,80,Horizontal,MTR,,,122
subject_571,80,Horizontal,SCML,,,122
subject_571,80,Horizontal,SCMR,,,122
subject_571,80,Horizontal,STL,,,122
subject_571,80,Horizontal,STR,,,122
subject_571,80,Horizontal,UTL,,,122
subject_571,80,Horizontal,UTR,,,122
subject_571,90,Sagittal,MTL,0.263266997146715,0.003391674292853178,122
subject_571,90,Sagittal,MTR,0.3624425289851689,4.0873870161820176e-05,122
subject_571,90,Sagittal,SCML,0.1896813072171738,0.03638781743463277,122
subject_571,90,Sagittal,SCMR,0.1308184747390449,0.1509334188223038,122
subject_571,90,Sagittal,STL,0.09606795558130903,0.29251586189339,122
subject_571,90,Sagittal,STR,-0.03673803342035771,0.6878730630700052,122
subject_571,90,Sagittal,UTL,-0.18728866414802234,0.03885766749203298,122
subject_571,90,Sagittal,UTR,-0.08626984212801307,0.4586924234786129,76
subject_571,90,Frontal,MTL,,,122
subject_571,90,Frontal,MTR,,,122
subject_571,90,Frontal,SCML,,,122
subject_571,90,Frontal,SCMR,,,122
subject_571,90,Frontal,STL,,,122
subject_571,90,Frontal,STR,,,122
subject_571,90,Frontal,UTL,,,122
subject_571,90,Frontal,UTR,,,76
subject_571,90,Horizontal,MTL,,,122
subject_571,90,Horizontal,MTR,,,122
subject_571,90,Horizontal,SCML,,,122
subject_571,90,Horizontal,SCMR,,,122
subject_571,90,Horizontal,STL,,,122
subject_571,90,Horizontal,STR,,,122
subject_571,90,Horizontal,UTL,,,122
subject_571,90,Horizontal,UTR,,,76
subject_572,10,Sagittal,MTL,0.24714239264298435,0.0010101425799275943,174
subject_572,10,Sagittal,MTR,0.08482593424069984,0.26576297878213107,174
subject_572,10,Sagittal,SCML,0.0018621536944381319,0.9805443429569637,174
subject_572,10,Sagittal,SCMR,-0.06574903457595728,0.3887033196769858,174
subject_572,10,Sagittal,STL,-0.4678622998388625,7.54979197835493e-11,174
subject_572,10,Sagittal,STR,-0.20193428703661814,0.007538230932271204,174
subject_572,10,Sagittal,UTL,0.2639602861866052,0.00043251221641625625,174
subject_572,10,Sagittal,UTR,0.21080495634332,0.0052365190170287285,174
subject_572,10,Frontal,MTL,-0.07824011961443673,0.3048005049714596,174
subject_572,10,Frontal,MTR,-0.04712765265478665,0.5368924963784176,174
subject_572,10,Frontal,SCML,-0.02329102256304731,0.7603230150616248,174
subject_572,10,Frontal,SCMR,-0.13289715616517336,0.08043612604964791,174
subject_572,10,Frontal,STL,-0.3426960887714624,3.677315709489298e-06,174
subject_572,10,Frontal,STR,-0.308542662203367,3.4408234858018795e-05,174
subject_572,10,Frontal,UTL,0.1750726181330671,0.020855191515499923,174
subject_572,10,Frontal,UTR,0.25199525603851514,0.0007954116094665265,174
subject_572,10,Horizontal,MTL,-0.13652853749821492,0.07243481387724943,174
subject_572,10,Horizontal,MTR,-0.2940816677584828,8.192507572973459e-05,174
subject_572,10,Horizontal,SCML,-0.09374229103241725,0.21856823595167707,174
subject_572,10,Horizontal,SCMR,-0.09364062745425286,0.2190703060845926,174
subject_572,10,Horizontal,STL,-0.24715263048248606,0.0010096383401303987,174
subject_572,10,Horizontal,STR,-0.277750543521686,0.00020672422332613754,174
subject_572,10,Horizontal,UTL,0.031481821371573654,0.6800588701449786,174
subject_572,10,Horizontal,UTR,0.10842138212404266,0.154426389483118,174
subject_572,20,Sagittal,MTL,0.26816521228891027,0.00036087880903438573,173
subject_572,20,Sagittal,MTR,0.06321422194189398,0.4086609408240617,173
subject_572,20,Sagittal,SCML,-0.0016403846420059139,0.9829110269024184,173
subject_572,20,Sagittal,SCMR,-0.08292057419157457,0.2780934631015462,173
subject_572,20,Sagittal,STL,-0.47526377334215686,3.917154862447948e-11,173
subject_572,20,Sagittal,STR,-0.058762577401044014,0.442509904186055,173
subject_572,20,Sagittal,UTL,0.26552204834278054,0.00041450870905472315,173
subject_572,20,Sagittal,UTR,0.17179261457106282,0.023819577308992472,173
subject_572,20,Frontal,MTL,0.01065732552771245,0.8893213677921249,173
subject_572,20,Frontal,MTR,-0.06074703581636517,0.4272282270304827,173
subject_572,20,Frontal,SCML,-0.12204067302092178,0.10970015790350503,173
subject_572,20,Frontal,SCMR,-0.13656765606862553,0.07318924844646298,173
subject_572,20,Frontal,STL,-0.3322243237427689,7.986305011892902e-06,173
subject_572,20,Frontal,STR,-0.20933011163105583,0.005709087186887802,173
subject_572,20,Frontal,UTL,0.20930208079063573,0.005715713929674287,173
subject_572,20,Frontal,UTR,0.34092509660916015,4.434024226254583e-06,173
subject_572,20,Horizontal,MTL,-0.14119274968493645,0.06389225071210948,173
subject_572,20,Horizontal,MTR,-0.3096667266485495,3.385188258989532e-05,173
subject_572,20,Horizontal,SCML,-0.2164051880720487,0.0042404549997223295,173
subject_572,20,Horizontal,SCMR,-0.22938940959334697,0.002398503090975833,173
subject_572,20,Horizontal,STL,-0.09068758384353685,0.2353821352042888,173
subject_572,20,Horizontal,STR,-0.44461645796634947,8.886086872784154e-10,173
subject_572,20,Horizontal,UTL,-0.09813118266589188,0.19898121463576257,173
subject_572,20,Horizontal,UTR,0.06651888944595961,0.3845517449670991,173
subject_572,30,Sagittal,MTL,0.15444128981636024,0.042476565008305815,173
subject_572,30,Sagittal,MTR,0.30314873354817345,5.030368285141418e-05,173
subject_572,30,Sagittal,SCML,0.2728990572249774,0.00028057678454330515,173
subject_572,30,Sagittal,SCMR,0.2845326525548932,0.00014821793878916676,173
subject_572,30,Sagittal,STL,-0.4388909907908425,1.5396354537608251e-09,173
subject_572,30,Sagittal,STR,-0.08744842924376281,0.25259909434270045,173
subject_572,30,Sagittal,UTL,0.41189388959428647,1.7990024686314188e-08,173
subject_572,30,Sagittal,UTR,0.29725480546634225,7.139646721977493e-05,173
subject_572,30,Frontal,MTL,0.05035108576890733,0.5106143018047625,173
subject_572,30,Frontal,MTR,-0.06348245590163604,0.40667140603856344,173
subject_572,30,Frontal,SCML,-0.023671563657516586,0.7572173328736561,173
subject_572,30,Frontal,SCMR,0.049953497823773556,0.5139625326718775,173
subject_572,30,Frontal,STL,-0.28055587699427903,0.00018493301792290768,173
subject_572,30,Frontal,STR,-0.1031425389251875,0.1768884266505803,173
subject_572,30,Frontal,UTL,0.12635756194225736,0.09760599361207695,173
subject_572,30,Frontal,UTR,0.12613134811140542,0.09821235733525592,173
subject_572,30,Horizontal,MTL,-0.03097289082908347,0.6858241297460087,173
subject_572,30,Horizontal,MTR,-0.2565714284062253,0.0006557861747933752,173
subject_572,30,Horizontal,SCML,-0.1221447452804657,0.10939538369693336,173
subject_572,30,Horizontal,SCMR,-0.1634359095421085,0.0316702738951181,173
subject_572,30,Horizontal,STL,0.27099472422307486,0.0003106445465084645,173
subject_572,30,Horizontal,STR,-0.3672715037965201,6.678045175945974e-07,173
subject_572,30,Horizontal,UTL,-0.2666999612590265,0.00038975716135113413,173
subject_572,30,Horizontal,UTR,-0.05815097006300503,0.4472814250500936,173
subject_572,40,Sagittal,MTL,0.3084642035575307,3.6443861408594564e-05,173
subject_572,40,Sagittal,MTR,0.2563596051148709,0.000662816026852992,173
subject_572,40,Sagittal,SCML,0.27191220453644893,0.00029580347083936394,173
subject_572,40,Sagittal,SCMR,0.3730330731180782,4.313697319150841e-07,173
subject_572,40,Sagittal,STL,-0.10741588028567821,0.15952640569293736,173
subject_572,40,Sagittal,STR,0.048105182467741085,0.5296751896426217,173
subject_572,40,Sagittal,UTL,-0.2760349070703972,0.00023688841478411126,173
subject_572,40,Sagittal,UTR,-0.1970649345496076,0.009356983938757717,173
subject_572,40,Frontal,MTL,-0.03542002722683213,0.6436184694551547,173
subject_572,40,Frontal,MTR,-0.10035605649559927,0.18893786501031418,173
subject_572,40,Frontal,SCML,0.0660783447352746,0.38771498157333817,173
subject_572,40,Frontal,SCMR,0.031884485253478145,0.6770876591814402,173
subject_572,40,Frontal,STL,-0.2994254896041547,6.281287222408316e-05,173
subject_572,40,Frontal,STR,-0.11857399497649368,0.12023746318806458,173
subject_572,40,Frontal,UTL,-0.038497818237073024,0.6150519222910023,173
subject_572,40,Frontal,UTR,-0.12172189199009424,0.11063784446229168,173
subject_572,40,Horizontal,MTL,0.09103467302555018,0.23358732507717853,173
subject_572,40,Horizontal,MTR,-0.07179783904317458,0.3478749693587788,173
subject_572,40,Horizontal,SCML,0.10118911951718615,0.18527428066926446,173
subject_572,40,Horizontal,SCMR,0.16623539597606424,0.028825389583930484,173
subject_572,40,Horizontal,STL,0.20120078097439908,0.007944979783290776,173
subject_572,40,Horizontal,STR,-0.06725363389611684,0.3793110030120789,173
subject_572,40,Horizontal,UTL,-0.012952038659705303,0.8656947458631381,173
subject_572,40,Horizontal,UTR,0.08156682611875794,0.28604174128476806,173
subject_572,50,Sagittal,MTL,0.29623082600857004,7.581670858012549e-05,173
subject_572,50,Sagittal,MTR,-0.027433221227652346,0.7201343135738385,173
subject_572,50,Sagittal,SCML,-0.05767266925945148,0.4510330598432774,173
subject_572,50,Sagittal,SCMR,0.15633885034377465,0.03997016185779798,173
subject_572,50,Sagittal,STL,-0.07914815170156626,0.3006179147690965,173
subject_572,50,Sagittal,STR,-0.0714099969839123,0.35049206463128274,173
subject_572,50,Sagittal,UTL,-0.27283430239851586,0.0002815531647778551,173
subject_572,50,Sagittal,UTR,-0.20015867829219638,0.008281678097920542,173
subject_572,50,Frontal,MTL,0.21933138729212406,0.0037396292257468925,173
subject_572,50,Frontal,MTR,-0.0460314885726962,0.5475873440489036,173
subject_572,50,Frontal,SCML,0.08114587881137754,0.2885439616528284,173
subject_572,50,Frontal,SCMR,0.09761658566752798,0.201358254254596,173
subject_572,50,Frontal,STL,-0.013444873861929997,0.860635207584334,173
subject_572,50,Frontal,STR,0.0860072945644813,0.2605320463152275,173
subject_572,50,Frontal,UTL,-0.20144550102230505,0.007867695945736716,173
subject_572,50,Frontal,UTR,-0.30466255545745435,4.592081976449701e-05,173
subject_572,50,Horizontal,MTL,0.1697835992500261,0.025535472211641656,173
subject_572,50,Horizontal,MTR,0.022686223663508163,0.7670272412118292,173
subject_572,50,Horizontal,SCML,0.10278813091458568,0.1783886782058514,173
subject_572,50,Horizontal,SCMR,0.12020218471113048,0.11519454021594176,173
subject_572,50,Horizontal,STL,0.1623055578950661,0.03288479797295675,173
subject_572,50,Horizontal,STR,0.006332632309018887,0.9340982239106468,173
subject_572,50,Horizontal,UTL,-0.03192348178280833,0.6767148757035896,173
subject_572,50,Horizontal,UTR,0.07575044896171274,0.3219089908241866,173
subject_572,60,Sagittal,MTL,0.33988025876614314,4.467549070301931e-06,174
subject_572,60,Sagittal,MTR,0.09830774021912671,0.19685984008200386,174
subject_572,60,Sagittal,SCML,-0.3226099303807846,1.4151465342040269e-05,174
subject_572,60,Sagittal,SCMR,-0.07096673127686014,0.3520904938108598,174
subject_572,60,Sagittal,STL,0.07482950844482328,0.32642950504597756,174
subject_572,60,Sagittal,STR,0.19656889664505042,0.009331994962996842,174
subject_572,60,Sagittal,UTL,-0.3614264890118176,9.59152639162622e-07,174
subject_572,60,Sagittal,UTR,-0.29693245321158246,6.929671831552357e-05,174
subject_572,60,Frontal,MTL,0.29127692952763473,9.642828849909104e-05,174
subject_572,60,Frontal,MTR,0.11284012553801666,0.13821423145795153,174
subject_572,60,Frontal,SCML,-0.015055885632367184,0.8436863060237296,174
subject_572,60,Frontal,SCMR,-0.01815248622342143,0.812081635987666,174
subject_572,60,Frontal,STL,0.13466154956518372,0.07646384508251629,174
subject_572,60,Frontal,STR,0.1880512149281879,0.012958901031866456,174
subject_572,60,Frontal,UTL,-0.18802558788881368,0.01297145782763428,174
subject_572,60,Frontal,UTR,-0.15030685710315847,0.04774241430969693,174
subject_572,60,Horizontal,MTL,0.04226023953228249,0.5797976500006278,174
subject_572,60,Horizontal,MTR,-0.04301488666678754,0.5730423511886313,174
subject_572,60,Horizontal,SCML,0.03244982678371691,0.6707861134300831,174
subject_572,60,Horizontal,SCMR,0.015847589824605934,0.8355800671921076,174
subject_572,60,Horizontal,STL,0.07621936058500949,0.3174989697092478,174
subject_572,60,Horizontal,STR,-0.015847589824605934,0.8355800671921076,174
subject_572,60,Horizontal,UTL,-0.06489965356743382,0.39487369389972976,174
subject_572,60,Horizontal,UTR,-0.01735688409361602,0.8201749915750972,174
subject_572,70,Sagittal,MTL,0.3785083339742102,2.8251933618681777e-07,173
subject_572,70,Sagittal,MTR,0.07893880792831574,0.3019021965072249,173
subject_572,70,Sagittal,SCML,-0.2414433920666214,0.001373563208215709,173
subject_572,70,Sagittal,SCMR,0.03440578880978951,0.6531504246477324,173
subject_572,70,Sagittal,STL,-0.1976472145457666,0.009145635526639917,173
subject_572,70,Sagittal,STR,0.23974518306458065,0.0014882829921812827,173
subject_572,70,Sagittal,UTL,-0.408613399182776,2.3903866281228578e-08,173
subject_572,70,Sagittal,UTR,-0.3832171735445145,1.9510220508208755e-07,173
subject_572,70,Frontal,MTL,0.20882750141834783,0.005828957264631248,173
subject_572,70,Frontal,MTR,0.017985143662824214,0.8143160862587114,173
subject_572,70,Frontal,SCML,0.045212652819044206,0.5547411482344166,173
subject_572,70,Frontal,SCMR,0.14812764155631608,0.051782968621449495,173
subject_572,70,Frontal,STL,-0.08193232113064365,0.28388096491139997,173
subject_572,70,Frontal,STR,0.15287372113400582,0.04464526903115821,173
subject_572,70,Frontal,UTL,-0.23330728029274747,0.0020071137792052225,173
subject_572,70,Frontal,UTR,-0.15362310211995686,0.04359723121623534,173
subject_572,70,Horizontal,MTL,0.06604935142757527,0.38792371163242556,173
subject_572,70,Horizontal,MTR,0.15483700416628302,0.041943282691913476,173
subject_572,70,Horizontal,SCML,0.11044317779692915,0.1480226722451076,173
subject_572,70,Horizontal,SCMR,0.10502929653237379,0.1690581219097474,173
subject_572,70,Horizontal,STL,0.059552693910108846,0.43638866406754045,173
subject_572,70,Horizontal,STR,0.08553932397997452,0.26314441993414994,173
subject_572,70,Horizontal,UTL,-0.015158867540754978,0.8430844186971134,173
subject_572,70,Horizontal,UTR,-0.03681439259897638,0.6306085918126982,173
subject_572,80,Sagittal,MTL,0.3836694179063583,1.882291080615377e-07,173
subject_572,80,Sagittal,MTR,0.09427537293422342,0.2172926125864206,173
subject_572,80,Sagittal,SCML,-0.05748051161680398,0.45254523771624494,173
subject_572,80,Sagittal,SCMR,0.20273963760975305,0.0074699950182647214,173
subject_572,80,Sagittal,STL,-0.5208299109696866,2.04820068105724e-13,173
subject_572,80,Sagittal,STR,0.10391556870031365,0.17364846306613296,173
subject_572,80,Sagittal,UTL,-0.3860661983101648,1.5550656969402138e-07,173
subject_572,80,Sagittal,UTR,-0.34257072544611983,3.95904902365894e-06,173
subject_572,80,Frontal,MTL,0.30977602116483566,3.362511313691683e-05,173
subject_572,80,Frontal,MTR,0.08716898527483403,0.2541241487288574,173
subject_572,80,Frontal,SCML,0.13453762834366237,0.07760245772309961,173
subject_572,80,Frontal,SCMR,0.27253433230798296,0.00028611745029684697,173
subject_572,80,Frontal,STL,-0.19685831453590194,0.009433011813400307,173
subject_572,80,Frontal,STR,0.1557073389226384,0.04079011876854564,173
subject_572,80,Frontal,UTL,-0.24825369074438094,0.0009901670289259466,173
subject_572,80,Frontal,UTR,-0.2023685073495698,0.007582178068409153,173
subject_572,80,Horizontal,MTL,-0.03946928457064477,0.6061513904742409,173
subject_572,80,Horizontal,MTR,0.0032228429861561277,0.966432786404342,173
subject_572,80,Horizontal,SCML,-0.04657761115693305,0.5428413857918751,173
subject_572,80,Horizontal,SCMR,0.029620035444728375,0.6988663117149764,173
subject_572,80,Horizontal,STL,0.048327584778387916,0.5277718026285194,173
subject_572,80,Horizontal,STR,0.1008388414331972,0.18680831160587197,173
subject_572,80,Horizontal,UTL,-0.1208807080031812,0.1131422959330227,173
subject_572,80,Horizontal,UTR,-0.0934775066124817,0.22122711826504093,173
subject_572,90,Sagittal,MTL,0.3159258006184363,2.293791580195725e-05,173
subject_572,90,Sagittal,MTR,0.164961334863726,0.030091865080786286,173
subject_572,90,Sagittal,SCML,0.2686450287706606,0.00035186189723036994,173
subject_572,90,Sagittal,SCMR,0.3003660085987359,5.940301287753125e-05,173
subject_572,90,Sagittal,STL,-0.5477115051121892,6.267657068615812e-15,173
subject_572,90,Sagittal,STR,-0.03858701315709219,0.6142323497539671,173
subject_572,90,Sagittal,UTL,-0.06662665046662711,0.383780378407557,173
subject_572,90,Sagittal,UTR,0.049346230965435035,0.5190983093702234,173
subject_572,90,Frontal,MTL,0.26246843582221957,0.0004856091033080312,173
subject_572,90,Frontal,MTR,0.16403136398564475,0.031045957123517903,173
subject_572,90,Frontal,SCML,0.1741163924520081,0.021959369583772988,173
subject_572,90,Frontal,SCMR,0.14685299303262572,0.053853553253703876,173
subject_572,90,Frontal,STL,-0.2386906391346905,0.0015638571914604153,173
subject_572,90,Frontal,STR,0.12958067052349206,0.08928466921582069,173
subject_572,90,Frontal,UTL,-0.04652615275305918,0.5432877054661834,173
subject_572,90,Frontal,UTR,0.034737916790846035,0.6500227587042735,173
subject_572,90,Horizontal,MTL,-0.019133635873941048,0.8026939854085412,173
subject_572,90,Horizontal,MTR,-0.002277813794516791,0.9762721744351246,173
subject_572,90,Horizontal,SCML,0.018678073115037688,0.8072990050397183,173
subject_572,90,Horizontal,SCMR,0.08427911039712127,0.2702682554430577,173
subject_572,90,Horizontal,STL,0.09293480281628508,0.22393210325187882,173
subject_572,90,Horizontal,STR,0.08655692419163806,0.25748660390647415,173
subject_572,90,Horizontal,UTL,0.08154573384370112,0.286166772347817,173
subject_572,90,Horizontal,UTR,0.091568114539575,0.23084766507851,173
subject_573,10,Sagittal,MTL,0.09739746886371699,0.2389374023691411,148
subject_573,10,Sagittal,MTR,0.058609607269028,0.47920636976012576,148
subject_573,10,Sagittal,SCML,-0.4537414894196129,6.969082281861217e-09,148
subject_573,10,Sagittal,SCMR,-0.4229944857539776,8.513180920241505e-08,148
subject_573,10,Sagittal,STL,-0.32409605674350395,5.859989558272898e-05,148
subject_573,10,Sagittal,STR,0.39660810119602147,6.030390408471994e-07,148
subject_573,10,Sagittal,UTL,0.011199471864261444,0.8925356141029595,148
subject_573,10,Sagittal,UTR,-0.06851429483086746,0.40800021843887135,148
subject_573,10,Frontal,MTL,-0.1467283463406601,0.07515184468904212,148
subject_573,10,Frontal,MTR,-0.03846277039997886,0.642558809717904,148
subject_573,10,Frontal,SCML,0.3493305937150344,1.351130190873348e-05,148
subject_573,10,Frontal,SCMR,0.3619932341759327,6.161199607307043e-06,148
subject_573,10,Frontal,STL,0.21162437870276435,0.009822824063436259,148
subject_573,10,Frontal,STR,-0.20782558656449485,0.011257351782553174,148
subject_573,10,Frontal,UTL,0.09544465247402162,0.2485306874342783,148
subject_573,10,Frontal,UTR,0.29994629591753064,0.00021246508117624393,148
subject_573,10,Horizontal,MTL,,,148
subject_573,10,Horizontal,MTR,,,148
subject_573,10,Horizontal,SCML,,,148
subject_573,10,Horizontal,SCMR,,,148
subject_573,10,Horizontal,STL,,,148
subject_573,10,Horizontal,STR,,,148
subject_573,10,Horizontal,UTL,,,148
subject_573,10,Horizontal,UTR,,,148
subject_573,20,Sagittal,MTL,-0.12157876322346897,0.14102228857654409,148
subject_573,20,Sagittal,MTR,0.040853243211754,0.6220175305871989,148
subject_573,20,Sagittal,SCML,-0.09256391427699152,0.2631637235768757,148
subject_573,20,Sagittal,SCMR,-0.40881107238236836,2.4899768981715465e-07,148
subject_573,20,Sagittal,STL,-0.0399810610129419,0.6294795621527014,148
subject_573,20,Sagittal,STR,0.42282705940222826,8.62422234249467e-08,148
subject_573,20,Sagittal,UTL,0.10004712303310137,0.22633880875284915,148
subject_573,20,Sagittal,UTR,-0.04806353718792921,0.5618500261293397,148
subject_573,20,Frontal,MTL,-0.21631190982733542,0.008276568766306783,148
subject_573,20,Frontal,MTR,-0.18004257717215022,0.02854843039224537,148
subject_573,20,Frontal,SCML,0.37714619806059485,2.3016777636625223e-06,148
subject_573,20,Frontal,SCMR,0.28393776800537807,0.00047012533687747145,148
subject_573,20,Frontal,STL,0.4578488920654652,4.893883392413346e-09,148
subject_573,20,Frontal,STR,-0.03920352638868075,0.6361635686617881,148
subject_573,20,Frontal,UTL,-0.008247220394223504,0.9207549858897157,148
subject_573,20,Frontal,UTR,-0.08643617601285009,0.2962162406864342,148
subject_573,20,Horizontal,MTL,-0.11094834130835599,0.1794504924102878,148
subject_573,20,Horizontal,MTR,-0.015377311732768826,0.8528385638516147,148
subject_573,20,Horizontal,SCML,-0.023639338983436935,0.7755013300984077,148
subject_573,20,Horizontal,SCMR,0.23619378614427738,0.0038516253769632727,148
subject_573,20,Horizontal,STL,0.26891313612797485,0.0009503623132166298,148
subject_573,20,Horizontal,STR,0.25920691747252395,0.0014666468613026302,148
subject_573,20,Horizontal,UTL,0.07837380184492129,0.34372464769942157,148
subject_573,20,Horizontal,UTR,0.023404511112740542,0.7776731154807397,148
subject_573,30,Sagittal,MTL,-0.013216315279377179,0.8733323893285388,148
subject_573,30,Sagittal,MTR,0.12361813805183962,0.13442558626207407,148
subject_573,30,Sagittal,SCML,0.15683412421905124,0.056963695936057344,148
subject_573,30,Sagittal,SCMR,-0.2694138222938865,0.0009289201934977838,148
subject_573,30,Sagittal,STL,-0.17640015593556876,0.03198067988477294,148
subject_573,30,Sagittal,STR,0.1472340498861918,0.07414179374141347,148
subject_573,30,Sagittal,UTL,0.24064070174351548,0.00321790279091156,148
subject_573,30,Sagittal,UTR,-0.04474807787942046,0.5891703490199027,148
subject_573,30,Frontal,MTL,-0.18740808839136538,0.022558282771446704,148
subject_573,30,Frontal,MTR,-0.2529803895846085,0.001921098801627007,148
subject_573,30,Frontal,SCML,0.10298139043379614,0.21294272352262064,148
subject_573,30,Frontal,SCMR,0.05605069596032873,0.49863650253320596,148
subject_573,30,Frontal,STL,0.39425799395173156,7.121674152553161e-07,148
subject_573,30,Frontal,STR,0.17477555264798048,0.03362091876829111,148
subject_573,30,Frontal,UTL,-0.12813257429108835,0.12066520318189843,148
subject_573,30,Frontal,UTR,-0.1935220558685909,0.018440183036562075,148
subject_573,30,Horizontal,MTL,0.005164668692104634,0.9503250597277145,148
subject_573,30,Horizontal,MTR,0.024035296226029984,0.7718432939649504,148
subject_573,30,Horizontal,SCML,-0.15613209225280109,0.05809743914733949,148
subject_573,30,Horizontal,SCMR,0.055554435312559665,0.5024520811789716,148
subject_573,30,Horizontal,STL,0.353819459682513,1.0267601150737608e-05,148
subject_573,30,Horizontal,STR,0.22784864806531596,0.005350674657115754,148
subject_573,30,Horizontal,UTL,-0.06782563044605722,0.4127396785223394,148
subject_573,30,Horizontal,UTR,-0.003326152382444305,0.9679963375938083,148
subject_573,40,Sagittal,MTL,0.18553307432160743,0.023970148747625403,148
subject_573,40,Sagittal,MTR,0.2003797111935738,0.014611241761875218,148
subject_573,40,Sagittal,SCML,0.23761857439793288,0.003637324980875006,148
subject_573,40,Sagittal,SCMR,0.056939170662614634,0.4918435909036628,148
subject_573,40,Sagittal,STL,-0.2677011590836922,0.0010041574140074948,148
subject_573,40,Sagittal,STR,0.36649223416085125,4.623319053728681e-06,148
subject_573,40,Sagittal,UTL,0.42602550687804847,6.72471681685311e-08,148
subject_573,40,Sagittal,UTR,0.3312410087298376,3.918085237278945e-05,148
subject_573,40,Frontal,MTL,0.2510620947943307,0.002084948554413939,148
subject_573,40,Frontal,MTR,0.2752256534538124,0.0007104837082908806,148
subject_573,40,Frontal,SCML,0.20624182776539987,0.011907834077275475,148
subject_573,40,Frontal,SCMR,0.23896848797625925,0.003444249703709167,148
subject_573,40,Frontal,STL,0.25626618965980896,0.0016674108739447725,148
subject_573,40,Frontal,STR,0.04790724148322592,0.5631242226889568,148
subject_573,40,Frontal,UTL,0.2260706119517048,0.005730608485745039,148
subject_573,40,Frontal,UTR,0.19117952137633967,0.019933856916915467,148
subject_573,40,Horizontal,MTL,0.11147113015180751,0.17739666842969865,148
subject_573,40,Horizontal,MTR,0.17660451170962493,0.03177924620523798,148
subject_573,40,Horizontal,SCML,0.13864105503021135,0.09286672153425202,148
subject_573,40,Horizontal,SCMR,0.22015082966542288,0.007175016430786062,148
subject_573,40,Horizontal,STL,0.24434322852975507,0.0027637628693330586,148
subject_573,40,Horizontal,STR,0.253647997323729,0.0018668799223658609,148
subject_573,40,Horizontal,UTL,0.25476456957900584,0.0017793000894903333,148
subject_573,40,Horizontal,UTR,0.30203279505239333,0.00019091279123687604,148
subject_573,50,Sagittal,MTL,-0.13615912132054295,0.09892324469279659,148
subject_573,50,Sagittal,MTR,-0.11711033057244535,0.15633352783098614,148
subject_573,50,Sagittal,SCML,-0.29436305275965,0.0002817605066983662,148
subject_573,50,Sagittal,SCMR,-0.35154677150579067,1.180484808540028e-05,148
subject_573,50,Sagittal,STL,-0.08729329845819739,0.2914345664061386,148
subject_573,50,Sagittal,STR,0.1649823215245046,0.045088081640712124,148
subject_573,50,Sagittal,UTL,-0.08169547279232577,0.32359730147377713,148
subject_573,50,Sagittal,UTR,-0.11458944169771074,0.16550481697515437,148
subject_573,50,Frontal,MTL,0.18685659507284608,0.02296592875556118,148
subject_573,50,Frontal,MTR,0.2250134973700038,0.005967741153705784,148
subject_573,50,Frontal,SCML,-0.005050178245212056,0.9514248917613934,148
subject_573,50,Frontal,SCMR,0.13298802712391747,0.10711068141278958,148
subject_573,50,Frontal,STL,0.2250134973700038,0.005967741153705784,148
subject_573,50,Frontal,STR,-0.014028272903366822,0.8656215533695732,148
subject_573,50,Frontal,UTL,0.09146433932995168,0.2689012860657187,148
subject_573,50,Frontal,UTR,0.2272580210345425,0.005474306828441725,148
subject_573,50,Horizontal,MTL,-0.28032834791585376,0.0005587539562247911,148
subject_573,50,Horizontal,MTR,-0.07909021295281565,0.33931805975182394,148
subject_573,50,Horizontal,SCML,-0.30752269047842645,0.0001435275383542819,148
subject_573,50,Horizontal,SCMR,-0.1887740612885256,0.02157530509384832,148
subject_573,50,Horizontal,STL,0.3202133836742937,7.262499369320938e-05,148
subject_573,50,Horizontal,STR,0.0006798585640643179,0.99345685423645,148
subject_573,50,Horizontal,UTL,-0.17155097766556288,0.037088061706324955,148
subject_573,50,Horizontal,UTR,-0.12260116105293199,0.1376850307467037,148
subject_573,60,Sagittal,MTL,-0.027051708041531803,0.7441462731346667,148
subject_573,60,Sagittal,MTR,0.06268621654720188,0.449116120106226,148
subject_573,60,Sagittal,SCML,-0.28536749065013217,0.00043875743517554264,148
subject_573,60,Sagittal,SCMR,-0.3572982798264742,8.275883096621928e-06,148
subject_573,60,Sagittal,STL,-0.1047664264153526,0.2050758357598578,148
subject_573,60,Sagittal,STR,0.3013208544932828,0.00019802703901466295,148
subject_573,60,Sagittal,UTL,-0.0728232709034548,0.37908137582677603,148
subject_573,60,Sagittal,UTR,0.26177035473599575,0.0013098997066749616,148
subject_573,60,Frontal,MTL,,,148
subject_573,60,Frontal,MTR,,,148
subject_573,60,Frontal,SCML,,,148
subject_573,60,Frontal,SCMR,,,148
subject_573,60,Frontal,STL,,,148
subject_573,60,Frontal,STR,,,148
subject_573,60,Frontal,UTL,,,148
subject_573,60,Frontal,UTR,,,148
subject_573,60,Horizontal,MTL,-0.29033109512345,0.00034425169992922125,148
subject_573,60,Horizontal,MTR,-0.09520342143614484,0.24973398848847786,148
subject_573,60,Horizontal,SCML,-0.2482370203562289,0.0023494094212481538,148
subject_573,60,Horizontal,SCMR,-0.24233598183745958,0.003002213042383857,148
subject_573,60,Horizontal,STL,-0.02517776434674905,0.7613170079163344,148
subject_573,60,Horizontal,STR,0.08772877264570372,0.2890249470767877,148
subject_573,60,Horizontal,UTL,-0.06176420316311876,0.455827324098995,148
subject_573,60,Horizontal,UTR,-0.0015736102716718157,0.9848558740638089,148
subject_573,70,Sagittal,MTL,-0.19727923555585017,0.016246771895754644,148
subject_573,70,Sagittal,MTR,-0.19228786728239725,0.01921459220244247,148
subject_573,70,Sagittal,SCML,-0.27290725180760134,0.0007912304848819786,148
subject_573,70,Sagittal,SCMR,-0.3412956630848259,2.1858351077048956e-05,148
subject_573,70,Sagittal,STL,-0.13241972770789398,0.10863257537992979,148
subject_573,70,Sagittal,STR,0.1939240503263053,0.018193852534613836,148
subject_573,70,Sagittal,UTL,-0.08703685801964359,0.2928597691067679,148
subject_573,70,Sagittal,UTR,-0.04998842195999164,0.546271593685345,148
subject_573,70,Frontal,MTL,0.20817956988596364,0.011116307729596587,148
subject_573,70,Frontal,MTR,0.18910111873738475,0.02134550086674854,148
subject_573,70,Frontal,SCML,0.2171576645441184,0.008021784866213579,148
subject_573,70,Frontal,SCMR,0.1902233805696541,0.020572920222628886,148
subject_573,70,Frontal,STL,0.024128629393790933,0.7709817662073117,148
subject_573,70,Frontal,STR,-0.19246790423419277,0.019099901775176405,148
subject_573,70,Frontal,UTL,0.11952088513668532,0.14792561463297924,148
subject_573,70,Frontal,UTR,0.1565555256015737,0.05741141801000538,148
subject_573,70,Horizontal,MTL,0.05296941832298596,0.522571832477541,148
subject_573,70,Horizontal,MTR,0.09524308871536898,0.24953584515481733,148
subject_573,70,Horizontal,SCML,0.2465115237338962,0.0025255323236167628,148
subject_573,70,Horizontal,SCMR,-0.10237358733577094,0.21566997636480598,148
subject_573,70,Horizontal,STL,-0.2745241968854753,0.000734076781906686,148
subject_573,70,Horizontal,STR,0.21544292260214482,0.008545789682659293,148
subject_573,70,Horizontal,UTL,-0.003565249310200978,0.9656971445841177,148
subject_573,70,Horizontal,UTR,0.18895821344065186,0.02144565128588393,148
subject_573,80,Sagittal,MTL,-0.3920451104914666,8.319428780142686e-07,148
subject_573,80,Sagittal,MTR,-0.5885659427450333,3.640429777633816e-15,148
subject_573,80,Sagittal,SCML,-0.7444353588060961,2.1538994549547082e-27,148
subject_573,80,Sagittal,SCMR,-0.6756084698233261,4.555824767782559e-21,148
subject_573,80,Sagittal,STL,-0.6726473350859353,7.806016196862378e-21,148
subject_573,80,Sagittal,STR,0.5559268969113139,2.223600029884676e-13,148
subject_573,80,Sagittal,UTL,-0.1365336056082355,0.09798992375552901,148
subject_573,80,Sagittal,UTR,-0.5345295128840925,2.608044707592802e-12,148
subject_573,80,Frontal,MTL,0.4290032096296937,5.322002111700918e-08,148
subject_573,80,Frontal,MTR,0.6832719716959891,1.0977775652063439e-21,148
subject_573,80,Frontal,SCML,0.722224985169151,3.8182097520333833e-25,148
subject_573,80,Frontal,SCMR,0.5819796905150763,8.662292368598762e-15,148
subject_573,80,Frontal,STL,0.812882835704914,4.293226890104369e-36,148
subject_573,80,Frontal,STR,-0.26424279725123806,0.0011733638695445143,148
subject_573,80,Frontal,UTL,0.3864386584835235,1.227310350486652e-06,148
subject_573,80,Frontal,UTR,0.7922846885538873,3.911354076803782e-33,148
subject_573,80,Horizontal,MTL,0.42653247612500667,6.463165679595284e-08,148
subject_573,80,Horizontal,MTR,0.6350807884110993,4.371955637480003e-18,148
subject_573,80,Horizontal,SCML,0.6488347415219918,4.777619010421124e-19,148
subject_573,80,Horizontal,SCMR,0.5010597104235643,8.818029728296721e-11,148
subject_573,80,Horizontal,STL,0.8065254132352488,3.83710141923303e-35,148
subject_573,80,Horizontal,STR,-0.2720403981584688,0.000823527262812682,148
subject_573,80,Horizontal,UTL,0.299868163754926,0.00021331444831390907,148
subject_573,80,Horizontal,UTR,0.6469155852739603,6.551292660113924e-19,148
subject_573,90,Sagittal,MTL,-0.10731564349569876,0.19574657389922973,147
subject_573,90,Sagittal,MTR,-0.3368532063990498,3.021341693170721e-05,147
subject_573,90,Sagittal,SCML,-0.7625676668197039,3.223577026400391e-29,147
subject_573,90,Sagittal,SCMR,-0.8538299573454359,5.961342379361802e-43,147
subject_573,90,Sagittal,STL,-0.4970107391262907,1.5218368439569608e-10,147
subject_573,90,Sagittal,STR,0.7412961629735167,6.91195153524755e-27,147
subject_573,90,Sagittal,UTL,-0.19675139035334632,0.016916630670341198,147
subject_573,90,Sagittal,UTR,-0.49685423277228546,1.5452601325792009e-10,147
subject_573,90,Frontal,MTL,0.37908766634638996,2.191571658574986e-06,147
subject_573,90,Frontal,MTR,0.5925968117598741,2.6417579979884663e-15,147
subject_573,90,Frontal,SCML,0.5363146390743467,2.5413210959923105e-12,147
subject_573,90,Frontal,SCMR,0.651420759986038,4.1140668522142563e-19,147
subject_573,90,Frontal,STL,0.627455447745749,1.8336543444874323e-17,147
subject_573,90,Frontal,STR,-0.34495525194355414,1.8795330512952716e-05,147
subject_573,90,Frontal,UTL,0.39760631671388613,6.141257594008278e-07,147
subject_573,90,Frontal,UTR,0.5689946103111047,5.520539150633119e-14,147
subject_573,90,Horizontal,MTL,-0.18490813588647442,0.024953347830676608,147
subject_573,90,Horizontal,MTR,-0.2058563342875565,0.012369653398984812,147
subject_573,90,Horizontal,SCML,-0.14583168886907133,0.07799232584888845,147
subject_573,90,Horizontal,SCMR,-0.15388868825410287,0.06274780916187109,147
subject_573,90,Horizontal,STL,-0.051967646033453586,0.5318936321086267,147
subject_573,90,Horizontal,STR,0.02537954806284943,0.7602648999963479,147
subject_573,90,Horizontal,UTL,-0.298914677184671,0.00023538642477450133,147
subject_573,90,Horizontal,UTR,-0.2650752797675385,0.0011758479916599107,147
subject_574,10,Sagittal,MTL,0.009300728046561086,0.9242516657854796,107
subject_574,10,Sagittal,MTR,0.2534806112997379,0.008428638603623853,107
subject_574,10,Sagittal,SCML,0.10607301476948178,0.276855011495472,107
subject_574,10,Sagittal,SCMR,0.22738491472294436,0.01850258350278008,107
subject_574,10,Sagittal,STL,0.2548041764448254,0.008081973920359878,107
subject_574,10,Sagittal,STR,0.08222201313469482,0.3998169112903249,107
subject_574,10,Sagittal,UTL,0.21096555251766924,0.029166793012135865,107
subject_574,10,Sagittal,UTR,-0.23304583862051476,0.01570536714028615,107
subject_574,10,Frontal,MTL,-0.02761905375405955,0.7776429732807906,107
subject_574,10,Frontal,MTR,0.08154196822627105,0.4037395245998464,107
subject_574,10,Frontal,SCML,-0.024988667682244354,0.7983457135989246,107
subject_574,10,Frontal,SCMR,0.14598642698574332,0.13350844138937537,107
subject_574,10,Frontal,STL,0.20122453449386238,0.03767767651131544,107
subject_574,10,Frontal,STR,0.08943312644171662,0.3596275385200604,107
subject_574,10,Frontal,UTL,0.31827671468963853,0.0008349714844481841,107
subject_574,10,Frontal,UTR,-0.12757372448303694,0.19036817520655874,107
subject_574,10,Horizontal,MTL,-0.19696756164015455,0.04200366170828397,107
subject_574,10,Horizontal,MTR,-0.061007651835446104,0.5324714904076414,107
subject_574,10,Horizontal,SCML,-0.10894223542043946,0.26399455822048556,107
subject_574,10,Horizontal,SCMR,0.15251912958861527,0.11680412752076542,107
subject_574,10,Horizontal,STL,0.020045371317360863,0.837622072972852,107
subject_574,10,Horizontal,STR,-0.12462991732098276,0.20088544277072523,107
subject_574,10,Horizontal,UTL,-0.22659984967451408,0.01892256701408773,107
subject_574,10,Horizontal,UTR,0.2109121677739708,0.029208567465430865,107
subject_574,20,Sagittal,MTL,-0.06918467696213962,0.4788860973681938,107
subject_574,20,Sagittal,MTR,0.09352301765131972,0.3379876562172089,107
subject_574,20,Sagittal,SCML,0.06162831521724415,0.528301803541075,107
subject_574,20,Sagittal,SCMR,0.04089675863509504,0.6757675561181108,107
subject_574,20,Sagittal,STL,0.05741046438133603,0.5569565434200761,107
subject_574,20,Sagittal,STR,0.002325034383044761,0.9810377542343914,107
subject_574,20,Sagittal,UTL,-0.09720432209114059,0.3192305008731225,107
subject_574,20,Sagittal,UTR,-0.08529597291131519,0.3823695636115509,107
subject_574,20,Frontal,MTL,0.1246399965607987,0.20084873411029305,107
subject_574,20,Frontal,MTR,-0.08981411516881084,0.35757621805379464,107
subject_574,20,Frontal,SCML,0.10447764417596363,0.2841848968473051,107
subject_574,20,Frontal,SCMR,-0.12097411430901049,0.21451993418696383,107
subject_574,20,Frontal,STL,0.009164705629470494,0.9253562644255277,107
subject_574,20,Frontal,STR,-0.06415293940629345,0.5115117714535692,107
subject_574,20,Frontal,UTL,0.16496470133046887,0.0895040199546473,107
subject_574,20,Frontal,UTR,0.10081176192417542,0.3015142544832176,107
subject_574,20,Horizontal,MTL,0.11986251886470785,0.21879312220310654,107
subject_574,20,Horizontal,MTR,0.09493111494084862,0.33073223234300547,107
subject_574,20,Horizontal,SCML,0.04794500754588314,0.6238480167675756,107
subject_574,20,Horizontal,SCMR,-0.008630101358258967,0.9296989854113412,107
subject_574,20,Horizontal,STL,-0.021095803320188584,0.8292390541311039,107
subject_574,20,Horizontal,STR,-0.04890390769680081,0.6169175237561033,107
subject_574,20,Horizontal,UTL,-0.2042457321454622,0.0348395678854925,107
subject_574,20,Horizontal,UTR,0.15630072459957903,0.10790203558379075,107
subject_574,30,Sagittal,MTL,,,107
subject_574,30,Sagittal,MTR,,,107
subject_574,30,Sagittal,SCML,,,107
subject_574,30,Sagittal,SCMR,,,107
subject_574,30,Sagittal,STL,,,107
subject_574,30,Sagittal,STR,,,107
subject_574,30,Sagittal,UTL,,,107
subject_574,30,Sagittal,UTR,,,107
subject_574,30,Frontal,MTL,-0.09433962264150943,0.3337677955431099,107
subject_574,30,Frontal,MTR,-0.16037735849056603,0.09890796491197967,107
subject_574,30,Frontal,SCML,0.07232704402515723,0.4590939238974144,107
subject_574,30,Frontal,SCMR,-0.14150943396226415,0.14596866832004743,107
subject_574,30,Frontal,STL,-0.1540880503144654,0.1130441645176117,107
subject_574,30,Frontal,STR,-0.16037735849056603,0.09890796491197967,107
subject_574,30,Frontal,UTL,-0.028301886792452827,0.7722933650200197,107
subject_574,30,Frontal,UTR,0.08805031446540879,0.3671339137858925,107
subject_574,30,Horizontal,MTL,0.09119496855345911,0.3502024350457012,107
subject_574,30,Horizontal,MTR,-0.015723270440251572,0.8722963129253591,107
subject_574,30,Horizontal,SCML,-0.02515723270440251,0.7970146367509983,107
subject_574,30,Horizontal,SCMR,0.0660377358490566,0.4991583991991278,107
subject_574,30,Horizontal,STL,-0.0660377358490566,0.4991583991991278,107
subject_574,30,Horizontal,STR,-0.028301886792452827,0.7722933650200197,107
subject_574,30,Horizontal,UTL,-0.012578616352201255,0.8976812595813809,107
subject_574,30,Horizontal,UTR,0.12578616352201258,0.19670579732685453,107
subject_574,40,Sagittal,MTL,-0.012654818100261672,0.8970647993694889,107
subject_574,40,Sagittal,MTR,0.19442402354038388,0.04478075501392573,107
subject_574,40,Sagittal,SCML,-0.07017671855599655,0.47258859312797236,107
subject_574,40,Sagittal,SCMR,0.14955694118491067,0.1241661707860028,107
subject_574,40,Sagittal,STL,0.2680520561237245,0.005247063581696788,107
subject_574,40,Sagittal,STR,0.1817692054401222,0.06095902091901235,107
subject_574,40,Sagittal,UTL,-0.23008760182293952,0.017117633727547894,107
subject_574,40,Sagittal,UTR,-0.31061826246096835,0.0011288974459407782,107
subject_574,40,Frontal,MTL,0.11320754716981131,0.2456376916195066,107
subject_574,40,Frontal,MTR,0.10691823899371068,0.2730235750038511,107
subject_574,40,Frontal,SCML,0.1352201257861635,0.1649282418490678,107
subject_574,40,Frontal,SCMR,-0.012578616352201255,0.8976812595813809,107
subject_574,40,Frontal,STL,0.04716981132075471,0.629474907299778,107
subject_574,40,Frontal,STR,0.05031446540880502,0.6067836337994893,107
subject_574,40,Frontal,UTL,0.14465408805031446,0.1371286413721411,107
subject_574,40,Frontal,UTR,0.06918238993710692,0.4789006674517825,107
subject_574,40,Horizontal,MTL,,,107
subject_574,40,Horizontal,MTR,,,107
subject_574,40,Horizontal,SCML,,,107
subject_574,40,Horizontal,SCMR,,,107
subject_574,40,Horizontal,STL,,,107
subject_574,40,Horizontal,STR,,,107
subject_574,40,Horizontal,UTL,,,107
subject_574,40,Horizontal,UTR,,,107
subject_574,50,Sagittal,MTL,0.1426543131302225,0.14270179875981065,107
subject_574,50,Sagittal,MTR,0.22088409775002193,0.02223535003257671,107
subject_574,50,Sagittal,SCML,0.21053015566798963,0.029508981604686266,107
subject_574,50,Sagittal,SCMR,0.05867233846484958,0.5483060612388547,107
subject_574,50,Sagittal,STL,0.2772555601966421,0.0038380501286776796,107
subject_574,50,Sagittal,STR,0.32327308056123,0.0006828837576404673,107
subject_574,50,Sagittal,UTL,0.08398197466537291,0.3897705939025276,107
subject_574,50,Sagittal,UTR,-0.3543349068073268,0.00018077717312806323,107
subject_574,50,Frontal,MTL,-0.12231295233940657,0.20945233838441749,107
subject_574,50,Frontal,MTR,-0.11968256626759137,0.21949052264414515,107
subject_574,50,Frontal,SCML,-0.04734694929267351,0.6281872364193607,107
subject_574,50,Frontal,SCMR,0.22621320217610674,0.019132412965081745,107
subject_574,50,Frontal,STL,-0.09074831947762423,0.35257707672754207,107
subject_574,50,Frontal,STR,-0.02761905375405955,0.7776429732807906,107
subject_574,50,Frontal,UTL,-0.10653063590851537,0.27477613555134944,107
subject_574,50,Frontal,UTR,0.13809526877029774,0.15604585622739472,107
subject_574,50,Horizontal,MTL,,,107
subject_574,50,Horizontal,MTR,,,107
subject_574,50,Horizontal,SCML,,,107
subject_574,50,Horizontal,SCMR,,,107
subject_574,50,Horizontal,STL,,,107
subject_574,50,Horizontal,STR,,,107
subject_574,50,Horizontal,UTL,,,107
subject_574,50,Horizontal,UTR,,,107
subject_574,60,Sagittal,MTL,-0.20298519469920634,0.0369009008077088,106
subject_574,60,Sagittal,MTR,0.22123105489688785,0.02266567398105087,106
subject_574,60,Sagittal,SCML,0.14824761410616197,0.12936804390773066,106
subject_574,60,Sagittal,SCMR,0.16117176507951966,0.098840869998565,106
subject_574,60,Sagittal,STL,0.16193200925442305,0.09723901635676528,106
subject_574,60,Sagittal,STR,0.3793618432767939,6.060492576966211e-05,106
subject_574,60,Sagittal,UTL,-0.5884289913752275,3.2863602187431335e-11,106
subject_574,60,Sagittal,UTR,-0.202224950524303,0.03762866556148817,106
subject_574,60,Frontal,MTL,-0.09871799724366184,0.31404304940496086,106
subject_574,60,Frontal,MTR,0.07293344572479493,0.457492129662141,106
subject_574,60,Frontal,SCML,0.0950344898838237,0.3325281886267181,106
subject_574,60,Frontal,SCMR,0.25195190341292795,0.009176148329605626,106
subject_574,60,Frontal,STL,0.06556643100511869,0.5042850163731353,106
subject_574,60,Frontal,STR,0.22248384453422296,0.0218905545793623,106
subject_574,60,Frontal,UTL,-0.4243400478533524,5.810314366758138e-06,106
subject_574,60,Frontal,UTR,-0.12302914581859348,0.2089626250037664,106
subject_574,60,Horizontal,MTL,0.01050481873180608,0.9148887060122527,106
subject_574,60,Horizontal,MTR,-0.11555300604986687,0.23818287460136345,106
subject_574,60,Horizontal,SCML,-0.025678445788859305,0.7938733671618453,106
subject_574,60,Horizontal,SCMR,0.009337616650494294,0.9243157619856092,106
subject_574,60,Horizontal,STL,-0.14356585600134975,0.14205195938810625,106
subject_574,60,Horizontal,STR,-0.25678445788859305,0.007881103676961659,106
subject_574,60,Horizontal,UTL,0.19842435382300372,0.04144975327884564,106
subject_574,60,Horizontal,UTR,0.06536331655346005,0.5056094391171893,106
subject_574,70,Sagittal,MTL,-0.26339674321818235,0.00612194534047753,107
subject_574,70,Sagittal,MTR,0.1611738007593237,0.09722174048094342,107
subject_574,70,Sagittal,SCML,-0.048796298135504505,0.6176936183218867,107
subject_574,70,Sagittal,SCMR,-0.026971488945532016,0.7827258958280842,107
subject_574,70,Sagittal,STL,0.1858911883232406,0.05523380874451767,107
subject_574,70,Sagittal,STR,0.12372018519189697,0.20421859213914234,107
subject_574,70,Sagittal,UTL,-0.3964386924980884,2.366336741538609e-05,107
subject_574,70,Sagittal,UTR,0.028792536367132363,0.7684559645979095,107
subject_574,70,Frontal,MTL,-0.17193375022628582,0.07659079963578895,107
subject_574,70,Frontal,MTR,0.150744731712483,0.12117237861432636,107
subject_574,70,Frontal,SCML,0.035113230680016115,0.7195511728563094,107
subject_574,70,Frontal,SCMR,0.1634581428207647,0.09251079767245446,107
subject_574,70,Frontal,STL,0.2100739835511309,0.029871142763034136,107
subject_574,70,Frontal,STR,0.10655049309797995,0.2746861670086975,107
subject_574,70,Frontal,UTL,-0.40077515017535636,1.8883951036374814e-05,107
subject_574,70,Frontal,UTR,-0.14953393065455142,0.12422472472182496,107
subject_574,70,Horizontal,MTL,0.07384222976806255,0.4497144481144507,107
subject_574,70,Horizontal,MTR,-0.1553473324365844,0.11009482643277937,107
subject_574,70,Horizontal,SCML,0.24730180724209627,0.010226233776892803,107
subject_574,70,Horizontal,SCMR,0.1476844595361251,0.12900079455718047,107
subject_574,70,Horizontal,STL,-0.27795329884393355,0.003746526724727984,107
subject_574,70,Horizontal,STR,-0.25148155609689227,0.008977080219559683,107
subject_574,70,Horizontal,UTL,0.019505494655714634,0.8419377240757401,107
subject_574,70,Horizontal,UTR,0.028561617174439283,0.7702613074657296,107
subject_574,80,Sagittal,MTL,-0.4617404741120064,5.556278239541376e-07,107
subject_574,80,Sagittal,MTR,0.32239488419510504,0.0007076257838457079,107
subject_574,80,Sagittal,SCML,0.3042349676449286,0.0014428225403022399,107
subject_574,80,Sagittal,SCMR,0.1280571316324661,0.18868004756686632,107
subject_574,80,Sagittal,STL,0.5176396077592623,1.1328719400215517e-08,107
subject_574,80,Sagittal,STR,-0.0009992053406558718,0.9918501804043286,107
subject_574,80,Sagittal,UTL,-0.06520455364023574,0.5045999196270251,107
subject_574,80,Sagittal,UTR,-0.6042476522093421,5.543480260566395e-12,107
subject_574,80,Frontal,MTL,-0.37734234654196286,6.160567367963797e-05,107
subject_574,80,Frontal,MTR,0.25380764975739173,0.008341784102224878,107
subject_574,80,Frontal,SCML,0.19316334406314764,0.04621278229061141,107
subject_574,80,Frontal,SCMR,0.14000598968918065,0.15034397910349806,107
subject_574,80,Frontal,STL,0.3503893217889655,0.00021568743649658204,107
subject_574,80,Frontal,STR,-0.037434756601385205,0.7018575538526441,107
subject_574,80,Frontal,UTL,-0.17294857549839965,0.07484204882174039,107
subject_574,80,Frontal,UTR,-0.460447506197038,6.031655310806053e-07,107
subject_574,80,Horizontal,MTL,0.31934596586728126,0.0008000345819591242,107
subject_574,80,Horizontal,MTR,-0.1740772635437771,0.07293499487266004,107
subject_574,80,Horizontal,SCML,-0.0030647405553481883,0.9750066548847218,107
subject_574,80,Horizontal,SCMR,-0.016549598998880217,0.8656462209268964,107
subject_574,80,Horizontal,STL,-0.38186667319638423,4.937178770644004e-05,107
subject_574,80,Horizontal,STR,-0.01042011788818384,0.915167082331476,107
subject_574,80,Horizontal,UTL,-0.023904976331715868,0.8069167466749142,107
subject_574,80,Horizontal,UTR,0.4541945503026015,8.929067137454963e-07,107
subject_574,90,Sagittal,MTL,0.0015252567385712645,0.9876194896702316,106
subject_574,90,Sagittal,MTR,0.2799796191024518,0.0036519454264838757,106
subject_574,90,Sagittal,SCML,0.4300453671084818,4.209624454530992e-06,106
subject_574,90,Sagittal,SCMR,-0.34698306916352684,0.0002684919848759961,106
subject_574,90,Sagittal,STL,0.00821173577432812,0.9334190327956181,106
subject_574,90,Sagittal,STR,-0.011539568658483606,0.9065412295758672,106
subject_574,90,Sagittal,UTL,0.03867065064458459,0.693902015972021,106
subject_574,90,Sagittal,UTR,-0.1958029079848707,0.0442697999980066,106
subject_574,90,Frontal,MTL,-0.015421692772926189,0.8753214795883243,106
subject_574,90,Frontal,MTR,-0.06934808313307281,0.4799595467030681,106
subject_574,90,Frontal,SCML,0.2874973389316818,0.002806013829542965,106
subject_574,90,Frontal,SCMR,-0.2608478612705438,0.00691992232269559,106
subject_574,90,Frontal,STL,-0.20969539423572015,0.03097492661682509,106
subject_574,90,Frontal,STR,-0.08453861562888876,0.3889065252673437,106
subject_574,90,Frontal,UTL,0.03483915605018658,0.7229299200469638,106
subject_574,90,Frontal,UTR,-0.22660311736149788,0.019500046556851856,106
subject_574,90,Horizontal,MTL,0.098320536331182,0.31600495315624877,106
subject_574,90,Horizontal,MTR,-0.002551991508266507,0.979286956652059,106
subject_574,90,Horizontal,SCML,-0.18751061415501047,0.054259546563773554,106
subject_574,90,Horizontal,SCMR,0.18481279456055733,0.05788401868879593,106
subject_574,90,Horizontal,STL,0.07365938664494946,0.4530149944676718,106
subject_574,90,Horizontal,STR,0.0945128029696415,0.3352010741529479,106
subject_574,90,Horizontal,UTL,0.01779102651477222,0.8563579127116028,106
subject_574,90,Horizontal,UTR,0.3064901293626356,0.0013965546284810493,106
subject_575,10,Sagittal,MTL,0.045556805122349164,0.6039706358546915,132
subject_575,10,Sagittal,MTR,-0.08251418382431684,0.3469077135513018,132
subject_575,10,Sagittal,SCML,-0.1354678393285723,0.12144133233213845,132
subject_575,10,Sagittal,SCMR,0.1418972542381856,0.10459094485825107,132
subject_575,10,Sagittal,STL,-0.0351300005876366,0.6892319333924871,132
subject_575,10,Sagittal,STR,-0.24428417505585287,0.004760408786296391,132
subject_575,10,Sagittal,UTL,0.2049686723901712,0.01839344674130023,132
subject_575,10,Sagittal,UTR,-0.006536907739868123,0.9407002097937686,132
subject_575,10,Frontal,MTL,,,132
subject_575,10,Frontal,MTR,,,132
subject_575,10,Frontal,SCML,,,132
subject_575,10,Frontal,SCMR,,,132
subject_575,10,Frontal,STL,,,132
subject_575,10,Frontal,STR,,,132
subject_575,10,Frontal,UTL,,,132
subject_575,10,Frontal,UTR,,,132
subject_575,10,Horizontal,MTL,-0.20507514431534465,0.01833154278600588,132
subject_575,10,Horizontal,MTR,-0.20507514431534465,0.01833154278600588,132
subject_575,10,Horizontal,SCML,-0.1578753095126066,0.07061379502124636,132
subject_575,10,Horizontal,SCMR,0.15136498747084962,0.08318318878443058,132
subject_575,10,Horizontal,STL,-0.21158546635710163,0.014873241127262552,132
subject_575,10,Horizontal,STR,0.21158546635710163,0.014873241127262552,132
subject_575,10,Horizontal,UTL,-0.1757786951274383,0.04379359998497823,132
subject_575,10,Horizontal,UTR,-0.21158546635710163,0.014873241127262552,132
subject_575,20,Sagittal,MTL,,,132
subject_575,20,Sagittal,MTR,,,132
subject_575,20,Sagittal,SCML,,,132
subject_575,20,Sagittal,SCMR,,,132
subject_575,20,Sagittal,STL,,,132
subject_575,20,Sagittal,STR,,,132
subject_575,20,Sagittal,UTL,,,132
subject_575,20,Sagittal,UTR,,,132
subject_575,20,Frontal,MTL,,,132
subject_575,20,Frontal,MTR,,,132
subject_575,20,Frontal,SCML,,,132
subject_575,20,Frontal,SCMR,,,132
subject_575,20,Frontal,STL,,,132
subject_575,20,Frontal,STR,,,132
subject_575,20,Frontal,UTL,,,132
subject_575,20,Frontal,UTR,,,132
subject_575,20,Horizontal,MTL,,,132
subject_575,20,Horizontal,MTR,,,132
subject_575,20,Horizontal,SCML,,,132
subject_575,20,Horizontal,SCMR,,,132
subject_575,20,Horizontal,STL,,,132
subject_575,20,Horizontal,STR,,,132
subject_575,20,Horizontal,UTL,,,132
subject_575,20,Horizontal,UTR,,,132
subject_575,30,Sagittal,MTL,,,131
subject_575,30,Sagittal,MTR,,,131
subject_575,30,Sagittal,SCML,,,131
subject_575,30,Sagittal,SCMR,,,131
subject_575,30,Sagittal,STL,,,131
subject_575,30,Sagittal,STR,,,131
subject_575,30,Sagittal,UTL,,,131
subject_575,30,Sagittal,UTR,,,131
subject_575,30,Frontal,MTL,-0.027037054776774986,0.759190907609949,131
subject_575,30,Frontal,MTR,-0.06373020054525531,0.46957534344012564,131
subject_575,30,Frontal,SCML,-0.0772487279336428,0.38049224566510703,131
subject_575,30,Frontal,SCMR,-0.24043666569346323,0.0056705110599293545,131
subject_575,30,Frontal,STL,-0.1535318467681151,0.0799792401824844,131
subject_575,30,Frontal,STR,-0.24043666569346323,0.0056705110599293545,131
subject_575,30,Frontal,UTL,-0.11780431009880528,0.1802191356383143,131
subject_575,30,Frontal,UTR,-0.21243400181751773,0.014851226737275765,131
subject_575,30,Horizontal,MTL,,,131
subject_575,30,Horizontal,MTR,,,131
subject_575,30,Horizontal,SCML,,,131
subject_575,30,Horizontal,SCMR,,,131
subject_575,30,Horizontal,STL,,,131
subject_575,30,Horizontal,STR,,,131
subject_575,30,Horizontal,UTL,,,131
subject_575,30,Horizontal,UTR,,,131
subject_575,40,Sagittal,MTL,0.01855454428170853,0.8333951216889659,131
subject_575,40,Sagittal,MTR,0.0,1.0,131
subject_575,40,Sagittal,SCML,-0.09973067551418335,0.2570639927639991,131
subject_575,40,Sagittal,SCMR,0.06494090498597986,0.4611604804118461,131
subject_575,40,Sagittal,STL,-0.1437977181832411,0.10129787319499499,131
subject_575,40,Sagittal,STR,-0.12988180997195972,0.13925034774349157,131
subject_575,40,Sagittal,UTL,-0.11364658372546475,0.19619450111194198,131
subject_575,40,Sagittal,UTR,-0.12756249193674615,0.14651130295277232,131
subject_575,40,Frontal,MTL,-0.011640683833903605,0.8950149408656682,131
subject_575,40,Frontal,MTR,-0.02328136766780721,0.7918189473664996,131
subject_575,40,Frontal,SCML,-0.010628450457042422,0.9040984226132438,131
subject_575,40,Frontal,SCMR,-0.008603983703320058,0.9223014798487756,131
subject_575,40,Frontal,STL,-0.27127854499879706,0.0017234922978176088,131
subject_575,40,Frontal,STR,-0.33302478098732924,0.00010163485329859949,131
subject_575,40,Frontal,UTL,-0.27380912844095007,0.0015531938150691955,131
subject_575,40,Frontal,UTR,-0.25558892765744873,0.003214827702248202,131
subject_575,40,Horizontal,MTL,,,131
subject_575,40,Horizontal,MTR,,,131
subject_575,40,Horizontal,SCML,,,131
subject_575,40,Horizontal,SCMR,,,131
subject_575,40,Horizontal,STL,,,131
subject_575,40,Horizontal,STR,,,131
subject_575,40,Horizontal,UTL,,,131
subject_575,40,Horizontal,UTR,,,131
subject_575,50,Sagittal,MTL,0.1082186206115535,0.21677743462375534,132
subject_575,50,Sagittal,MTR,0.027458455976065815,0.7546362128884403,132
subject_575,50,Sagittal,SCML,-0.03714967573232433,0.6723654733229474,132
subject_575,50,Sagittal,SCMR,0.08076016463548769,0.35728891055039935,132
subject_575,50,Sagittal,STL,-0.09529699426987547,0.2770627338135578,132
subject_575,50,Sagittal,STR,-0.13729227988032905,0.11645962519055926,132
subject_575,50,Sagittal,UTL,0.02422804939064631,0.782738518459259,132
subject_575,50,Sagittal,UTR,0.008076016463548769,0.926773242257565,132
subject_575,50,Frontal,MTL,0.0640514248262128,0.4656070334900955,132
subject_575,50,Frontal,MTR,0.01170832496823245,0.8940007772972072,132
subject_575,50,Frontal,SCML,0.12190432466924374,0.16378558182365213,132
subject_575,50,Frontal,SCMR,0.07277527480254288,0.40695047780273147,132
subject_575,50,Frontal,STL,-0.2187849744063828,0.011723746288652455,132
subject_575,50,Frontal,STR,-0.1884810744886047,0.03043951696604026,132
subject_575,50,Frontal,UTL,-0.1173128246817016,0.18036470179835115,132
subject_575,50,Frontal,UTR,-0.13154647464308222,0.1327048027967057,132
subject_575,50,Horizontal,MTL,,,132
subject_575,50,Horizontal,MTR,,,132
subject_575,50,Horizontal,SCML,,,132
subject_575,50,Horizontal,SCMR,,,132
subject_575,50,Horizontal,STL,,,132
subject_575,50,Horizontal,STR,,,132
subject_575,50,Horizontal,UTL,,,132
subject_575,50,Horizontal,UTR,,,132
subject_575,60,Sagittal,MTL,0.05334431480991202,0.5450905939596555,131
subject_575,60,Sagittal,MTR,-0.03710908856341706,0.6738958514792573,131
subject_575,60,Sagittal,SCML,-0.0069579541056407,0.9371319537520388,131
subject_575,60,Sagittal,SCMR,-0.03942840659863063,0.6547829596636997,131
subject_575,60,Sagittal,STL,-0.044067042669057754,0.6172304905208386,131
subject_575,60,Sagittal,STR,-0.1113272656902512,0.20553963429197494,131
subject_575,60,Sagittal,UTL,0.0347897705282035,0.6932190845180689,131
subject_575,60,Sagittal,UTR,0.07885681319726126,0.3706254246332988,131
subject_575,60,Frontal,MTL,0.015917594623158674,0.856798882945427,131
subject_575,60,Frontal,MTR,0.05040571630666913,0.5674885422401182,131
subject_575,60,Frontal,SCML,0.07746562716603887,0.37915217752553293,131
subject_575,60,Frontal,SCMR,-0.12415723806063764,0.15768567058200061,131
subject_575,60,Frontal,STL,-0.1305242759099011,0.13728827044987296,131
subject_575,60,Frontal,STR,-0.07162917580421403,0.4162059989456776,131
subject_575,60,Frontal,UTL,0.1570536002818322,0.07321835460349606,131
subject_575,60,Frontal,UTR,-0.15333949486976187,0.08036248581778205,131
subject_575,60,Horizontal,MTL,,,131
subject_575,60,Horizontal,MTR,,,131
subject_575,60,Horizontal,SCML,,,131
subject_575,60,Horizontal,SCMR,,,131
subject_575,60,Horizontal,STL,,,131
subject_575,60,Horizontal,STR,,,131
subject_575,60,Horizontal,UTL,,,131
subject_575,60,Horizontal,UTR,,,131
subject_575,70,Sagittal,MTL,0.14147840014802754,0.10698511896113878,131
subject_575,70,Sagittal,MTR,0.07653749516204768,0.38490659035411695,131
subject_575,70,Sagittal,SCML,-0.1113272656902512,0.20553963429197494,131
subject_575,70,Sagittal,SCMR,-0.07653749516204768,0.38490659035411695,131
subject_575,70,Sagittal,STL,0.0,1.0,131
subject_575,70,Sagittal,STR,-0.14843635425366825,0.09063914385262901,131
subject_575,70,Sagittal,UTL,-0.12524317390153258,0.15405494204401646,131
subject_575,70,Sagittal,UTR,-0.14843635425366825,0.09063914385262901,131
subject_575,70,Frontal,MTL,0.05997254641899951,0.49621875162104356,131
subject_575,70,Frontal,MTR,0.050619030005027106,0.5658481129067324,131
subject_575,70,Frontal,SCML,-0.059422339571118775,0.5001857529606362,131
subject_575,70,Frontal,SCMR,-0.0858322682693938,0.3296693381968176,131
subject_575,70,Frontal,STL,-0.0764787518554214,0.38527256540606286,131
subject_575,70,Frontal,STR,-0.14855584892779697,0.09037683169463767,131
subject_575,70,Frontal,UTL,0.11884467914223755,0.17637545269733548,131
subject_575,70,Frontal,UTR,-0.18156825980064073,0.03793921281473471,131
subject_575,70,Horizontal,MTL,,,131
subject_575,70,Horizontal,MTR,,,131
subject_575,70,Horizontal,SCML,,,131
subject_575,70,Horizontal,SCMR,,,131
subject_575,70,Horizontal,STL,,,131
subject_575,70,Horizontal,STR,,,131
subject_575,70,Horizontal,UTL,,,131
subject_575,70,Horizontal,UTR,,,131
subject_575,80,Sagittal,MTL,-0.06422995318740857,0.4643619481918347,132
subject_575,80,Sagittal,MTR,0.012124451991814967,0.8902566126951277,132
subject_575,80,Sagittal,SCML,-0.14680202605474232,0.09301608322516774,132
subject_575,80,Sagittal,SCMR,-0.15102425620573812,0.08388744236486677,132
subject_575,80,Sagittal,STL,-0.2557847269042467,0.0030743994976038577,132
subject_575,80,Sagittal,STR,-0.20271042632469172,0.019749672763091548,132
subject_575,80,Sagittal,UTL,-0.2273931210772596,0.008737861267824974,132
subject_575,80,Sagittal,UTR,-0.3182578274774567,0.00020009055452082774,132
subject_575,80,Frontal,MTL,-0.15028175863723664,0.08543862899456825,132
subject_575,80,Frontal,MTR,0.05555334523997996,0.5269442150609503,132
subject_575,80,Frontal,SCML,-0.12460770266975585,0.1545705118517601,132
subject_575,80,Frontal,SCMR,-0.10203223966386755,0.24436218716939892,132
subject_575,80,Frontal,STL,-0.17639847074208775,0.043044000374067366,132
subject_575,80,Frontal,STR,-0.2078270564953832,0.01679291238767054,132
subject_575,80,Frontal,UTL,-0.22509064585282712,0.009462220190072009,132
subject_575,80,Frontal,UTR,-0.29104641032101053,0.0007100569608522523,132
subject_575,80,Horizontal,MTL,,,132
subject_575,80,Horizontal,MTR,,,132
subject_575,80,Horizontal,SCML,,,132
subject_575,80,Horizontal,SCMR,,,132
subject_575,80,Horizontal,STL,,,132
subject_575,80,Horizontal,STR,,,132
subject_575,80,Horizontal,UTL,,,132
subject_575,80,Horizontal,UTR,,,132
subject_575,90,Sagittal,MTL,-0.320257607349045,0.00019216783775115968,131
subject_575,90,Sagittal,MTR,-0.04790177887699391,0.5869106258386186,131
subject_575,90,Sagittal,SCML,0.03010968957982474,0.7328057282354139,131
subject_575,90,Sagittal,SCMR,-0.28741067326196346,0.0008729758437493658,131
subject_575,90,Sagittal,STL,-0.4840360703665766,4.707623508298142e-09,131
subject_575,90,Sagittal,STR,-0.32481968152780627,0.00015354220010595663,131
subject_575,90,Sagittal,UTL,-0.31158966640939845,0.00029149342979601034,131
subject_575,90,Sagittal,UTR,-0.5625037462412713,2.710746087521526e-12,131
subject_575,90,Frontal,MTL,-0.35816195069810286,2.665928658567894e-05,131
subject_575,90,Frontal,MTR,-0.09885918096191978,0.2612655205596463,131
subject_575,90,Frontal,SCML,-0.049834751058672674,0.57189043083738,131
subject_575,90,Frontal,SCMR,-0.1709777637947957,0.050869691473467,131
subject_575,90,Frontal,STL,-0.19650288019070122,0.02448058606696624,131
subject_575,90,Frontal,STR,-0.15598682241942263,0.07521566297328307,131
subject_575,90,Frontal,UTL,-0.2609234120470342,0.002611570494728974,131
subject_575,90,Frontal,UTR,-0.3986780084693814,2.4005678722836174e-06,131
subject_575,90,Horizontal,MTL,-0.11201065550378207,0.20275346487998913,131
subject_575,90,Horizontal,MTR,-0.14677258307392133,0.0943546590937459,131
subject_575,90,Horizontal,SCML,-0.25685202037936233,0.0030616309549927052,131
subject_575,90,Horizontal,SCMR,-0.16125671956147936,0.06576235577132092,131
subject_575,90,Horizontal,STL,-0.21919326551171148,0.011889571584779178,131
subject_575,90,Horizontal,STR,-0.2906483388503311,0.0007578520474211811,131
subject_575,90,Horizontal,UTL,-0.18346572884240167,0.0359427319853883,131
subject_575,90,Horizontal,UTR,-0.25492080218102126,0.003298623764844683,131
subject_577,10,Sagittal,MTL,-0.047278422363045386,0.6810429894204968,78
subject_577,10,Sagittal,MTR,-0.11668152256243003,0.3089889457510155,78
subject_577,10,Sagittal,SCML,0.35354204675245593,0.0014973353394485633,78
subject_577,10,Sagittal,SCMR,-0.08447036492208572,0.46216102274689175,78
subject_577,10,Sagittal,STL,0.5137078514420595,1.5090901585797608e-06,78
subject_577,10,Sagittal,STR,0.44435159248015477,4.592558847634541e-05,78
subject_577,10,Sagittal,UTL,-0.2562527965067044,0.023538469796557753,78
subject_577,10,Sagittal,UTR,-0.1524838417429,0.18260834406966658,78
subject_577,10,Frontal,MTL,-0.2737937392853833,0.015283764503453775,78
subject_577,10,Frontal,MTR,-0.2629860916820129,0.02000573647581201,78
subject_577,10,Frontal,SCML,0.2197555012685313,0.05321206071242135,78
subject_577,10,Frontal,SCMR,0.2737937392853833,0.015283764503453775,78
subject_577,10,Frontal,STL,-0.255780993279766,0.023804754989481917,78
subject_577,10,Frontal,STR,-0.25938354248088946,0.02183487274929263,78
subject_577,10,Frontal,UTL,0.2701911900842598,0.016737792199935903,78
subject_577,10,Frontal,UTR,0.2737937392853833,0.015283764503453775,78
subject_577,10,Horizontal,MTL,-0.16781061692677762,0.14194907899879086,78
subject_577,10,Horizontal,MTR,0.10678857440794941,0.3520766727800552,78
subject_577,10,Horizontal,SCML,0.12138080196679965,0.28977345342594174,78
subject_577,10,Horizontal,SCMR,-0.027194605905129975,0.8131670836994944,78
subject_577,10,Horizontal,STL,-0.1969950720444781,0.08386145242821431,78
subject_577,10,Horizontal,STR,-0.3256719877907029,0.0036190524169189527,78
subject_577,10,Horizontal,UTL,-0.0975026114159538,0.3957461464370681,78
subject_577,10,Horizontal,UTR,-0.20628103503647374,0.0699935242774784,78
subject_577,20,Sagittal,MTL,0.059466518541159516,0.6050355280323853,78
subject_577,20,Sagittal,MTR,0.0824422188866075,0.4730178793618428,78
subject_577,20,Sagittal,SCML,0.4189686533581693,0.0001346967426539802,78
subject_577,20,Sagittal,SCMR,0.3338234109015091,0.0028188349579922173,78
subject_577,20,Sagittal,STL,0.37166574088224696,0.0008071236770030077,78
subject_577,20,Sagittal,STR,0.356799111246957,0.0013434726675877224,78
subject_577,20,Sagittal,UTL,0.07298163639142304,0.5254300038049461,78
subject_577,20,Sagittal,UTR,-0.0824422188866075,0.4730178793618428,78
subject_577,20,Frontal,MTL,,,78
subject_577,20,Frontal,MTR,,,78
subject_577,20,Frontal,SCML,,,78
subject_577,20,Frontal,SCMR,,,78
subject_577,20,Frontal,STL,,,78
subject_577,20,Frontal,STR,,,78
subject_577,20,Frontal,UTL,,,78
subject_577,20,Frontal,UTR,,,78
subject_577,20,Horizontal,MTL,0.19232349863594056,0.09161882801341882,78
subject_577,20,Horizontal,MTR,0.23506205388837176,0.03830111467208021,78
subject_577,20,Horizontal,SCML,0.07479247169175467,0.5151775132834999,78
subject_577,20,Horizontal,SCMR,0.10684638813107808,0.3518145229759017,78
subject_577,20,Horizontal,STL,0.010684638813107808,0.9260280641173932,78
subject_577,20,Horizontal,STR,-0.18591271534807588,0.10317145464853021,78
subject_577,20,Horizontal,UTL,0.277800609140803,0.013795820243986815,78
subject_577,20,Horizontal,UTR,0.02350620538883718,0.838136541043641,78
subject_577,30,Sagittal,MTL,-0.14986230257683675,0.1903350183509389,78
subject_577,30,Sagittal,MTR,0.11451518688007838,0.31811888631321705,78
subject_577,30,Sagittal,SCML,0.15877798131284945,0.16499255656901468,78
subject_577,30,Sagittal,SCMR,0.38032865291217427,0.0005930305690197695,78
subject_577,30,Sagittal,STL,-0.14746374829741388,0.1976087265571934,78
subject_577,30,Sagittal,STR,0.05279975407203283,0.6461576398162657,78
subject_577,30,Sagittal,UTL,0.24499969567315652,0.030625180527994747,78
subject_577,30,Sagittal,UTR,0.3475063311937558,0.0018251059647751806,78
subject_577,30,Frontal,MTL,,,78
subject_577,30,Frontal,MTR,,,78
subject_577,30,Frontal,SCML,,,78
subject_577,30,Frontal,SCMR,,,78
subject_577,30,Frontal,STL,,,78
subject_577,30,Frontal,STR,,,78
subject_577,30,Frontal,UTL,,,78
subject_577,30,Frontal,UTR,,,78
subject_577,30,Horizontal,MTL,0.17799082506194816,0.1189797490922261,78
subject_577,30,Horizontal,MTR,-0.016076590650756607,0.8888960401794882,78
subject_577,30,Horizontal,SCML,0.19866072732720666,0.08122509637320759,78
subject_577,30,Horizontal,SCMR,-0.4111013894979189,0.00018485376062874148,78
subject_577,30,Horizontal,STL,0.5247858519568407,8.132948653413893e-07,78
subject_577,30,Horizontal,STR,0.0734929858320302,0.522524542497002,78
subject_577,30,Horizontal,UTL,-0.06660301841027737,0.5623402630588084,78
subject_577,30,Horizontal,UTR,-0.7429681536456803,6.811256832292801e-15,78
subject_577,40,Sagittal,MTL,0.04736358487158912,0.6825062444378107,77
subject_577,40,Sagittal,MTR,0.06848811568964408,0.5539533753804158,77
subject_577,40,Sagittal,SCML,0.23083548202796084,0.04340320438163947,77
subject_577,40,Sagittal,SCMR,-0.08437413483014762,0.4656515281283904,77
subject_577,40,Sagittal,STL,-0.3070573767918598,0.006601588617547694,77
subject_577,40,Sagittal,STR,0.36000044155669897,0.001300481993809645,77
subject_577,40,Sagittal,UTL,0.31251286824303764,0.005655633234359798,77
subject_577,40,Sagittal,UTR,0.3502983459645475,0.0017891260071132965,77
subject_577,40,Frontal,MTL,,,77
subject_577,40,Frontal,MTR,,,77
subject_577,40,Frontal,SCML,,,77
subject_577,40,Frontal,SCMR,,,77
subject_577,40,Frontal,STL,,,77
subject_577,40,Frontal,STR,,,77
subject_577,40,Frontal,UTL,,,77
subject_577,40,Frontal,UTR,,,77
subject_577,40,Horizontal,MTL,0.059964830945743404,0.604423889929382,77
subject_577,40,Horizontal,MTR,0.22786635759382495,0.04624848543845907,77
subject_577,40,Horizontal,SCML,0.003997655396382894,0.9724739429934948,77
subject_577,40,Horizontal,SCMR,0.041309105762623234,0.7213094415802451,77
subject_577,40,Horizontal,STL,0.1892223554287903,0.09931416539460314,77
subject_577,40,Horizontal,STR,-0.23719422018538502,0.03779522032264069,77
subject_577,40,Horizontal,UTL,-0.03464634676865175,0.7648350537660776,77
subject_577,40,Horizontal,UTR,-0.37577960725999204,0.0007575545363410005,77
subject_577,50,Sagittal,MTL,0.04595221310698644,0.6914829308134606,77
subject_577,50,Sagittal,MTR,0.09195001372697584,0.42641122534434234,77
subject_577,50,Sagittal,SCML,0.27630591631095713,0.014996037132106383,77
subject_577,50,Sagittal,SCMR,-0.14200510300422892,0.21796307069732587,77
subject_577,50,Sagittal,STL,0.117433433495632,0.3090849292513312,77
subject_577,50,Sagittal,STR,0.45897508091382877,2.6886863143482357e-05,77
subject_577,50,Sagittal,UTL,0.08807507512172401,0.44624116628173655,77
subject_577,50,Sagittal,UTR,0.21503629883497521,0.06036639068067052,77
subject_577,50,Frontal,MTL,,,77
subject_577,50,Frontal,MTR,,,77
subject_577,50,Frontal,SCML,,,77
subject_577,50,Frontal,SCMR,,,77
subject_577,50,Frontal,STL,,,77
subject_577,50,Frontal,STR,,,77
subject_577,50,Frontal,UTL,,,77
subject_577,50,Frontal,UTR,,,77
subject_577,50,Horizontal,MTL,0.017469999198697503,0.8801313639705586,77
subject_577,50,Horizontal,MTR,0.17719570615821753,0.12315107859767992,77
subject_577,50,Horizontal,SCML,0.006239285428106252,0.9570510765673201,77
subject_577,50,Horizontal,SCMR,0.11230713770591251,0.33082525234951005,77
subject_577,50,Horizontal,STL,0.10981142353467002,0.34175180446282394,77
subject_577,50,Horizontal,STR,-0.39057926779945135,0.00044499554492116196,77
subject_577,50,Horizontal,UTL,0.1659649923876263,0.1491495924543386,77
subject_577,50,Horizontal,UTR,-0.3157078426621763,0.005159116569897723,77
subject_577,60,Sagittal,MTL,0.06432976170102747,0.5757847778021192,78
subject_577,60,Sagittal,MTR,-0.014686124531129233,0.8984519938645156,78
subject_577,60,Sagittal,SCML,0.4178741109349687,0.00014082709711313223,78
subject_577,60,Sagittal,SCMR,-0.12780897564928684,0.2647927141943967,78
subject_577,60,Sagittal,STL,-0.0880316924114986,0.4434311382470578,78
subject_577,60,Sagittal,STR,0.45008151917312084,3.559137667712492e-05,78
subject_577,60,Sagittal,UTL,0.37018673359643706,0.0008500183794817904,78
subject_577,60,Sagittal,UTR,0.32774440073330874,0.0033984262887251124,78
subject_577,60,Frontal,MTL,,,78
subject_577,60,Frontal,MTR,,,78
subject_577,60,Frontal,SCML,,,78
subject_577,60,Frontal,SCMR,,,78
subject_577,60,Frontal,STL,,,78
subject_577,60,Frontal,STR,,,78
subject_577,60,Frontal,UTL,,,78
subject_577,60,Frontal,UTR,,,78
subject_577,60,Horizontal,MTL,-0.20205981977439236,0.0760498051421487,78
subject_577,60,Horizontal,MTR,-0.148269151028991,0.1951444131500797,78
subject_577,60,Horizontal,SCML,0.0999954739497846,0.38371931049779084,78
subject_577,60,Horizontal,SCMR,-0.06551427603606579,0.5687607553827938,78
subject_577,60,Horizontal,STL,0.09585773020013835,0.4038026843049811,78
subject_577,60,Horizontal,STR,-0.06413502811951703,0.5769433548304409,78
subject_577,60,Horizontal,UTL,0.2917109343500613,0.009560021003696016,78
subject_577,60,Horizontal,UTR,-0.25447124060324494,0.024557437217957733,78
subject_577,70,Sagittal,MTL,-0.07198371146075346,0.5311233950162961,78
subject_577,70,Sagittal,MTR,-0.05448238626416435,0.6356718351292241,78
subject_577,70,Sagittal,SCML,0.16664305295882673,0.14478330493629712,78
subject_577,70,Sagittal,SCMR,-0.01947973587098614,0.8655773564104101,78
subject_577,70,Sagittal,STL,0.4064873008703435,0.00022176451743895342,78
subject_577,70,Sagittal,STR,0.3393735233773366,0.0023686755922116766,78
subject_577,70,Sagittal,UTL,0.12753139578036238,0.26584039844143376,78
subject_577,70,Sagittal,UTR,0.3077189525869841,0.006131533837842917,78
subject_577,70,Frontal,MTL,,,78
subject_577,70,Frontal,MTR,,,78
subject_577,70,Frontal,SCML,,,78
subject_577,70,Frontal,SCMR,,,78
subject_577,70,Frontal,STL,,,78
subject_577,70,Frontal,STR,,,78
subject_577,70,Frontal,UTL,,,78
subject_577,70,Frontal,UTR,,,78
subject_577,70,Horizontal,MTL,-0.34523255008284115,0.0019644570290683443,78
subject_577,70,Horizontal,MTR,-0.2731638022540999,0.015529857296606216,78
subject_577,70,Horizontal,SCML,-0.049983163816707636,0.6638643523453673,78
subject_577,70,Horizontal,SCMR,-0.03370957559731445,0.7695286119180242,78
subject_577,70,Horizontal,STL,0.1057783234260557,0.3566770910647299,78
subject_577,70,Horizontal,STR,0.03835917223142679,0.7388080844114807,78
subject_577,70,Horizontal,UTL,0.15692388640129146,0.170046079338658,78
subject_577,70,Horizontal,UTR,-0.07090634867021316,0.537304231947139,78
subject_577,80,Sagittal,MTL,0.1575521831120711,0.16832101338070962,78
subject_577,80,Sagittal,MTR,-0.12290249607583945,0.28372402100263355,78
subject_577,80,Sagittal,SCML,0.12847620991432565,0.2622857582466512,78
subject_577,80,Sagittal,SCMR,0.11659872400158174,0.30933474521600063,78
subject_577,80,Sagittal,STL,0.37659773300643334,0.0006779230614154348,78
subject_577,80,Sagittal,STR,0.4253010410812662,0.00010380592498220418,78
subject_577,80,Sagittal,UTL,0.18154582782233036,0.11166981062957713,78
subject_577,80,Sagittal,UTR,0.5200541763355317,1.0618873621140312e-06,78
subject_577,80,Frontal,MTL,,,78
subject_577,80,Frontal,MTR,,,78
subject_577,80,Frontal,SCML,,,78
subject_577,80,Frontal,SCMR,,,78
subject_577,80,Frontal,STL,,,78
subject_577,80,Frontal,STR,,,78
subject_577,80,Frontal,UTL,,,78
subject_577,80,Frontal,UTR,,,78
subject_577,80,Horizontal,MTL,-0.18980935786216485,0.09602164130680851,78
subject_577,80,Horizontal,MTR,0.048085037325081764,0.675902448114585,78
subject_577,80,Horizontal,SCML,-0.03796187157243297,0.7414179636067725,78
subject_577,80,Horizontal,SCMR,-0.02783870581978418,0.8088249861221027,78
subject_577,80,Horizontal,STL,0.13919352909892088,0.22421231558463536,78
subject_577,80,Horizontal,STR,0.04302345444875737,0.7083958193384904,78
subject_577,80,Horizontal,UTL,-0.08857770033567694,0.4405976250207938,78
subject_577,80,Horizontal,UTR,0.022777122943459786,0.8430920294925991,78
subject_577,90,Sagittal,MTL,-0.12138392331491019,0.2929774835539573,77
subject_577,90,Sagittal,MTR,-0.030345980828727546,0.7933293267476024,77
subject_577,90,Sagittal,SCML,-0.2968628559332043,0.008748222773258842,77
subject_577,90,Sagittal,SCMR,-0.09876580095809462,0.3927820543801445,77
subject_577,90,Sagittal,STL,0.4746036007871799,1.295921770140936e-05,77
subject_577,90,Sagittal,STR,0.27631806145909676,0.014991429517124972,77
subject_577,90,Sagittal,UTL,-0.3119416041710813,0.005748730077633002,77
subject_577,90,Sagittal,UTR,-0.16379290273393937,0.15461988401894844,77
subject_577,90,Frontal,MTL,,,77
subject_577,90,Frontal,MTR,,,77
subject_577,90,Frontal,SCML,,,77
subject_577,90,Frontal,SCMR,,,77
subject_577,90,Frontal,STL,,,77
subject_577,90,Frontal,STR,,,77
subject_577,90,Frontal,UTL,,,77
subject_577,90,Frontal,UTR,,,77
subject_577,90,Horizontal,MTL,-0.05435412933185488,0.6387111300679013,77
subject_577,90,Horizontal,MTR,-0.015098369258848578,0.8963068999764708,77
subject_577,90,Horizontal,SCML,-0.003019673851769715,0.9792061480704295,77
subject_577,90,Horizontal,SCMR,-0.030196738517697157,0.7943233179344648,77
subject_577,90,Horizontal,STL,0.15098369258848576,0.18994745139876626,77
subject_577,90,Horizontal,STR,0.09662956325663088,0.4031487817485718,77
subject_577,90,Horizontal,UTL,0.12984597562609776,0.2603644573388517,77
subject_577,90,Horizontal,UTR,0.2023181480685709,0.07763198245328261,77
subject_578,10,Sagittal,MTL,0.006457427632431106,0.9421012195654709,129
subject_578,10,Sagittal,MTR,0.18484649522411908,0.03598249403195926,129
subject_578,10,Sagittal,SCML,0.06932374589891349,0.4350128275872822,129
subject_578,10,Sagittal,SCMR,0.032531132170416775,0.7143776028145296,129
subject_578,10,Sagittal,STL,0.17110290168981782,0.05253029659791266,129
subject_578,10,Sagittal,STR,-0.02953589537934775,0.7396849392899746,129
subject_578,10,Sagittal,UTL,-0.15984131617058783,0.07038420278761641,129
subject_578,10,Sagittal,UTR,0.1487353820014555,0.09252289341446591,129
subject_578,10,Horizontal,MTL,-0.1400428656045383,0.11344189953321017,129
subject_578,10,Horizontal,MTR,-0.14953729717094766,0.09075852599861228,129
subject_578,10,Horizontal,SCML,-0.14953729717094766,0.09075852599861228,129
subject_578,10,Horizontal,SCMR,-0.14953729717094766,0.09075852599861228,129
subject_578,10,Horizontal,STL,-0.15191090506255,0.08569246057516894,129
subject_578,10,Horizontal,STR,-0.13766925771293595,0.1197507624105712,129
subject_578,10,Horizontal,UTL,-0.15191090506255,0.08569246057516894,129
subject_578,10,Horizontal,UTR,-0.15191090506255,0.08569246057516894,129
subject_578,20,Sagittal,MTL,-0.18668428302694784,0.0348619254226042,128
subject_578,20,Sagittal,MTR,-0.003068782734689554,0.9725750862270004,128
subject_578,20,Sagittal,SCML,0.05472662543529704,0.5395145103478611,128
subject_578,20,Sagittal,SCMR,0.13093473001342096,0.14070370789072978,128
subject_578,20,Sagittal,STL,0.029153435979550765,0.7439195103995444,128
subject_578,20,Sagittal,STR,-0.11303349739439858,0.20395693646272706,128
subject_578,20,Sagittal,UTL,-0.17594354345553445,0.046969810479051584,128
subject_578,20,Sagittal,UTR,0.09717811993183588,0.27516522658139336,128
subject_578,20,Horizontal,MTL,,,128
subject_578,20,Horizontal,MTR,,,128
subject_578,20,Horizontal,SCML,,,128
subject_578,20,Horizontal,SCMR,,,128
subject_578,20,Horizontal,STL,,,128
subject_578,20,Horizontal,STR,,,128
subject_578,20,Horizontal,UTL,,,128
subject_578,20,Horizontal,UTR,,,128
subject_578,30,Sagittal,MTL,-0.1457035380288146,0.10078779285908408,128
subject_578,30,Sagittal,MTR,-0.03160091290581277,0.7232603803733454,128
subject_578,30,Sagittal,SCML,-0.1096488051832564,0.21791771141250854,128
subject_578,30,Sagittal,SCMR,0.2339315901685335,0.007868697172299233,128
subject_578,30,Sagittal,STL,-0.32215964230825234,0.00020854072703808735,128
subject_578,30,Sagittal,STR,-0.29246750937661614,0.000808137942589203,128
subject_578,30,Sagittal,UTL,-0.27846978956598767,0.0014584744104417285,128
subject_578,30,Sagittal,UTR,0.27253136297966046,0.0018568260183041546,128
subject_578,30,Horizontal,MTL,,,128
subject_578,30,Horizontal,MTR,,,128
subject_578,30,Horizontal,SCML,,,128
subject_578,30,Horizontal,SCMR,,,128
subject_578,30,Horizontal,STL,,,128
subject_578,30,Horizontal,STR,,,128
subject_578,30,Horizontal,UTL,,,128
subject_578,30,Horizontal,UTR,,,128
subject_578,40,Sagittal,MTL,0.026460663377146403,0.765960948492439,129
subject_578,40,Sagittal,MTR,0.06709668213490695,0.44994530511016356,129
subject_578,40,Sagittal,SCML,-0.05575639783041564,0.5302689214346241,129
subject_578,40,Sagittal,SCMR,-0.13372085242379345,0.1308425485548534,129
subject_578,40,Sagittal,STL,-0.12899573396358874,0.14513188124599827,129
subject_578,40,Sagittal,STR,-0.34162606467280093,7.424786278188012e-05,129
subject_578,40,Sagittal,UTL,0.03496587660551489,0.6940308107274139,129
subject_578,40,Sagittal,UTR,0.05103127937021092,0.565739900989256,129
subject_578,40,Horizontal,MTL,,,129
subject_578,40,Horizontal,MTR,,,129
subject_578,40,Horizontal,SCML,,,129
subject_578,40,Horizontal,SCMR,,,129
subject_578,40,Horizontal,STL,,,129
subject_578,40,Horizontal,STR,,,129
subject_578,40,Horizontal,UTL,,,129
subject_578,40,Horizontal,UTR,,,129
subject_578,50,Sagittal,MTL,-0.03003905212127461,0.73541329633057,129
subject_578,50,Sagittal,MTR,-0.07089216300620807,0.4246684536781218,129
subject_578,50,Sagittal,SCML,-0.08831481323654734,0.31961639060501396,129
subject_578,50,Sagittal,SCMR,-0.3021928643400225,0.0005003182175874604,129
subject_578,50,Sagittal,STL,-0.024031241697019683,0.7869103696334336,129
subject_578,50,Sagittal,STR,-0.16401322458215936,0.06326869156698622,129
subject_578,50,Sagittal,UTL,-0.02463202273944518,0.7817148611333541,129
subject_578,50,Sagittal,UTR,-0.13457495350331022,0.1283788569137101,129
subject_578,50,Horizontal,MTL,,,129
subject_578,50,Horizontal,MTR,,,129
subject_578,50,Horizontal,SCML,,,129
subject_578,50,Horizontal,SCMR,,,129
subject_578,50,Horizontal,STL,,,129
subject_578,50,Horizontal,STR,,,129
subject_578,50,Horizontal,UTL,,,129
subject_578,50,Horizontal,UTR,,,129
subject_578,60,Sagittal,MTL,-0.0881920249663783,0.32221257454841146,128
subject_578,60,Sagittal,MTR,0.034668589124714225,0.6976464651240464,128
subject_578,60,Sagittal,SCML,0.09731533789393466,0.27448473417315994,128
subject_578,60,Sagittal,SCMR,-0.3387790200432601,9.169997563150925e-05,128
subject_578,60,Sagittal,STL,0.15144699459743585,0.08791939552444467,128
subject_578,60,Sagittal,STR,-0.021895951026135303,0.8062058059726006,128
subject_578,60,Sagittal,UTL,0.08150159548617028,0.36042136080930054,128
subject_578,60,Sagittal,UTR,0.06264674876922045,0.48236449122869723,128
subject_578,60,Horizontal,MTL,,,128
subject_578,60,Horizontal,MTR,,,128
subject_578,60,Horizontal,SCML,,,128
subject_578,60,Horizontal,SCMR,,,128
subject_578,60,Horizontal,STL,,,128
subject_578,60,Horizontal,STR,,,128
subject_578,60,Horizontal,UTL,,,128
subject_578,60,Horizontal,UTR,,,128
subject_578,70,Sagittal,MTL,-0.06386319049289463,0.47388440955340144,128
subject_578,70,Sagittal,MTR,0.07541938686779938,0.39749223955148666,128
subject_578,70,Sagittal,SCML,0.08636736238086702,0.3323643760138264,128
subject_578,70,Sagittal,SCMR,-0.22504171887972396,0.010651531331944915,128
subject_578,70,Sagittal,STL,0.14901411115008747,0.09320071400831675,128
subject_578,70,Sagittal,STR,-0.051090552394315696,0.5668291710037562,128
subject_578,70,Sagittal,UTL,0.05595631928901244,0.5304265691824267,128
subject_578,70,Sagittal,UTR,0.09974822134128304,0.26260801602663836,128
subject_578,70,Horizontal,MTL,,,128
subject_578,70,Horizontal,MTR,,,128
subject_578,70,Horizontal,SCML,,,128
subject_578,70,Horizontal,SCMR,,,128
subject_578,70,Horizontal,STL,,,128
subject_578,70,Horizontal,STR,,,128
subject_578,70,Horizontal,UTL,,,128
subject_578,70,Horizontal,UTR,,,128
subject_578,80,Sagittal,MTL,-0.005084975744726109,0.9545723256409807,128
subject_578,80,Sagittal,MTR,-0.03992660477241258,0.6545391994772664,128
subject_578,80,Sagittal,SCML,0.38924881905567565,5.597151665087341e-06,128
subject_578,80,Sagittal,SCMR,-0.23114251861334187,0.00866301146269532,128
subject_578,80,Sagittal,STL,-0.21196192068477088,0.016309756877647855,128
subject_578,80,Sagittal,STR,-0.4500290308412722,9.847248250521828e-08,128
subject_578,80,Sagittal,UTL,0.38360154565180576,7.836820416713131e-06,128
subject_578,80,Sagittal,UTR,-0.08238354901097215,0.35522976750220897,128
subject_578,80,Horizontal,MTL,-0.03230254651001995,0.7173737108995495,128
subject_578,80,Horizontal,MTR,0.04490841831880822,0.6147177541806327,128
subject_578,80,Horizontal,SCML,-0.3206618641360517,0.00022405611525776932,128
subject_578,80,Horizontal,SCMR,0.20484541689280944,0.02036904002021631,128
subject_578,80,Horizontal,STL,0.1481189937532622,0.09520598433500356,128
subject_578,80,Horizontal,STR,0.18830021014377485,0.03329112601570235,128
subject_578,80,Horizontal,UTL,-0.35296441064607165,4.379508319913411e-05,128
subject_578,80,Horizontal,UTR,0.04175695036661115,0.6397876077650096,128
subject_578,90,Sagittal,MTL,0.1443118344762564,0.10411895333031436,128
subject_578,90,Sagittal,MTR,-0.018450855532937523,0.8362305481190145,128
subject_578,90,Sagittal,SCML,0.5315489401096025,1.0769864380625155e-10,128
subject_578,90,Sagittal,SCMR,-0.3260080884585573,0.00017312807638227237,128
subject_578,90,Sagittal,STL,-0.06967491578321987,0.4345089451483288,128
subject_578,90,Sagittal,STR,-0.192624653140175,0.02937895564688266,128
subject_578,90,Sagittal,UTL,0.475590739318776,1.4022195242372217e-08,128
subject_578,90,Sagittal,UTR,0.09339958588918909,0.29435123195183605,128
subject_578,90,Horizontal,MTL,-0.22341690164137204,0.01124454253603544,128
subject_578,90,Horizontal,MTR,-0.06037103653820113,0.4984453872495121,128
subject_578,90,Horizontal,SCML,-0.5750671728638866,1.25480372798148e-12,128
subject_578,90,Horizontal,SCMR,0.10664080906747936,0.2308830366478029,128
subject_578,90,Horizontal,STL,0.006169303003903764,0.9448991567613936,128
subject_578,90,Horizontal,STR,0.05904904303736459,0.5079147187745732,128
subject_578,90,Horizontal,UTL,-0.5301193938354448,1.233496230692783e-10,128
subject_578,90,Horizontal,UTR,-0.03833781152425911,0.6674532309416823,128
subject_579,10,Sagittal,MTL,0.17589330463762878,0.012281451438070847,202
subject_579,10,Sagittal,MTR,0.2717413846055195,9.150691764922981e-05,202
subject_579,10,Sagittal,SCML,0.2534881460900045,0.00027261786002266903,202
subject_579,10,Sagittal,SCMR,0.09000666738446643,0.20270467534282832,202
subject_579,10,Sagittal,STL,-0.22745670457089276,0.0011319947363949104,202
subject_579,10,Sagittal,STR,0.2527356291710448,0.0002846890390658959,202
subject_579,10,Sagittal,UTL,-0.11247682258460161,0.11099498790234406,202
subject_579,10,Sagittal,UTR,-0.12874529772636056,0.06784032361167987,202
subject_579,10,Frontal,MTL,-0.0270198287022041,0.7026761496941757,202
subject_579,10,Frontal,MTR,-0.09643194666227524,0.17217954766692065,202
subject_579,10,Frontal,SCML,-0.234938176893806,0.0007637480534636912,202
subject_579,10,Frontal,SCMR,0.15670467948392683,0.025937381280968737,202
subject_579,10,Frontal,STL,0.15346970924436606,0.029212063121229172,202
subject_579,10,Frontal,STR,0.23045823077537708,0.0009681271044034122,202
subject_579,10,Frontal,UTL,0.0033144716617136342,0.962660449827481,202
subject_579,10,Frontal,UTR,0.06719263495811256,0.3420438707735275,202
subject_579,10,Horizontal,MTL,-0.11851934986342676,0.09296719785974374,202
subject_579,10,Horizontal,MTR,-0.09651575748371884,0.1718052873364346,202
subject_579,10,Horizontal,SCML,0.059009634109216696,0.4041643471399079,202
subject_579,10,Horizontal,SCMR,-0.19803233141737128,0.004726068909999832,202
subject_579,10,Horizontal,STL,-0.05600914423925653,0.42852327776596943,202
subject_579,10,Horizontal,STR,-0.24754041427171408,0.000382581983051385,202
subject_579,10,Horizontal,UTL,0.02500408224966809,0.7239200452252254,202
subject_579,10,Horizontal,UTR,0.015502530994794214,0.8266670430454549,202
subject_579,20,Sagittal,MTL,0.02219936612170102,0.7538302394326849,202
subject_579,20,Sagittal,MTR,0.027016264266889075,0.7027135182307331,202
subject_579,20,Sagittal,SCML,0.31206329568213526,6.150529810948375e-06,202
subject_579,20,Sagittal,SCMR,0.019982706310990226,0.7777339486680094,202
subject_579,20,Sagittal,STL,-0.30904478327902823,7.636417145998302e-06,202
subject_579,20,Sagittal,STR,0.2512053824616381,0.000310783773819194,202
subject_579,20,Sagittal,UTL,0.2015252172779338,0.004027458891498925,202
subject_579,20,Sagittal,UTR,0.22011817426412184,0.0016453208900094043,202
subject_579,20,Frontal,MTL,0.24385921942388436,0.00046994014832342566,202
subject_579,20,Frontal,MTR,0.1284683639829332,0.06843903077287096,202
subject_579,20,Frontal,SCML,-0.25479518737314577,0.00025277634290036063,202
subject_579,20,Frontal,SCMR,0.17484682874172144,0.012816756045916741,202
subject_579,20,Frontal,STL,0.08354913502337094,0.23714410555788756,202
subject_579,20,Frontal,STR,0.2942568080392436,2.1309128570286855e-05,202
subject_579,20,Frontal,UTL,-0.1760255061222111,0.012215244788877661,202
subject_579,20,Frontal,UTR,0.010138285581197682,0.8861309800364879,202
subject_579,20,Horizontal,MTL,-0.31774217628168455,4.067237848760904e-06,202
subject_579,20,Horizontal,MTR,-0.1192338795377518,0.09099926917604578,202
subject_579,20,Horizontal,SCML,0.017917307303510814,0.8001965212392158,202
subject_579,20,Horizontal,SCMR,-0.15970894783489137,0.023183499673698104,202
subject_579,20,Horizontal,STL,0.16976326416348014,0.015719043212749063,202
subject_579,20,Horizontal,STR,-0.5118678223182838,6.9341066048238616e-15,202
subject_579,20,Horizontal,UTL,0.26257233796583834,0.00015991120388424536,202
subject_579,20,Horizontal,UTR,0.22158166370313015,0.0015285239993531963,202
subject_579,30,Sagittal,MTL,0.12884309176050412,0.06762992547126176,202
subject_579,30,Sagittal,MTR,-0.09780761305608555,0.16611266707792285,202
subject_579,30,Sagittal,SCML,0.6511273619468732,9.529948216703897e-26,202
subject_579,30,Sagittal,SCMR,-0.24305765648881772,0.0004912617625938011,202
subject_579,30,Sagittal,STL,-0.31330542977029974,5.62264180749228e-06,202
subject_579,30,Sagittal,STR,0.5001761878645742,3.479022069128505e-14,202
subject_579,30,Sagittal,UTL,0.42020285990952905,4.792462256388357e-10,202
subject_579,30,Sagittal,UTR,0.37279078087590894,4.6629464701844124e-08,202
subject_579,30,Frontal,MTL,0.1449920955758575,0.039510665050080294,202
subject_579,30,Frontal,MTR,-0.011984309400761891,0.8655779102108718,202
subject_579,30,Frontal,SCML,-0.14573899989308933,0.03849462594140414,202
subject_579,30,Frontal,SCMR,0.22169683236169402,0.0015196623686225218,202
subject_579,30,Frontal,STL,0.0508789287165464,0.47207697772755863,202
subject_579,30,Frontal,STR,0.028691761312433166,0.6852280704093622,202
subject_579,30,Frontal,UTL,-0.21689150620422837,0.001932143737537943,202
subject_579,30,Frontal,UTR,0.05244122372314027,0.45856329284729996,202
subject_579,30,Horizontal,MTL,-0.2432514593155238,0.0004860260688119072,202
subject_579,30,Horizontal,MTR,0.07524244682086814,0.2872068307933131,202
subject_579,30,Horizontal,SCML,-0.31668586212775746,4.395296392995485e-06,202
subject_579,30,Horizontal,SCMR,0.08080565915512826,0.25295243254272587,202
subject_579,30,Horizontal,STL,0.3172421833611834,4.219505993687441e-06,202
subject_579,30,Horizontal,STR,-0.48163510783857,3.971892918116821e-13,202
subject_579,30,Horizontal,UTL,-0.06940107386989501,0.3263771617192776,202
subject_579,30,Horizontal,UTR,-0.10222402664202973,0.1477135085379352,202
subject_579,40,Sagittal,MTL,0.001983608840919152,0.9776482340843369,202
subject_579,40,Sagittal,MTR,-0.09749944725219807,0.16745765551511171,202
subject_579,40,Sagittal,SCML,0.3901079894999545,9.519026267495917e-09,202
subject_579,40,Sagittal,SCMR,0.20014683173440062,0.004291198469338281,202
subject_579,40,Sagittal,STL,-0.07213759135758892,0.3076170048779596,202
subject_579,40,Sagittal,STR,-0.06708061326314689,0.34285107435400664,202
subject_579,40,Sagittal,UTL,0.04414579199532372,0.5327325909058251,202
subject_579,40,Sagittal,UTR,0.030825526277863977,0.6632011947910543,202
subject_579,40,Frontal,MTL,0.04242354494275558,0.5488528214593114,202
subject_579,40,Frontal,MTR,-0.0744873576907616,0.2920849851907799,202
subject_579,40,Frontal,SCML,0.1162174188238276,0.09953844738621782,202
subject_579,40,Frontal,SCMR,0.12168351055020164,0.08450379304360749,202
subject_579,40,Frontal,STL,0.06237756022155958,0.37782595335221286,202
subject_579,40,Frontal,STR,-0.04837049572584832,0.49422281287841513,202
subject_579,40,Frontal,UTL,-0.14090151706872187,0.04548420412450373,202
subject_579,40,Frontal,UTR,0.008712708146736794,0.9020558535564634,202
subject_579,40,Horizontal,MTL,,,202
subject_579,40,Horizontal,MTR,,,202
subject_579,40,Horizontal,SCML,,,202
subject_579,40,Horizontal,SCMR,,,202
subject_579,40,Horizontal,STL,,,202
subject_579,40,Horizontal,STR,,,202
subject_579,40,Horizontal,UTL,,,202
subject_579,40,Horizontal,UTR,,,202
subject_579,50,Sagittal,MTL,0.021656765728292417,0.7602454243305452,201
subject_579,50,Sagittal,MTR,-0.1802864727690405,0.01043469951587497,201
subject_579,50,Sagittal,SCML,0.45233387864232755,1.571885048814983e-11,201
subject_579,50,Sagittal,SCMR,0.22577192035471902,0.0012702478061670116,201
subject_579,50,Sagittal,STL,-0.11553914796243524,0.10240412722609393,201
subject_579,50,Sagittal,STR,-0.1740129659779069,0.013490498113963034,201
subject_579,50,Sagittal,UTL,0.26978373156383456,0.00010748152461733252,201
subject_579,50,Sagittal,UTR,0.29415011635812344,2.2508118528257584e-05,201
subject_579,50,Frontal,MTL,0.03274337750275993,0.6453136403116638,200
subject_579,50,Frontal,MTR,-0.09019816041639621,0.20401701784380635,200
subject_579,50,Frontal,SCML,0.18056388855547162,0.01050889285727302,200
subject_579,50,Frontal,SCMR,0.07654300224614276,0.2813562100484876,200
subject_579,50,Frontal,STL,-0.0030033291834044144,0.9663333974393756,200
subject_579,50,Frontal,STR,-0.07146118881027498,0.31462463906867777,200
subject_579,50,Frontal,UTL,0.09844442584593685,0.16548475521122158,200
subject_579,50,Frontal,UTR,0.046801342698684564,0.5104847790738247,200
subject_579,50,Horizontal,MTL,,,201
subject_579,50,Horizontal,MTR,,,201
subject_579,50,Horizontal,SCML,,,201
subject_579,50,Horizontal,SCMR,,,201
subject_579,50,Horizontal,STL,,,201
subject_579,50,Horizontal,STR,,,201
subject_579,50,Horizontal,UTL,,,201
subject_579,50,Horizontal,UTR,,,201
subject_579,60,Sagittal,MTL,0.007941803815756958,0.9109074232442792,201
subject_579,60,Sagittal,MTR,0.13509119797988453,0.055866249588945184,201
subject_579,60,Sagittal,SCML,0.14837606403518155,0.03554241786778941,201
subject_579,60,Sagittal,SCMR,0.36374019013096215,1.1102755359038194e-07,201
subject_579,60,Sagittal,STL,0.03467569957776878,0.625058480695449,201
subject_579,60,Sagittal,STR,0.179855218551382,0.010623269487009864,201
subject_579,60,Sagittal,UTL,-0.18881917340426838,0.007264511441421563,201
subject_579,60,Sagittal,UTR,-0.035524394681324706,0.6166088994809619,201
subject_579,60,Frontal,MTL,-0.08705576680476723,0.3891007635952292,100
subject_579,60,Frontal,MTR,0.0029839435151006234,0.9764942585462913,100
subject_579,60,Frontal,SCML,0.008543501432709153,0.932768291065617,100
subject_579,60,Frontal,SCMR,-0.13709807004959157,0.17377417691680624,100
subject_579,60,Frontal,STL,-0.02589434772472583,0.7981587178606423,100
subject_579,60,Frontal,STR,-0.1559000551878993,0.12140891772093283,100
subject_579,60,Frontal,UTL,-0.14489401510693867,0.15034170317829687,100
subject_579,60,Frontal,UTR,-0.1846652706734693,0.06587278706557742,100
subject_579,60,Horizontal,MTL,,,201
subject_579,60,Horizontal,MTR,,,201
subject_579,60,Horizontal,SCML,,,201
subject_579,60,Horizontal,SCMR,,,201
subject_579,60,Horizontal,STL,,,201
subject_579,60,Horizontal,STR,,,201
subject_579,60,Horizontal,UTL,,,201
subject_579,60,Horizontal,UTR,,,201
subject_579,70,Sagittal,MTL,-0.06287469123361322,0.37402910768747755,202
subject_579,70,Sagittal,MTR,0.0631683155706727,0.3717975923093947,202
subject_579,70,Sagittal,SCML,0.306905577124492,8.889312782596308e-06,202
subject_579,70,Sagittal,SCMR,0.3578819688567155,1.7031434105093317e-07,202
subject_579,70,Sagittal,STL,-0.029719192286129233,0.6745873040997739,202
subject_579,70,Sagittal,STR,0.07721418146905372,0.27472725936102,202
subject_579,70,Sagittal,UTL,0.024921991939700155,0.7247898126696068,202
subject_579,70,Sagittal,UTR,0.11874047934984086,0.09235458240277009,202
subject_579,70,Frontal,MTL,-0.25150698882930533,0.08812943769699998,47
subject_579,70,Frontal,MTR,-0.4777009386203277,0.0006847307080677274,47
subject_579,70,Frontal,SCML,-0.045635621449065925,0.7606737503659464,47
subject_579,70,Frontal,SCMR,0.07305306990858378,0.6255544828950116,47
subject_579,70,Frontal,STL,-0.2568582013575884,0.08135325351283856,47
subject_579,70,Frontal,STR,-0.2308837765012031,0.11842543602989743,47
subject_579,70,Frontal,UTL,0.07762264465183677,0.604034133870871,47
subject_579,70,Frontal,UTR,0.08309410914704757,0.5786986553352411,47
subject_579,70,Horizontal,MTL,,,202
subject_579,70,Horizontal,MTR,,,202
subject_579,70,Horizontal,SCML,,,202
subject_579,70,Horizontal,SCMR,,,202
subject_579,70,Horizontal,STL,,,202
subject_579,70,Horizontal,STR,,,202
subject_579,70,Horizontal,UTL,,,202
subject_579,70,Horizontal,UTR,,,202
subject_579,80,Sagittal,MTL,0.27770770076508444,6.29508436059637e-05,202
subject_579,80,Sagittal,MTR,0.3035342689009392,1.1266938449759299e-05,202
subject_579,80,Sagittal,SCML,0.37209757638030333,4.959697895108378e-08,202
subject_579,80,Sagittal,SCMR,0.5303878675208089,4.731949867453702e-16,202
subject_579,80,Sagittal,STL,-0.2993640145286104,1.5044798629593677e-05,202
subject_579,80,Sagittal,STR,0.25843990684477547,0.00020431938450577732,202
subject_579,80,Sagittal,UTL,0.3640686137021523,1.0028988445829281e-07,202
subject_579,80,Sagittal,UTR,0.26875010766280094,0.00011002696911178703,202
subject_579,80,Frontal,MTL,-0.09667093423669663,0.3062195454811765,114
subject_579,80,Frontal,MTR,-0.3706679674289996,4.915136868991029e-05,114
subject_579,80,Frontal,SCML,0.07946494455917849,0.40066561285847324,114
subject_579,80,Frontal,SCMR,0.2079251975884159,0.026426360725400434,114
subject_579,80,Frontal,STL,-0.0639002058387634,0.4993967358391304,114
subject_579,80,Frontal,STR,-0.017840773762708137,0.8505607217509069,114
subject_579,80,Frontal,UTL,-0.006489832028850293,0.9453641267905736,114
subject_579,80,Frontal,UTR,0.3665502232974382,6.0439936740920606e-05,114
subject_579,80,Horizontal,MTL,-0.26017407768150735,0.00018444142392089001,202
subject_579,80,Horizontal,MTR,-0.1834332482969184,0.008972307494770152,202
subject_579,80,Horizontal,SCML,-0.4272553771011188,2.276753465448193e-10,202
subject_579,80,Horizontal,SCMR,-0.42757917806898627,2.1993536980762369e-10,202
subject_579,80,Horizontal,STL,0.20642311701550833,0.0032042997411560812,202
subject_579,80,Horizontal,STR,-0.23783181089865235,0.0006537253466938508,202
subject_579,80,Horizontal,UTL,-0.37706622708166193,3.176913273887346e-08,202
subject_579,80,Horizontal,UTR,-0.3511621496522647,2.9895106224822163e-07,202
subject_579,90,Sagittal,MTL,-0.051179799230538406,0.4705733183875373,201
subject_579,90,Sagittal,MTR,-0.02179818373171104,0.7587279334218286,201
subject_579,90,Sagittal,SCML,0.36152710541752603,1.3420492019400427e-07,201
subject_579,90,Sagittal,SCMR,0.27391839203334,8.327784136080225e-05,201
subject_579,90,Sagittal,STL,-0.45919991186288506,7.059946060565217e-12,201
subject_579,90,Sagittal,STR,-0.018838424762836516,0.790671601648489,201
subject_579,90,Sagittal,UTL,0.237148786199822,0.0006997419174311917,201
subject_579,90,Sagittal,UTR,0.1268323639742708,0.07278171138683903,201
subject_579,90,Frontal,MTL,0.006015672154352343,0.9608735050001928,69
subject_579,90,Frontal,MTR,-0.20335220731114415,0.09376339208898854,69
subject_579,90,Frontal,SCML,0.3126650287327554,0.008905104751220043,69
subject_579,90,Frontal,SCMR,0.16384741945639417,0.178539343717873,69
subject_579,90,Frontal,STL,0.05564028232483523,0.649763049922276,69
subject_579,90,Frontal,STR,0.09143446866381646,0.454940698912807,69
subject_579,90,Frontal,UTL,-0.08093983811416751,0.5085225401959129,69
subject_579,90,Frontal,UTR,0.40327491928195663,0.0005908032813436248,69
subject_579,90,Horizontal,MTL,0.06427825304519985,0.3646417173214407,201
subject_579,90,Horizontal,MTR,0.1138736564100241,0.10748326089062872,201
subject_579,90,Horizontal,SCML,-0.4316757806030426,1.572894598765416e-10,201
subject_579,90,Horizontal,SCMR,-0.37163923968772905,5.577504787571095e-08,201
subject_579,90,Horizontal,STL,0.36446095762176767,1.0434706977232615e-07,201
subject_579,90,Horizontal,STR,-0.04111197910505169,0.5622702036054077,201
subject_579,90,Horizontal,UTL,-0.10212737666572362,0.14911909649258828,201
subject_579,90,Horizontal,UTR,-0.19120333139333562,0.006547957596840667,201
subject_580,10,Sagittal,MTL,-0.04571205109129675,0.573472832030841,154
subject_580,10,Sagittal,MTR,-0.2016196178163513,0.01216044264373033,154
subject_580,10,Sagittal,SCML,0.021896685659050417,0.7875071190801213,154
subject_580,10,Sagittal,SCMR,0.07637136705473682,0.34650099260963957,154
subject_580,10,Sagittal,STL,0.07846806866255916,0.33338308778063874,154
subject_580,10,Sagittal,STR,0.18907896857711198,0.018848370945020718,154
subject_580,10,Sagittal,UTL,0.050775783276226207,0.5317211938914219,154
subject_580,10,Sagittal,UTR,0.1638196482640068,0.04234420220094934,154
subject_580,10,Frontal,MTL,0.13366591701322497,0.09839994099681719,154
subject_580,10,Frontal,MTR,0.0954756550094464,0.23885186971917616,154
subject_580,10,Frontal,SCML,0.11911724577369029,0.141181167546155,154
subject_580,10,Frontal,SCMR,0.06637831253037703,0.4134002805408757,154
subject_580,10,Frontal,STL,-0.0700154803402607,0.3882200556748774,154
subject_580,10,Frontal,STR,-0.11548007796380662,0.15381919889038687,154
subject_580,10,Frontal,UTL,0.0500110573859005,0.5379274607563085,154
subject_580,10,Frontal,UTR,0.12093582967863213,0.13516620258168682,154
subject_580,10,Horizontal,MTL,0.29733578362306284,0.0001805127218178078,154
subject_580,10,Horizontal,MTR,0.10056487760235529,0.21462121774335102,154
subject_580,10,Horizontal,SCML,-0.15287106781039148,0.05838919139423899,154
subject_580,10,Horizontal,SCMR,0.11800027433836734,0.14497524453299476,154
subject_580,10,Horizontal,STL,-0.32286618598650907,4.427839537409623e-05,154
subject_580,10,Horizontal,STR,-0.22510342571672715,0.005003363502252206,154
subject_580,10,Horizontal,UTL,-0.08188409538519949,0.3127001807711482,154
subject_580,10,Horizontal,UTR,-0.1659476153624005,0.03969955650103142,154
subject_580,20,Sagittal,MTL,0.027451119405226626,0.7354026295551651,154
subject_580,20,Sagittal,MTR,0.029010842098705414,0.7209741953896388,154
subject_580,20,Sagittal,SCML,-0.06769196489697929,0.40419732999651353,154
subject_580,20,Sagittal,SCMR,0.07455474474828595,0.35812600163096614,154
subject_580,20,Sagittal,STL,-0.0349377883339248,0.6670752542852167,154
subject_580,20,Sagittal,STR,0.10918058854351499,0.17769385409585106,154
subject_580,20,Sagittal,UTL,-0.17843227613397306,0.02682570752938204,154
subject_580,20,Sagittal,UTR,-0.2102506190809403,0.008865293337545642,154
subject_580,20,Frontal,MTL,-0.13184733310828314,0.10310663710472057,154
subject_580,20,Frontal,MTR,-0.1282101652983995,0.11305031067895034,154
subject_580,20,Frontal,SCML,-0.10638715843909743,0.18911433172544584,154
subject_580,20,Frontal,SCMR,-0.11911724577369029,0.141181167546155,154
subject_580,20,Frontal,STL,-0.07365264815014437,0.3639879543096563,154
subject_580,20,Frontal,STR,-0.1282101652983995,0.11305031067895034,154
subject_580,20,Frontal,UTL,0.0100022114771801,0.9020152632231461,154
subject_580,20,Frontal,UTR,0.11729866186874843,0.14739768932912883,154
subject_580,20,Horizontal,MTL,,,154
subject_580,20,Horizontal,MTR,,,154
subject_580,20,Horizontal,SCML,,,154
subject_580,20,Horizontal,SCMR,,,154
subject_580,20,Horizontal,STL,,,154
subject_580,20,Horizontal,STR,,,154
subject_580,20,Horizontal,UTL,,,154
subject_580,20,Horizontal,UTR,,,154
subject_580,30,Sagittal,MTL,0.42166412750660065,5.1452531555196636e-08,154
subject_580,30,Sagittal,MTR,0.41656408622358343,7.718275750131195e-08,154
subject_580,30,Sagittal,SCML,0.030053814703494216,0.7113802448832395,154
subject_580,30,Sagittal,SCMR,0.15026907351747104,0.06286093347749423,154
subject_580,30,Sagittal,STL,0.14808334153903513,0.06683051536339349,154
subject_580,30,Sagittal,STR,0.3845066838731896,8.507954920199712e-07,154
subject_580,30,Sagittal,UTL,0.031875258018857495,0.6947342288808369,154
subject_580,30,Sagittal,UTR,0.08214709352288418,0.3111432761517745,154
subject_580,30,Frontal,MTL,-0.028188050526598462,0.728573664347392,154
subject_580,30,Frontal,MTR,-0.017276547096947443,0.8315879413266057,154
subject_580,30,Frontal,SCML,-0.05910397691060969,0.46653881533752795,154
subject_580,30,Frontal,SCMR,-0.10638715843909743,0.18911433172544584,154
subject_580,30,Frontal,STL,0.004546459762354591,0.955373119249036,154
subject_580,30,Frontal,STR,-0.06637831253037703,0.4134002805408757,154
subject_580,30,Frontal,UTL,0.10274999062921375,0.20477499435602842,154
subject_580,30,Frontal,UTR,0.13184733310828314,0.10310663710472057,154
subject_580,30,Horizontal,MTL,,,154
subject_580,30,Horizontal,MTR,,,154
subject_580,30,Horizontal,SCML,,,154
subject_580,30,Horizontal,SCMR,,,154
subject_580,30,Horizontal,STL,,,154
subject_580,30,Horizontal,STR,,,154
subject_580,30,Horizontal,UTL,,,154
subject_580,30,Horizontal,UTR,,,154
subject_580,40,Sagittal,MTL,0.23269223188803323,0.003683337735399261,154
subject_580,40,Sagittal,MTR,0.1971200804081809,0.014271445451155515,154
subject_580,40,Sagittal,SCML,0.1050916385214909,0.194589038688277,154
subject_580,40,Sagittal,SCMR,0.14787845769723426,0.06721286001170244,154
subject_580,40,Sagittal,STL,0.25493442591071563,0.0014189506116893621,154
subject_580,40,Sagittal,STR,0.1656018850622101,0.0401195419164801,154
subject_580,40,Sagittal,UTL,0.11157069304054593,0.16833286400934508,154
subject_580,40,Sagittal,UTR,0.027448071889521353,0.7354309136208292,154
subject_580,40,Frontal,MTL,,,154
subject_580,40,Frontal,MTR,,,154
subject_580,40,Frontal,SCML,,,154
subject_580,40,Frontal,SCMR,,,154
subject_580,40,Frontal,STL,,,154
subject_580,40,Frontal,STR,,,154
subject_580,40,Frontal,UTL,,,154
subject_580,40,Frontal,UTR,,,154
subject_580,40,Horizontal,MTL,,,154
subject_580,40,Horizontal,MTR,,,154
subject_580,40,Horizontal,SCML,,,154
subject_580,40,Horizontal,SCMR,,,154
subject_580,40,Horizontal,STL,,,154
subject_580,40,Horizontal,STR,,,154
subject_580,40,Horizontal,UTL,,,154
subject_580,40,Horizontal,UTR,,,154
subject_580,50,Sagittal,MTL,0.0,1.0,155
subject_580,50,Sagittal,MTR,0.3433926995443617,1.2178658398444274e-05,155
subject_580,50,Sagittal,SCML,0.27287171961943263,0.0005922187529993359,155
subject_580,50,Sagittal,SCMR,0.43900898313627,1.1024402376577141e-08,155
subject_580,50,Sagittal,STL,0.30527325093629193,0.00011224601452652329,155
subject_580,50,Sagittal,STR,0.2741423679063683,0.0005568819293612083,155
subject_580,50,Sagittal,UTL,0.19409152582942182,0.015523979815282122,155
subject_580,50,Sagittal,UTR,-0.08735706972682651,0.279763428542182,155
subject_580,50,Frontal,MTL,-0.08079277521828625,0.3176229061177801,155
subject_580,50,Frontal,MTR,-0.19178083006360877,0.01682275894623915,155
subject_580,50,Frontal,SCML,0.024482659157056438,0.7623588203658335,155
subject_580,50,Frontal,SCMR,0.021218304602782245,0.7932775342070428,155
subject_580,50,Frontal,STL,-0.05957447061550399,0.46151967229141144,155
subject_580,50,Frontal,STR,-0.1077237002910483,0.18214519024681036,155
subject_580,50,Frontal,UTL,0.023666570518487886,0.7700554766651534,155
subject_580,50,Frontal,UTR,-0.01550568413280241,0.8481392815468034,155
subject_580,50,Horizontal,MTL,,,155
subject_580,50,Horizontal,MTR,,,155
subject_580,50,Horizontal,SCML,,,155
subject_580,50,Horizontal,SCMR,,,155
subject_580,50,Horizontal,STL,,,155
subject_580,50,Horizontal,STR,,,155
subject_580,50,Horizontal,UTL,,,155
subject_580,50,Horizontal,UTR,,,155
subject_580,60,Sagittal,MTL,-0.010675643492050677,0.8951119666147573,155
subject_580,60,Sagittal,MTR,-0.08742486427273931,0.27938897973052623,155
subject_580,60,Sagittal,SCML,0.049915846597966676,0.5373656067178805,155
subject_580,60,Sagittal,SCMR,0.11108439849836514,0.16880381027819072,155
subject_580,60,Sagittal,STL,0.011541236207622353,0.8866622649299298,155
subject_580,60,Sagittal,STR,-0.0028853090519055883,0.9715765032056265,155
subject_580,60,Sagittal,UTL,0.013849483449146823,0.8641945384968763,155
subject_580,60,Sagittal,UTR,-0.13560952543956267,0.09248359974183633,155
subject_580,60,Frontal,MTL,-0.15996058265552604,0.0467902169277198,155
subject_580,60,Frontal,MTR,-0.018686983955084818,0.8174794965448575,155
subject_580,60,Frontal,SCML,0.10987946565589875,0.17350108338328757,155
subject_580,60,Frontal,SCMR,0.16220302073013623,0.043754143792018314,155
subject_580,60,Frontal,STL,0.061293307372678206,0.44867173982365727,155
subject_580,60,Frontal,STR,-0.03886892662657643,0.6311003543595524,155
subject_580,60,Frontal,UTL,0.146505954207865,0.06890408795266417,155
subject_580,60,Frontal,UTR,0.053818513790644285,0.505990579800903,155
subject_580,60,Horizontal,MTL,,,155
subject_580,60,Horizontal,MTR,,,155
subject_580,60,Horizontal,SCML,,,155
subject_580,60,Horizontal,SCMR,,,155
subject_580,60,Horizontal,STL,,,155
subject_580,60,Horizontal,STR,,,155
subject_580,60,Horizontal,UTL,,,155
subject_580,60,Horizontal,UTR,,,155
subject_580,70,Sagittal,MTL,-0.04712647335445959,0.5616570469485884,154
subject_580,70,Sagittal,MTR,-0.25015561956706855,0.0017542608541444835,154
subject_580,70,Sagittal,SCML,-0.06550283403355704,0.41960118273732755,154
subject_580,70,Sagittal,SCMR,0.07143069231713686,0.3786780149985266,154
subject_580,70,Sagittal,STL,-0.03586354261565793,0.6587997165367075,154
subject_580,70,Sagittal,STR,0.030232077246257098,0.709744938154412,154
subject_580,70,Sagittal,UTL,-0.06965233483206291,0.3906917389599381,154
subject_580,70,Sagittal,UTR,-0.12181748772756537,0.13232161719937996,154
subject_580,70,Frontal,MTL,-0.1326397465469064,0.10103444387274053,154
subject_580,70,Frontal,MTR,0.010040458901957058,0.901642461020736,154
subject_580,70,Frontal,SCML,0.057600527384911546,0.4779711951704493,154
subject_580,70,Frontal,SCMR,0.1601188972259468,0.04729466081142043,154
subject_580,70,Frontal,STL,-0.09670547258200747,0.2328284689700164,154
subject_580,70,Frontal,STR,-0.078738335599558,0.33171556891458365,154
subject_580,70,Frontal,UTL,0.08085211642102264,0.3188583137100312,154
subject_580,70,Frontal,UTR,0.09142102052834586,0.25947834339756787,154
subject_580,70,Horizontal,MTL,,,154
subject_580,70,Horizontal,MTR,,,154
subject_580,70,Horizontal,SCML,,,154
subject_580,70,Horizontal,SCMR,,,154
subject_580,70,Horizontal,STL,,,154
subject_580,70,Horizontal,STR,,,154
subject_580,70,Horizontal,UTL,,,154
subject_580,70,Horizontal,UTR,,,154
subject_580,80,Sagittal,MTL,-0.24527930523963917,0.002169337283761865,154
subject_580,80,Sagittal,MTR,-0.3894799381529242,5.959753105879331e-07,154
subject_580,80,Sagittal,SCML,-0.05454479864540885,0.5016672557959188,154
subject_580,80,Sagittal,SCMR,0.13297697250185983,0.10016261013773982,154
subject_580,80,Sagittal,STL,-0.17307342463005868,0.03183216147636698,154
subject_580,80,Sagittal,STR,-0.03791545689297071,0.6406051292088277,154
subject_580,80,Sagittal,UTL,-0.2714851082623759,0.0006597336604963075,154
subject_580,80,Sagittal,UTR,-0.30659614388484324,0.0001100383873467141,154
subject_580,80,Frontal,MTL,-0.041747171223926724,0.6072015956089158,154
subject_580,80,Frontal,MTR,-0.08296589724248729,0.30632856844544487,154
subject_580,80,Frontal,SCML,0.03963339040246208,0.6255341964955458,154
subject_580,80,Frontal,SCMR,0.14743621229715892,0.06804423507597004,154
subject_580,80,Frontal,STL,0.06288497943857316,0.4384630023653928,154
subject_580,80,Frontal,STR,0.029064486295138855,0.7204796634029194,154
subject_580,80,Frontal,UTL,0.06605565067077013,0.41567937650519876,154
subject_580,80,Frontal,UTR,0.05442985615271459,0.5025704519233455,154
subject_580,80,Horizontal,MTL,,,154
subject_580,80,Horizontal,MTR,,,154
subject_580,80,Horizontal,SCML,,,154
subject_580,80,Horizontal,SCMR,,,154
subject_580,80,Horizontal,STL,,,154
subject_580,80,Horizontal,STR,,,154
subject_580,80,Horizontal,UTL,,,154
subject_580,80,Horizontal,UTR,,,154
subject_580,90,Sagittal,MTL,-0.7547026451417835,1.9544069735489884e-29,153
subject_580,90,Sagittal,MTR,-0.8090670970840123,1.1132410665867066e-36,153
subject_580,90,Sagittal,SCML,-0.7275757378701779,1.7176049536287615e-26,153
subject_580,90,Sagittal,SCMR,-0.25646786317874504,0.0013742109563182386,153
subject_580,90,Sagittal,STL,-0.7322570828161062,5.657016166038518e-27,153
subject_580,90,Sagittal,STR,-0.6977727885098363,1.2194605090644565e-23,153
subject_580,90,Sagittal,UTL,-0.8133905991924933,2.3527275917806833e-37,153
subject_580,90,Sagittal,UTR,-0.793951262443245,1.8955043508151818e-34,153
subject_580,90,Frontal,MTL,-0.35944758946877514,5.0401459999767085e-06,153
subject_580,90,Frontal,MTR,-0.3930514082321375,5.016653110206062e-07,153
subject_580,90,Frontal,SCML,-0.3383036136176707,1.8936902385571536e-05,153
subject_580,90,Frontal,SCMR,-0.10458716626349865,0.19823577156961977,153
subject_580,90,Frontal,STL,-0.34812045954854065,1.0364634513362395e-05,153
subject_580,90,Frontal,STR,-0.35378402450865787,7.252735549281601e-06,153
subject_580,90,Frontal,UTL,-0.3756831423544446,1.7072409453103026e-06,153
subject_580,90,Frontal,UTR,-0.3821018493092442,1.094667943470759e-06,153
subject_580,90,Horizontal,MTL,0.5112049636293516,1.456925074289679e-11,153
subject_580,90,Horizontal,MTR,0.546930850541187,2.5873522428265936e-13,153
subject_580,90,Horizontal,SCML,0.4800260077790227,3.415062028450104e-10,153
subject_580,90,Horizontal,SCMR,0.10360507204432222,0.2025050326041118,153
subject_580,90,Horizontal,STL,0.53166615340613,1.5346085595269722e-12,153
subject_580,90,Horizontal,STR,0.5865541069343132,1.629761070186757e-15,153
subject_580,90,Horizontal,UTL,0.5745372177003323,8.145656182423953e-15,153
subject_580,90,Horizontal,UTR,0.5621955476762437,3.9772134885202744e-14,153
subject_581,10,Sagittal,MTL,0.10825366839235853,0.32998334037180455,83
subject_581,10,Sagittal,MTR,0.04090359040115568,0.7135058740001028,83
subject_581,10,Sagittal,SCML,0.5813571198051564,8.271412123488123e-09,83
subject_581,10,Sagittal,SCMR,0.47327805410375323,6.226517711175264e-06,83
subject_581,10,Sagittal,STL,-0.04892367400570784,0.6605025104478902,83
subject_581,10,Sagittal,STR,0.07483471334349172,0.5013412861904114,83
subject_581,10,Sagittal,UTL,0.03602635523380104,0.7464354178978116,83
subject_581,10,Sagittal,UTR,-0.14922709986989638,0.17815477495131216,83
subject_581,10,Frontal,MTL,0.3028099553719271,0.005393529470270522,83
subject_581,10,Frontal,MTR,0.1483709240394934,0.18068590676052038,83
subject_581,10,Frontal,SCML,0.5026014378708044,1.2868188792253414e-06,83
subject_581,10,Frontal,SCMR,0.24877973072810544,0.023335243437897498,83
subject_581,10,Frontal,STL,0.012275565692816692,0.9122953388431903,83
subject_581,10,Frontal,STR,0.15907562270866787,0.15087903254667406,83
subject_581,10,Frontal,UTL,-0.2660465997057207,0.015056091125107146,83
subject_581,10,Frontal,UTR,-0.0032937534366690815,0.9764239391832954,83
subject_581,10,Horizontal,MTL,0.2663068241293512,0.014953860665915655,83
subject_581,10,Horizontal,MTR,-0.3698705890685433,0.0005785395276811861,83
subject_581,10,Horizontal,SCML,0.31703193348732284,0.003497784559323052,83
subject_581,10,Horizontal,SCMR,-0.12469922717168029,0.2613416827227917,83
subject_581,10,Horizontal,STL,0.41002796731027086,0.00011831335200424054,83
subject_581,10,Horizontal,STR,0.41214151353351963,0.000108211529278951,83
subject_581,10,Horizontal,UTL,-0.38043832018478735,0.0003884833018869972,83
subject_581,10,Horizontal,UTR,-0.41214151353351963,0.000108211529278951,83
subject_581,20,Sagittal,MTL,0.7360176764035229,3.3337728836881436e-15,82
subject_581,20,Sagittal,MTR,0.611691238519539,1.0289878934828267e-09,82
subject_581,20,Sagittal,SCML,0.2990160568879494,0.006355155462131729,82
subject_581,20,Sagittal,SCMR,0.30890536648495165,0.004746920040236305,82
subject_581,20,Sagittal,STL,0.34711993098511706,0.0013982333533751289,82
subject_581,20,Sagittal,STR,0.3095379724513395,0.004657591688500015,82
subject_581,20,Sagittal,UTL,0.23393510430506642,0.034404568101762886,82
subject_581,20,Sagittal,UTR,0.3259340862740456,0.0028062226147114134,82
subject_581,20,Frontal,MTL,0.16325335877650116,0.14279047754207513,82
subject_581,20,Frontal,MTR,0.4990888396881607,1.8182074973063024e-06,82
subject_581,20,Frontal,SCML,0.4511123424150664,2.1056846821009128e-05,82
subject_581,20,Frontal,SCMR,-0.008662423118753124,0.9384335914833328,82
subject_581,20,Frontal,STL,-0.37781491602561695,0.0004663250131927449,82
subject_581,20,Frontal,STR,-0.2192259389284444,0.047833828184040646,82
subject_581,20,Frontal,UTL,0.05530623991203916,0.6216531506666682,82
subject_581,20,Frontal,UTR,0.008662423118753124,0.9384335914833328,82
subject_581,20,Horizontal,MTL,,,82
subject_581,20,Horizontal,MTR,,,82
subject_581,20,Horizontal,SCML,,,82
subject_581,20,Horizontal,SCMR,,,82
subject_581,20,Horizontal,STL,,,82
subject_581,20,Horizontal,STR,,,82
subject_581,20,Horizontal,UTL,,,82
subject_581,20,Horizontal,UTR,,,82
subject_581,30,Sagittal,MTL,-0.1376469268304809,0.2175047830397069,82
subject_581,30,Sagittal,MTR,-0.15976361073391365,0.15164696612791537,82
subject_581,30,Sagittal,SCML,-0.2061760855618422,0.0631176368972353,82
subject_581,30,Sagittal,SCMR,0.10559902529657131,0.3450658638545884,82
subject_581,30,Sagittal,STL,-0.4207304619115646,8.295265071961719e-05,82
subject_581,30,Sagittal,STR,-0.18934436236466573,0.08843480037208792,82
subject_581,30,Sagittal,UTL,-0.3183750499394492,0.003556806339197325,82
subject_581,30,Sagittal,UTR,0.600857452049205,2.401972834159838e-09,82
subject_581,30,Frontal,MTL,-0.07272450406700501,0.5161451360736723,82
subject_581,30,Frontal,MTR,0.061747220434249524,0.5815738979481944,82
subject_581,30,Frontal,SCML,0.16877573585361538,0.1295793354085108,82
subject_581,30,Frontal,SCMR,-0.259338325823848,0.018634542037996284,82
subject_581,30,Frontal,STL,-0.08370178769976047,0.45468381289781373,82
subject_581,30,Frontal,STR,0.034304011352360844,0.7596372063798356,82
subject_581,30,Frontal,UTL,-0.22366215401739273,0.04339162270433714,82
subject_581,30,Frontal,UTR,0.09467907133251595,0.3974990252884284,82
subject_581,30,Horizontal,MTL,,,82
subject_581,30,Horizontal,MTR,,,82
subject_581,30,Horizontal,SCML,,,82
subject_581,30,Horizontal,SCMR,,,82
subject_581,30,Horizontal,STL,,,82
subject_581,30,Horizontal,STR,,,82
subject_581,30,Horizontal,UTL,,,82
subject_581,30,Horizontal,UTR,,,82
subject_581,40,Sagittal,MTL,0.047022385505834166,0.6748499839268148,82
subject_581,40,Sagittal,MTR,0.30476360151067783,0.005370283870678483,82
subject_581,40,Sagittal,SCML,-0.06090768689223373,0.5867302472006608,82
subject_581,40,Sagittal,SCMR,-0.2650966729554769,0.016087144116390333,82
subject_581,40,Sagittal,STL,0.003865367683240957,0.9725062244500534,82
subject_581,40,Sagittal,STR,-0.08860323398186311,0.4286070173054321,82
subject_581,40,Sagittal,UTL,-0.34859612048179855,0.0013295630521667724,82
subject_581,40,Sagittal,UTR,0.2508736209948136,0.023003966171632008,82
subject_581,40,Frontal,MTL,-0.19347462402731522,0.08158069443039569,82
subject_581,40,Frontal,MTR,-0.026071048627794243,0.8161508111058156,82
subject_581,40,Frontal,SCML,0.10565635496527141,0.3448025521465381,82
subject_581,40,Frontal,SCMR,-0.24561672128290368,0.026135032010676264,82
subject_581,40,Frontal,STL,-0.31971338580400316,0.0034121068984622614,82
subject_581,40,Frontal,STR,-0.04802561589330519,0.6683152136167512,82
subject_581,40,Frontal,UTL,-0.3114804230794366,0.004392562761783891,82
subject_581,40,Frontal,UTR,0.3169690648958143,0.0037146951027647777,82
subject_581,40,Horizontal,MTL,,,82
subject_581,40,Horizontal,MTR,,,82
subject_581,40,Horizontal,SCML,,,82
subject_581,40,Horizontal,SCMR,,,82
subject_581,40,Horizontal,STL,,,82
subject_581,40,Horizontal,STR,,,82
subject_581,40,Horizontal,UTL,,,82
subject_581,40,Horizontal,UTR,,,82
subject_581,50,Sagittal,MTL,0.11574507487016474,0.3004304048404197,82
subject_581,50,Sagittal,MTR,0.2447264616576891,0.026699539063940687,82
subject_581,50,Sagittal,SCML,-0.10002530323178355,0.3712643953535587,82
subject_581,50,Sagittal,SCMR,-0.2553736347169624,0.020583310499652237,82
subject_581,50,Sagittal,STL,0.18843911127857796,0.08999623349904882,82
subject_581,50,Sagittal,STR,0.06604946066546721,0.5554819059530486,82
subject_581,50,Sagittal,UTL,0.06553427487227657,0.5585765971968489,82
subject_581,50,Sagittal,UTR,0.11235013259195972,0.31492518531041774,82
subject_581,50,Frontal,MTL,,,82
subject_581,50,Frontal,MTR,,,82
subject_581,50,Frontal,SCML,,,82
subject_581,50,Frontal,SCMR,,,82
subject_581,50,Frontal,STL,,,82
subject_581,50,Frontal,STR,,,82
subject_581,50,Frontal,UTL,,,82
subject_581,50,Frontal,UTR,,,82
subject_581,50,Horizontal,MTL,,,82
subject_581,50,Horizontal,MTR,,,82
subject_581,50,Horizontal,SCML,,,82
subject_581,50,Horizontal,SCMR,,,82
subject_581,50,Horizontal,STL,,,82
subject_581,50,Horizontal,STR,,,82
subject_581,50,Horizontal,UTL,,,82
subject_581,50,Horizontal,UTR,,,82
subject_581,60,Sagittal,MTL,0.10359233525303632,0.35436164314810786,82
subject_581,60,Sagittal,MTR,-0.023605984838942155,0.8332704683102375,82
subject_581,60,Sagittal,SCML,-0.1107584377934295,0.3218736516882733,82
subject_581,60,Sagittal,SCMR,-0.04278584752058266,0.702706747614054,82
subject_581,60,Sagittal,STL,-0.04858195986943006,0.6647019030847631,82
subject_581,60,Sagittal,STR,-0.18284099864091358,0.10014117196300432,82
subject_581,60,Sagittal,UTL,0.04067817030281996,0.7167156207242975,82
subject_581,60,Sagittal,UTR,-0.0873632206762636,0.4351222416307302,82
subject_581,60,Frontal,MTL,,,82
subject_581,60,Frontal,MTR,,,82
subject_581,60,Frontal,SCML,,,82
subject_581,60,Frontal,SCMR,,,82
subject_581,60,Frontal,STL,,,82
subject_581,60,Frontal,STR,,,82
subject_581,60,Frontal,UTL,,,82
subject_581,60,Frontal,UTR,,,82
subject_581,60,Horizontal,MTL,,,82
subject_581,60,Horizontal,MTR,,,82
subject_581,60,Horizontal,SCML,,,82
subject_581,60,Horizontal,SCMR,,,82
subject_581,60,Horizontal,STL,,,82
subject_581,60,Horizontal,STR,,,82
subject_581,60,Horizontal,UTL,,,82
subject_581,60,Horizontal,UTR,,,82
subject_581,70,Sagittal,MTL,0.25944122408309295,0.018586149230410645,82
subject_581,70,Sagittal,MTR,0.03402605751566228,0.7615265835977784,82
subject_581,70,Sagittal,SCML,0.17440593818926514,0.11709039332870677,82
subject_581,70,Sagittal,SCMR,0.3927985277755763,0.0002620293039964191,82
subject_581,70,Sagittal,STL,0.08699396382733735,0.4370731552539817,82
subject_581,70,Sagittal,STR,-0.1636570958712251,0.14179153027155733,82
subject_581,70,Sagittal,UTL,0.2606833125287331,0.018010456108108988,82
subject_581,70,Sagittal,UTR,0.1736535192270023,0.11870358396872224,82
subject_581,70,Frontal,MTL,-0.07348044147181855,0.5117814135882633,82
subject_581,70,Frontal,MTR,-0.05010030100351265,0.6548796925304846,82
subject_581,70,Frontal,SCML,0.25050150501756324,0.023214569974044322,82
subject_581,70,Frontal,SCMR,0.10354062207392614,0.35460323156156964,82
subject_581,70,Frontal,STL,0.020040120401405057,0.8581709139121558,82
subject_581,70,Frontal,STR,0.020040120401405057,0.8581709139121558,82
subject_581,70,Frontal,UTL,0.26720160535206744,0.015234019354401412,82
subject_581,70,Frontal,UTR,0.1636609832781413,0.14178193751553564,82
subject_581,70,Horizontal,MTL,,,82
subject_581,70,Horizontal,MTR,,,82
subject_581,70,Horizontal,SCML,,,82
subject_581,70,Horizontal,SCMR,,,82
subject_581,70,Horizontal,STL,,,82
subject_581,70,Horizontal,STR,,,82
subject_581,70,Horizontal,UTL,,,82
subject_581,70,Horizontal,UTR,,,82
subject_581,80,Sagittal,MTL,0.09085181728865958,0.4169357486336086,82
subject_581,80,Sagittal,MTR,-0.001977050236238329,0.9859355239700991,82
subject_581,80,Sagittal,SCML,0.42862680355592725,5.881421079002222e-05,82
subject_581,80,Sagittal,SCMR,0.6982340226134804,3.0644030910464793e-13,82
subject_581,80,Sagittal,STL,0.22980029529516385,0.037813919090592986,82
subject_581,80,Sagittal,STR,-0.2694106702036581,0.01438099887188079,82
subject_581,80,Sagittal,UTL,0.21035352045684302,0.05784483356612009,82
subject_581,80,Sagittal,UTR,0.24763999421046062,0.024889625662799845,82
subject_581,80,Frontal,MTL,-0.01184244542894286,0.9159034721065283,82
subject_581,80,Frontal,MTR,-0.0053829297404285725,0.9617190187484999,82
subject_581,80,Frontal,SCML,0.30467382330825726,0.005384563560394095,82
subject_581,80,Frontal,SCMR,0.2508445259039715,0.02302037403439065,82
subject_581,80,Frontal,STL,0.009689273532771431,0.9311523155087812,82
subject_581,80,Frontal,STR,-0.2422318383192858,0.028336676923479093,82
subject_581,80,Frontal,UTL,0.2960611357235715,0.006921039496692759,82
subject_581,80,Frontal,UTR,0.2228532912537429,0.0441750652742715,82
subject_581,80,Horizontal,MTL,,,82
subject_581,80,Horizontal,MTR,,,82
subject_581,80,Horizontal,SCML,,,82
subject_581,80,Horizontal,SCMR,,,82
subject_581,80,Horizontal,STL,,,82
subject_581,80,Horizontal,STR,,,82
subject_581,80,Horizontal,UTL,,,82
subject_581,80,Horizontal,UTR,,,82
subject_581,90,Sagittal,MTL,0.16842041797017443,0.13040028539337492,82
subject_581,90,Sagittal,MTR,0.02938730359823268,0.7932562224744607,82
subject_581,90,Sagittal,SCML,0.6366024641967154,1.2903774223840199e-10,82
subject_581,90,Sagittal,SCMR,0.6604685168158863,1.4689705224672385e-11,82
subject_581,90,Sagittal,STL,0.46937312254662095,8.655293210988078e-06,82
subject_581,90,Sagittal,STR,0.26802556668115396,0.014910873053612198,82
subject_581,90,Sagittal,UTL,0.3366515995156632,0.0019847040781460663,82
subject_581,90,Sagittal,UTR,0.37976410968079777,0.0004333040593107547,82
subject_581,90,Frontal,MTL,-0.06218778928694477,0.5788763022600402,82
subject_581,90,Frontal,MTR,-0.06218778928694477,0.5788763022600402,82
subject_581,90,Frontal,SCML,0.10763271222740438,0.3358022327366233,82
subject_581,90,Frontal,SCMR,0.12437557857388953,0.2655762814621357,82
subject_581,90,Frontal,STL,-0.14351028296987253,0.19835232902124927,82
subject_581,90,Frontal,STR,-0.2415756429992854,0.028781147196662558,82
subject_581,90,Frontal,UTL,0.07653881758393202,0.4943214102210124,82
subject_581,90,Frontal,UTR,0.045444922940459626,0.6851738069571061,82
subject_581,90,Horizontal,MTL,,,82
subject_581,90,Horizontal,MTR,,,82
subject_581,90,Horizontal,SCML,,,82
subject_581,90,Horizontal,SCMR,,,82
subject_581,90,Horizontal,STL,,,82
subject_581,90,Horizontal,STR,,,82
subject_581,90,Horizontal,UTL,,,82
subject_581,90,Horizontal,UTR,,,82
subject_582,10,Sagittal,MTL,-0.36933572393880293,3.306227616719633e-05,120
subject_582,10,Sagittal,MTR,-0.41841931031820323,1.978212497181953e-06,120
subject_582,10,Sagittal,SCML,-0.34615209428965604,0.00010766090404618223,120
subject_582,10,Sagittal,SCMR,-0.422838891527433,1.500814680282469e-06,120
subject_582,10,Sagittal,STL,-0.4121067760613672,2.9151884862585763e-06,120
subject_582,10,Sagittal,STR,-0.3518430618741437,8.125314152525373e-05,120
subject_582,10,Sagittal,UTL,-0.1580514891070583,0.08468990222293266,120
subject_582,10,Sagittal,UTR,0.08813331076232092,0.3384607777517514,120
subject_582,10,Frontal,MTL,0.006671900671228098,0.9423450103246096,120
subject_582,10,Frontal,MTR,-0.048756197212820714,0.5969291486475454,120
subject_582,10,Frontal,SCML,-0.09597272503997341,0.2970717190738746,120
subject_582,10,Frontal,SCMR,-0.050809089727044746,0.5815540842872134,120
subject_582,10,Frontal,STL,-0.09699917129708543,0.29191111817248316,120
subject_582,10,Frontal,STR,-0.16885040929492645,0.06524675405492607,120
subject_582,10,Frontal,UTL,0.03849173464170056,0.6763879526854399,120
subject_582,10,Frontal,UTR,0.08160247744040519,0.37559989626162177,120
subject_582,10,Horizontal,MTL,-0.12026754050922206,0.19072755927638335,120
subject_582,10,Horizontal,MTR,-0.11462999954785226,0.21251511766163328,120
subject_582,10,Horizontal,SCML,-0.09020065538191653,0.32720694241420906,120
subject_582,10,Horizontal,SCMR,-0.12402590115013522,0.17713400750172706,120
subject_582,10,Horizontal,STL,-0.148455245316071,0.1056186332097661,120
subject_582,10,Horizontal,STR,-0.13154262243196163,0.15210786253471106,120
subject_582,10,Horizontal,UTL,-0.06389213089552422,0.4881299547998473,120
subject_582,10,Horizontal,UTR,0.10523409794556929,0.25266715151328484,120
subject_582,20,Sagittal,MTL,0.11620504682724993,0.20819816652391604,119
subject_582,20,Sagittal,MTR,0.1266263312217451,0.16997614551745044,119
subject_582,20,Sagittal,SCML,-0.11550113799664977,0.210985446416666,119
subject_582,20,Sagittal,SCMR,-0.12470345831864223,0.17660695670865917,119
subject_582,20,Sagittal,STL,-0.3055221852425687,0.0007279202151505055,119
subject_582,20,Sagittal,STR,-0.08946509551847519,0.33324941716643103,119
subject_582,20,Sagittal,UTL,-0.1221281821091294,0.1857829637994706,119
subject_582,20,Sagittal,UTR,-0.0654034314675938,0.4797569711019308,119
subject_582,20,Frontal,MTL,-0.158113883008419,0.08589995933904974,119
subject_582,20,Frontal,MTR,0.11523554185359351,0.2120440231630591,119
subject_582,20,Frontal,SCML,-0.1500741940418892,0.10329693749867112,119
subject_582,20,Frontal,SCMR,-0.14739429771971263,0.10967397275588506,119
subject_582,20,Frontal,STL,-0.13935460875318284,0.13065632352732814,119
subject_582,20,Frontal,STR,-0.1500741940418892,0.10329693749867112,119
subject_582,20,Frontal,UTL,0.1527540903640658,0.09721459534661935,119
subject_582,20,Frontal,UTR,0.11791543817577008,0.20153554812526647,119
subject_582,20,Horizontal,MTL,-0.08413382992643915,0.36297102745123777,119
subject_582,20,Horizontal,MTR,-0.10973977816492066,0.23480357688470643,119
subject_582,20,Horizontal,SCML,-0.02072862476448501,0.8229441795437684,119
subject_582,20,Horizontal,SCMR,-0.1463197042198942,0.11231571974707273,119
subject_582,20,Horizontal,STL,-0.11705576337591536,0.20486486354568456,119
subject_582,20,Horizontal,STR,-0.11705576337591536,0.20486486354568456,119
subject_582,20,Horizontal,UTL,-0.09388847687443211,0.3098022282219542,119
subject_582,20,Horizontal,UTR,0.02072862476448501,0.8229441795437684,119
subject_582,30,Sagittal,MTL,0.13096367659899066,0.15569862954821756,119
subject_582,30,Sagittal,MTR,0.13723738565762494,0.13666320321084086,119
subject_582,30,Sagittal,SCML,0.05646338152770855,0.5419093833221794,119
subject_582,30,Sagittal,SCMR,0.16311643552449137,0.07631166455245124,119
subject_582,30,Sagittal,STL,0.0023526408969878564,0.9797411590147455,119
subject_582,30,Sagittal,STR,0.0752845087036114,0.4157915659146706,119
subject_582,30,Sagittal,UTL,-0.19605340808232136,0.03260618163949454,119
subject_582,30,Sagittal,UTR,-0.15841115373051565,0.08530454610097996,119
subject_582,30,Frontal,MTL,,,119
subject_582,30,Frontal,MTR,,,119
subject_582,30,Frontal,SCML,,,119
subject_582,30,Frontal,SCMR,,,119
subject_582,30,Frontal,STL,,,119
subject_582,30,Frontal,STR,,,119
subject_582,30,Frontal,UTL,,,119
subject_582,30,Frontal,UTR,,,119
subject_582,30,Horizontal,MTL,-0.004158732212425586,0.9641967842951081,119
subject_582,30,Horizontal,MTR,-0.13827784606315074,0.13368549176809194,119
subject_582,30,Horizontal,SCML,-0.012476196637276758,0.8928744542807,119
subject_582,30,Horizontal,SCMR,-0.16738897155012983,0.06882227950137802,119
subject_582,30,Horizontal,STL,0.004158732212425586,0.9641967842951081,119
subject_582,30,Horizontal,STR,0.009357147477957569,0.9195510921764698,119
subject_582,30,Horizontal,UTL,-0.15595245796595947,0.09032941841670157,119
subject_582,30,Horizontal,UTR,-0.024952393274553515,0.7876470652743506,119
subject_582,40,Sagittal,MTL,-0.02901590439618356,0.7540899106568671,119
subject_582,40,Sagittal,MTR,-0.12076889937870995,0.1907642834561271,119
subject_582,40,Sagittal,SCML,-0.2768274122122377,0.0023056242331278396,119
subject_582,40,Sagittal,SCMR,-0.3583856299744834,6.279978513785953e-05,119
subject_582,40,Sagittal,STL,-0.26114313956565205,0.00412269047461285,119
subject_582,40,Sagittal,STR,-0.14978480377489353,0.10397122245021712,119
subject_582,40,Sagittal,UTL,-0.10273198583513639,0.26622883980725304,119
subject_582,40,Sagittal,UTR,-0.23761673059577343,0.009265148543209492,119
subject_582,40,Frontal,MTL,,,119
subject_582,40,Frontal,MTR,,,119
subject_582,40,Frontal,SCML,,,119
subject_582,40,Frontal,SCMR,,,119
subject_582,40,Frontal,STL,,,119
subject_582,40,Frontal,STR,,,119
subject_582,40,Frontal,UTL,,,119
subject_582,40,Frontal,UTR,,,119
subject_582,40,Horizontal,MTL,0.0961485193495529,0.29824806433943507,119
subject_582,40,Horizontal,MTR,-0.08385045292112171,0.3645953649166744,119
subject_582,40,Horizontal,SCML,0.0961485193495529,0.29824806433943507,119
subject_582,40,Horizontal,SCMR,-0.05701830798636276,0.537939181127542,119
subject_582,40,Horizontal,STL,-0.0637263442200525,0.4911160047968011,119
subject_582,40,Horizontal,STR,-0.005590030194741448,0.9518873668143716,119
subject_582,40,Horizontal,UTL,0.07937842876532857,0.3908198274316096,119
subject_582,40,Horizontal,UTR,0.09391250727165631,0.30967786143110654,119
subject_582,50,Sagittal,MTL,0.03844072976698062,0.6780935334984483,119
subject_582,50,Sagittal,MTR,0.08129269081869672,0.37945878580854875,119
subject_582,50,Sagittal,SCML,-0.27034546016450306,0.002943580809162052,119
subject_582,50,Sagittal,SCMR,-0.45687752591903197,1.7619644039986102e-07,119
subject_582,50,Sagittal,STL,-0.30752583813584494,0.0006686162532485016,119
subject_582,50,Sagittal,STR,-0.19220364883490307,0.03624841325608246,119
subject_582,50,Sagittal,UTL,0.16699661292212892,0.06948418444735349,119
subject_582,50,Sagittal,UTR,-0.2779075709383353,0.0022123991855265254,119
subject_582,50,Frontal,MTL,,,119
subject_582,50,Frontal,MTR,,,119
subject_582,50,Frontal,SCML,,,119
subject_582,50,Frontal,SCMR,,,119
subject_582,50,Frontal,STL,,,119
subject_582,50,Frontal,STR,,,119
subject_582,50,Frontal,UTL,,,119
subject_582,50,Frontal,UTR,,,119
subject_582,50,Horizontal,MTL,0.12186265824536356,0.18674848308414507,119
subject_582,50,Horizontal,MTR,-0.1911790326601575,0.03727355070743252,119
subject_582,50,Horizontal,SCML,0.014534078506327763,0.8753371911806641,119
subject_582,50,Horizontal,SCMR,-0.09167649519375974,0.3213895370253975,119
subject_582,50,Horizontal,STL,-0.14086876090748449,0.12648596178560662,119
subject_582,50,Horizontal,STR,0.015652084545276054,0.8658342649777344,119
subject_582,50,Horizontal,UTL,-0.024596132856862366,0.7906087632552006,119
subject_582,50,Horizontal,UTR,-0.08049643480427685,0.384159954035528,119
subject_582,60,Sagittal,MTL,0.016971429121639344,0.8540291455293093,120
subject_582,60,Sagittal,MTR,0.2691183760717096,0.0029565041595724195,120
subject_582,60,Sagittal,SCML,-0.25942041657362996,0.0042201732632892045,120
subject_582,60,Sagittal,SCMR,-0.31437552039608113,0.0004707692384538922,120
subject_582,60,Sagittal,STL,-0.25187755918623467,0.005516925266232551,120
subject_582,60,Sagittal,STR,-0.2588816410459589,0.0043028168053659424,120
subject_582,60,Sagittal,UTL,0.0967102072169607,0.29335787332597296,120
subject_582,60,Sagittal,UTR,-0.29551837692759303,0.0010496649919255895,120
subject_582,60,Frontal,MTL,-0.06218975397688099,0.49981710062133433,120
subject_582,60,Frontal,MTR,0.02514053884171785,0.785190473933525,120
subject_582,60,Frontal,SCML,-0.01455504880309981,0.8746285462341725,120
subject_582,60,Frontal,SCMR,0.027786911351372363,0.7632143252336895,120
subject_582,60,Frontal,STL,-0.04631151891895394,0.6154727910433092,120
subject_582,60,Frontal,STR,0.15481279181478885,0.09134728619860431,120
subject_582,60,Frontal,UTL,0.0886534790734261,0.33560634564961245,120
subject_582,60,Frontal,UTR,0.03043328386102687,0.7414249675882209,120
subject_582,60,Horizontal,MTL,0.16315956140394544,0.07498314071876225,120
subject_582,60,Horizontal,MTR,0.0369092453915902,0.6889908365396219,120
subject_582,60,Horizontal,SCML,-0.16315956140394544,0.07498314071876225,120
subject_582,60,Horizontal,SCMR,-0.18385633452072497,0.04441699279620745,120
subject_582,60,Horizontal,STL,-0.25008600849441953,0.005872845913381281,120
subject_582,60,Horizontal,STR,-0.1597100992178155,0.0814337619200672,120
subject_582,60,Horizontal,UTL,0.10244902692805877,0.2655114554955529,120
subject_582,60,Horizontal,UTR,-0.1466021429105218,0.11009148456975619,120
subject_582,70,Sagittal,MTL,-0.007434310706558524,0.9360433273554492,119
subject_582,70,Sagittal,MTR,0.15066869698625276,0.10192250364374196,119
subject_582,70,Sagittal,SCML,0.044605864239351145,0.6300217274011712,119
subject_582,70,Sagittal,SCMR,0.10556721203313105,0.2531868774565543,119
subject_582,70,Sagittal,STL,-0.05055331280459796,0.5850660151313524,119
subject_582,70,Sagittal,STR,-0.05501389922853307,0.5523472472390765,119
subject_582,70,Sagittal,UTL,-0.08623800419607887,0.35105004406870066,119
subject_582,70,Sagittal,UTR,0.02626789782984012,0.7767374335533297,119
subject_582,70,Frontal,MTL,-0.003657992605497355,0.9685053725237222,119
subject_582,70,Frontal,MTR,0.05121189647696297,0.5801797369843655,119
subject_582,70,Frontal,SCML,0.04511524213446738,0.6261147687230645,119
subject_582,70,Frontal,SCMR,-0.10364312382242508,0.26198879037329204,119
subject_582,70,Frontal,STL,-0.11583643250741625,0.20965447039734317,119
subject_582,70,Frontal,STR,0.15607435116788715,0.09007488567251319,119
subject_582,70,Frontal,UTL,0.15119702769389065,0.10071315043762862,119
subject_582,70,Frontal,UTR,0.12924907206090655,0.16123136082630843,119
subject_582,70,Horizontal,MTL,0.009381109482564374,0.9193457699223611,119
subject_582,70,Horizontal,MTR,-0.01667752796900333,0.8571348797775842,119
subject_582,70,Horizontal,SCML,-0.04221499267153968,0.6484952093042471,119
subject_582,70,Horizontal,SCMR,-0.09954399506498864,0.2814299408698371,119
subject_582,70,Horizontal,STL,-0.29915315794399727,0.0009499192458331064,119
subject_582,70,Horizontal,STR,-0.19960916287900862,0.0295218266683464,119
subject_582,70,Horizontal,UTL,0.020846909961254163,0.8219505101627763,119
subject_582,70,Horizontal,UTR,-0.010423454980627082,0.9104195879738577,119
subject_582,80,Sagittal,MTL,-0.2618285154999752,0.004022133756979919,119
subject_582,80,Sagittal,MTR,-0.2042965215887157,0.025837283892639246,119
subject_582,80,Sagittal,SCML,-0.20496941040639122,0.025342020518843256,119
subject_582,80,Sagittal,SCMR,-0.06216745021080222,0.5018010332704953,119
subject_582,80,Sagittal,STL,-0.10500803826947894,0.255723642329948,119
subject_582,80,Sagittal,STR,-0.2583519232753182,0.004555869702650387,119
subject_582,80,Sagittal,UTL,-0.16239050133236613,0.07764706696432096,119
subject_582,80,Sagittal,UTR,-0.15689524265468247,0.08837553950850206,119
subject_582,80,Frontal,MTL,0.12609865419275848,0.17177715978278535,119
subject_582,80,Frontal,MTR,0.27054969467648177,0.0029212709429645286,119
subject_582,80,Frontal,SCML,0.12136255450476753,0.1885769269223056,119
subject_582,80,Frontal,SCMR,-0.005920124609988661,0.949049997498632,119
subject_582,80,Frontal,STL,0.08347375700084012,0.3667615425637087,119
subject_582,80,Frontal,STR,0.25930145791750336,0.0044041441603658235,119
subject_582,80,Frontal,UTL,0.12669066665375733,0.16975752144057085,119
subject_582,80,Frontal,UTR,0.24686919623652714,0.006797091242974012,119
subject_582,80,Horizontal,MTL,-0.03917560487623852,0.6722901709414888,119
subject_582,80,Horizontal,MTR,-0.05974279743626374,0.5186584406044935,119
subject_582,80,Horizontal,SCML,-0.07198517396008829,0.43657676496278486,119
subject_582,80,Horizontal,SCMR,-0.014690851828589445,0.8740035332369881,119
subject_582,80,Horizontal,STL,-0.18853259846689788,0.04003459027042499,119
subject_582,80,Horizontal,STR,-0.03525804438861467,0.7034418431768032,119
subject_582,80,Horizontal,UTL,-0.08373785542295983,0.3652420247111985,119
subject_582,80,Horizontal,UTR,0.008814511097153668,0.9242021501082961,119
subject_582,90,Sagittal,MTL,-0.5440803180581781,1.6036987865462728e-10,119
subject_582,90,Sagittal,MTR,-0.4874850934486771,1.8803896558966552e-08,119
subject_582,90,Sagittal,SCML,-0.4366380348934909,6.892281137372751e-07,119
subject_582,90,Sagittal,SCMR,-0.3588073979175738,6.147257578147402e-05,119
subject_582,90,Sagittal,STL,-0.5634491384585871,2.53791843938564e-11,119
subject_582,90,Sagittal,STR,-0.5166164241315501,1.8052879719931117e-09,119
subject_582,90,Sagittal,UTL,-0.09852715877474104,0.2863983967154892,119
subject_582,90,Sagittal,UTR,-0.32241666458866053,0.00034887292961297835,119
subject_582,90,Frontal,MTL,0.3309793013203251,0.00023633247077841068,119
subject_582,90,Frontal,MTR,0.5165982546899993,1.8080543145586006e-09,119
subject_582,90,Frontal,SCML,0.35412693664308986,7.77861746761141e-05,119
subject_582,90,Frontal,SCMR,0.38624029517902464,1.434574431436515e-05,119
subject_582,90,Frontal,STL,0.4272768652011822,1.2579296806867025e-06,119
subject_582,90,Frontal,STR,0.3084905977652424,0.000641672791407915,119
subject_582,90,Frontal,UTL,0.16948575299320184,0.0653712151364345,119
subject_582,90,Frontal,UTR,0.3872393207622844,1.3571257957556292e-05,119
subject_582,90,Horizontal,MTL,-0.1949170299392618,0.033647626686074815,119
subject_582,90,Horizontal,MTR,-0.2407172063730774,0.008361996475293112,119
subject_582,90,Horizontal,SCML,-0.2076984745254429,0.02341564111542245,119
subject_582,90,Horizontal,SCMR,-0.20130775223235234,0.02813814401390357,119
subject_582,90,Horizontal,STL,-0.21355663662744254,0.019700260637184736,119
subject_582,90,Horizontal,STR,0.013846564968362859,0.8811898920987206,119
subject_582,90,Horizontal,UTL,-0.12461908471526574,0.17690220674657853,119
subject_582,90,Horizontal,UTR,-0.0894701121032677,0.3332222012943543,119
subject_583,10,Sagittal,MTL,0.05235457119353947,0.55883448524346,127
subject_583,10,Sagittal,MTR,0.16036351436409685,0.07170112201431378,127
subject_583,10,Sagittal,SCML,0.06394469621344777,0.4750871321707701,127
subject_583,10,Sagittal,SCMR,-0.10637265020472941,0.2339337157822456,127
subject_583,10,Sagittal,STL,0.02888856520958656,0.7471451471757428,127
subject_583,10,Sagittal,STR,0.10259318765787935,0.25106497553482504,127
subject_583,10,Sagittal,UTL,-0.00023472809696908532,0.9979102656785949,127
subject_583,10,Sagittal,UTR,0.07533751355764295,0.399892424731518,127
subject_583,10,Frontal,MTL,-0.04161253254491337,0.6422795046839794,127
subject_583,10,Frontal,MTR,-0.05168103899170058,0.5639104116515125,127
subject_583,10,Frontal,SCML,-0.10290425974510574,0.24962315076453362,127
subject_583,10,Frontal,SCMR,0.1778571433842052,0.04544520967660817,127
subject_583,10,Frontal,STL,-0.083445237219694,0.3509696453686666,127
subject_583,10,Frontal,STR,-0.0753058580060295,0.4000910408981035,127
subject_583,10,Frontal,UTL,-0.1279724293885645,0.15162385732174835,127
subject_583,10,Frontal,UTR,-0.14941649587849384,0.09361774662005697,127
subject_583,10,Horizontal,MTL,-0.32028267423162093,0.0002416947875649391,127
subject_583,10,Horizontal,MTR,-0.3059251750419276,0.0004691792582624158,127
subject_583,10,Horizontal,SCML,-0.1557236450574433,0.08042135615124658,127
subject_583,10,Horizontal,SCMR,-0.189960758509789,0.0324275667044555,127
subject_583,10,Horizontal,STL,0.016566345218876944,0.8533388435588498,127
subject_583,10,Horizontal,STR,-0.15793249108662688,0.07616939090968629,127
subject_583,10,Horizontal,UTL,-0.19658729659733973,0.026747399077111114,127
subject_583,10,Horizontal,UTR,-0.2098403727724413,0.017892978119517726,127
subject_583,20,Sagittal,MTL,-0.05531728726877437,0.5384107773694692,126
subject_583,20,Sagittal,MTR,0.16114166291338625,0.07145370625204008,126
subject_583,20,Sagittal,SCML,-0.02383234906046011,0.7910950149220093,126
subject_583,20,Sagittal,SCMR,-0.14496190300078027,0.10533047757511109,126
subject_583,20,Sagittal,STL,-0.018147568550625586,0.8401572203341698,126
subject_583,20,Sagittal,STR,0.003716971871814879,0.9670509722286952,126
subject_583,20,Sagittal,UTL,0.15676875482889813,0.07959455093355262,126
subject_583,20,Sagittal,UTR,0.02776796633649939,0.7575894844082441,126
subject_583,20,Frontal,MTL,0.05729672954884271,0.5239501495727779,126
subject_583,20,Frontal,MTR,-0.000690322042757141,0.9938789933295457,126
subject_583,20,Frontal,SCML,-0.07018274101364266,0.43485452639159355,126
subject_583,20,Frontal,SCMR,0.4493996498348988,1.3018056584673689e-07,126
subject_583,20,Frontal,STL,-0.20916757895541374,0.018744990049947438,126
subject_583,20,Frontal,STR,-0.05821715893918556,0.5172936893396838,126
subject_583,20,Frontal,UTL,-0.07754617613638551,0.3880939487591675,126
subject_583,20,Frontal,UTR,-0.3757652986074705,1.4515732997372268e-05,126
subject_583,20,Horizontal,MTL,-0.08729856453618662,0.3310430441438988,126
subject_583,20,Horizontal,MTR,-0.003688671740965632,0.9673016988975871,126
subject_583,20,Horizontal,SCML,-0.023361587692782335,0.7951297999183944,126
subject_583,20,Horizontal,SCMR,-0.11680793846391169,0.19272423587146373,126
subject_583,20,Horizontal,STL,-0.07008476307834702,0.4354976210491639,126
subject_583,20,Horizontal,STR,0.14385819789765966,0.10803643049018101,126
subject_583,20,Horizontal,UTL,-0.020902473198805248,0.8162920501871763,126
subject_583,20,Horizontal,UTR,0.11926705295788877,0.18345893728867801,126
subject_583,30,Sagittal,MTL,-0.0889186570253949,0.32211303615574355,126
subject_583,30,Sagittal,MTR,0.20177469789033264,0.023469809782722586,126
subject_583,30,Sagittal,SCML,-0.18647159943457192,0.03655929233007883,126
subject_583,30,Sagittal,SCMR,-0.14362085484021886,0.1086253645680556,126
subject_583,30,Sagittal,STL,-0.28715205655744314,0.0011137623151866627,126
subject_583,30,Sagittal,STR,0.12522127544410813,0.16238277667406212,126
subject_583,30,Sagittal,UTL,0.3774637851862917,1.3180099124755927e-05,126
subject_583,30,Sagittal,UTR,-0.005999862846557845,0.9468383020935746,126
subject_583,30,Frontal,MTL,0.01428377816169541,0.8738696478765928,126
subject_583,30,Frontal,MTR,0.03554441370436236,0.6927443000735516,126
subject_583,30,Frontal,SCML,0.014278087413423814,0.8739194836542254,126
subject_583,30,Frontal,SCMR,0.01444311911329998,0.8724744474948567,126
subject_583,30,Frontal,STL,-0.04001165109756192,0.6564413430773813,126
subject_583,30,Frontal,STR,0.12310226661107374,0.16966614438574104,126
subject_583,30,Frontal,UTL,0.15804346099864738,0.07714807125704325,126
subject_583,30,Frontal,UTR,0.06443634267923391,0.4734771067672862,126
subject_583,30,Horizontal,MTL,-0.10451236599402625,0.24416104739123745,126
subject_583,30,Horizontal,MTR,0.011066015222896897,0.9021217384001111,126
subject_583,30,Horizontal,SCML,-0.10943059498198042,0.22254817571851163,126
subject_583,30,Horizontal,SCMR,-0.06270741959641574,0.48545185705142974,126
subject_583,30,Horizontal,STL,-0.12664439643982003,0.15762377241255995,126
subject_583,30,Horizontal,STR,0.11926705295788877,0.18345893728867801,126
subject_583,30,Horizontal,UTL,0.03319804566869069,0.7121016275418651,126
subject_583,30,Horizontal,UTR,0.043034503644599036,0.6323167331466959,126
subject_583,40,Sagittal,MTL,0.04845059579346913,0.5900573211716948,126
subject_583,40,Sagittal,MTR,0.10838518162790688,0.227024966836785,126
subject_583,40,Sagittal,SCML,-0.21449330221331742,0.015872819211889714,126
subject_583,40,Sagittal,SCMR,-0.22810815355087571,0.0102006776107376,126
subject_583,40,Sagittal,STL,-0.26428528067548024,0.0027862370538992345,126
subject_583,40,Sagittal,STR,0.14727431403908006,0.09983357909054122,126
subject_583,40,Sagittal,UTL,0.35432970417939585,4.689675413392639e-05,126
subject_583,40,Sagittal,UTR,0.22789250892566337,0.010274343432343892,126
subject_583,40,Frontal,MTL,0.07272864754242465,0.41833490858215405,126
subject_583,40,Frontal,MTR,0.08781913047576621,0.32815657800202874,126
subject_583,40,Frontal,SCML,-0.024074849119409658,0.7890187524176124,126
subject_583,40,Frontal,SCMR,-0.138147842414012,0.12291386524297375,126
subject_583,40,Frontal,STL,-0.018310219593688132,0.8387439424246704,126
subject_583,40,Frontal,STR,0.17611796919133152,0.04853377587448154,126
subject_583,40,Frontal,UTL,0.1974609205383259,0.026672853730165594,126
subject_583,40,Frontal,UTR,0.1589379096880176,0.07546781916801781,126
subject_583,40,Horizontal,MTL,,,126
subject_583,40,Horizontal,MTR,,,126
subject_583,40,Horizontal,SCML,,,126
subject_583,40,Horizontal,SCMR,,,126
subject_583,40,Horizontal,STL,,,126
subject_583,40,Horizontal,STR,,,126
subject_583,40,Horizontal,UTL,,,126
subject_583,40,Horizontal,UTR,,,126
subject_583,50,Sagittal,MTL,0.0959080755203776,0.28538472977435864,126
subject_583,50,Sagittal,MTR,-0.21618255258558078,0.015045517857874266,126
subject_583,50,Sagittal,SCML,-0.3842201769939896,8.929569410589223e-06,126
subject_583,50,Sagittal,SCMR,-0.07229847846058267,0.421100234663058,126
subject_583,50,Sagittal,STL,-0.29298807204183697,0.0008703905245457326,126
subject_583,50,Sagittal,STR,-0.32201355119763236,0.00023598406699362864,126
subject_583,50,Sagittal,UTL,-0.2089895313863387,0.01884830703655812,126
subject_583,50,Sagittal,UTR,-0.07586964962432097,0.39846546026622276,126
subject_583,50,Frontal,MTL,-0.045392203305240006,0.6137636250338246,126
subject_583,50,Frontal,MTR,0.045392203305240006,0.6137636250338246,126
subject_583,50,Frontal,SCML,-0.1047512383967077,0.24307883382041137,126
subject_583,50,Frontal,SCMR,-0.20251906090030156,0.022951875433284228,126
subject_583,50,Frontal,STL,-0.03142537151901231,0.7268493469899965,126
subject_583,50,Frontal,STR,0.13268490196916308,0.13858053987009913,126
subject_583,50,Frontal,UTL,0.03491707946556923,0.697900991883377,126
subject_583,50,Frontal,UTR,0.01047512383967077,0.9073241994045069,126
subject_583,50,Horizontal,MTL,,,126
subject_583,50,Horizontal,MTR,,,126
subject_583,50,Horizontal,SCML,,,126
subject_583,50,Horizontal,SCMR,,,126
subject_583,50,Horizontal,STL,,,126
subject_583,50,Horizontal,STR,,,126
subject_583,50,Horizontal,UTL,,,126
subject_583,50,Horizontal,UTR,,,126
subject_583,60,Sagittal,MTL,-0.46930567231113507,2.9699575749045322e-08,126
subject_583,60,Sagittal,MTR,-0.5753589742332633,1.8306125910733434e-12,126
subject_583,60,Sagittal,SCML,-0.45498354788534734,8.681946724762764e-08,126
subject_583,60,Sagittal,SCMR,0.1417329803161959,0.11339963145901633,126
subject_583,60,Sagittal,STL,-0.12174772167076481,0.17444702816993174,126
subject_583,60,Sagittal,STR,-0.581244381639002,9.615628479517338e-13,126
subject_583,60,Sagittal,UTL,-0.5707202294799718,3.013676053352499e-12,126
subject_583,60,Sagittal,UTR,-0.4319057927377218,4.423809168610222e-07,126
subject_583,60,Frontal,MTL,0.13156262542777422,0.14197939236188048,126
subject_583,60,Frontal,MTR,0.08483945004220954,0.3448969755550353,126
subject_583,60,Frontal,SCML,-0.035657160162667775,0.6918190043187423,126
subject_583,60,Frontal,SCMR,-0.14139908340368254,0.1142607678248629,126
subject_583,60,Frontal,STL,-0.013525129716873984,0.8805176685635218,126
subject_583,60,Frontal,STR,0.10943059498198042,0.22254817571851163,126
subject_583,60,Frontal,UTL,0.06270741959641574,0.48545185705142974,126
subject_583,60,Frontal,UTR,0.03811627465664486,0.6717524602159931,126
subject_583,60,Horizontal,MTL,,,126
subject_583,60,Horizontal,MTR,,,126
subject_583,60,Horizontal,SCML,,,126
subject_583,60,Horizontal,SCMR,,,126
subject_583,60,Horizontal,STL,,,126
subject_583,60,Horizontal,STR,,,126
subject_583,60,Horizontal,UTL,,,126
subject_583,60,Horizontal,UTR,,,126
subject_583,70,Sagittal,MTL,0.07989643563922139,0.37383112932837675,126
subject_583,70,Sagittal,MTR,-0.21991816466668004,0.013348117723423427,126
subject_583,70,Sagittal,SCML,-0.53847980989109,7.845645032185346e-11,126
subject_583,70,Sagittal,SCMR,-0.40418494094655405,2.6842950333596963e-06,126
subject_583,70,Sagittal,STL,0.34597983005670846,7.242490471050813e-05,126
subject_583,70,Sagittal,STR,0.22152168548989837,0.01267239805625557,126
subject_583,70,Sagittal,UTL,-0.4697002202951891,2.8814563367210127e-08,126
subject_583,70,Sagittal,UTR,-0.5135106999295473,7.803682777383089e-10,126
subject_583,70,Frontal,MTL,-0.10491995775963492,0.2423164591534193,126
subject_583,70,Frontal,MTR,-0.018479265835289176,0.8372756408402106,126
subject_583,70,Frontal,SCML,-0.1494341486306388,0.09490591987653663,126
subject_583,70,Frontal,SCMR,-0.1646442338184236,0.06543101765959987,126
subject_583,70,Frontal,STL,-0.18438771452646374,0.03874578924052324,126
subject_583,70,Frontal,STR,0.0029630036080100226,0.9737318203542955,126
subject_583,70,Frontal,UTL,-0.09627786390293902,0.2835227748608862,126
subject_583,70,Frontal,UTR,0.011111263530037586,0.9017235211637269,126
subject_583,70,Horizontal,MTL,,,126
subject_583,70,Horizontal,MTR,,,126
subject_583,70,Horizontal,SCML,,,126
subject_583,70,Horizontal,SCMR,,,126
subject_583,70,Horizontal,STL,,,126
subject_583,70,Horizontal,STR,,,126
subject_583,70,Horizontal,UTL,,,126
subject_583,70,Horizontal,UTR,,,126
subject_583,80,Sagittal,MTL,0.44882415751328086,1.3567503509387065e-07,126
subject_583,80,Sagittal,MTR,-0.0689011509004702,0.44330916094333556,126
subject_583,80,Sagittal,SCML,-0.13753837363383967,0.12459080643070632,126
subject_583,80,Sagittal,SCMR,-0.13866086330837663,0.12151584375960818,126
subject_583,80,Sagittal,STL,0.4258846659775604,6.635328165890978e-07,126
subject_583,80,Sagittal,STR,0.38209802909831564,1.0100532377727043e-05,126
subject_583,80,Sagittal,UTL,-0.5107296220568638,9.965414988764962e-10,126
subject_583,80,Sagittal,UTR,-0.5312079039379339,1.5617588372396244e-10,126
subject_583,80,Frontal,MTL,-0.5234387679523116,3.201064339105242e-10,126
subject_583,80,Frontal,MTR,-0.4658714773852112,3.858418120025602e-08,126
subject_583,80,Frontal,SCML,-0.41845505139785355,1.082611563335151e-06,126
subject_583,80,Frontal,SCMR,-0.4522912666636632,1.0564129303872196e-07,126
subject_583,80,Frontal,STL,-0.3455824850802971,7.391596805522496e-05,126
subject_583,80,Frontal,STR,-0.29752175769660033,0.0007160883387534383,126
subject_583,80,Frontal,UTL,0.00473873285049423,0.9580009678000504,126
subject_583,80,Frontal,UTR,-0.20565684892824732,0.02087497747124224,126
subject_583,80,Horizontal,MTL,,,126
subject_583,80,Horizontal,MTR,,,126
subject_583,80,Horizontal,SCML,,,126
subject_583,80,Horizontal,SCMR,,,126
subject_583,80,Horizontal,STL,,,126
subject_583,80,Horizontal,STR,,,126
subject_583,80,Horizontal,UTL,,,126
subject_583,80,Horizontal,UTR,,,126
subject_583,90,Sagittal,MTL,0.3390976541058512,0.00010268614686527829,126
subject_583,90,Sagittal,MTR,0.3248538591835468,0.0002061875714096354,126
subject_583,90,Sagittal,SCML,0.28246116438836605,0.0013528043158610073,126
subject_583,90,Sagittal,SCMR,0.16948610668778996,0.05779278534031721,126
subject_583,90,Sagittal,STL,0.38630100090693575,7.906726781384016e-06,126
subject_583,90,Sagittal,STR,0.21758635471031418,0.014386814033123451,126
subject_583,90,Sagittal,UTL,0.24773917024927433,0.005159727234325692,126
subject_583,90,Sagittal,UTR,0.2543875289536524,0.0040469368296989095,126
subject_583,90,Frontal,MTL,-0.4089389020577692,1.9928134428234186e-06,126
subject_583,90,Frontal,MTR,-0.5315724063651289,1.509371365393453e-10,126
subject_583,90,Frontal,SCML,-0.4773523882273144,1.5903463957405614e-08,126
subject_583,90,Frontal,SCMR,-0.42310118327009416,7.982000423341616e-07,126
subject_583,90,Frontal,STL,-0.21816566255120276,0.014122397703438707,126
subject_583,90,Frontal,STR,-0.3559282394724629,4.309252944965408e-05,126
subject_583,90,Frontal,UTL,-0.4566582009505822,7.677845869747154e-08,126
subject_583,90,Frontal,UTR,-0.5684872049349596,3.8204679736517e-12,126
subject_583,90,Horizontal,MTL,-0.26982098522408604,0.0022474056620253305,126
subject_583,90,Horizontal,MTR,-0.27137162377894464,0.0021144083541401342,126
subject_583,90,Horizontal,SCML,-0.3036288563914804,0.0005477968494187814,126
subject_583,90,Horizontal,SCMR,-0.3037078698210273,0.0005458805874920618,126
subject_583,90,Horizontal,STL,-0.21335601313410837,0.01645180875156468,126
subject_583,90,Horizontal,STR,-0.040583272751043946,0.6518511756263523,126
subject_583,90,Horizontal,UTL,-0.28001371763564054,0.0014952801862338355,126
subject_583,90,Horizontal,UTR,-0.29622134737145533,0.0007575578326178387,126
subject_584,10,Sagittal,MTL,-0.44281446504314925,2.5906059838263877e-09,165
subject_584,10,Sagittal,MTR,-0.5297844874345817,2.5359644443837297e-13,165
subject_584,10,Sagittal,SCML,0.42041249290273375,1.8879053979850973e-08,165
subject_584,10,Sagittal,SCMR,0.7442088506168149,2.261184085935568e-30,165
subject_584,10,Sagittal,STL,-0.6964556539875734,2.8731288016689467e-25,165
subject_584,10,Sagittal,STR,-0.7288398165183998,1.303707415540595e-28,165
subject_584,10,Sagittal,UTL,0.3186770043353517,3.0240301203458393e-05,165
subject_584,10,Sagittal,UTR,0.2886357827399136,0.00017008472239983584,165
subject_584,10,Frontal,MTL,-0.15726835797706132,0.043657700620581746,165
subject_584,10,Frontal,MTR,-0.2816735423908806,0.0002471938981218735,165
subject_584,10,Frontal,SCML,0.54071641155579,6.532088100621174e-14,165
subject_584,10,Frontal,SCMR,0.6518734873449429,2.4785952494908496e-21,165
subject_584,10,Frontal,STL,-0.4645700337873022,3.263482217089271e-10,165
subject_584,10,Frontal,STR,-0.5965520474487903,2.792504604570627e-17,165
subject_584,10,Frontal,UTL,0.17583385814560065,0.023878005448316263,165
subject_584,10,Frontal,UTR,0.12587215534600263,0.10718424032100074,165
subject_584,10,Horizontal,MTL,0.3624769413220609,1.7147350025657593e-06,165
subject_584,10,Horizontal,MTR,0.4033341688121198,7.809067925235014e-08,165
subject_584,10,Horizontal,SCML,-0.11497642864189649,0.14141217870216444,165
subject_584,10,Horizontal,SCMR,-0.4798105177037684,6.993215256461694e-11,165
subject_584,10,Horizontal,STL,0.505477237537267,4.372670527338094e-12,165
subject_584,10,Horizontal,STR,0.46645334717817233,2.7088298610569844e-10,165
subject_584,10,Horizontal,UTL,-0.18280990248757115,0.01876208956061711,165
subject_584,10,Horizontal,UTR,-0.29254822504099853,0.00013726556060653317,165
subject_584,20,Sagittal,MTL,-0.26493239146305764,0.0006073552211063614,164
subject_584,20,Sagittal,MTR,-0.23915583309631977,0.0020413808003391745,164
subject_584,20,Sagittal,SCML,0.316343480919448,3.6805428590210784e-05,164
subject_584,20,Sagittal,SCMR,0.6187460098959519,1.0535901599519459e-18,164
subject_584,20,Sagittal,STL,-0.538662119559707,1.0071466107758103e-13,164
subject_584,20,Sagittal,STR,-0.5772977161998257,5.885388872273427e-16,164
subject_584,20,Sagittal,UTL,0.34506501664928285,6.040744908107983e-06,164
subject_584,20,Sagittal,UTR,0.3373635179281059,9.983803679284063e-06,164
subject_584,20,Frontal,MTL,0.006587851271798673,0.9332780459897893,164
subject_584,20,Frontal,MTR,-0.043597240742928756,0.5793665047384956,164
subject_584,20,Frontal,SCML,0.43192667376630567,7.701395982064978e-09,164
subject_584,20,Frontal,SCMR,0.5608457382724602,5.704530518139941e-15,164
subject_584,20,Frontal,STL,-0.31838078719325347,3.2569478422109505e-05,164
subject_584,20,Frontal,STR,-0.5002283567784795,9.098839561794794e-12,164
subject_584,20,Frontal,UTL,0.09757492213565697,0.21387546536562815,164
subject_584,20,Frontal,UTR,0.13619467525100448,0.0820498567644361,164
subject_584,20,Horizontal,MTL,0.10513793532596694,0.18029719994582008,164
subject_584,20,Horizontal,MTR,0.13305855163113997,0.08941186311046602,164
subject_584,20,Horizontal,SCML,-0.21746797114331684,0.005154694698276309,164
subject_584,20,Horizontal,SCMR,-0.4266645574674877,1.2201815208293372e-08,164
subject_584,20,Horizontal,STL,0.3159487556012268,3.7683893736935646e-05,164
subject_584,20,Horizontal,STR,0.442149941300609,3.078996497786533e-09,164
subject_584,20,Horizontal,UTL,-0.10902648726628406,0.16462391787230596,164
subject_584,20,Horizontal,UTR,-0.236363267780095,0.0023108415438814886,164
subject_584,30,Sagittal,MTL,-0.3481487910709272,4.921348929387119e-06,164
subject_584,30,Sagittal,MTR,0.10580275565337587,0.17754246501496304,164
subject_584,30,Sagittal,SCML,0.2183819823773869,0.004965672583626624,164
subject_584,30,Sagittal,SCMR,0.3778782809482251,6.088034081352311e-07,164
subject_584,30,Sagittal,STL,-0.4513364134834579,1.315893265608941e-09,164
subject_584,30,Sagittal,STR,-0.3409642349535295,7.906764365608668e-06,164
subject_584,30,Sagittal,UTL,0.2289710127084336,0.0031868681626798126,164
subject_584,30,Sagittal,UTR,0.4113864406702864,4.443028831996271e-08,164
subject_584,30,Frontal,MTL,-0.23515000196981697,0.0024376624956010417,164
subject_584,30,Frontal,MTR,0.26338742874688914,0.0006554239565343076,164
subject_584,30,Frontal,SCML,0.1973172735864943,0.01132474334416379,164
subject_584,30,Frontal,SCMR,0.009022310579468175,0.9087142052505981,164
subject_584,30,Frontal,STL,-0.2779496739596323,0.00031391405198047574,164
subject_584,30,Frontal,STR,-0.2469637287278878,0.0014325169553563652,164
subject_584,30,Frontal,UTL,-0.11753210326097825,0.1339170836135468,164
subject_584,30,Frontal,UTR,0.08097251804144198,0.3026738853695095,164
subject_584,30,Horizontal,MTL,0.20312772032456947,0.00908971827600414,164
subject_584,30,Horizontal,MTR,-0.17755790433032237,0.02293217250494829,164
subject_584,30,Horizontal,SCML,-0.2798183830867934,0.0002847662078451911,164
subject_584,30,Horizontal,SCMR,-0.13106448354979464,0.09436073542928525,164
subject_584,30,Horizontal,STL,0.2657967814056087,0.0005819006693551662,164
subject_584,30,Horizontal,STR,0.3268910148332738,1.935594661816872e-05,164
subject_584,30,Horizontal,UTL,0.0028224793827370856,0.9713868355384705,164
subject_584,30,Horizontal,UTR,-0.2023496991081411,0.009364372772046768,164
subject_584,40,Sagittal,MTL,0.09654338029561005,0.21736014904648485,165
subject_584,40,Sagittal,MTR,0.011699136050171352,0.8814425585427506,165
subject_584,40,Sagittal,SCML,0.3649250964633844,1.4416512727223784e-06,165
subject_584,40,Sagittal,SCMR,0.5460655460381355,3.3033924175845167e-14,165
subject_584,40,Sagittal,STL,-0.29987784254188143,9.109509334385171e-05,165
subject_584,40,Sagittal,STR,-0.33158952847962014,1.357053605677851e-05,165
subject_584,40,Sagittal,UTL,0.04665427488868848,0.5518078929452613,165
subject_584,40,Sagittal,UTR,0.2966717532987992,0.00010913705176949342,165
subject_584,40,Frontal,MTL,-0.06338713990209768,0.41860349501012417,165
subject_584,40,Frontal,MTR,-0.06838185154823333,0.3828128769919543,165
subject_584,40,Frontal,SCML,0.28920101978554197,0.00016492918854800367,165
subject_584,40,Frontal,SCMR,0.21432684481669764,0.005703689665693672,165
subject_584,40,Frontal,STL,-0.35140642534311256,3.6912696530072015e-06,165
subject_584,40,Frontal,STR,-0.3446094485636682,5.827398140365072e-06,165
subject_584,40,Frontal,UTL,-0.19988146529180648,0.01005203668436104,165
subject_584,40,Frontal,UTR,-0.006445823697420638,0.9345119265068864,165
subject_584,40,Horizontal,MTL,0.07954311441488456,0.30982353906018045,165
subject_584,40,Horizontal,MTR,0.18473693999287524,0.0175284337469979,165
subject_584,40,Horizontal,SCML,-0.28267601897928035,0.00023437823816482812,165
subject_584,40,Horizontal,SCMR,-0.2580617001864008,0.0008182988173789338,165
subject_584,40,Horizontal,STL,0.2875988827378562,0.00017993480253229995,165
subject_584,40,Horizontal,STR,0.3264635966213503,1.8734090506919542e-05,165
subject_584,40,Horizontal,UTL,0.13343551766666303,0.08751966666518757,165
subject_584,40,Horizontal,UTR,0.008809335146925328,0.91058564072744,165
subject_584,50,Sagittal,MTL,-0.0355447782218751,0.6503664594936934,165
subject_584,50,Sagittal,MTR,-0.14525746460622005,0.0626641731611856,165
subject_584,50,Sagittal,SCML,0.23544695836808913,0.002332269890183757,165
subject_584,50,Sagittal,SCMR,0.4055406975402159,6.529139755921561e-08,165
subject_584,50,Sagittal,STL,-0.4690925537172935,2.082482691420332e-10,165
subject_584,50,Sagittal,STR,-0.3424106521101425,6.739684292271779e-06,165
subject_584,50,Sagittal,UTL,0.013739184982047228,0.8609620731922563,165
subject_584,50,Sagittal,UTR,0.21855719379968455,0.0047985782716718755,165
subject_584,50,Frontal,MTL,0.07873195488779108,0.3147990240391924,165
subject_584,50,Frontal,MTR,-0.23486209209510475,0.002393319126953774,165
subject_584,50,Frontal,SCML,0.3602613218623129,2.003747485394185e-06,165
subject_584,50,Frontal,SCMR,0.3759663708119248,6.475521602158059e-07,165
subject_584,50,Frontal,STL,-0.2629352977386604,0.0006448169302615024,165
subject_584,50,Frontal,STR,-0.4166439733091176,2.6002550751982818e-08,165
subject_584,50,Frontal,UTL,-0.1331459383371515,0.08821537218018223,165
subject_584,50,Frontal,UTR,-0.029411899881817815,0.707651780198906,165
subject_584,50,Horizontal,MTL,0.00951531065147255,0.9034534826296406,165
subject_584,50,Horizontal,MTR,0.18567464940918027,0.01695404614697813,165
subject_584,50,Horizontal,SCML,-0.14877437311580813,0.0565023920025455,165
subject_584,50,Horizontal,SCMR,-0.3127028164433587,4.328048232567265e-05,165
subject_584,50,Horizontal,STL,0.35349194545773505,3.201855871417919e-06,165
subject_584,50,Horizontal,STR,0.3077898530413783,5.779261489275275e-05,165
subject_584,50,Horizontal,UTL,0.14416433734769005,0.06468789977505314,165
subject_584,50,Horizontal,UTR,-0.0059432248978573705,0.9396081321566944,165
subject_584,60,Sagittal,MTL,-0.12013766336511632,0.12544837465908468,164
subject_584,60,Sagittal,MTR,-0.13430782607559358,0.08641842870482716,164
subject_584,60,Sagittal,SCML,0.32064933350471736,2.8394194458088357e-05,164
subject_584,60,Sagittal,SCMR,0.49599507596406334,1.4448512252244113e-11,164
subject_584,60,Sagittal,STL,-0.6787669682111335,1.7314275123186078e-23,164
subject_584,60,Sagittal,STR,-0.5921102699401025,6.809626798743685e-17,164
subject_584,60,Sagittal,UTL,0.1973864987706005,0.011295498390736375,164
subject_584,60,Sagittal,UTR,0.39686019570123554,1.4320105274648555e-07,164
subject_584,60,Frontal,MTL,0.03258702617283125,0.678701558476328,164
subject_584,60,Frontal,MTR,0.035389976019600165,0.65279173294803,164
subject_584,60,Frontal,SCML,0.6142881763123119,2.1759027200383413e-18,164
subject_584,60,Frontal,SCMR,0.6162505536855235,1.5834478398459078e-18,164
subject_584,60,Frontal,STL,-0.37579214216530266,7.098518057087698e-07,164
subject_584,60,Frontal,STR,-0.557899512477453,8.456194686214291e-15,164
subject_584,60,Frontal,UTL,0.24304887464504968,0.001713294276701482,164
subject_584,60,Frontal,UTR,0.38341666571727157,4.0286369620226857e-07,164
subject_584,60,Horizontal,MTL,0.04927258143119864,0.5309534173403627,164
subject_584,60,Horizontal,MTR,0.06911478314268134,0.3791935018405316,164
subject_584,60,Horizontal,SCML,-0.34628832897676526,5.570509306278705e-06,164
subject_584,60,Horizontal,SCMR,-0.4383520715090872,4.343738645622034e-09,164
subject_584,60,Horizontal,STL,0.4263339483879831,1.2556463821711348e-08,164
subject_584,60,Horizontal,STR,0.4340107575775816,6.404248291662091e-09,164
subject_584,60,Horizontal,UTL,-0.1358513221323401,0.0828313289044533,164
subject_584,60,Horizontal,UTR,-0.2763886312618413,0.0003403590096323215,164
subject_584,70,Sagittal,MTL,0.01681013548110017,0.8308252532704548,164
subject_584,70,Sagittal,MTR,-0.05390865176013063,0.49297430186896973,164
subject_584,70,Sagittal,SCML,0.5186888363339927,1.1224236820618595e-12,164
subject_584,70,Sagittal,SCMR,0.5669360004901182,2.4970391912803916e-15,164
subject_584,70,Sagittal,STL,-0.7576459498605155,7.852689426441833e-32,164
subject_584,70,Sagittal,STR,-0.7174150758259945,3.2080732739632477e-27,164
subject_584,70,Sagittal,UTL,0.2595000675695991,0.0007922903737350565,164
subject_584,70,Sagittal,UTR,0.511116665841148,2.6888071205049573e-12,164
subject_584,70,Frontal,MTL,0.024406021579578926,0.7564049473802024,164
subject_584,70,Frontal,MTR,-0.017046580759656114,0.8284821038031305,164
subject_584,70,Frontal,SCML,0.5282365701459192,3.615702935251449e-13,164
subject_584,70,Frontal,SCMR,0.5990587790751501,2.382258222500159e-17,164
subject_584,70,Frontal,STL,-0.6823062488692639,8.328288954514432e-24,164
subject_584,70,Frontal,STR,-0.670224734787192,9.717056406303466e-23,164
subject_584,70,Frontal,UTL,0.32284342241486225,2.4839766558916167e-05,164
subject_584,70,Frontal,UTR,0.5135591751867575,2.033292234754752e-12,164
subject_584,70,Horizontal,MTL,-0.07798369936432752,0.3209281311165549,164
subject_584,70,Horizontal,MTR,-0.026090134713800756,0.7401780175131586,164
subject_584,70,Horizontal,SCML,-0.45528718599467694,9.058270356827332e-10,164
subject_584,70,Horizontal,SCMR,-0.40052657357340277,1.0713660079414048e-07,164
subject_584,70,Horizontal,STL,0.4974327882246627,1.2357294654227607e-11,164
subject_584,70,Horizontal,STR,0.4452525187970612,2.31710620181278e-09,164
subject_584,70,Horizontal,UTL,-0.27466317643759475,0.0003719828247783798,164
subject_584,70,Horizontal,UTR,-0.41113465032516794,4.536247013524631e-08,164
subject_584,80,Sagittal,MTL,0.17683563490499288,0.0235027793864436,164
subject_584,80,Sagittal,MTR,-0.06267759078107797,0.4252711876454952,164
subject_584,80,Sagittal,SCML,0.059208074791224974,0.45139298644421877,164
subject_584,80,Sagittal,SCMR,0.24909153333472864,0.001298185886304217,164
subject_584,80,Sagittal,STL,-0.21036873602660933,0.006856126093126901,164
subject_584,80,Sagittal,STR,-0.20092648782853395,0.009885820881534854,164
subject_584,80,Sagittal,UTL,0.013539303694696476,0.8633829990245123,164
subject_584,80,Sagittal,UTR,-0.2141214778115524,0.005902944905476051,164
subject_584,80,Frontal,MTL,-0.2926536328477492,0.00014311210897450356,164
subject_584,80,Frontal,MTR,-0.1073572784641798,0.1712225816507149,164
subject_584,80,Frontal,SCML,0.180304102261315,0.020870128580949426,164
subject_584,80,Frontal,SCMR,0.21821569431875784,0.00499959259625731,164
subject_584,80,Frontal,STL,-0.22576073486195,0.0036531450666055943,164
subject_584,80,Frontal,STR,-0.29690778317773486,0.00011310131082345805,164
subject_584,80,Frontal,UTL,0.13014300268167378,0.09671997934810245,164
subject_584,80,Frontal,UTR,0.3910448384292779,2.2527709299734268e-07,164
subject_584,80,Horizontal,MTL,-0.3798678182462046,5.253406194109603e-07,164
subject_584,80,Horizontal,MTR,-0.15345803835123165,0.04978270109784788,164
subject_584,80,Horizontal,SCML,-0.0913803510082184,0.2445354404193547,164
subject_584,80,Horizontal,SCMR,-0.2087503030004791,0.007307862519813931,164
subject_584,80,Horizontal,STL,-0.10766568728604728,0.16998883954952257,164
subject_584,80,Horizontal,STR,-0.08681543657089004,0.2690016125890692,164
subject_584,80,Horizontal,UTL,0.001584927994631106,0.983930298459676,164
subject_584,80,Horizontal,UTR,0.3275555400396544,1.8572949316167682e-05,164
subject_584,90,Sagittal,MTL,0.2253526584243733,0.0037166219460623654,164
subject_584,90,Sagittal,MTR,0.10602604353537404,0.1766242556891826,164
subject_584,90,Sagittal,SCML,-0.45637088297184675,8.169543738866516e-10,164
subject_584,90,Sagittal,SCMR,0.08219116731814859,0.29543128905075655,164
subject_584,90,Sagittal,STL,0.02328902888800883,0.7672270081986389,164
subject_584,90,Sagittal,STR,0.08263415396974902,0.2928272941030411,164
subject_584,90,Sagittal,UTL,0.1355209999728935,0.08358877153263226,164
subject_584,90,Sagittal,UTR,-0.12616342126122254,0.10745002587363028,164
subject_584,90,Frontal,MTL,-0.22273255007689008,0.004148392762279879,164
subject_584,90,Frontal,MTR,-0.1664765641690073,0.03312839822181035,164
subject_584,90,Frontal,SCML,0.5572085689977632,9.268799493977777e-15,164
subject_584,90,Frontal,SCMR,-0.06267690665579521,0.42527625062665486,164
subject_584,90,Frontal,STL,-0.1376451557398733,0.07881370149895942,164
subject_584,90,Frontal,STR,-0.23332534410019262,0.0026402981007510574,164
subject_584,90,Frontal,UTL,-0.08622289668716057,0.27229537032173806,164
subject_584,90,Frontal,UTR,0.18108125737969633,0.02031647339480638,164
subject_584,90,Horizontal,MTL,-0.32605503135691777,2.0385239261068574e-05,164
subject_584,90,Horizontal,MTR,-0.24004706194278516,0.0019615985776632295,164
subject_584,90,Horizontal,SCML,0.5138822329202449,1.9591863365779664e-12,164
subject_584,90,Horizontal,SCMR,-0.23616196675118106,0.002331460052338686,164
subject_584,90,Horizontal,STL,-0.01825950574515571,0.816486325343329,164
subject_584,90,Horizontal,STR,-0.11011204806973485,0.16043550476599117,164
subject_584,90,Horizontal,UTL,-0.2986238154777364,0.0001027510473324488,164
subject_584,90,Horizontal,UTR,0.04735281805151443,0.5470999028347426,164
subject_585,10,Sagittal,MTL,-0.1367977817174396,0.13625764211026362,120
subject_585,10,Sagittal,MTR,0.046251843908043086,0.6159285557957338,120
subject_585,10,Sagittal,SCML,-0.13581890671409477,0.13911047225231252,120
subject_585,10,Sagittal,SCMR,0.2097239694666292,0.021505275798793147,120
subject_585,10,Sagittal,STL,0.19748803192481887,0.03061278126674173,120
subject_585,10,Sagittal,STR,0.26894590716899125,0.002975610814203311,120
subject_585,10,Sagittal,UTL,0.11477309414218098,0.21194101951631572,120
subject_585,10,Sagittal,UTR,-0.12211465666726717,0.18395492888475365,120
subject_585,10,Frontal,MTL,0.011275081922739566,0.9027220819841869,120
subject_585,10,Frontal,MTR,-0.12402590115013522,0.17713400750172706,120
subject_585,10,Frontal,SCML,-0.022550163845479133,0.8068667072668347,120
subject_585,10,Frontal,SCMR,-0.07328803249780717,0.4263241321638236,120
subject_585,10,Frontal,STL,-0.10899245858648249,0.23602161875326555,120
subject_585,10,Frontal,STR,-0.10711327826602587,0.24424610080048506,120
subject_585,10,Frontal,UTL,0.05825458993415443,0.5273838253492935,120
subject_585,10,Frontal,UTR,0.13154262243196163,0.15210786253471106,120
subject_585,10,Horizontal,MTL,,,120
subject_585,10,Horizontal,MTR,,,120
subject_585,10,Horizontal,SCML,,,120
subject_585,10,Horizontal,SCMR,,,120
subject_585,10,Horizontal,STL,,,120
subject_585,10,Horizontal,STR,,,120
subject_585,10,Horizontal,UTL,,,120
subject_585,10,Horizontal,UTR,,,120
subject_585,20,Sagittal,MTL,-0.35540782804660076,6.793455133285565e-05,120
subject_585,20,Sagittal,MTR,-0.2474358296526967,0.00643683660432352,120
subject_585,20,Sagittal,SCML,-0.27548737825503455,0.0023238487048359573,120
subject_585,20,Sagittal,SCMR,-0.01032085278765259,0.9109194536720002,120
subject_585,20,Sagittal,STL,-0.23473324160635506,0.009862266449488195,120
subject_585,20,Sagittal,STR,0.10717808664100767,0.24395919206068087,120
subject_585,20,Sagittal,UTL,-0.1897449089422284,0.037922502613553455,120
subject_585,20,Sagittal,UTR,-0.49831194356794434,6.9719425327778815e-09,120
subject_585,20,Frontal,MTL,0.07328803249780717,0.4263241321638236,120
subject_585,20,Frontal,MTR,0.030066885127305515,0.7444300363122347,120
subject_585,20,Frontal,SCML,-0.01691262288410935,0.8545293565218618,120
subject_585,20,Frontal,SCMR,0.009395901602282973,0.9188742637025615,120
subject_585,20,Frontal,STL,0.03194606544776211,0.7290593116616991,120
subject_585,20,Frontal,STR,-0.041341967050045086,0.6539150015483993,120
subject_585,20,Frontal,UTL,0.026308524486392322,0.7754692401684233,120
subject_585,20,Frontal,UTR,0.1353009830728748,0.14063815894918177,120
subject_585,20,Horizontal,MTL,,,120
subject_585,20,Horizontal,MTR,,,120
subject_585,20,Horizontal,SCML,,,120
subject_585,20,Horizontal,SCMR,,,120
subject_585,20,Horizontal,STL,,,120
subject_585,20,Horizontal,STR,,,120
subject_585,20,Horizontal,UTL,,,120
subject_585,20,Horizontal,UTR,,,120
subject_585,30,Sagittal,MTL,-0.24378981756986937,0.007291222378341614,120
subject_585,30,Sagittal,MTR,-0.1956338042227347,0.03224448540307556,120
subject_585,30,Sagittal,SCML,0.019864355505693057,0.8294970079349545,120
subject_585,30,Sagittal,SCMR,0.08607887385800327,0.3498843635438524,120
subject_585,30,Sagittal,STL,-0.20406110655848325,0.025380725439112375,120
subject_585,30,Sagittal,STR,-0.09450617619375185,0.3045488723604739,120
subject_585,30,Sagittal,UTL,-0.27388732591182857,0.0024700735594920466,120
subject_585,30,Sagittal,UTR,-0.21971181089630204,0.015901418518852063,120
subject_585,30,Frontal,MTL,-0.278702927246542,0.002053409123981902,120
subject_585,30,Frontal,MTR,-0.28833412991596896,0.0014051498165881492,120
subject_585,30,Frontal,SCML,-0.1956338042227347,0.03224448540307556,120
subject_585,30,Frontal,SCMR,-0.10413737886317878,0.25767306705735227,120
subject_585,30,Frontal,STL,-0.07524377085489796,0.4140509905328122,120
subject_585,30,Frontal,STR,-0.15590509321134857,0.08905706729702072,120
subject_585,30,Frontal,UTL,-0.24258591723619102,0.00759462034276429,120
subject_585,30,Frontal,UTR,-0.12219588386835427,0.1836611904896359,120
subject_585,30,Horizontal,MTL,,,120
subject_585,30,Horizontal,MTR,,,120
subject_585,30,Horizontal,SCML,,,120
subject_585,30,Horizontal,SCMR,,,120
subject_585,30,Horizontal,STL,,,120
subject_585,30,Horizontal,STR,,,120
subject_585,30,Horizontal,UTL,,,120
subject_585,30,Horizontal,UTR,,,120
subject_585,40,Sagittal,MTL,,,120
subject_585,40,Sagittal,MTR,,,120
subject_585,40,Sagittal,SCML,,,120
subject_585,40,Sagittal,SCMR,,,120
subject_585,40,Sagittal,STL,,,120
subject_585,40,Sagittal,STR,,,120
subject_585,40,Sagittal,UTL,,,120
subject_585,40,Sagittal,UTR,,,120
subject_585,40,Frontal,MTL,-0.049100730219163974,0.5943360633949412,120
subject_585,40,Frontal,MTR,-0.006183054916487315,0.9465628655111166,120
subject_585,40,Frontal,SCML,-0.1698521556470339,0.06364445793257616,120
subject_585,40,Frontal,SCMR,-0.1662150645196884,0.06961929768814204,120
subject_585,40,Frontal,STL,-0.05928458537573131,0.5200952163159466,120
subject_585,40,Frontal,STR,0.08692647794355696,0.34514235408748545,120
subject_585,40,Frontal,UTL,-0.1523941182357756,0.09658480055227149,120
subject_585,40,Frontal,UTR,0.015639491847585563,0.8653725458677863,120
subject_585,40,Horizontal,MTL,,,120
subject_585,40,Horizontal,MTR,,,120
subject_585,40,Horizontal,SCML,,,120
subject_585,40,Horizontal,SCMR,,,120
subject_585,40,Horizontal,STL,,,120
subject_585,40,Horizontal,STR,,,120
subject_585,40,Horizontal,UTL,,,120
subject_585,40,Horizontal,UTR,,,120
subject_585,50,Sagittal,MTL,,,120
subject_585,50,Sagittal,MTR,,,120
subject_585,50,Sagittal,SCML,,,120
subject_585,50,Sagittal,SCMR,,,120
subject_585,50,Sagittal,STL,,,120
subject_585,50,Sagittal,STR,,,120
subject_585,50,Sagittal,UTL,,,120
subject_585,50,Sagittal,UTR,,,120
subject_585,50,Frontal,MTL,0.2527225981728193,0.005355815600892594,120
subject_585,50,Frontal,MTR,0.23104960353625284,0.011117549084269174,120
subject_585,50,Frontal,SCML,0.12423270139888971,0.17640727344561663,120
subject_585,50,Frontal,SCMR,-0.04682914912543818,0.6115255754666006,120
subject_585,50,Frontal,STL,-0.08398285421669492,0.3617849907749551,120
subject_585,50,Frontal,STR,0.18460747217218193,0.04354022286596823,120
subject_585,50,Frontal,UTL,0.13816534080811102,0.13234696867083134,120
subject_585,50,Frontal,UTR,0.23337171010445643,0.010310913802563298,120
subject_585,50,Horizontal,MTL,,,120
subject_585,50,Horizontal,MTR,,,120
subject_585,50,Horizontal,SCML,,,120
subject_585,50,Horizontal,SCMR,,,120
subject_585,50,Horizontal,STL,,,120
subject_585,50,Horizontal,STR,,,120
subject_585,50,Horizontal,UTL,,,120
subject_585,50,Horizontal,UTR,,,120
subject_585,60,Sagittal,MTL,0.09923896911204415,0.2808578194633942,120
subject_585,60,Sagittal,MTR,0.1389345567568618,0.13018535650122526,120
subject_585,60,Sagittal,SCML,0.15745916432444337,0.0858776270476261,120
subject_585,60,Sagittal,SCMR,0.06748249899619002,0.4639661900706082,120
subject_585,60,Sagittal,STL,0.1124708316603167,0.22131262983285394,120
subject_585,60,Sagittal,STR,0.15745916432444337,0.0858776270476261,120
subject_585,60,Sagittal,UTL,0.14422730177617082,0.1160380600724496,120
subject_585,60,Sagittal,UTR,0.027786911351372363,0.7632143252336895,120
subject_585,60,Frontal,MTL,0.14869563239836034,0.10504899011288235,120
subject_585,60,Frontal,MTR,0.0654877137505732,0.47730950193607286,120
subject_585,60,Frontal,SCML,0.18721781695752104,0.04060473966789646,120
subject_585,60,Frontal,SCMR,0.1625636188396582,0.07606715266400567,120
subject_585,60,Frontal,STL,-0.14869563239836034,0.10504899011288235,120
subject_585,60,Frontal,STR,0.04699706516217606,0.6102475047846156,120
subject_585,60,Frontal,UTL,0.20416757816355177,0.02530269527562658,120
subject_585,60,Frontal,UTR,0.11633699736866536,0.2057386327318951,120
subject_585,60,Horizontal,MTL,,,120
subject_585,60,Horizontal,MTR,,,120
subject_585,60,Horizontal,SCML,,,120
subject_585,60,Horizontal,SCMR,,,120
subject_585,60,Horizontal,STL,,,120
subject_585,60,Horizontal,STR,,,120
subject_585,60,Horizontal,UTL,,,120
subject_585,60,Horizontal,UTR,,,120
subject_585,70,Sagittal,MTL,0.2822107407199874,0.0017911646659070127,120
subject_585,70,Sagittal,MTR,-0.01625733956880282,0.8601071148822589,120
subject_585,70,Sagittal,SCML,0.34640638927372164,0.00010632771523807317,120
subject_585,70,Sagittal,SCMR,0.0862889561728765,0.348705248896627,120
subject_585,70,Sagittal,STL,-0.13381041029706936,0.14510588106123998,120
subject_585,70,Sagittal,STR,0.2388578352031799,0.008606203391418826,120
subject_585,70,Sagittal,UTL,0.22968702826693213,0.011616194827644016,120
subject_585,70,Sagittal,UTR,0.017924759011756955,0.8459282562093017,120
subject_585,70,Frontal,MTL,,,120
subject_585,70,Frontal,MTR,,,120
subject_585,70,Frontal,SCML,,,120
subject_585,70,Frontal,SCMR,,,120
subject_585,70,Frontal,STL,,,120
subject_585,70,Frontal,STR,,,120
subject_585,70,Frontal,UTL,,,120
subject_585,70,Frontal,UTR,,,120
subject_585,70,Horizontal,MTL,,,120
subject_585,70,Horizontal,MTR,,,120
subject_585,70,Horizontal,SCML,,,120
subject_585,70,Horizontal,SCMR,,,120
subject_585,70,Horizontal,STL,,,120
subject_585,70,Horizontal,STR,,,120
subject_585,70,Horizontal,UTL,,,120
subject_585,70,Horizontal,UTR,,,120
subject_585,80,Sagittal,MTL,0.19662138941647694,0.031366491180391275,120
subject_585,80,Sagittal,MTR,-0.07459182800760433,0.4181191105645011,120
subject_585,80,Sagittal,SCML,0.6239518952723332,2.6766996370655974e-14,120
subject_585,80,Sagittal,SCMR,0.5083545019765507,3.0778649936642935e-09,120
subject_585,80,Sagittal,STL,0.3260899960832145,0.00027839113016164406,120
subject_585,80,Sagittal,STR,0.30560103332150473,0.0006882158627233145,120
subject_585,80,Sagittal,UTL,0.5686368289148863,1.243176513552227e-11,120
subject_585,80,Sagittal,UTR,0.43762829249731683,5.785856749848746e-07,120
subject_585,80,Frontal,MTL,,,120
subject_585,80,Frontal,MTR,,,120
subject_585,80,Frontal,SCML,,,120
subject_585,80,Frontal,SCMR,,,120
subject_585,80,Frontal,STL,,,120
subject_585,80,Frontal,STR,,,120
subject_585,80,Frontal,UTL,,,120
subject_585,80,Frontal,UTR,,,120
subject_585,80,Horizontal,MTL,,,120
subject_585,80,Horizontal,MTR,,,120
subject_585,80,Horizontal,SCML,,,120
subject_585,80,Horizontal,SCMR,,,120
subject_585,80,Horizontal,STL,,,120
subject_585,80,Horizontal,STR,,,120
subject_585,80,Horizontal,UTL,,,120
subject_585,80,Horizontal,UTR,,,120
subject_585,90,Sagittal,MTL,0.7469311142641627,1.7922252647297188e-22,119
subject_585,90,Sagittal,MTR,0.016786858309723596,0.8562083627113786,119
subject_585,90,Sagittal,SCML,0.9067096892082153,1.0983731324855629e-45,119
subject_585,90,Sagittal,SCMR,0.8398035305007759,7.990169226396802e-33,119
subject_585,90,Sagittal,STL,0.6153048903312559,9.643678097972743e-14,119
subject_585,90,Sagittal,STR,-0.3110540504916728,0.0005748511893427788,119
subject_585,90,Sagittal,UTL,-0.051303739006677035,0.5794998258510418,119
subject_585,90,Sagittal,UTR,0.6122524019408772,1.3773815624272052e-13,119
subject_585,90,Frontal,MTL,0.656298703882846,5.386779337475018e-16,119
subject_585,90,Frontal,MTR,0.14590823557325133,0.1133402761824966,119
subject_585,90,Frontal,SCML,0.6776370624449419,2.5986379521950273e-17,119
subject_585,90,Frontal,SCMR,0.6782137748385123,2.3857703429530217e-17,119
subject_585,90,Frontal,STL,0.518464441819577,1.5442093684028504e-09,119
subject_585,90,Frontal,STR,-0.03863973036920095,0.6765201313901302,119
subject_585,90,Frontal,UTL,-0.1862781031231628,0.0425199181144371,119
subject_585,90,Frontal,UTR,0.6055480132486716,2.97370601068265e-13,119
subject_585,90,Horizontal,MTL,,,119
subject_585,90,Horizontal,MTR,,,119
subject_585,90,Horizontal,SCML,,,119
subject_585,90,Horizontal,SCMR,,,119
subject_585,90,Horizontal,STL,,,119
subject_585,90,Horizontal,STR,,,119
subject_585,90,Horizontal,UTL,,,119
subject_585,90,Horizontal,UTR,,,119
subject_586,10,Sagittal,MTL,0.22017622098525064,0.031119234986338746,96
subject_586,10,Sagittal,MTR,0.25474934659450493,0.012252093916746176,96
subject_586,10,Sagittal,SCML,0.47578309822100145,9.629129582207378e-07,96
subject_586,10,Sagittal,SCMR,0.4522881530096309,3.724949372320223e-06,96
subject_586,10,Sagittal,STL,-0.16540580864681523,0.10728346708948429,96
subject_586,10,Sagittal,STR,0.4624739437971123,2.0977488231086134e-06,96
subject_586,10,Sagittal,UTL,-0.038860778815483596,0.7069833270233441,96
subject_586,10,Sagittal,UTR,0.28663833157872126,0.004635211090609987,96
subject_586,10,Frontal,MTL,0.2061447275125311,0.04390073951998995,96
subject_586,10,Frontal,MTR,0.2721865166469804,0.007301087414367679,96
subject_586,10,Frontal,SCML,0.39483555361095773,6.865121249600574e-05,96
subject_586,10,Frontal,SCMR,0.23539180555778724,0.020960840299131207,96
subject_586,10,Frontal,STL,-0.11368622272430207,0.27007858933357326,96
subject_586,10,Frontal,STR,0.3476628470863511,0.0005191173839916873,96
subject_586,10,Frontal,UTL,-0.02500153445804153,0.8089406514208347,96
subject_586,10,Frontal,UTR,0.21180545229548392,0.03829877927436273,96
subject_586,10,Horizontal,MTL,0.26948701409635895,0.007927385986546595,96
subject_586,10,Horizontal,MTR,0.22641831321337924,0.026536467485490038,96
subject_586,10,Horizontal,SCML,-0.029532823462614682,0.7751590676614692,96
subject_586,10,Horizontal,SCMR,0.10459541643009367,0.3104959191352248,96
subject_586,10,Horizontal,STL,0.25225953374316706,0.013157025339788842,96
subject_586,10,Horizontal,STR,0.08490686745501722,0.4107906523852659,96
subject_586,10,Horizontal,UTL,-0.18211907801945723,0.07574873374337068,96
subject_586,10,Horizontal,UTR,0.27563968565107033,0.006563847878979346,96
subject_586,20,Sagittal,MTL,0.35955455373472806,0.000320848532075968,96
subject_586,20,Sagittal,MTR,0.4522404173882786,3.7348249073527533e-06,96
subject_586,20,Sagittal,SCML,0.375907562712421,0.00016046427076015678,96
subject_586,20,Sagittal,SCMR,0.641548718901399,1.8875034204716475e-12,96
subject_586,20,Sagittal,STL,-0.08079148352568585,0.4339192991967456,96
subject_586,20,Sagittal,STR,0.6124194807353531,3.345096632590876e-11,96
subject_586,20,Sagittal,UTL,0.34958613195496957,0.0004808607813565342,96
subject_586,20,Sagittal,UTR,0.4705687682614651,1.31151690931422e-06,96
subject_586,20,Frontal,MTL,0.21908216464657684,0.03198763953587403,96
subject_586,20,Frontal,MTR,0.28675233133277817,0.00461819775500084,96
subject_586,20,Frontal,SCML,0.1970893604735614,0.054266773012576375,96
subject_586,20,Frontal,SCMR,0.18524708130347617,0.07077150913651309,96
subject_586,20,Frontal,STL,-0.06174902710115873,0.5500669557003657,96
subject_586,20,Frontal,STR,0.23261619798381714,0.02256683967517583,96
subject_586,20,Frontal,UTL,0.14295322712460035,0.16469610486699632,96
subject_586,20,Frontal,UTR,0.2664512813269178,0.008687821437750333,96
subject_586,20,Horizontal,MTL,-0.015791205270955243,0.8786314630750848,96
subject_586,20,Horizontal,MTR,0.13422524480311954,0.19229681722316422,96
subject_586,20,Horizontal,SCML,0.015791205270955243,0.8786314630750848,96
subject_586,20,Horizontal,SCMR,0.21581313870305496,0.03470509262525921,96
subject_586,20,Horizontal,STL,0.023686807906432863,0.8188111412126053,96
subject_586,20,Horizontal,STR,0.1552801851643932,0.13087049619463087,96
subject_586,20,Horizontal,UTL,-0.09211536408057223,0.37206098987590913,96
subject_586,20,Horizontal,UTR,0.12106590707732352,0.23999959113700986,96
subject_586,30,Sagittal,MTL,0.609575216427558,3.439105664303752e-11,97
subject_586,30,Sagittal,MTR,0.5740218343547213,7.910997017425657e-10,97
subject_586,30,Sagittal,SCML,0.7835439191813035,2.4051702663836155e-21,97
subject_586,30,Sagittal,SCMR,0.7897573280786625,7.059009227584026e-22,97
subject_586,30,Sagittal,STL,-0.05515834000522061,0.5915349781358017,97
subject_586,30,Sagittal,STR,0.5959340516170691,1.198508392655678e-10,97
subject_586,30,Sagittal,UTL,-0.2421003167107812,0.016887011671074946,97
subject_586,30,Sagittal,UTR,0.1224129255619775,0.23228380591628017,97
subject_586,30,Frontal,MTL,0.03627381250550058,0.7242830635437063,97
subject_586,30,Frontal,MTR,0.15027722323707385,0.14177056378195171,97
subject_586,30,Frontal,SCML,0.04922874554317936,0.6320438967680008,97
subject_586,30,Frontal,SCMR,-0.010363946430143024,0.9197469445848556,97
subject_586,30,Frontal,STL,0.03627381250550058,0.7242830635437063,97
subject_586,30,Frontal,STR,0.20986991521039622,0.039091628428985746,97
subject_586,30,Frontal,UTL,-0.12695834376925202,0.2152690675986473,97
subject_586,30,Frontal,UTR,-0.02072789286028605,0.8402910340127231,97
subject_586,30,Horizontal,MTL,0.03627381250550058,0.7242830635437063,97
subject_586,30,Horizontal,MTR,0.15027722323707385,0.14177056378195171,97
subject_586,30,Horizontal,SCML,0.04922874554317936,0.6320438967680008,97
subject_586,30,Horizontal,SCMR,-0.010363946430143024,0.9197469445848556,97
subject_586,30,Horizontal,STL,0.03627381250550058,0.7242830635437063,97
subject_586,30,Horizontal,STR,0.20986991521039622,0.039091628428985746,97
subject_586,30,Horizontal,UTL,-0.12695834376925202,0.2152690675986473,97
subject_586,30,Horizontal,UTR,-0.02072789286028605,0.8402910340127231,97
subject_586,40,Sagittal,MTL,-0.04864116115889793,0.6397156245852572,95
subject_586,40,Sagittal,MTR,-0.21731638658561528,0.034391662958427716,95
subject_586,40,Sagittal,SCML,0.49443489590384904,3.53254031919158e-07,95
subject_586,40,Sagittal,SCMR,0.579424400467791,7.653401713752205e-10,95
subject_586,40,Sagittal,STL,0.03876249234621454,0.7091866131736605,95
subject_586,40,Sagittal,STR,0.4644335434836039,2.127024168949416e-06,95
subject_586,40,Sagittal,UTL,0.07799062172855992,0.4525078184689676,95
subject_586,40,Sagittal,UTR,0.304397675988791,0.002707438376699005,95
subject_586,40,Frontal,MTL,-0.027122601650840794,0.7941644026239894,95
subject_586,40,Frontal,MTR,-0.006792201776275293,0.9479140146570645,95
subject_586,40,Frontal,SCML,4.620545426037614e-05,0.9996454256379417,95
subject_586,40,Frontal,SCMR,-0.106133928436084,0.3059931664109212,95
subject_586,40,Frontal,STL,-0.05542344238532118,0.5937152655381817,95
subject_586,40,Frontal,STR,0.21661116957264337,0.034994982292797884,95
subject_586,40,Frontal,UTL,-0.06103740507795688,0.5568064377143366,95
subject_586,40,Frontal,UTR,0.06658205958920202,0.5214690900331309,95
subject_586,40,Horizontal,MTL,-0.15508243134690836,0.13344842219065214,95
subject_586,40,Horizontal,MTR,-0.04010752534833837,0.6995706949523519,95
subject_586,40,Horizontal,SCML,0.005347670046445117,0.9589804994816651,95
subject_586,40,Horizontal,SCMR,-0.09893189585923465,0.34016149509299504,95
subject_586,40,Horizontal,STL,0.050802865441228605,0.6248941753866479,95
subject_586,40,Horizontal,STR,0.20321146176491442,0.04825684039550248,95
subject_586,40,Horizontal,UTL,-0.10160573088245721,0.3272053935228408,95
subject_586,40,Horizontal,UTR,-0.0026738350232225587,0.9794835782625055,95
subject_586,50,Sagittal,MTL,-0.11974706476907171,0.24519708388428743,96
subject_586,50,Sagittal,MTR,-0.10026907239848672,0.33104296873600286,96
subject_586,50,Sagittal,SCML,0.5814747393521622,5.22495162192463e-10,96
subject_586,50,Sagittal,SCMR,0.6120890468402987,3.4501850744194834e-11,96
subject_586,50,Sagittal,STL,-0.026848233791619512,0.7951270025841993,96
subject_586,50,Sagittal,STR,0.057504777620277864,0.5778625114571257,96
subject_586,50,Sagittal,UTL,0.1250125285541088,0.2249043903211335,96
subject_586,50,Sagittal,UTR,0.010847700123986802,0.9164582483546951,96
subject_586,50,Frontal,MTL,0.149946445018751,0.14479047947754628,96
subject_586,50,Frontal,MTR,0.1351369195848003,0.18926648369938898,96
subject_586,50,Frontal,SCML,-0.06849405513202207,0.5072727873730357,96
subject_586,50,Frontal,SCMR,-0.08700596192446046,0.39927664975806837,96
subject_586,50,Frontal,STL,-0.15735120773572636,0.12574970652780088,96
subject_586,50,Frontal,STR,0.027767860188657595,0.7882712413461418,96
subject_586,50,Frontal,UTL,0.020363097471682235,0.8438873066427579,96
subject_586,50,Frontal,UTR,0.012958334754706877,0.900280277347234,96
subject_586,50,Horizontal,MTL,,,96
subject_586,50,Horizontal,MTR,,,96
subject_586,50,Horizontal,SCML,,,96
subject_586,50,Horizontal,SCMR,,,96
subject_586,50,Horizontal,STL,,,96
subject_586,50,Horizontal,STR,,,96
subject_586,50,Horizontal,UTL,,,96
subject_586,50,Horizontal,UTR,,,96
subject_586,60,Sagittal,MTL,-0.27545897257418434,0.00660073022164614,96
subject_586,60,Sagittal,MTR,-0.3331680134343647,0.000910205818124034,96
subject_586,60,Sagittal,SCML,0.6627852316425652,1.8974018035368949e-13,96
subject_586,60,Sagittal,SCMR,0.48359073081149173,6.004483658501713e-07,96
subject_586,60,Sagittal,STL,0.09265162378483906,0.36927172534959174,96
subject_586,60,Sagittal,STR,0.3383804429314132,0.0007460845126849577,96
subject_586,60,Sagittal,UTL,0.16277810581457547,0.11305976100225458,96
subject_586,60,Sagittal,UTR,0.29968022234023134,0.003014217999378329,96
subject_586,60,Frontal,MTL,-0.18504062546471156,0.07109167052906723,96
subject_586,60,Frontal,MTR,-0.3196156258026836,0.0015022152993153163,96
subject_586,60,Frontal,SCML,0.42054687605616264,1.989194814433225e-05,96
subject_586,60,Frontal,SCMR,0.058649240012156725,0.5703037256891038,96
subject_586,60,Frontal,STL,0.025005489927663722,0.8089109994445237,96
subject_586,60,Frontal,STR,0.32143420688833185,0.0014063933529937366,96
subject_586,60,Frontal,UTL,0.22414011880614937,0.028137746654014827,96
subject_586,60,Frontal,UTR,0.5869470453929794,3.281709156957154e-10,96
subject_586,60,Horizontal,MTL,0.20880554267866042,0.04118810361454242,96
subject_586,60,Horizontal,MTR,0.169301791361076,0.09914569215901452,96
subject_586,60,Horizontal,SCML,0.18623197049718362,0.0692601697984606,96
subject_586,60,Horizontal,SCMR,0.0,1.0,96
subject_586,60,Horizontal,STL,-0.12227351598299935,0.23530792238957593,96
subject_586,60,Horizontal,STR,-0.1580150052703376,0.12414133973825453,96
subject_586,60,Horizontal,UTL,0.1711829223761991,0.09539403029865635,96
subject_586,60,Horizontal,UTR,0.30662435546505984,0.00237771039117711,96
subject_586,70,Sagittal,MTL,-0.1761015316633281,0.0861120050409812,96
subject_586,70,Sagittal,MTR,-0.22279831989746318,0.02911865273887946,96
subject_586,70,Sagittal,SCML,0.25383025050359687,0.012579618999632317,96
subject_586,70,Sagittal,SCMR,0.2913372659382811,0.003978420904493322,96
subject_586,70,Sagittal,STL,-0.33636507508826574,0.0008060339028957966,96
subject_586,70,Sagittal,STR,0.14486184432472757,0.15907260384870855,96
subject_586,70,Sagittal,UTL,0.07934922135351029,0.4421967786078352,96
subject_586,70,Sagittal,UTR,0.29286081530970476,0.003784073487482897,96
subject_586,70,Frontal,MTL,-0.15176745102703917,0.13991779889508577,96
subject_586,70,Frontal,MTR,-0.25989693267480246,0.01055166053626246,96
subject_586,70,Frontal,SCML,0.2035151315298973,0.046725742312532154,96
subject_586,70,Frontal,SCMR,0.15253980446738033,0.13788902395852864,96
subject_586,70,Frontal,STL,-0.4475788186777059,4.827580626102257e-06,96
subject_586,70,Frontal,STR,0.02201207304972324,0.8314252810069507,96
subject_586,70,Frontal,UTL,0.2382710363452498,0.019399438740468893,96
subject_586,70,Frontal,UTR,0.39814819849587113,5.885503681241402e-05,96
subject_586,70,Horizontal,MTL,0.19301017105260898,0.05955277789462,96
subject_586,70,Horizontal,MTR,0.24361208855703834,0.016766589843251956,96
subject_586,70,Horizontal,SCML,0.08891479790064011,0.3889740252675591,96
subject_586,70,Horizontal,SCMR,0.07590287625664399,0.4623318776179706,96
subject_586,70,Horizontal,STL,-0.3173463112063496,0.0016300698878701963,96
subject_586,70,Horizontal,STR,-0.2681901627734754,0.008244752263134507,96
subject_586,70,Horizontal,UTL,0.14963709890595528,0.1456307919539346,96
subject_586,70,Horizontal,UTR,0.24505785762859345,0.016109340212494355,96
subject_586,80,Sagittal,MTL,-0.053046127382064906,0.6077435707991896,96
subject_586,80,Sagittal,MTR,-0.09564844797247063,0.3539208829884536,96
subject_586,80,Sagittal,SCML,0.14652170280056614,0.15429935458547403,96
subject_586,80,Sagittal,SCMR,0.4486841638620667,4.544110046861376e-06,96
subject_586,80,Sagittal,STL,-0.3676149898001001,0.0002290714500524125,96
subject_586,80,Sagittal,STR,0.07513933476952112,0.46685995966763966,96
subject_586,80,Sagittal,UTL,-0.030735632739211757,0.7662589808886769,96
subject_586,80,Sagittal,UTR,-0.04091308741135212,0.69226777073829,96
subject_586,80,Frontal,MTL,-0.0884148813168293,0.39165673233854104,96
subject_586,80,Frontal,MTR,-0.035170706295235284,0.7337117089408376,96
subject_586,80,Frontal,SCML,0.02300739376552526,0.8239231353862685,96
subject_586,80,Frontal,SCMR,0.3457793170051189,0.000559269391582579,96
subject_586,80,Frontal,STL,-0.4804200628600218,7.284225826737751e-07,96
subject_586,80,Frontal,STR,-0.19731302719019847,0.05398845065970475,96
subject_586,80,Frontal,UTL,0.14370826228160655,0.1624541343212861,96
subject_586,80,Frontal,UTR,0.0175457762088008,0.8652666281030643,96
subject_586,80,Horizontal,MTL,0.010932217488497448,0.9158097250245356,96
subject_586,80,Horizontal,MTR,0.14672289743970857,0.15372813585823833,96
subject_586,80,Horizontal,SCML,0.060714949815149806,0.5567790349716901,96
subject_586,80,Horizontal,SCMR,0.1777758808075732,0.08312138449744355,96
subject_586,80,Horizontal,STL,-0.32571346907933707,0.0012024092303730299,96
subject_586,80,Horizontal,STR,-0.1729954846298073,0.0918858210945305,96
subject_586,80,Horizontal,UTL,0.1451751462182188,0.1581633265449949,96
subject_586,80,Horizontal,UTR,0.08375489204897239,0.4171910878764572,96
subject_586,90,Sagittal,MTL,0.046986195475071664,0.6511594858383164,95
subject_586,90,Sagittal,MTR,0.10599675389161105,0.3066222756800449,95
subject_586,90,Sagittal,SCML,0.7142528574733908,4.426222122963131e-16,95
subject_586,90,Sagittal,SCMR,0.6329103216744455,5.932636676203995e-12,95
subject_586,90,Sagittal,STL,-0.10925928838639316,0.2918878385461601,95
subject_586,90,Sagittal,STR,0.10336820535760535,0.31884004540953664,95
subject_586,90,Sagittal,UTL,0.04150827183645279,0.6896066249811906,95
subject_586,90,Sagittal,UTR,-0.14738392728611777,0.15407041192351417,95
subject_586,90,Frontal,MTL,0.23556500903912944,0.02155897341161486,95
subject_586,90,Frontal,MTR,0.314739146429555,0.001893560919334119,95
subject_586,90,Frontal,SCML,0.6535873775279006,6.970521424017883e-13,95
subject_586,90,Frontal,SCMR,0.5870115055641335,4.051973045851612e-10,95
subject_586,90,Frontal,STL,-0.23662023459596598,0.02096325521360903,95
subject_586,90,Frontal,STR,0.061613895299558935,0.5530795185131739,95
subject_586,90,Frontal,UTL,0.18588885629859084,0.07129566748294522,95
subject_586,90,Frontal,UTR,0.020822580644445005,0.8412550629536638,95
subject_586,90,Horizontal,MTL,0.03529595159170253,0.7341773862270529,95
subject_586,90,Horizontal,MTR,0.1835666624284114,0.07496720344063597,95
subject_586,90,Horizontal,SCML,0.5760980276061284,1.006302536643966e-09,95
subject_586,90,Horizontal,SCMR,0.452591890768982,4.127870458228101e-06,95
subject_586,90,Horizontal,STL,-0.044659375653887216,0.6673863468269078,95
subject_586,90,Horizontal,STR,0.0411951067091043,0.6918297756661896,95
subject_586,90,Horizontal,UTL,0.07722350373484664,0.45697981987952196,95
subject_586,90,Horizontal,UTR,-0.16189023674534117,0.11702580224300613,95
subject_587,10,Sagittal,MTL,-0.21953681092796914,0.04892828725540626,81
subject_587,10,Sagittal,MTR,-0.14341380537405887,0.20150450985812948,81
subject_587,10,Sagittal,SCML,-0.31493846920622637,0.004187941535497637,81
subject_587,10,Sagittal,SCMR,-0.35483328883914517,0.0011527611842799554,81
subject_587,10,Sagittal,STL,-0.3683467942176945,0.0007159726216693106,81
subject_587,10,Sagittal,STR,-0.15516317566479418,0.16661692123724836,81
subject_587,10,Sagittal,UTL,-0.004300799919964943,0.9696033690270432,81
subject_587,10,Sagittal,UTR,0.4858866183038141,4.26148005971731e-06,81
subject_587,10,Frontal,MTL,0.03440987110076996,0.7603922559901629,81
subject_587,10,Frontal,MTR,-0.0026587694355578134,0.9812059415080472,81
subject_587,10,Frontal,SCML,0.07143997874672733,0.5262263933173339,81
subject_587,10,Frontal,SCMR,0.07140144585635692,0.5264501126615957,81
subject_587,10,Frontal,STL,-0.23478090102686602,0.03487800148275806,81
subject_587,10,Frontal,STR,-0.014565432560012368,0.8973115789358378,81
subject_587,10,Frontal,UTL,0.18761664321349264,0.09349663868308125,81
subject_587,10,Frontal,UTR,0.3009033409024778,0.0063409867424637405,81
subject_587,10,Horizontal,MTL,0.16736388717912629,0.13532762212943672,81
subject_587,10,Horizontal,MTR,0.17692753787507637,0.11408591833576426,81
subject_587,10,Horizontal,SCML,0.15301841113520118,0.172628213725764,81
subject_587,10,Horizontal,SCMR,0.12910928439532598,0.2506638244540535,81
subject_587,10,Horizontal,STL,0.023909126739875185,0.832210120302922,81
subject_587,10,Horizontal,STR,0.18170936322305142,0.10447988751468093,81
subject_587,10,Horizontal,UTL,0.12432745904735097,0.2687903132084619,81
subject_587,10,Horizontal,UTR,0.15301841113520118,0.172628213725764,81
subject_587,20,Sagittal,MTL,-0.06233218718666474,0.582815974452688,80
subject_587,20,Sagittal,MTR,-0.3472986330221125,0.0015977999312493188,80
subject_587,20,Sagittal,SCML,-0.2285677325177541,0.04142236322233586,80
subject_587,20,Sagittal,SCMR,-0.15557249084192398,0.16820672228092248,80
subject_587,20,Sagittal,STL,-0.24252306650357416,0.030194971959172617,80
subject_587,20,Sagittal,STR,0.5354499493309335,3.0947846886638886e-07,80
subject_587,20,Sagittal,UTL,-0.19781931617399734,0.0785894855552657,80
subject_587,20,Sagittal,UTR,0.17870443969341981,0.1127345974518832,80
subject_587,20,Frontal,MTL,-0.16878378988657075,0.13448468964288718,80
subject_587,20,Frontal,MTR,-0.28467613172708933,0.010487184217394214,80
subject_587,20,Frontal,SCML,-0.05450309881753847,0.6311027301700758,80
subject_587,20,Frontal,SCMR,-0.09171758026822334,0.4184326671260337,80
subject_587,20,Frontal,STL,-0.017874672192848638,0.8749514726756628,80
subject_587,20,Frontal,STR,0.262992103165273,0.018428042625367718,80
subject_587,20,Frontal,UTL,-0.05333098916554839,0.638473566338446,80
subject_587,20,Frontal,UTR,0.14666022020525807,0.19423384340874858,80
subject_587,20,Horizontal,MTL,,,80
subject_587,20,Horizontal,MTR,,,80
subject_587,20,Horizontal,SCML,,,80
subject_587,20,Horizontal,SCMR,,,80
subject_587,20,Horizontal,STL,,,80
subject_587,20,Horizontal,STR,,,80
subject_587,20,Horizontal,UTL,,,80
subject_587,20,Horizontal,UTR,,,80
subject_587,30,Sagittal,MTL,-0.23475191423731873,0.03607992667395887,80
subject_587,30,Sagittal,MTR,-0.28152923354418335,0.011411577468396196,80
subject_587,30,Sagittal,SCML,0.09336652606959976,0.4100793698535522,80
subject_587,30,Sagittal,SCMR,0.11262925058845874,0.3198815631464188,80
subject_587,30,Sagittal,STL,-0.13611823693209346,0.22861662676454633,80
subject_587,30,Sagittal,STR,0.6760388610925339,5.951143256364948e-12,80
subject_587,30,Sagittal,UTL,0.0034988933208083724,0.9754269654500655,80
subject_587,30,Sagittal,UTR,0.41398554628388956,0.00013492881867668713,80
subject_587,30,Frontal,MTL,-0.13467911357531856,0.23362085597589563,80
subject_587,30,Frontal,MTR,0.060814730167240115,0.5920421612832288,80
subject_587,30,Frontal,SCML,0.32286738221296346,0.0034888208312658544,80
subject_587,30,Frontal,SCMR,0.08800150775231995,0.4376137065348622,80
subject_587,30,Frontal,STL,0.12671826742091827,0.2626767662677924,80
subject_587,30,Frontal,STR,0.4703033683474349,1.073130693252669e-05,80
subject_587,30,Frontal,UTL,0.21017470363850183,0.06131280771978107,80
subject_587,30,Frontal,UTR,0.12193618295338884,0.2812604443118425,80
subject_587,30,Horizontal,MTL,,,80
subject_587,30,Horizontal,MTR,,,80
subject_587,30,Horizontal,SCML,,,80
subject_587,30,Horizontal,SCMR,,,80
subject_587,30,Horizontal,STL,,,80
subject_587,30,Horizontal,STR,,,80
subject_587,30,Horizontal,UTL,,,80
subject_587,30,Horizontal,UTR,,,80
subject_587,40,Sagittal,MTL,-0.2588831818206314,0.020408070784214503,80
subject_587,40,Sagittal,MTR,-0.21959507504019823,0.05032792516842937,80
subject_587,40,Sagittal,SCML,0.30962012669150213,0.005193665389430933,80
subject_587,40,Sagittal,SCMR,0.38364616101129717,0.00044329915737844147,80
subject_587,40,Sagittal,STL,-0.1283101619323611,0.2566793365083531,80
subject_587,40,Sagittal,STR,0.6637512809589682,1.941164553263869e-11,80
subject_587,40,Sagittal,UTL,0.27802573696116,0.012523406332167959,80
subject_587,40,Sagittal,UTR,0.5071003520869235,1.585026595752293e-06,80
subject_587,40,Frontal,MTL,-0.14738939233311305,0.19200142290478944,80
subject_587,40,Frontal,MTR,-0.1350773752075497,0.2322284331187513,80
subject_587,40,Frontal,SCML,0.12255247017779791,0.27881758146370594,80
subject_587,40,Frontal,SCMR,0.08632604514840252,0.44642148480172866,80
subject_587,40,Frontal,STL,0.0008160702993889264,0.9942678263281188,80
subject_587,40,Frontal,STR,0.3542099912521588,0.0012664340836434917,80
subject_587,40,Frontal,UTL,0.27515761616352713,0.013502456817914555,80
subject_587,40,Frontal,UTR,0.23545402203238763,0.03551155166244755,80
subject_587,40,Horizontal,MTL,,,80
subject_587,40,Horizontal,MTR,,,80
subject_587,40,Horizontal,SCML,,,80
subject_587,40,Horizontal,SCMR,,,80
subject_587,40,Horizontal,STL,,,80
subject_587,40,Horizontal,STR,,,80
subject_587,40,Horizontal,UTL,,,80
subject_587,40,Horizontal,UTR,,,80
subject_587,50,Sagittal,MTL,-0.2868914792960564,0.009411775386621649,81
subject_587,50,Sagittal,MTR,-0.32218514160990436,0.003354425295284279,81
subject_587,50,Sagittal,SCML,0.1981698419877645,0.0761556917942004,81
subject_587,50,Sagittal,SCMR,0.47460054129349605,7.595623748508988e-06,81
subject_587,50,Sagittal,STL,-0.23813185677536486,0.032292218046849515,81
subject_587,50,Sagittal,STR,0.6661291644058241,1.1496101369446778e-11,81
subject_587,50,Sagittal,UTL,0.36582907567041506,0.0007836399075000154,81
subject_587,50,Sagittal,UTR,0.6236781263091224,4.9897664412e-10,81
subject_587,50,Frontal,MTL,-0.18800355511350944,0.09281025208075265,81
subject_587,50,Frontal,MTR,-0.23077931749829425,0.03819083508543482,81
subject_587,50,Frontal,SCML,0.13829275768268998,0.21824225655055204,81
subject_587,50,Frontal,SCMR,0.4065737142744571,0.0001656455278838124,81
subject_587,50,Frontal,STL,-0.1475880357485935,0.18855682132579152,81
subject_587,50,Frontal,STR,0.4980112771923419,2.2375961306619327e-06,81
subject_587,50,Frontal,UTL,0.46523012413860687,1.2086778537287827e-05,81
subject_587,50,Frontal,UTR,0.5296268781374996,3.6945583578543884e-07,81
subject_587,50,Horizontal,MTL,,,81
subject_587,50,Horizontal,MTR,,,81
subject_587,50,Horizontal,SCML,,,81
subject_587,50,Horizontal,SCMR,,,81
subject_587,50,Horizontal,STL,,,81
subject_587,50,Horizontal,STR,,,81
subject_587,50,Horizontal,UTL,,,81
subject_587,50,Horizontal,UTR,,,81
subject_587,60,Sagittal,MTL,-0.27018825228210125,0.014709458443400575,81
subject_587,60,Sagittal,MTR,-0.5096976226773282,1.1742856545082763e-06,81
subject_587,60,Sagittal,SCML,-0.019325190260588633,0.8640355558199612,81
subject_587,60,Sagittal,SCMR,0.20924045129525956,0.06083350249890375,81
subject_587,60,Sagittal,STL,-0.05007239927861415,0.6570961987867663,81
subject_587,60,Sagittal,STR,0.5195367295630963,6.696190956253998e-07,81
subject_587,60,Sagittal,UTL,0.3048984349068945,0.005645970719855925,81
subject_587,60,Sagittal,UTR,0.480316956282326,5.68254429851827e-06,81
subject_587,60,Frontal,MTL,-0.21107093575252067,0.05856001335647777,81
subject_587,60,Frontal,MTR,-0.3336300968494625,0.0023367423965929223,81
subject_587,60,Frontal,SCML,-0.02806087577458543,0.8036148735940212,81
subject_587,60,Frontal,SCMR,0.3085981954456572,0.0050633487928519955,81
subject_587,60,Frontal,STL,-0.09584132112826836,0.3946989524621995,81
subject_587,60,Frontal,STR,0.30779808900809263,0.0051846209306398595,81
subject_587,60,Frontal,UTL,0.23268809718172015,0.03657924763043092,81
subject_587,60,Frontal,UTR,0.32660059029085964,0.002922441647313326,81
subject_587,60,Horizontal,MTL,,,81
subject_587,60,Horizontal,MTR,,,81
subject_587,60,Horizontal,SCML,,,81
subject_587,60,Horizontal,SCMR,,,81
subject_587,60,Horizontal,STL,,,81
subject_587,60,Horizontal,STR,,,81
subject_587,60,Horizontal,UTL,,,81
subject_587,60,Horizontal,UTR,,,81
subject_587,70,Sagittal,MTL,0.02488021996867147,0.8265978863605434,80
subject_587,70,Sagittal,MTR,-0.33439302855440994,0.002432505746625973,80
subject_587,70,Sagittal,SCML,0.252488158200592,0.023850832117892507,80
subject_587,70,Sagittal,SCMR,-0.04779778670268103,0.6737341179555696,80
subject_587,70,Sagittal,STL,-0.006677807956959443,0.953120378206141,80
subject_587,70,Sagittal,STR,0.16869243899874606,0.13469878195848767,80
subject_587,70,Sagittal,UTL,0.4802875747968698,6.526821254667988e-06,80
subject_587,70,Sagittal,UTR,0.4853856862478818,5.032629230840191e-06,80
subject_587,70,Frontal,MTL,0.024049200850563793,0.8323037982084599,80
subject_587,70,Frontal,MTR,-0.1347500514880815,0.23337241534080383,80
subject_587,70,Frontal,SCML,0.18901124005794717,0.093126142519429,80
subject_587,70,Frontal,SCMR,-0.014317730422951867,0.8996902817720444,80
subject_587,70,Frontal,STL,-0.1874490452470345,0.09591232193488254,80
subject_587,70,Frontal,STR,-0.0493309590748752,0.6638891337396232,80
subject_587,70,Frontal,UTL,0.4803247421369457,6.514560325460254e-06,80
subject_587,70,Frontal,UTR,0.4264935154416432,7.986771926532356e-05,80
subject_587,70,Horizontal,MTL,-0.02136927762621562,0.8507622482668327,80
subject_587,70,Horizontal,MTR,-0.1068463881310781,0.34551398009581363,80
subject_587,70,Horizontal,SCML,-0.03561546271035937,0.753794224378662,80
subject_587,70,Horizontal,SCMR,-0.044163173760845616,0.697290586969701,80
subject_587,70,Horizontal,STL,-0.04131393674401687,0.715960500637908,80
subject_587,70,Horizontal,STR,-0.26355442405665935,0.018170337109386023,80
subject_587,70,Horizontal,UTL,0.06410783287864687,0.5721043073392167,80
subject_587,70,Horizontal,UTR,0.044163173760845616,0.697290586969701,80
subject_587,80,Sagittal,MTL,-0.009061575838916055,0.9364160310154469,80
subject_587,80,Sagittal,MTR,-0.3288735273055816,0.0028960144906004163,80
subject_587,80,Sagittal,SCML,0.7564280899250136,4.906908219524262e-16,80
subject_587,80,Sagittal,SCMR,0.5427456942261764,1.9832215993001906e-07,80
subject_587,80,Sagittal,STL,0.49673803365136554,2.7782511292960103e-06,80
subject_587,80,Sagittal,STR,0.5829060290305871,1.4021269383798731e-08,80
subject_587,80,Sagittal,UTL,0.519890122705769,7.725699021625567e-07,80
subject_587,80,Sagittal,UTR,0.7710760561044133,5.929037248817472e-17,80
subject_587,80,Frontal,MTL,-0.009562524196088721,0.9329088601803073,80
subject_587,80,Frontal,MTR,-0.1494997053321219,0.18564490726190355,80
subject_587,80,Frontal,SCML,0.6707023195568929,1.0013459834694142e-11,80
subject_587,80,Frontal,SCMR,0.3104023668388529,0.005075527475945709,80
subject_587,80,Frontal,STL,0.4601980857059817,1.7476311166991286e-05,80
subject_587,80,Frontal,STR,0.48387916850652435,5.436858209342859e-06,80
subject_587,80,Frontal,UTL,0.48687791431768,4.6601834089824115e-06,80
subject_587,80,Frontal,UTR,0.638822948852032,1.817196348775407e-10,80
subject_587,80,Horizontal,MTL,-0.10679876526785514,0.34573025657313294,80
subject_587,80,Horizontal,MTR,-0.1440541485008279,0.20236514239661998,80
subject_587,80,Horizontal,SCML,0.2235322993978364,0.0462434293413976,80
subject_587,80,Horizontal,SCMR,0.08444553532807152,0.4564239647199507,80
subject_587,80,Horizontal,STL,0.11673353412998122,0.3024496310777498,80
subject_587,80,Horizontal,STR,-0.02235322993978364,0.8439752271593426,80
subject_587,80,Horizontal,UTL,0.10183138083679212,0.36875267391566824,80
subject_587,80,Horizontal,UTR,0.15150522514742243,0.17974677996472804,80
subject_587,90,Sagittal,MTL,-0.3121390369573717,0.004821722910424889,80
subject_587,90,Sagittal,MTR,-0.32876245644256497,0.0029061027526177765,80
subject_587,90,Sagittal,SCML,0.10058115991931392,0.37469111767016944,80
subject_587,90,Sagittal,SCMR,0.1573423230332858,0.16335914964996354,80
subject_587,90,Sagittal,STL,0.47516458032747577,8.44020425612704e-06,80
subject_587,90,Sagittal,STR,-0.31367824246526,0.004606256684507101,80
subject_587,90,Sagittal,UTL,-0.0771023559028337,0.49664141158963926,80
subject_587,90,Sagittal,UTR,0.4432083059752417,3.835220959589903e-05,80
subject_587,90,Frontal,MTL,-0.18823915148534154,0.09449509729042606,80
subject_587,90,Frontal,MTR,-0.21684598935322608,0.053352050793591066,80
subject_587,90,Frontal,SCML,-0.04403194982945012,0.6981466094930922,80
subject_587,90,Frontal,SCMR,-0.036084791385373544,0.7506548133264525,80
subject_587,90,Frontal,STL,0.44590596945168415,3.394651476135265e-05,80
subject_587,90,Frontal,STR,-0.20895748152497293,0.06286443241060981,80
subject_587,90,Frontal,UTL,-0.06178842376999761,0.5861145062482798,80
subject_587,90,Frontal,UTR,0.2654086992550372,0.017342350499354838,80
subject_587,90,Horizontal,MTL,-0.01705253959631806,0.8806597165663506,80
subject_587,90,Horizontal,MTR,0.0852626979815903,0.4520623526095625,80
subject_587,90,Horizontal,SCML,0.18757793555949867,0.09567999757096313,80
subject_587,90,Horizontal,SCMR,0.15834501053723912,0.16065903161972556,80
subject_587,90,Horizontal,STL,0.19245008972987526,0.08721746145207107,80
subject_587,90,Horizontal,STR,0.15834501053723912,0.16065903161972556,80
subject_587,90,Horizontal,UTL,0.13885639385573278,0.21930305514478887,80
subject_587,90,Horizontal,UTR,0.12423993134460301,0.27220137319059046,80
subject_588,10,Sagittal,MTL,0.06576945620893247,0.43350763976992795,144
subject_588,10,Sagittal,MTR,0.21960595919462694,0.008177077845083435,144
subject_588,10,Sagittal,SCML,0.24121757251380463,0.003585281223237118,144
subject_588,10,Sagittal,SCMR,0.30531093544528676,0.00019839645829831942,144
subject_588,10,Sagittal,STL,-0.3180647842915811,0.00010237482557048729,144
subject_588,10,Sagittal,STR,0.36516411538348387,6.789572404520203e-06,144
subject_588,10,Sagittal,UTL,0.13242912884734517,0.11358644629285541,144
subject_588,10,Sagittal,UTR,0.12952094051163665,0.1218077722417651,144
subject_588,10,Frontal,MTL,-0.11371890159734037,0.1747366209556031,144
subject_588,10,Frontal,MTR,-0.16630489683756622,0.04635338695048035,144
subject_588,10,Frontal,SCML,0.08141557613040952,0.33200480724699766,144
subject_588,10,Frontal,SCMR,0.2912072566945782,0.000398469988662767,144
subject_588,10,Frontal,STL,-0.39232821123337003,1.1542275071722827e-06,144
subject_588,10,Frontal,STR,0.6636176662900526,1.256946174114914e-19,144
subject_588,10,Frontal,UTL,-0.04544857472857841,0.5885701111141933,144
subject_588,10,Frontal,UTR,-0.03104877886439339,0.7118093250058523,144
subject_588,10,Horizontal,MTL,0.03817659790967745,0.649618567400397,144
subject_588,10,Horizontal,MTR,-0.05716869588835121,0.4961231823160702,144
subject_588,10,Horizontal,SCML,-0.01804527784483958,0.8300218491621735,144
subject_588,10,Horizontal,SCMR,0.04997387551306585,0.5519558894823899,144
subject_588,10,Horizontal,STL,0.15685316003234717,0.06045343490109817,144
subject_588,10,Horizontal,STR,-0.13585603118202458,0.10446107825692191,144
subject_588,10,Horizontal,UTL,-0.03368553128555492,0.6885547429622652,144
subject_588,10,Horizontal,UTR,-0.10074267488181064,0.22958246595187976,144
subject_588,20,Sagittal,MTL,-0.2208012427821616,0.007827325627476029,144
subject_588,20,Sagittal,MTR,-0.15034175179353218,0.07207965959777446,144
subject_588,20,Sagittal,SCML,0.287758234033258,0.0004700364201141055,144
subject_588,20,Sagittal,SCMR,0.42119301881016646,1.4648615294178849e-07,144
subject_588,20,Sagittal,STL,-0.45731581461069304,8.302858173791283e-09,144
subject_588,20,Sagittal,STR,0.5211101008749127,2.1403855258850237e-11,144
subject_588,20,Sagittal,UTL,-0.04482676902887329,0.5936865990087232,144
subject_588,20,Sagittal,UTR,0.007778250349956586,0.9262794106900589,144
subject_588,20,Frontal,MTL,-0.26122596852114693,0.0015642628938596788,144
subject_588,20,Frontal,MTR,-0.19704098814474885,0.01792616274902325,144
subject_588,20,Frontal,SCML,0.40615979517752965,4.397546415429663e-07,144
subject_588,20,Frontal,SCMR,0.5445370915804093,1.7256961061189975e-12,144
subject_588,20,Frontal,STL,-0.3502567477529248,1.6805960761579576e-05,144
subject_588,20,Frontal,STR,0.7802271001668603,9.881219832055288e-31,144
subject_588,20,Frontal,UTL,0.0945520678663068,0.2596310572190107,144
subject_588,20,Frontal,UTR,0.11870770564237058,0.15645567357822113,144
subject_588,20,Horizontal,MTL,0.09530776517713736,0.2558250893611151,144
subject_588,20,Horizontal,MTR,0.09363569912139812,0.26429802872574437,144
subject_588,20,Horizontal,SCML,0.05183404772791681,0.5372330885529457,144
subject_588,20,Horizontal,SCMR,0.06270247709022195,0.4553007831438521,144
subject_588,20,Horizontal,STL,0.24830180927727893,0.0026927708966891263,144
subject_588,20,Horizontal,STR,-0.09363569912139812,0.26429802872574437,144
subject_588,20,Horizontal,UTL,0.0025080990836088774,0.9761987051437634,144
subject_588,20,Horizontal,UTR,-0.025917023863958406,0.7578194038051129,144
subject_588,30,Sagittal,MTL,-0.1394910233314046,0.09542175432025592,144
subject_588,30,Sagittal,MTR,-0.13404821282975415,0.10920050291732716,144
subject_588,30,Sagittal,SCML,0.18809840522563326,0.023964347468732144,144
subject_588,30,Sagittal,SCMR,0.38514291438434634,1.8733375640866242e-06,144
subject_588,30,Sagittal,STL,-0.5726657630325904,6.409807644791658e-14,144
subject_588,30,Sagittal,STR,0.4433284264909767,2.625412096973589e-08,144
subject_588,30,Sagittal,UTL,-0.1152264267933205,0.1690535043694573,144
subject_588,30,Sagittal,UTR,-0.4525742542266215,1.2337773048993047e-08,144
subject_588,30,Frontal,MTL,-0.2030241267715591,0.014665759893612034,144
subject_588,30,Frontal,MTR,-0.175976782655448,0.034874678134877865,144
subject_588,30,Frontal,SCML,0.3294704605143786,5.521841058509844e-05,144
subject_588,30,Frontal,SCMR,0.44070266319188556,3.240197548514533e-08,144
subject_588,30,Frontal,STL,-0.35516543742468415,1.253223704584357e-05,144
subject_588,30,Frontal,STR,0.7588470483576426,3.1379749796620594e-28,144
subject_588,30,Frontal,UTL,-0.03634486865602432,0.6653924153008274,144
subject_588,30,Frontal,UTR,-0.12830583865080214,0.1253761822422423,144
subject_588,30,Horizontal,MTL,0.2282068224146499,0.005941130197147087,144
subject_588,30,Horizontal,MTR,0.16175238582062879,0.052759241217654754,144
subject_588,30,Horizontal,SCML,0.035239063891794487,0.6749869831061479,144
subject_588,30,Horizontal,SCMR,0.03257778042079959,0.6982905018653698,144
subject_588,30,Horizontal,STL,0.23016925425798299,0.005514691449952924,144
subject_588,30,Horizontal,STR,-0.12879341360292276,0.12393474958803012,144
subject_588,30,Horizontal,UTL,0.15852637376162437,0.05772829768874756,144
subject_588,30,Horizontal,UTR,0.12831339430311464,0.1253537470540759,144
subject_588,40,Sagittal,MTL,-0.18512506115388858,0.026325451098521628,144
subject_588,40,Sagittal,MTR,-0.12464495677516699,0.13661518833041966,144
subject_588,40,Sagittal,SCML,0.23988539781243476,0.0037801918883561218,144
subject_588,40,Sagittal,SCMR,0.3505491732008833,1.651698686800504e-05,144
subject_588,40,Sagittal,STL,-0.48409627683342793,7.887261882450912e-10,144
subject_588,40,Sagittal,STR,0.3852679716809956,1.8577949532420365e-06,144
subject_588,40,Sagittal,UTL,0.022759864705662804,0.7865655396787481,144
subject_588,40,Sagittal,UTR,-0.2980090515524388,0.00028592904827421354,144
subject_588,40,Frontal,MTL,-0.043969063498302305,0.6007770265181767,144
subject_588,40,Frontal,MTR,0.07994660084402651,0.3408314550853221,144
subject_588,40,Frontal,SCML,0.25384847778777525,0.002139986937043327,144
subject_588,40,Frontal,SCMR,0.3244873011129166,7.253275750324777e-05,144
subject_588,40,Frontal,STL,-0.2371446211629747,0.00421143737967408,144
subject_588,40,Frontal,STR,0.631518601963143,2.1367310997368287e-17,144
subject_588,40,Frontal,UTL,0.11943414183323599,0.15391810725444127,144
subject_588,40,Frontal,UTR,-0.04255879417725911,0.6125168549698852,144
subject_588,40,Horizontal,MTL,0.0964078227735506,0.2503536450345213,144
subject_588,40,Horizontal,MTR,0.12857755765500417,0.12457130473559958,144
subject_588,40,Horizontal,SCML,0.012691742952048758,0.8799917881430646,144
subject_588,40,Horizontal,SCMR,0.013414088781571253,0.8732171912274541,144
subject_588,40,Horizontal,STL,0.14320189251937193,0.08684462218001907,144
subject_588,40,Horizontal,STR,-0.21388406557484063,0.010050157435766965,144
subject_588,40,Horizontal,UTL,0.0571983842377155,0.4958991379155755,144
subject_588,40,Horizontal,UTR,0.07358422910741,0.38075612217152743,144
subject_588,50,Sagittal,MTL,-0.35647907483177055,1.1576180686985252e-05,144
subject_588,50,Sagittal,MTR,-0.21760172645647585,0.008794664810895268,144
subject_588,50,Sagittal,SCML,0.3252832348192508,6.94627892620557e-05,144
subject_588,50,Sagittal,SCMR,0.3595556893564213,9.599552582094784e-06,144
subject_588,50,Sagittal,STL,-0.4756849968190053,1.6886686359601019e-09,144
subject_588,50,Sagittal,STR,0.29483076675193287,0.00033423533112799357,144
subject_588,50,Sagittal,UTL,0.28754744046801817,0.0004747735200855712,144
subject_588,50,Sagittal,UTR,-0.12686308271758046,0.12971721056158572,144
subject_588,50,Frontal,MTL,-0.24304869951379218,0.003332129272185099,144
subject_588,50,Frontal,MTR,-0.021873547619142505,0.7946894019520973,144
subject_588,50,Frontal,SCML,0.32752093519180603,6.147077809350484e-05,144
subject_588,50,Frontal,SCMR,0.3679266820349396,5.710979704882642e-06,144
subject_588,50,Frontal,STL,-0.30749495668527677,0.0001775197904269413,144
subject_588,50,Frontal,STR,0.5973716712075892,2.7135693630214617e-15,144
subject_588,50,Frontal,UTL,0.3104038952881145,0.00015287844234722044,144
subject_588,50,Frontal,UTR,-0.019957186039570324,0.8123289157534064,144
subject_588,50,Horizontal,MTL,0.0919731416673626,0.2729106132557845,144
subject_588,50,Horizontal,MTR,-0.025061521597762048,0.7655779673722769,144
subject_588,50,Horizontal,SCML,-0.136190790813059,0.10360146896734848,144
subject_588,50,Horizontal,SCMR,-0.028707226052267575,0.7326859749440544,144
subject_588,50,Horizontal,STL,0.02093583534377282,0.8033083763155932,144
subject_588,50,Horizontal,STR,-0.1360937158423769,0.1038501673774118,144
subject_588,50,Horizontal,UTL,-0.08240047094732222,0.3261694604971514,144
subject_588,50,Horizontal,UTR,-0.07919699691481295,0.34539237727363914,144
subject_588,60,Sagittal,MTL,-0.3620627167910164,8.229361918281088e-06,144
subject_588,60,Sagittal,MTR,-0.22360562845973994,0.00705827828959613,144
subject_588,60,Sagittal,SCML,0.2503883623247196,0.0024712386043171703,144
subject_588,60,Sagittal,SCMR,0.2774190009965949,0.0007617292926956436,144
subject_588,60,Sagittal,STL,-0.5509706870056178,8.348226986667447e-13,144
subject_588,60,Sagittal,STR,0.07125685622205706,0.3960430107533407,144
subject_588,60,Sagittal,UTL,0.2758324102324628,0.0008189723188111774,144
subject_588,60,Sagittal,UTR,-0.13396775764640267,0.10941527295896188,144
subject_588,60,Frontal,MTL,-0.3694994482255906,5.171619381067751e-06,144
subject_588,60,Frontal,MTR,-0.054708018478681154,0.5148770091334857,144
subject_588,60,Frontal,SCML,0.2754382640382671,0.0008337922837917303,144
subject_588,60,Frontal,SCMR,0.3038091509444977,0.00021405205642651814,144
subject_588,60,Frontal,STL,-0.4699330657920914,2.808912021087849e-09,144
subject_588,60,Frontal,STR,0.453019000599488,1.1890878514491144e-08,144
subject_588,60,Frontal,UTL,0.3502126684769106,1.6849930973266316e-05,144
subject_588,60,Frontal,UTR,-0.09826427854380217,0.241304465039698,144
subject_588,60,Horizontal,MTL,0.13263313127515708,0.11302638131085765,144
subject_588,60,Horizontal,MTR,0.013044593537084669,0.8766814243472568,144
subject_588,60,Horizontal,SCML,0.07561760530650721,0.3676982026200403,144
subject_588,60,Horizontal,SCMR,0.12646008734562636,0.13095015567295507,144
subject_588,60,Horizontal,STL,0.057246905974495055,0.4955330815840699,144
subject_588,60,Horizontal,STR,0.020125694848045623,0.8107739206222342,144
subject_588,60,Horizontal,UTL,-0.004348197845694889,0.9587487252908674,144
subject_588,60,Horizontal,UTR,0.06381722500840149,0.4473099257492233,144
subject_588,70,Sagittal,MTL,-0.3314810451794687,4.9397992497180275e-05,144
subject_588,70,Sagittal,MTR,-0.2367058477912771,0.004284433794846069,144
subject_588,70,Sagittal,SCML,0.1780235573387884,0.03278169084415527,144
subject_588,70,Sagittal,SCMR,0.2490394489258999,0.002612482238825745,144
subject_588,70,Sagittal,STL,-0.4668886318441905,3.6632323410957695e-09,144
subject_588,70,Sagittal,STR,-0.02876537797238244,0.7321650570820873,144
subject_588,70,Sagittal,UTL,0.31051208447295287,0.00015202657437452904,144
subject_588,70,Sagittal,UTR,-0.026866840041484485,0.7492337239377309,144
subject_588,70,Frontal,MTL,-0.32400318867871203,7.446162878012312e-05,144
subject_588,70,Frontal,MTR,-0.04853804731531384,0.5634525730662825,144
subject_588,70,Frontal,SCML,0.3444282083645316,2.3661901059110645e-05,144
subject_588,70,Frontal,SCMR,0.2766755936779342,0.0007880770166730939,144
subject_588,70,Frontal,STL,-0.45931212848738734,7.0148710958728234e-09,144
subject_588,70,Frontal,STR,0.32398137872709876,7.454964685529835e-05,144
subject_588,70,Frontal,UTL,0.46409396037859507,4.6638096095168065e-09,144
subject_588,70,Frontal,UTR,0.018260381988203334,0.8280268216885949,144
subject_588,70,Horizontal,MTL,-0.010497634551955033,0.9006208040040727,144
subject_588,70,Horizontal,MTR,0.06215203421482722,0.4592756624964175,144
subject_588,70,Horizontal,SCML,0.18272928065530764,0.02837000117294353,144
subject_588,70,Horizontal,SCMR,0.1414862631550557,0.09073023024705892,144
subject_588,70,Horizontal,STL,0.008679146676813214,0.9177693261197284,144
subject_588,70,Horizontal,STR,0.02515694688931367,0.7647113841407617,144
subject_588,70,Horizontal,UTL,0.09004749446552048,0.2831210566715956,144
subject_588,70,Horizontal,UTR,0.10566636463422864,0.20749725850310163,144
subject_588,80,Sagittal,MTL,-0.1938124821825353,0.019933607126062805,144
subject_588,80,Sagittal,MTR,-0.2802648914352263,0.0006681698727225609,144
subject_588,80,Sagittal,SCML,0.36229926512771854,8.110099956978316e-06,144
subject_588,80,Sagittal,SCMR,0.37448616976920845,3.7628748447860786e-06,144
subject_588,80,Sagittal,STL,-0.3446316449294623,2.3383683440558388e-05,144
subject_588,80,Sagittal,STR,-0.19462871086075012,0.01940857053346629,144
subject_588,80,Sagittal,UTL,0.45370331096016153,1.1233512524271724e-08,144
subject_588,80,Sagittal,UTR,0.2759779951086466,0.0008135597307128344,144
subject_588,80,Frontal,MTL,-0.16650027986587482,0.046093643253902805,144
subject_588,80,Frontal,MTR,-0.18443876196680548,0.02689784300875995,144
subject_588,80,Frontal,SCML,0.4271482598542931,9.33575153283473e-08,144
subject_588,80,Frontal,SCMR,0.2750456951209111,0.0008487972169708233,144
subject_588,80,Frontal,STL,-0.4444850823174264,2.3916703562441226e-08,144
subject_588,80,Frontal,STR,0.041613788848259996,0.620439262350984,144
subject_588,80,Frontal,UTL,0.49913382721856797,1.9189369781259347e-10,144
subject_588,80,Frontal,UTR,0.27575866179170105,0.0008217267500384873,144
subject_588,80,Horizontal,MTL,-0.05120573779465965,0.5421840930218542,144
subject_588,80,Horizontal,MTR,0.05072266479659683,0.5460058957758235,144
subject_588,80,Horizontal,SCML,0.13042970947696328,0.11919071550241736,144
subject_588,80,Horizontal,SCMR,0.10192840259125648,0.22411845418313217,144
subject_588,80,Horizontal,STL,-0.09275001562806276,0.26886279817818626,144
subject_588,80,Horizontal,STR,-0.008695313965130885,0.9176166881922603,144
subject_588,80,Horizontal,UTL,0.13670965845178001,0.10228010350308485,144
subject_588,80,Horizontal,UTR,0.12898049048277477,0.12338509743643664,144
subject_588,90,Sagittal,MTL,-0.16673933890842416,0.046550324354949144,143
subject_588,90,Sagittal,MTR,-0.20892335466657314,0.012275256950941175,143
subject_588,90,Sagittal,SCML,0.31033961806604077,0.00016186519411764692,143
subject_588,90,Sagittal,SCMR,0.17827024516360654,0.03315624653242344,143
subject_588,90,Sagittal,STL,-0.35182138618380104,1.641243871804854e-05,143
subject_588,90,Sagittal,STR,-0.1679120924678733,0.04500909377083489,143
subject_588,90,Sagittal,UTL,0.3117277275685424,0.0001507171220601526,143
subject_588,90,Sagittal,UTR,0.19820705567424166,0.017644151430241343,143
subject_588,90,Frontal,MTL,0.07112661697232396,0.3985825210521173,143
subject_588,90,Frontal,MTR,-0.1608857838054489,0.05491442855145374,143
subject_588,90,Frontal,SCML,0.4359001402934766,5.2834639401103324e-08,143
subject_588,90,Frontal,SCMR,0.14336941328145938,0.08759214329740017,143
subject_588,90,Frontal,STL,-0.4580891739041728,8.780626275973025e-09,143
subject_588,90,Frontal,STR,-0.2974296839916666,0.0003091373394868626,143
subject_588,90,Frontal,UTL,0.44192445068667835,3.2868907065225886e-08,143
subject_588,90,Frontal,UTR,0.47681652255796325,1.7420536790813585e-09,143
subject_588,90,Horizontal,MTL,0.05392917167755971,0.5223645160249974,143
subject_588,90,Horizontal,MTR,0.07499525436410646,0.37336050961587763,143
subject_588,90,Horizontal,SCML,0.11544213312227625,0.16976290760758228,143
subject_588,90,Horizontal,SCMR,0.12766046108047338,0.12865615547367884,143
subject_588,90,Horizontal,STL,-0.13692953746255393,0.10294124457179828,143
subject_588,90,Horizontal,STR,-0.17906170283564748,0.03237101625658531,143
subject_588,90,Horizontal,UTL,0.08552829570737984,0.30979339843986914,143
subject_588,90,Horizontal,UTR,0.14746257880582733,0.07882567870350325,143
subject_590,10,Sagittal,MTL,-0.13914957766334363,0.10882581760434042,134
subject_590,10,Sagittal,MTR,-0.04990553618092474,0.5668863692468267,134
subject_590,10,Sagittal,SCML,-0.3104083539851502,0.0002620737042013075,134
subject_590,10,Sagittal,SCMR,-0.19880593268335672,0.021288912241472176,134
subject_590,10,Sagittal,STL,0.004197661921760025,0.9616075181968847,134
subject_590,10,Sagittal,STR,-0.057309745404029236,0.5107091212282538,134
subject_590,10,Sagittal,UTL,-0.00972166840907617,0.9112319469739236,134
subject_590,10,Sagittal,UTR,0.09686687893061503,0.26552351509687533,134
subject_590,10,Frontal,MTL,,,134
subject_590,10,Frontal,MTR,,,134
subject_590,10,Frontal,SCML,,,134
subject_590,10,Frontal,SCMR,,,134
subject_590,10,Frontal,STL,,,134
subject_590,10,Frontal,STR,,,134
subject_590,10,Frontal,UTL,,,134
subject_590,10,Frontal,UTR,,,134
subject_590,10,Horizontal,MTL,0.1967876644782351,0.02266870991470486,134
subject_590,10,Horizontal,MTR,0.19552620509055404,0.02356956908215055,134
subject_590,10,Horizontal,SCML,-0.032167214385865346,0.7121505246659587,134
subject_590,10,Horizontal,SCMR,0.07947194142390263,0.3613581171064826,134
subject_590,10,Horizontal,STL,-0.216971014681131,0.01179685402240404,134
subject_590,10,Horizontal,STR,-0.07821048203622163,0.3690540070344516,134
subject_590,10,Horizontal,UTL,-0.21886320376265248,0.011064029146871062,134
subject_590,10,Horizontal,UTR,-0.17534285488765816,0.04271847525732962,134
subject_590,20,Sagittal,MTL,-0.021672092057694523,0.8044403446238446,133
subject_590,20,Sagittal,MTR,0.023478099729169068,0.7885116624372743,133
subject_590,20,Sagittal,SCML,-0.27090115072118154,0.0016111246806000189,133
subject_590,20,Sagittal,SCMR,-0.24802505354917065,0.003995928573195816,133
subject_590,20,Sagittal,STL,-0.06862829151603266,0.4325032937650363,133
subject_590,20,Sagittal,STR,-0.18421278249040343,0.033788040087546836,133
subject_590,20,Sagittal,UTL,-0.09571840658815081,0.2730887522982368,133
subject_590,20,Sagittal,UTR,-0.12943054978900895,0.13758907794464853,133
subject_590,20,Frontal,MTL,,,133
subject_590,20,Frontal,MTR,,,133
subject_590,20,Frontal,SCML,,,133
subject_590,20,Frontal,SCMR,,,133
subject_590,20,Frontal,STL,,,133
subject_590,20,Frontal,STR,,,133
subject_590,20,Frontal,UTL,,,133
subject_590,20,Frontal,UTR,,,133
subject_590,20,Horizontal,MTL,-0.08095155591683711,0.3542964211448392,133
subject_590,20,Horizontal,MTR,-0.1767566083321765,0.04182378931752049,133
subject_590,20,Horizontal,SCML,-0.1247693705874187,0.15245140364277965,133
subject_590,20,Horizontal,SCMR,-0.20720627615410603,0.016706911434517784,133
subject_590,20,Horizontal,STL,0.02376559439760356,0.785983868281751,133
subject_590,20,Horizontal,STR,-0.14185089156069622,0.10337459190902136,133
subject_590,20,Horizontal,UTL,-0.3104380768186965,0.0002762337275603719,133
subject_590,20,Horizontal,UTR,-0.3119234264685467,0.0002572372445231879,133
subject_590,30,Sagittal,MTL,0.061719973454330654,0.482034132763115,132
subject_590,30,Sagittal,MTR,0.1951685647069375,0.024922587708788475,132
subject_590,30,Sagittal,SCML,-0.07773380440464348,0.37564957676164895,132
subject_590,30,Sagittal,SCMR,-0.12644254021184495,0.14854152691852898,132
subject_590,30,Sagittal,STL,0.005671565128235789,0.948538606239759,132
subject_590,30,Sagittal,STR,-0.06438894527938278,0.4632546555708005,132
subject_590,30,Sagittal,UTL,-0.03836646998512446,0.6622813932210811,132
subject_590,30,Sagittal,UTR,-0.08907693466111505,0.3097708962391837,132
subject_590,30,Frontal,MTL,,,132
subject_590,30,Frontal,MTR,,,132
subject_590,30,Frontal,SCML,,,132
subject_590,30,Frontal,SCMR,,,132
subject_590,30,Frontal,STL,,,132
subject_590,30,Frontal,STR,,,132
subject_590,30,Frontal,UTL,,,132
subject_590,30,Frontal,UTR,,,132
subject_590,30,Horizontal,MTL,-0.08464952284360953,0.3345286432448027,132
subject_590,30,Horizontal,MTR,0.13287092285359142,0.12881443573988283,132
subject_590,30,Horizontal,SCML,0.07626319240709094,0.38477585612909376,132
subject_590,30,Horizontal,SCMR,-0.04219372500873416,0.6309627051721838,132
subject_590,30,Horizontal,STL,0.03852470544275728,0.6609744178840127,132
subject_590,30,Horizontal,STR,0.09513243588925778,0.2778969213885829,132
subject_590,30,Horizontal,UTL,-0.1669403902519482,0.055721825681405907,132
subject_590,30,Horizontal,UTR,0.05529736631579446,0.5288530321917474,132
subject_590,40,Sagittal,MTL,0.11267719136117545,0.19659718415881355,133
subject_590,40,Sagittal,MTR,0.22844990995754805,0.008173578366440325,133
subject_590,40,Sagittal,SCML,-0.25321412783912506,0.0032744587659960904,133
subject_590,40,Sagittal,SCMR,-0.06810159917433681,0.43605204248307294,133
subject_590,40,Sagittal,STL,0.022906901540458748,0.7935404297305283,133
subject_590,40,Sagittal,STR,-0.15539546720689582,0.07408992759915085,133
subject_590,40,Sagittal,UTL,-0.2154486955697201,0.012754798938125457,133
subject_590,40,Sagittal,UTR,-0.27426371303846553,0.0014002737279433543,133
subject_590,40,Frontal,MTL,,,133
subject_590,40,Frontal,MTR,,,133
subject_590,40,Frontal,SCML,,,133
subject_590,40,Frontal,SCMR,,,133
subject_590,40,Frontal,STL,,,133
subject_590,40,Frontal,STR,,,133
subject_590,40,Frontal,UTL,,,133
subject_590,40,Frontal,UTR,,,133
subject_590,40,Horizontal,MTL,0.18553296791588342,0.03251083778677095,133
subject_590,40,Horizontal,MTR,0.17182882824027837,0.047967523882160135,133
subject_590,40,Horizontal,SCML,0.14652887806993065,0.09237528405442856,133
subject_590,40,Horizontal,SCMR,-0.044801995093324117,0.608607694004633,133
subject_590,40,Horizontal,STL,0.08222483805363014,0.34675276270449396,133
subject_590,40,Horizontal,STR,0.18500588562066783,0.03301577036234368,133
subject_590,40,Horizontal,UTL,-0.11490394035699596,0.1878402962338724,133
subject_590,40,Horizontal,UTR,0.15654344167902662,0.07195281369763079,133
subject_590,50,Sagittal,MTL,-0.1262210033024236,0.14615601875408765,134
subject_590,50,Sagittal,MTR,-0.07747358133734966,0.373595950357886,134
subject_590,50,Sagittal,SCML,-0.4026014760508339,1.4179176930481053e-06,134
subject_590,50,Sagittal,SCMR,0.11621037200602449,0.18116892324173986,134
subject_590,50,Sagittal,STL,-0.05875805326147305,0.5000669987382842,134
subject_590,50,Sagittal,STR,-0.11359890297218123,0.19124072430600775,134
subject_590,50,Sagittal,UTL,-0.25200676176587333,0.0033095505028892746,134
subject_590,50,Sagittal,UTR,-0.2728985140366193,0.0014216844804870966,134
subject_590,50,Frontal,MTL,,,134
subject_590,50,Frontal,MTR,,,134
subject_590,50,Frontal,SCML,,,134
subject_590,50,Frontal,SCMR,,,134
subject_590,50,Frontal,STL,,,134
subject_590,50,Frontal,STR,,,134
subject_590,50,Frontal,UTL,,,134
subject_590,50,Frontal,UTR,,,134
subject_590,50,Horizontal,MTL,-0.022846398986982187,0.7933039391873822,134
subject_590,50,Horizontal,MTR,-0.1113461340102395,0.20025125674110125,134
subject_590,50,Horizontal,SCML,-0.047857193667467955,0.5829287621182453,134
subject_590,50,Horizontal,SCMR,0.08825924661286802,0.31054291397777245,134
subject_590,50,Horizontal,STL,-0.046414263205132235,0.5943538031631883,134
subject_590,50,Horizontal,STR,0.15607697834264675,0.07172681881759004,134
subject_590,50,Horizontal,UTL,-0.14886232603096813,0.08604492113206538,134
subject_590,50,Horizontal,UTR,-0.1565579551634253,0.07084540624485466,134
subject_590,60,Sagittal,MTL,-0.39166160196647426,3.133709306653171e-06,133
subject_590,60,Sagittal,MTR,-0.38305815673499316,5.345333429929291e-06,133
subject_590,60,Sagittal,SCML,-0.3666706420083624,1.4189221944603855e-05,133
subject_590,60,Sagittal,SCMR,-0.19951799179672905,0.02131070170951141,133
subject_590,60,Sagittal,STL,-0.34167968205025057,5.695786006242042e-05,133
subject_590,60,Sagittal,STR,-0.1667429623434676,0.055076312011827944,133
subject_590,60,Sagittal,UTL,-0.0024581272089946086,0.9775975844849698,133
subject_590,60,Sagittal,UTR,-0.041378474684742574,0.6362859528969198,133
subject_590,60,Frontal,MTL,,,133
subject_590,60,Frontal,MTR,,,133
subject_590,60,Frontal,SCML,,,133
subject_590,60,Frontal,SCMR,,,133
subject_590,60,Frontal,STL,,,133
subject_590,60,Frontal,STR,,,133
subject_590,60,Frontal,UTL,,,133
subject_590,60,Frontal,UTR,,,133
subject_590,60,Horizontal,MTL,0.22732935404513913,0.008501142299434042,133
subject_590,60,Horizontal,MTR,0.19263444124098353,0.026320657850917292,133
subject_590,60,Horizontal,SCML,0.09631722062049176,0.27008553446274725,133
subject_590,60,Horizontal,SCMR,0.18849176508526344,0.02979617621558678,133
subject_590,60,Horizontal,STL,0.11237009072390705,0.1978277006525558,133
subject_590,60,Horizontal,STR,0.12686945726892734,0.14561223991472536,133
subject_590,60,Horizontal,UTL,-0.1315299679441124,0.13126721459085164,133
subject_590,60,Horizontal,UTR,0.06524714945259119,0.4555710119558472,133
subject_590,70,Sagittal,MTL,-0.10499314432335084,0.23086997808601611,132
subject_590,70,Sagittal,MTR,-0.11740142501611048,0.18003353912620473,132
subject_590,70,Sagittal,SCML,-0.1116745262348368,0.2023690501338932,132
subject_590,70,Sagittal,SCMR,-0.12885522257865786,0.1408861704229625,132
subject_590,70,Sagittal,STL,-0.0925848636305912,0.291026862614982,132
subject_590,70,Sagittal,STR,-0.06967726850549646,0.4272639267364682,132
subject_590,70,Sagittal,UTL,0.0925848636305912,0.291026862614982,132
subject_590,70,Sagittal,UTR,-0.06108692033358594,0.48654771067859554,132
subject_590,70,Frontal,MTL,,,132
subject_590,70,Frontal,MTR,,,132
subject_590,70,Frontal,SCML,,,132
subject_590,70,Frontal,SCMR,,,132
subject_590,70,Frontal,STL,,,132
subject_590,70,Frontal,STR,,,132
subject_590,70,Frontal,UTL,,,132
subject_590,70,Frontal,UTR,,,132
subject_590,70,Horizontal,MTL,0.14581807723999635,0.09525273452628283,132
subject_590,70,Horizontal,MTR,0.11665446179199707,0.1828394933798438,132
subject_590,70,Horizontal,SCML,0.14081860030605362,0.107282111328768,132
subject_590,70,Horizontal,SCMR,0.09832304636754038,0.26202333874491024,132
subject_590,70,Horizontal,STL,0.03916256931588473,0.6557162495226139,132
subject_590,70,Horizontal,STR,0.059993723207312784,0.4943949097191117,132
subject_590,70,Horizontal,UTL,-0.09998953867885464,0.25398343040374627,132
subject_590,70,Horizontal,UTR,0.018331415424456685,0.8347399928867011,132
subject_590,80,Sagittal,MTL,-0.4421102696793662,9.947594063381356e-08,133
subject_590,80,Sagittal,MTR,-0.40106053205998776,1.7184422252966558e-06,133
subject_590,80,Sagittal,SCML,-0.446588228560522,7.121606336305926e-08,133
subject_590,80,Sagittal,SCMR,-0.2060929810601648,0.01731483928645502,133
subject_590,80,Sagittal,STL,-0.24240826573359558,0.004934849831770342,133
subject_590,80,Sagittal,STR,-0.44196064814157093,1.005846476085108e-07,133
subject_590,80,Sagittal,UTL,-0.23534399169912304,0.006393019067703282,133
subject_590,80,Sagittal,UTR,-0.07088854715681772,0.4174630740131253,133
subject_590,80,Frontal,MTL,0.6809824863619828,1.9049403431069826e-19,133
subject_590,80,Frontal,MTR,0.642696042087683,7.463128399364818e-17,133
subject_590,80,Frontal,SCML,0.5536477952924017,4.782142158105615e-12,133
subject_590,80,Frontal,SCMR,0.32780079255074596,0.00011731070498282979,133
subject_590,80,Frontal,STL,0.35189113950985595,3.27364912218353e-05,133
subject_590,80,Frontal,STR,0.631941422909509,3.4413260173278535e-16,133
subject_590,80,Frontal,UTL,0.3721098235648232,1.0322218237558262e-05,133
subject_590,80,Frontal,UTR,0.2533788278377814,0.0032536152367284884,133
subject_590,80,Horizontal,MTL,0.10434407651710924,0.2319848865521844,133
subject_590,80,Horizontal,MTR,-0.03669242251151094,0.6749935631869597,133
subject_590,80,Horizontal,SCML,0.05962518658120528,0.49539876197113103,133
subject_590,80,Horizontal,SCMR,0.02981259329060264,0.7333701497078388,133
subject_590,80,Horizontal,STL,0.09975752370317037,0.25326594108902717,133
subject_590,80,Horizontal,STR,0.06421173939514414,0.46276954612917115,133
subject_590,80,Horizontal,UTL,-0.05962518658120528,0.49539876197113103,133
subject_590,80,Horizontal,UTR,-0.11810373495892583,0.17576014503713275,133
subject_590,90,Sagittal,MTL,-0.1774959154875915,0.04096149779293976,133
subject_590,90,Sagittal,MTR,-0.1014027264716845,0.24548296567790592,133
subject_590,90,Sagittal,SCML,-0.2387536951819977,0.005647183170663124,133
subject_590,90,Sagittal,SCMR,-0.15886936551142827,0.06777579740180079,133
subject_590,90,Sagittal,STL,-0.17036621996184648,0.049929138658818734,133
subject_590,90,Sagittal,STR,-0.1383325508643111,0.11230578007236716,133
subject_590,90,Sagittal,UTL,-0.1439369735220175,0.09834876657993939,133
subject_590,90,Sagittal,UTR,-0.022300135881843902,0.7988916346344126,133
subject_590,90,Frontal,MTL,0.5922752370660654,5.96122190038511e-14,133
subject_590,90,Frontal,MTR,0.5622847482637388,1.883937598655623e-12,133
subject_590,90,Frontal,SCML,0.55164568388908,5.912260998782719e-12,133
subject_590,90,Frontal,SCMR,0.4438768136934274,8.723876574713678e-08,133
subject_590,90,Frontal,STL,0.5119794828729194,3.0020437251191657e-10,133
subject_590,90,Frontal,STR,0.5712818949044368,6.934629484540045e-13,133
subject_590,90,Frontal,UTL,0.4516434010046044,4.8551768151468174e-08,133
subject_590,90,Frontal,UTR,0.30471110117599565,0.00036230432151471457,133
subject_590,90,Horizontal,MTL,0.13148986703236978,0.13138584591822725,133
subject_590,90,Horizontal,MTR,-0.01813653338377514,0.8358510147212312,133
subject_590,90,Horizontal,SCML,0.0317389334216065,0.7168532629527292,133
subject_590,90,Horizontal,SCMR,0.05894373349726922,0.500348207810519,133
subject_590,90,Horizontal,STL,0.14735933374317303,0.09052350277530075,133
subject_590,90,Horizontal,STR,-0.0317389334216065,0.7168532629527292,133
subject_590,90,Horizontal,UTL,-0.14962640041614492,0.08561833025626049,133
subject_590,90,Horizontal,UTR,-0.04534133345943785,0.6042960316892316,133
subject_591,10,Sagittal,MTL,0.022077223419485245,0.8291627625274162,98
subject_591,10,Sagittal,MTR,0.132976379441952,0.19178591406584114,98
subject_591,10,Sagittal,SCML,-0.09802353396822423,0.33693045451402026,98
subject_591,10,Sagittal,SCMR,-0.08722489207825862,0.393086865978812,98
subject_591,10,Sagittal,STL,-0.07704686179116459,0.4508127850954272,98
subject_591,10,Sagittal,STR,0.08254134318192104,0.41908275400337647,98
subject_591,10,Sagittal,UTL,0.23948988013745953,0.017544985772002954,98
subject_591,10,Sagittal,UTR,0.20808693303215722,0.03977389165851309,98
subject_591,10,Frontal,MTL,-0.0671238943180971,0.5113686508938564,98
subject_591,10,Frontal,MTR,0.09023212023088462,0.3769144934051655,98
subject_591,10,Frontal,SCML,0.05722036892690243,0.575722507600161,98
subject_591,10,Frontal,SCMR,0.02640940104318574,0.7963063290560133,98
subject_591,10,Frontal,STL,-0.0847301616802209,0.4068120269685669,98
subject_591,10,Frontal,STR,0.0022007834202654782,0.9828411145390812,98
subject_591,10,Frontal,UTL,0.26409401043185743,0.008596954610218668,98
subject_591,10,Frontal,UTR,0.2497889182001318,0.013119382717000755,98
subject_591,10,Horizontal,MTL,,,98
subject_591,10,Horizontal,MTR,,,98
subject_591,10,Horizontal,SCML,,,98
subject_591,10,Horizontal,SCMR,,,98
subject_591,10,Horizontal,STL,,,98
subject_591,10,Horizontal,STR,,,98
subject_591,10,Horizontal,UTL,,,98
subject_591,10,Horizontal,UTR,,,98
subject_591,20,Sagittal,MTL,-0.11788607581469544,0.25014100717908294,97
subject_591,20,Sagittal,MTR,-0.08324058803487579,0.4175925899824926,97
subject_591,20,Sagittal,SCML,0.14968746784713677,0.14335863733818727,97
subject_591,20,Sagittal,SCMR,0.303852693582259,0.002480690014959588,97
subject_591,20,Sagittal,STL,-0.08359610000329806,0.4155996476338767,97
subject_591,20,Sagittal,STR,0.07607956124236968,0.4589011039777195,97
subject_591,20,Sagittal,UTL,-0.14942506615615844,0.14406952557055985,97
subject_591,20,Sagittal,UTR,-0.09968724885974496,0.33129918022472943,97
subject_591,20,Frontal,MTL,-0.09101456223521175,0.37528835311420955,97
subject_591,20,Frontal,MTR,0.07093782056567975,0.4898987049169078,97
subject_591,20,Frontal,SCML,0.3520122039391278,0.0004064614649737165,97
subject_591,20,Frontal,SCMR,0.2904435294858963,0.0039024631693018513,97
subject_591,20,Frontal,STL,-0.053537977785418675,0.6024879025607512,97
subject_591,20,Frontal,STR,0.06023022500859601,0.5578477423099051,97
subject_591,20,Frontal,UTL,0.029445887781980273,0.774640025068212,97
subject_591,20,Frontal,UTR,0.05487642723005414,0.5934341024491177,97
subject_591,20,Horizontal,MTL,,,97
subject_591,20,Horizontal,MTR,,,97
subject_591,20,Horizontal,SCML,,,97
subject_591,20,Horizontal,SCMR,,,97
subject_591,20,Horizontal,STL,,,97
subject_591,20,Horizontal,STR,,,97
subject_591,20,Horizontal,UTL,,,97
subject_591,20,Horizontal,UTR,,,97
subject_591,30,Sagittal,MTL,0.1003940235540198,0.3278650982507144,97
subject_591,30,Sagittal,MTR,0.1746027283187749,0.08717150805611777,97
subject_591,30,Sagittal,SCML,0.0656669153152244,0.5227902499110039,97
subject_591,30,Sagittal,SCMR,0.33126668070182497,0.0009183710666953828,97
subject_591,30,Sagittal,STL,-0.16909485216597858,0.09777289765507254,97
subject_591,30,Sagittal,STR,0.04318745035150107,0.6744642151543382,97
subject_591,30,Sagittal,UTL,-0.07498245446459344,0.4654229068483171,97
subject_591,30,Sagittal,UTR,0.11637806340594263,0.2562938679306888,97
subject_591,30,Frontal,MTL,0.029973368836295797,0.7707132820570177,97
subject_591,30,Frontal,MTR,0.12155866250275517,0.2355835859348095,97
subject_591,30,Frontal,SCML,0.24478251216308236,0.015672316473597337,97
subject_591,30,Frontal,SCMR,0.2647647580539462,0.008773086723533123,97
subject_591,30,Frontal,STL,-0.1182282881876112,0.24875899649621658,97
subject_591,30,Frontal,STR,-0.05495117619987563,0.5929302833925381,97
subject_591,30,Frontal,UTL,0.0033303743151439774,0.9741727958176943,97
subject_591,30,Frontal,UTR,0.12322384966032716,0.22918142724964696,97
subject_591,30,Horizontal,MTL,,,97
subject_591,30,Horizontal,MTR,,,97
subject_591,30,Horizontal,SCML,,,97
subject_591,30,Horizontal,SCMR,,,97
subject_591,30,Horizontal,STL,,,97
subject_591,30,Horizontal,STR,,,97
subject_591,30,Horizontal,UTL,,,97
subject_591,30,Horizontal,UTR,,,97
subject_591,40,Sagittal,MTL,0.1297175411909911,0.20538217868647696,97
subject_591,40,Sagittal,MTR,0.06309296712511109,0.5392481873906654,97
subject_591,40,Sagittal,SCML,-0.14433896507514477,0.15837931763560664,97
subject_591,40,Sagittal,SCMR,-0.019028793192983867,0.8532297653186072,97
subject_591,40,Sagittal,STL,-0.12551007416182708,0.22059155452068777,97
subject_591,40,Sagittal,STR,0.11362064809977764,0.2678101021066914,97
subject_591,40,Sagittal,UTL,0.40297443833846236,4.270940946303835e-05,97
subject_591,40,Sagittal,UTR,-0.004245543653862334,0.9670791534330433,97
subject_591,40,Frontal,MTL,-0.002590986607535756,0.9799054176307139,97
subject_591,40,Frontal,MTR,0.06477466518839389,0.5284664587902637,97
subject_591,40,Frontal,SCML,-0.05700170536578663,0.5791853303095194,97
subject_591,40,Frontal,SCMR,0.23837076789328954,0.018710677242244466,97
subject_591,40,Frontal,STL,-0.1114124241240375,0.27728134862937653,97
subject_591,40,Frontal,STR,-0.14250426341446656,0.16379306391786902,97
subject_591,40,Frontal,UTL,0.1658231428822884,0.10453468965181435,97
subject_591,40,Frontal,UTR,0.062183678580858145,0.5451226601995153,97
subject_591,40,Horizontal,MTL,,,97
subject_591,40,Horizontal,MTR,,,97
subject_591,40,Horizontal,SCML,,,97
subject_591,40,Horizontal,SCMR,,,97
subject_591,40,Horizontal,STL,,,97
subject_591,40,Horizontal,STR,,,97
subject_591,40,Horizontal,UTL,,,97
subject_591,40,Horizontal,UTR,,,97
subject_591,50,Sagittal,MTL,-0.07352510573313879,0.4741640186550458,97
subject_591,50,Sagittal,MTR,-0.13422217812911366,0.18994635933835458,97
subject_591,50,Sagittal,SCML,0.23423069600914004,0.020931239820453383,97
subject_591,50,Sagittal,SCMR,0.12001523567101685,0.24162788379285607,97
subject_591,50,Sagittal,STL,-0.04170155462700188,0.6850623625062264,97
subject_591,50,Sagittal,STR,0.15675271746266017,0.1251977824094729,97
subject_591,50,Sagittal,UTL,0.23507475553165044,0.02046102777747987,97
subject_591,50,Sagittal,UTR,0.1486714743114957,0.14612591318368498,97
subject_591,50,Frontal,MTL,-0.11659439733910902,0.2554049023868983,97
subject_591,50,Frontal,MTR,0.06995663840346542,0.4959372980914787,97
subject_591,50,Frontal,SCML,0.10363946430143023,0.31238919491889877,97
subject_591,50,Frontal,SCMR,0.23837076789328954,0.018710677242244466,97
subject_591,50,Frontal,STL,0.1114124241240375,0.27728134862937653,97
subject_591,50,Frontal,STR,-0.09068453126375146,0.3770295274610937,97
subject_591,50,Frontal,UTL,-0.04404677232810785,0.6683638215137465,97
subject_591,50,Frontal,UTR,-0.10882143751650175,0.2886773680334207,97
subject_591,50,Horizontal,MTL,,,97
subject_591,50,Horizontal,MTR,,,97
subject_591,50,Horizontal,SCML,,,97
subject_591,50,Horizontal,SCMR,,,97
subject_591,50,Horizontal,STL,,,97
subject_591,50,Horizontal,STR,,,97
subject_591,50,Horizontal,UTL,,,97
subject_591,50,Horizontal,UTR,,,97
subject_591,60,Sagittal,MTL,-0.17299573721463393,0.08848084150988121,98
subject_591,60,Sagittal,MTR,-0.11202075812613449,0.2721253835447916,98
subject_591,60,Sagittal,SCML,0.20395238338406008,0.043973229480190563,98
subject_591,60,Sagittal,SCMR,0.3849084010422607,9.10049287194994e-05,98
subject_591,60,Sagittal,STL,-0.09669241133963358,0.34356428693246965,98
subject_591,60,Sagittal,STR,0.19580751672730917,0.0533257704210067,98
subject_591,60,Sagittal,UTL,0.32469484008314586,0.0011065735152786952,98
subject_591,60,Sagittal,UTR,0.1524451388134646,0.13399291225238255,98
subject_591,60,Frontal,MTL,-0.22669791713857143,0.02478673519029214,98
subject_591,60,Frontal,MTR,0.059328656000452576,0.5617126299323323,98
subject_591,60,Frontal,SCML,0.3366120587815151,0.0007014784198881163,98
subject_591,60,Frontal,SCMR,0.4777518088457497,6.539514403172414e-07,98
subject_591,60,Frontal,STL,0.026854023242310114,0.7929531761675503,98
subject_591,60,Frontal,STR,0.015612804210645414,0.8787254924099712,98
subject_591,60,Frontal,UTL,0.194223284380429,0.055322621968762885,98
subject_591,60,Frontal,UTR,0.08181109406378198,0.42322378189558846,98
subject_591,60,Horizontal,MTL,,,98
subject_591,60,Horizontal,MTR,,,98
subject_591,60,Horizontal,SCML,,,98
subject_591,60,Horizontal,SCMR,,,98
subject_591,60,Horizontal,STL,,,98
subject_591,60,Horizontal,STR,,,98
subject_591,60,Horizontal,UTL,,,98
subject_591,60,Horizontal,UTR,,,98
subject_591,70,Sagittal,MTL,-0.20617592172069757,0.04275484037181069,97
subject_591,70,Sagittal,MTR,-0.4481969430327763,4.151652801759408e-06,97
subject_591,70,Sagittal,SCML,0.07595993957587255,0.45960974311579256,97
subject_591,70,Sagittal,SCMR,0.5825716671202843,3.851804973383196e-10,97
subject_591,70,Sagittal,STL,-0.4195297432357057,1.890866822733268e-05,97
subject_591,70,Sagittal,STR,-0.010944447212149586,0.9152680712089251,97
subject_591,70,Sagittal,UTL,0.18089047471331754,0.07620761691390401,97
subject_591,70,Sagittal,UTR,-0.04126182397224212,0.6882105886064243,97
subject_591,70,Frontal,MTL,-0.19920476822239894,0.0504465025277544,97
subject_591,70,Frontal,MTR,-0.16078670577950768,0.11565134510431258,97
subject_591,70,Frontal,SCML,0.31730473795424974,0.0015410751207528932,97
subject_591,70,Frontal,SCMR,0.4339818164845119,8.957447524485117e-06,97
subject_591,70,Frontal,STL,-0.09106503690166808,0.3750224910337351,97
subject_591,70,Frontal,STR,-0.049801192055599734,0.628082751985847,97
subject_591,70,Frontal,UTL,0.17216983539221623,0.09173585648573071,97
subject_591,70,Frontal,UTR,0.004268673604765691,0.9668998999001827,97
subject_591,70,Horizontal,MTL,-0.021870444131992663,0.831614043908931,97
subject_591,70,Horizontal,MTR,-0.16767340501194372,0.10066715376534577,97
subject_591,70,Horizontal,SCML,-0.11299729468196208,0.2704612658220904,97
subject_591,70,Horizontal,SCMR,0.12028744272595965,0.24055415145334114,97
subject_591,70,Horizontal,STL,-0.07290148043997553,0.4779314376089397,97
subject_591,70,Horizontal,STR,-0.12393251674795841,0.2264941168288969,97
subject_591,70,Horizontal,UTL,0.010935222065996331,0.9153392278132825,97
subject_591,70,Horizontal,UTR,0.07654655446197432,0.45614041088121987,97
subject_591,80,Sagittal,MTL,-0.2587488377783533,0.010494859452460393,97
subject_591,80,Sagittal,MTR,-0.30511518046723307,0.0023744972878693756,97
subject_591,80,Sagittal,SCML,-0.03330121890847179,0.7460765874483654,97
subject_591,80,Sagittal,SCMR,0.24153405252450882,0.017153605606275078,97
subject_591,80,Sagittal,STL,-0.42836532258434346,1.2024100434319746e-05,97
subject_591,80,Sagittal,STR,0.012397020859818968,0.9040725882739581,97
subject_591,80,Sagittal,UTL,0.20723810260093778,0.04167337636718821,97
subject_591,80,Sagittal,UTR,0.2255886628197836,0.026302892272388485,97
subject_591,80,Frontal,MTL,,,97
subject_591,80,Frontal,MTR,,,97
subject_591,80,Frontal,SCML,,,97
subject_591,80,Frontal,SCMR,,,97
subject_591,80,Frontal,STL,,,97
subject_591,80,Frontal,STR,,,97
subject_591,80,Frontal,UTL,,,97
subject_591,80,Frontal,UTR,,,97
subject_591,80,Horizontal,MTL,0.010935222065996331,0.9153392278132825,97
subject_591,80,Horizontal,MTR,-0.1421578868579523,0.1648303538270599,97
subject_591,80,Horizontal,SCML,-0.10935222065996332,0.28631787177667206,97
subject_591,80,Horizontal,SCMR,0.09841699859396698,0.33752839018449005,97
subject_591,80,Horizontal,STL,-0.007290148043997554,0.9435013972533935,97
subject_591,80,Horizontal,STR,-0.1275775907699572,0.21302131198325935,97
subject_591,80,Horizontal,UTL,0.0801916284839731,0.43491075159671383,97
subject_591,80,Horizontal,UTR,0.13486773881395475,0.18780506727677374,97
subject_591,90,Sagittal,MTL,-0.12863874063454972,0.20920839238635403,97
subject_591,90,Sagittal,MTR,-0.2398279678148053,0.017978898141563972,97
subject_591,90,Sagittal,SCML,0.02656694032989829,0.7961695115652894,97
subject_591,90,Sagittal,SCMR,0.35099475670086344,0.00042359703099155254,97
subject_591,90,Sagittal,STL,-0.47830215854635855,7.234431692376444e-07,97
subject_591,90,Sagittal,STR,-0.08442782163397856,0.41095880476251434,97
subject_591,90,Sagittal,UTL,0.2289304362661956,0.02410086596626164,97
subject_591,90,Sagittal,UTR,0.2022363456025112,0.0469718569205505,97
subject_591,90,Frontal,MTL,-0.01794895396544345,0.8614732664223661,97
subject_591,90,Frontal,MTR,-0.04359031677321981,0.6716015827398863,97
subject_591,90,Frontal,SCML,0.05384686189633036,0.6003930590843849,97
subject_591,90,Frontal,SCMR,0.01794895396544345,0.8614732664223661,97
subject_591,90,Frontal,STL,-0.23077226526998726,0.02295588894196052,97
subject_591,90,Frontal,STR,-0.06666754330021854,0.5164614394137267,97
subject_591,90,Frontal,UTL,-0.002564136280777636,0.9801136146026074,97
subject_591,90,Frontal,UTR,-0.028205499088554,0.7838961081981252,97
subject_591,90,Horizontal,MTL,-0.23690670121139817,0.019471583447360146,97
subject_591,90,Horizontal,MTR,-0.27817432013209337,0.005800367546826577,97
subject_591,90,Horizontal,SCML,-0.155899893700404,0.12729128446620544,97
subject_591,90,Horizontal,SCMR,-0.18799693063872247,0.06517864259423597,97
subject_591,90,Horizontal,STL,-0.16965576667396903,0.09664896894669506,97
subject_591,90,Horizontal,STR,-0.1146322747797088,0.2635451045047056,97
subject_591,90,Horizontal,UTL,-0.20480966427307973,0.04418013873733547,97
subject_591,90,Horizontal,UTR,-0.2246792585682293,0.02693094515279975,97
subject_594,10,Sagittal,MTL,0.1153248396947601,0.23024515754048208,110
subject_594,10,Sagittal,MTR,0.11846960880488994,0.2176981447257683,110
subject_594,10,Sagittal,SCML,0.17235220475711396,0.07178257907306584,110
subject_594,10,Sagittal,SCMR,0.4504895616085943,7.882964813192745e-07,110
subject_594,10,Sagittal,STL,-0.055424475692287686,0.5652245477306661,110
subject_594,10,Sagittal,STR,-0.19459298805803196,0.04163892052311197,110
subject_594,10,Sagittal,UTL,-0.07437628530306993,0.43998152015911807,110
subject_594,10,Sagittal,UTR,-0.3374719951939294,0.0003117069024600977,110
subject_594,10,Frontal,MTL,-0.14256371359811126,0.137347809724325,110
subject_594,10,Frontal,MTR,-0.09055490962196196,0.34679031931868776,110
subject_594,10,Frontal,SCML,-0.10749808073769955,0.2636470266521774,110
subject_594,10,Frontal,SCMR,0.19289750743316053,0.043485236252785636,110
subject_594,10,Frontal,STL,-0.14993167097890012,0.11796224399031341,110
subject_594,10,Frontal,STR,-0.12456126815638204,0.19478892668838682,110
subject_594,10,Frontal,UTL,0.16576860486749379,0.08349983192445852,110
subject_594,10,Frontal,UTR,-0.017605869831998366,0.8551458697783518,110
subject_594,10,Horizontal,MTL,,,110
subject_594,10,Horizontal,MTR,,,110
subject_594,10,Horizontal,SCML,,,110
subject_594,10,Horizontal,SCMR,,,110
subject_594,10,Horizontal,STL,,,110
subject_594,10,Horizontal,STR,,,110
subject_594,10,Horizontal,UTL,,,110
subject_594,10,Horizontal,UTR,,,110
subject_594,20,Sagittal,MTL,0.2974969872480693,0.0015977508366535782,110
subject_594,20,Sagittal,MTR,0.40295267582342525,1.274482476204408e-05,110
subject_594,20,Sagittal,SCML,0.4763228559596706,1.442084757557146e-07,110
subject_594,20,Sagittal,SCMR,0.4602259140147562,4.2242343643601446e-07,110
subject_594,20,Sagittal,STL,-0.38280121701634623,3.6698885226538244e-05,110
subject_594,20,Sagittal,STR,-0.14071596021785954,0.14256969855151755,110
subject_594,20,Sagittal,UTL,0.24237850801807725,0.010734987976015764,110
subject_594,20,Sagittal,UTR,0.3040186393707019,0.001242514658817269,110
subject_594,20,Frontal,MTL,0.2554937089863745,0.007062260396438409,110
subject_594,20,Frontal,MTR,0.4100333568321306,8.644335558496776e-06,110
subject_594,20,Frontal,SCML,0.2661516157343577,0.004947808951648439,110
subject_594,20,Frontal,SCMR,0.27621741655189735,0.0034896574297347454,110
subject_594,20,Frontal,STL,-0.3295069502918132,0.00043955603747413015,110
subject_594,20,Frontal,STR,-0.015098701226309503,0.8755944326283084,110
subject_594,20,Frontal,UTL,0.2916121707434286,0.00199491104264047,110
subject_594,20,Frontal,UTR,0.22411209467286847,0.018588679704150644,110
subject_594,20,Horizontal,MTL,,,110
subject_594,20,Horizontal,MTR,,,110
subject_594,20,Horizontal,SCML,,,110
subject_594,20,Horizontal,SCMR,,,110
subject_594,20,Horizontal,STL,,,110
subject_594,20,Horizontal,STR,,,110
subject_594,20,Horizontal,UTL,,,110
subject_594,20,Horizontal,UTR,,,110
subject_594,30,Sagittal,MTL,0.3213400035902819,0.0006193502104026211,110
subject_594,30,Sagittal,MTR,0.11334168234315027,0.23841350927462354,110
subject_594,30,Sagittal,SCML,0.6031422110143487,3.1040177916415736e-12,110
subject_594,30,Sagittal,SCMR,0.40139768017754884,1.386277085699489e-05,110
subject_594,30,Sagittal,STL,-0.4116764894768738,7.889610115052055e-06,110
subject_594,30,Sagittal,STR,-0.338707120490577,0.00029528314049305005,110
subject_594,30,Sagittal,UTL,0.10642638440365394,0.2684649315496729,110
subject_594,30,Sagittal,UTR,0.2129443621574999,0.025512733859150656,110
subject_594,30,Frontal,MTL,0.22108987752711368,0.020280196638146415,110
subject_594,30,Frontal,MTR,0.25594638974985684,0.0069583195624603736,110
subject_594,30,Frontal,SCML,0.25495048940063564,0.0071888027308017475,110
subject_594,30,Frontal,SCMR,0.06572942304860135,0.49508769203497077,110
subject_594,30,Frontal,STL,-0.36449952781497125,9.047981204261606e-05,110
subject_594,30,Frontal,STR,0.015934405587539727,0.8687686015073203,110
subject_594,30,Frontal,UTL,0.12847114504953902,0.1810351489530472,110
subject_594,30,Frontal,UTR,0.17328666076449453,0.07023277230716504,110
subject_594,30,Horizontal,MTL,,,110
subject_594,30,Horizontal,MTR,,,110
subject_594,30,Horizontal,SCML,,,110
subject_594,30,Horizontal,SCMR,,,110
subject_594,30,Horizontal,STL,,,110
subject_594,30,Horizontal,STR,,,110
subject_594,30,Horizontal,UTL,,,110
subject_594,30,Horizontal,UTR,,,110
subject_594,40,Sagittal,MTL,-0.39400458951288975,2.0558151949842406e-05,110
subject_594,40,Sagittal,MTR,-0.44212224306308284,1.327168020170515e-06,110
subject_594,40,Sagittal,SCML,0.31504202557366534,0.0008016267712555572,110
subject_594,40,Sagittal,SCMR,0.49959300062049705,2.7572038726252553e-08,110
subject_594,40,Sagittal,STL,-0.35983526063433524,0.00011290867263620162,110
subject_594,40,Sagittal,STR,-0.47714555100316636,1.3629725748124362e-07,110
subject_594,40,Sagittal,UTL,0.4441351937081153,1.1723255692006044e-06,110
subject_594,40,Sagittal,UTR,-0.32571676384277637,0.0005159913750664292,110
subject_594,40,Frontal,MTL,-0.22407757857477736,0.01860728878278627,110
subject_594,40,Frontal,MTR,-0.26690129359129044,0.004822937960984422,110
subject_594,40,Frontal,SCML,-0.09261873247757466,0.3358651369913336,110
subject_594,40,Frontal,SCMR,0.08066792828691985,0.40216891153026185,110
subject_594,40,Frontal,STL,-0.3236676134969007,0.0005622304869286824,110
subject_594,40,Frontal,STR,-0.2370242831146534,0.012660839027239048,110
subject_594,40,Frontal,UTL,0.30773320790936093,0.0010739341229728363,110
subject_594,40,Frontal,UTR,-0.2300529806701048,0.015615676267684685,110
subject_594,40,Horizontal,MTL,,,110
subject_594,40,Horizontal,MTR,,,110
subject_594,40,Horizontal,SCML,,,110
subject_594,40,Horizontal,SCMR,,,110
subject_594,40,Horizontal,STL,,,110
subject_594,40,Horizontal,STR,,,110
subject_594,40,Horizontal,UTL,,,110
subject_594,40,Horizontal,UTR,,,110
subject_594,50,Sagittal,MTL,0.14908492411808894,0.12007601686745037,110
subject_594,50,Sagittal,MTR,-0.13488734688732418,0.1600274261504646,110
subject_594,50,Sagittal,SCML,0.31031551284527004,0.0009693297261756985,110
subject_594,50,Sagittal,SCMR,0.2715468001297292,0.004109933390765577,110
subject_594,50,Sagittal,STL,-0.06953703884557048,0.47038437624285084,110
subject_594,50,Sagittal,STR,-0.31414989501708246,0.0008310884327625298,110
subject_594,50,Sagittal,UTL,0.4688620340521826,2.3894779837320405e-07,110
subject_594,50,Sagittal,UTR,0.05173306973429029,0.5914455184153025,110
subject_594,50,Frontal,MTL,0.03558581652818023,0.712067667910668,110
subject_594,50,Frontal,MTR,-0.17783646292879957,0.0630692774570555,110
subject_594,50,Frontal,SCML,0.044457461808769506,0.644672733436045,110
subject_594,50,Frontal,SCMR,0.014104659014329852,0.8837253871117473,110
subject_594,50,Frontal,STL,-0.2445160399482323,0.010041019966869435,110
subject_594,50,Frontal,STR,-0.11734917523273118,0.22211164790790658,110
subject_594,50,Frontal,UTL,0.18218297370385336,0.056793353002247776,110
subject_594,50,Frontal,UTR,-0.043107860289574716,0.6547579240414713,110
subject_594,50,Horizontal,MTL,0.15836599694552767,0.09844732637431988,110
subject_594,50,Horizontal,MTR,-0.1191515596066351,0.21504250253124232,110
subject_594,50,Horizontal,SCML,-0.15836599694552767,0.09844732637431988,110
subject_594,50,Horizontal,SCMR,-0.1221680547865499,0.2035718807270929,110
subject_594,50,Horizontal,STL,0.13121754032629435,0.17180845579304813,110
subject_594,50,Horizontal,STR,0.12518454996646472,0.19254718981224422,110
subject_594,50,Horizontal,UTL,-0.08898660780748698,0.35523980035737623,110
subject_594,50,Horizontal,UTR,0.1432835210459536,0.13535341498021394,110
subject_594,60,Sagittal,MTL,0.317623983338423,0.0007216624465244586,110
subject_594,60,Sagittal,MTR,0.2192802962638396,0.02135509477802563,110
subject_594,60,Sagittal,SCML,0.6030052350529783,3.1485271818752903e-12,110
subject_594,60,Sagittal,SCMR,0.6736027236977451,7.42553238165682e-16,110
subject_594,60,Sagittal,STL,0.3196805001190712,0.0006632737536635676,110
subject_594,60,Sagittal,STR,-0.6443321142277276,3.087182388325661e-14,110
subject_594,60,Sagittal,UTL,0.27049667221825585,0.0042622986256686726,110
subject_594,60,Sagittal,UTR,0.14661670334760585,0.12640455945867246,110
subject_594,60,Frontal,MTL,0.08154108234567763,0.39707761456697094,110
subject_594,60,Frontal,MTR,-0.08523554395174883,0.37596334431182615,110
subject_594,60,Frontal,SCML,0.23956021662433305,0.01171402572295622,110
subject_594,60,Frontal,SCMR,0.23283198180159756,0.014372854907004866,110
subject_594,60,Frontal,STL,-0.05857878995465836,0.5432647320810072,110
subject_594,60,Frontal,STR,-0.13178710853189798,0.16993919118186968,110
subject_594,60,Frontal,UTL,0.1548168181055098,0.10632444874335435,110
subject_594,60,Frontal,UTR,0.09207164626663243,0.33873972031762484,110
subject_594,60,Horizontal,MTL,0.09200310298740179,0.3391009651554371,110
subject_594,60,Horizontal,MTR,-0.14630001622586844,0.1272347470183228,110
subject_594,60,Horizontal,SCML,-0.1643989873053573,0.08611955746057905,110
subject_594,60,Horizontal,SCMR,-0.1432835210459536,0.13535341498021394,110
subject_594,60,Horizontal,STL,0.0678711415480833,0.4811090974744143,110
subject_594,60,Horizontal,STR,0.15233300658569804,0.11212411602814092,110
subject_594,60,Horizontal,UTL,-0.14026702586603879,0.1438608229394364,110
subject_594,60,Horizontal,UTR,0.08597011262757216,0.37184816905812923,110
subject_594,70,Sagittal,MTL,0.009108915536316183,0.9247551005119694,110
subject_594,70,Sagittal,MTR,0.31130651852642344,0.0009317200491576851,110
subject_594,70,Sagittal,SCML,0.4167616823075084,5.928354460498553e-06,110
subject_594,70,Sagittal,SCMR,0.7712721972851391,6.382577488575201e-23,110
subject_594,70,Sagittal,STL,0.15680512010493103,0.10185301595307038,110
subject_594,70,Sagittal,STR,-0.48098022795504247,1.0457348953876807e-07,110
subject_594,70,Sagittal,UTL,0.10400381912051855,0.27957439740424406,110
subject_594,70,Sagittal,UTR,0.3291465392429719,0.00044634827262835615,110
subject_594,70,Frontal,MTL,0.13504053137094058,0.15954910007512318,110
subject_594,70,Frontal,MTR,0.20361111230040704,0.03288376879642253,110
subject_594,70,Frontal,SCML,0.21416427975198796,0.02466243725716349,110
subject_594,70,Frontal,SCMR,0.1850888863308867,0.05289051573920298,110
subject_594,70,Frontal,STL,-0.0157047136483242,0.870643730833349,110
subject_594,70,Frontal,STR,-0.0301423803356371,0.7545879075340707,110
subject_594,70,Frontal,UTL,0.09362810175051879,0.3306023233766308,110
subject_594,70,Frontal,UTR,0.42517761377198726,3.656192196650128e-06,110
subject_594,70,Horizontal,MTL,0.14988529673805837,0.11807726001355062,110
subject_594,70,Horizontal,MTR,0.25235789756917987,0.007820795119967552,110
subject_594,70,Horizontal,SCML,0.04588325410348725,0.6340878125178524,110
subject_594,70,Horizontal,SCMR,-0.012235534427596602,0.8990463311940164,110
subject_594,70,Horizontal,STL,-0.17129748198635242,0.07356491433798956,110
subject_594,70,Horizontal,STR,0.13917920411391133,0.14702601600020854,110
subject_594,70,Horizontal,UTL,-0.1483558549346088,0.12191935301166493,110
subject_594,70,Horizontal,UTR,0.32118277872441076,0.0006233941743723181,110
subject_594,80,Sagittal,MTL,-0.03621053914435596,0.7072409515178855,110
subject_594,80,Sagittal,MTR,0.10771031131053425,0.2626999469267747,110
subject_594,80,Sagittal,SCML,0.3251156381657174,0.0005291798422269626,110
subject_594,80,Sagittal,SCMR,0.5532237003249603,3.6667904398272905e-10,110
subject_594,80,Sagittal,STL,-0.24304147184687724,0.01051538494399077,110
subject_594,80,Sagittal,STR,-0.5626521913401425,1.5814530588615783e-10,110
subject_594,80,Sagittal,UTL,-0.05581465002035727,0.5624855670043621,110
subject_594,80,Sagittal,UTR,-0.04664742492052032,0.6284447527845566,110
subject_594,80,Frontal,MTL,0.23974714956175028,0.011646749841157683,110
subject_594,80,Frontal,MTR,0.20842622006051334,0.028883130024718068,110
subject_594,80,Frontal,SCML,-0.03251514171792191,0.7359546696797467,110
subject_594,80,Frontal,SCMR,-0.13398699188715177,0.16286045705204819,110
subject_594,80,Frontal,STL,0.005138731356644308,0.9575087030265526,110
subject_594,80,Frontal,STR,0.18555524669854712,0.05228524101021391,110
subject_594,80,Frontal,UTL,-0.005410143224072705,0.9552667062544372,110
subject_594,80,Frontal,UTR,0.2905373570198509,0.0020764279424235316,110
subject_594,80,Horizontal,MTL,0.11670012817576027,0.22469702574402517,110
subject_594,80,Horizontal,MTR,0.19059066159357835,0.046106358085277466,110
subject_594,80,Horizontal,SCML,-0.03694526670890903,0.7015791424887755,110
subject_594,80,Horizontal,SCMR,-0.13663884354247308,0.15462173316171432,110
subject_594,80,Horizontal,STL,-0.14250317159150627,0.1375165688972676,110
subject_594,80,Horizontal,STR,0.13429311232285981,0.16189307264227762,110
subject_594,80,Horizontal,UTL,-0.11318153134634037,0.23908184050330275,110
subject_594,80,Horizontal,UTR,0.31843301306250166,0.0006981525607707342,110
subject_594,90,Sagittal,MTL,0.008266424126801064,0.9320145724799977,109
subject_594,90,Sagittal,MTR,0.17094252794639977,0.07553162315116248,109
subject_594,90,Sagittal,SCML,0.46315406017474847,3.9530809427526155e-07,109
subject_594,90,Sagittal,SCMR,0.5894700819082648,1.5471422940817082e-11,109
subject_594,90,Sagittal,STL,-0.11955854804255983,0.21561067670576783,109
subject_594,90,Sagittal,STR,-0.5611421148750945,2.1997775952884668e-10,109
subject_594,90,Sagittal,UTL,-0.06290730015769698,0.515793150191485,109
subject_594,90,Sagittal,UTR,-0.19160390208192465,0.04594768242170723,109
subject_594,90,Frontal,MTL,0.23804523041159953,0.012682835773376918,109
subject_594,90,Frontal,MTR,0.13785530748519845,0.15286243931238466,109
subject_594,90,Frontal,SCML,0.03766538455879739,0.6973925806223898,109
subject_594,90,Frontal,SCMR,0.10094323061757701,0.2963009815179817,109
subject_594,90,Frontal,STL,0.3307020764262411,0.00044443662614327274,109
subject_594,90,Frontal,STR,0.11751599982344786,0.2236117829024431,109
subject_594,90,Frontal,UTL,0.2975565380144994,0.0016764794002042242,109
subject_594,90,Frontal,UTR,0.14840161516166175,0.12355140524073627,109
subject_594,90,Horizontal,MTL,0.23704210014592098,0.01307430645463912,109
subject_594,90,Horizontal,MTR,0.06100348165520024,0.5286032153361214,109
subject_594,90,Horizontal,SCML,-0.038345045611840156,0.6922051513882225,109
subject_594,90,Horizontal,SCMR,-0.020915479424640088,0.8290889771181735,109
subject_594,90,Horizontal,STL,0.23007027367104096,0.016097788954474345,109
subject_594,90,Horizontal,STR,0.26405792773608106,0.005528891130496805,109
subject_594,90,Horizontal,UTL,0.3102462781321613,0.0010266163603552807,109
subject_594,90,Horizontal,UTR,0.2623149711173611,0.005860221277278578,109
subject_595,10,Sagittal,MTL,-0.594068219974017,4.391759853921836e-13,123
subject_595,10,Sagittal,MTR,-0.6438856074329494,9.492631960861114e-16,123
subject_595,10,Sagittal,SCML,-0.3254357048246553,0.0002398053191075073,123
subject_595,10,Sagittal,SCMR,-0.3182152089905266,0.0003347009727884834,123
subject_595,10,Sagittal,STL,-0.2204286463125813,0.014288627853252783,123
subject_595,10,Sagittal,STR,-0.4486131832748234,1.9519360904173726e-07,123
subject_595,10,Sagittal,UTL,-0.6197158318906733,2.1358127186385522e-14,123
subject_595,10,Sagittal,UTR,-0.5524174369958388,3.4955909480615897e-11,123
subject_595,10,Frontal,MTL,-0.16394572993838086,0.06999210321595786,123
subject_595,10,Frontal,MTR,-0.2052548902378154,0.02275941967029179,123
subject_595,10,Frontal,SCML,0.015490935112287956,0.864963896711919,123
subject_595,10,Frontal,SCMR,0.12909112593573296,0.15472650445175612,123
subject_595,10,Frontal,STL,-0.029690958965218582,0.7444255862775423,123
subject_595,10,Frontal,STR,-0.03227278148393324,0.7230689195576917,123
subject_595,10,Frontal,UTL,-0.17040028623516748,0.05951897146244724,123
subject_595,10,Frontal,UTR,-0.2517276955746793,0.004974717344252417,123
subject_595,10,Horizontal,MTL,,,123
subject_595,10,Horizontal,MTR,,,123
subject_595,10,Horizontal,SCML,,,123
subject_595,10,Horizontal,SCMR,,,123
subject_595,10,Horizontal,STL,,,123
subject_595,10,Horizontal,STR,,,123
subject_595,10,Horizontal,UTL,,,123
subject_595,10,Horizontal,UTR,,,123
subject_595,20,Sagittal,MTL,-0.21211744117799927,0.01899894750397154,122
subject_595,20,Sagittal,MTR,-0.05005971611800782,0.5839810045520457,122
subject_595,20,Sagittal,SCML,-0.050908185882719816,0.577614905991954,122
subject_595,20,Sagittal,SCMR,-0.19769345517789527,0.029057453661874667,122
subject_595,20,Sagittal,STL,0.16120925529527944,0.07607875900315823,122
subject_595,20,Sagittal,STR,0.03648419988261587,0.6899185978197186,122
subject_595,20,Sagittal,UTL,-0.20108733423674327,0.026353992938259397,122
subject_595,20,Sagittal,UTR,-0.17902712035423135,0.04849177994445376,122
subject_595,20,Frontal,MTL,0.04001145965741147,0.6617003860636402,122
subject_595,20,Frontal,MTR,0.0916391495379424,0.31543565689264536,122
subject_595,20,Frontal,SCML,0.10454607200807511,0.2517930505012781,122
subject_595,20,Frontal,SCMR,0.12777853245431406,0.16073994812738762,122
subject_595,20,Frontal,STL,-0.13294130144236713,0.1443571393055284,122
subject_595,20,Frontal,STR,-0.14842960840652641,0.1027569191256403,122
subject_595,20,Frontal,UTL,0.12777853245431406,0.16073994812738762,122
subject_595,20,Frontal,UTR,0.14068545492444678,0.12219576197589134,122
subject_595,20,Horizontal,MTL,,,122
subject_595,20,Horizontal,MTR,,,122
subject_595,20,Horizontal,SCML,,,122
subject_595,20,Horizontal,SCMR,,,122
subject_595,20,Horizontal,STL,,,122
subject_595,20,Horizontal,STR,,,122
subject_595,20,Horizontal,UTL,,,122
subject_595,20,Horizontal,UTR,,,122
subject_595,30,Sagittal,MTL,-0.0363563658174548,0.6909496060491745,122
subject_595,30,Sagittal,MTR,-0.03272072923570932,0.7205023206205003,122
subject_595,30,Sagittal,SCML,-0.01090690974523644,0.9050898870120242,122
subject_595,30,Sagittal,SCMR,-0.00727127316349096,0.9366444049295558,122
subject_595,30,Sagittal,STL,0.07816618650752782,0.392110557959679,122
subject_595,30,Sagittal,STR,0.1690571010511648,0.06267414976412382,122
subject_595,30,Sagittal,UTL,-0.050898912144436724,0.5776843124734645,122
subject_595,30,Sagittal,UTR,-0.03817418410832754,0.676342555598146,122
subject_595,30,Frontal,MTL,-0.04775561313949111,0.6014294243172302,122
subject_595,30,Frontal,MTR,-0.02968592168130528,0.7454930725547021,122
subject_595,30,Frontal,SCML,0.11487160998418133,0.20770113406224316,122
subject_595,30,Frontal,SCMR,0.1355226859363937,0.13665525289389477,122
subject_595,30,Frontal,STL,-0.09938330302002205,0.2760997286625246,122
subject_595,30,Frontal,STR,-0.14068545492444678,0.12219576197589134,122
subject_595,30,Frontal,UTL,0.05033699763351766,0.5818970054484336,122
subject_595,30,Frontal,UTR,0.13810407043042025,0.12927051795530545,122
subject_595,30,Horizontal,MTL,,,122
subject_595,30,Horizontal,MTR,,,122
subject_595,30,Horizontal,SCML,,,122
subject_595,30,Horizontal,SCMR,,,122
subject_595,30,Horizontal,STL,,,122
subject_595,30,Horizontal,STR,,,122
subject_595,30,Horizontal,UTL,,,122
subject_595,30,Horizontal,UTR,,,122
subject_595,40,Sagittal,MTL,-0.19131886841166526,0.03402407062107283,123
subject_595,40,Sagittal,MTR,-0.15885263619635234,0.07927062211132055,123
subject_595,40,Sagittal,SCML,-0.07884656395147416,0.386011719162356,123
subject_595,40,Sagittal,SCMR,-0.1205888625140193,0.18398205657574296,123
subject_595,40,Sagittal,STL,0.1681287025435846,0.06304784871819505,123
subject_595,40,Sagittal,STR,0.15073607814252415,0.0960729030641374,123
subject_595,40,Sagittal,UTL,-0.1275459122744435,0.1597662240891232,123
subject_595,40,Sagittal,UTR,-0.12174837080742333,0.17976982101308445,123
subject_595,40,Frontal,MTL,0.1978375398418357,0.028275021312154234,123
subject_595,40,Frontal,MTR,0.052756677291156184,0.5622319207765231,123
subject_595,40,Frontal,SCML,0.18201053665448882,0.0439207574840774,123
subject_595,40,Frontal,SCMR,0.05099812138145098,0.5753523981548012,123
subject_595,40,Frontal,STL,0.06067017888482962,0.5050218874724632,123
subject_595,40,Frontal,STR,-0.1688213673316998,0.0619541502462716,123
subject_595,40,Frontal,UTL,0.18376909256419405,0.041886081949593694,123
subject_595,40,Frontal,UTR,0.08353140571099729,0.35832801700722255,123
subject_595,40,Horizontal,MTL,,,123
subject_595,40,Horizontal,MTR,,,123
subject_595,40,Horizontal,SCML,,,123
subject_595,40,Horizontal,SCMR,,,123
subject_595,40,Horizontal,STL,,,123
subject_595,40,Horizontal,STR,,,123
subject_595,40,Horizontal,UTL,,,123
subject_595,40,Horizontal,UTR,,,123
subject_595,50,Sagittal,MTL,-0.20640563089704128,0.02199241785767007,123
subject_595,50,Sagittal,MTR,-0.22753436136449856,0.011373698931372682,123
subject_595,50,Sagittal,SCML,-0.026267334443805943,0.773045077727653,123
subject_595,50,Sagittal,SCMR,-0.06783461033483833,0.45596951983175954,123
subject_595,50,Sagittal,STL,0.0873008512805357,0.33697362318622764,123
subject_595,50,Sagittal,STR,0.1538558484683225,0.08930912135406502,123
subject_595,50,Sagittal,UTL,-0.09172408097782409,0.3129691615871928,123
subject_595,50,Sagittal,UTR,-0.17969496591409936,0.046724985308139025,123
subject_595,50,Frontal,MTL,0.06572247158891763,0.47014909006392985,123
subject_595,50,Frontal,MTR,0.06450538878171544,0.4784277834500455,123
subject_595,50,Frontal,SCML,0.1831709624839278,0.04256910054334986,123
subject_595,50,Frontal,SCMR,-0.01460499368642614,0.8726196300120935,123
subject_595,50,Frontal,STL,-0.06815663720332198,0.45382870437741285,123
subject_595,50,Frontal,STR,-0.286623001096113,0.0013087300104648258,123
subject_595,50,Frontal,UTL,-0.10284349720858407,0.25765629237780613,123
subject_595,50,Frontal,UTR,0.14848410247866575,0.10120214864356719,123
subject_595,50,Horizontal,MTL,,,123
subject_595,50,Horizontal,MTR,,,123
subject_595,50,Horizontal,SCML,,,123
subject_595,50,Horizontal,SCMR,,,123
subject_595,50,Horizontal,STL,,,123
subject_595,50,Horizontal,STR,,,123
subject_595,50,Horizontal,UTL,,,123
subject_595,50,Horizontal,UTR,,,123
subject_595,60,Sagittal,MTL,-0.07617345970862592,0.4043292032710225,122
subject_595,60,Sagittal,MTR,-0.12627505895033903,0.1657622206198661,122
subject_595,60,Sagittal,SCML,0.00017017680767603658,0.99851568512416,122
subject_595,60,Sagittal,SCMR,0.044787441656556896,0.6242423451991875,122
subject_595,60,Sagittal,STL,0.05803802672696829,0.5254367526204377,122
subject_595,60,Sagittal,STR,0.24336443794089205,0.006910809078207139,122
subject_595,60,Sagittal,UTL,-0.09319887578566938,0.30723444523087634,122
subject_595,60,Sagittal,UTR,-0.13734815441344114,0.13140059674725338,122
subject_595,60,Frontal,MTL,-0.010473742498802213,0.9088426630292896,122
subject_595,60,Frontal,MTR,-0.05747216027208984,0.5294892798952207,122
subject_595,60,Frontal,SCML,0.0805544208108514,0.3777618835156605,122
subject_595,60,Frontal,SCMR,0.05540409646659387,0.5444322404775516,122
subject_595,60,Frontal,STL,-0.25056927914331917,0.005374451862321583,122
subject_595,60,Frontal,STR,-0.3251196437446661,0.0002583082213992429,122
subject_595,60,Frontal,UTL,-0.12755283858413904,0.16148653741536603,122
subject_595,60,Frontal,UTR,0.2623772563553446,0.0035053996207936667,122
subject_595,60,Horizontal,MTL,,,122
subject_595,60,Horizontal,MTR,,,122
subject_595,60,Horizontal,SCML,,,122
subject_595,60,Horizontal,SCMR,,,122
subject_595,60,Horizontal,STL,,,122
subject_595,60,Horizontal,STR,,,122
subject_595,60,Horizontal,UTL,,,122
subject_595,60,Horizontal,UTR,,,122
subject_595,70,Sagittal,MTL,0.023991006237378903,0.7930908248040955,122
subject_595,70,Sagittal,MTR,0.027674052412318812,0.7622090925579434,122
subject_595,70,Sagittal,SCML,0.194549043623937,0.03176904814934547,122
subject_595,70,Sagittal,SCMR,0.18033650601580123,0.04684441210652006,122
subject_595,70,Sagittal,STL,0.10397493485834476,0.2544070713419301,122
subject_595,70,Sagittal,STR,0.16188713774092203,0.07483657088126645,122
subject_595,70,Sagittal,UTL,0.06054078269641181,0.5077027951646165,122
subject_595,70,Sagittal,UTR,0.1843457540146802,0.042086931783520236,122
subject_595,70,Frontal,MTL,-0.10484262630699219,0.2504430801834371,122
subject_595,70,Frontal,MTR,-0.2742523751172247,0.0022366327917705073,122
subject_595,70,Frontal,SCML,-0.06004888142513547,0.5111636301759416,122
subject_595,70,Frontal,SCMR,0.003643742804923269,0.9682268523158244,122
subject_595,70,Frontal,STL,-0.11674551946974154,0.20033223545984002,122
subject_595,70,Frontal,STR,-0.2964063313711581,0.0009163189964934483,122
subject_595,70,Frontal,UTL,-0.09230815105805613,0.3119007416175993,122
subject_595,70,Frontal,UTR,0.059757382000741606,0.5132202385863033,122
subject_595,70,Horizontal,MTL,,,122
subject_595,70,Horizontal,MTR,,,122
subject_595,70,Horizontal,SCML,,,122
subject_595,70,Horizontal,SCMR,,,122
subject_595,70,Horizontal,STL,,,122
subject_595,70,Horizontal,STR,,,122
subject_595,70,Horizontal,UTL,,,122
subject_595,70,Horizontal,UTR,,,122
subject_595,80,Sagittal,MTL,-0.07892110783901773,0.38754005079016574,122
subject_595,80,Sagittal,MTR,0.2201264579890166,0.014838023712432426,122
subject_595,80,Sagittal,SCML,0.6167531609758495,3.917882584913949e-14,122
subject_595,80,Sagittal,SCMR,0.3786828918375409,1.7008486125067037e-05,122
subject_595,80,Sagittal,STL,0.5872382791572459,1.1657375197082871e-12,122
subject_595,80,Sagittal,STR,0.5046724497265582,3.0806152588850665e-09,122
subject_595,80,Sagittal,UTL,0.242477068880964,0.007124725182154049,122
subject_595,80,Sagittal,UTR,0.5142923058063901,1.367472409516564e-09,122
subject_595,80,Frontal,MTL,-0.016760092568419493,0.8546188114894545,122
subject_595,80,Frontal,MTR,0.12011399674033972,0.18756349638740946,122
subject_595,80,Frontal,SCML,0.3370640838759921,0.00014682303385626718,122
subject_595,80,Frontal,SCMR,0.1824987857450123,0.04422591381837551,122
subject_595,80,Frontal,STL,0.3831543384391457,1.3249760771168072e-05,122
subject_595,80,Frontal,STR,0.2653681323333087,0.003136165978671878,122
subject_595,80,Frontal,UTL,0.09031827661870506,0.32249097035477614,122
subject_595,80,Frontal,UTR,0.3840854546929468,1.2572539971311026e-05,122
subject_595,80,Horizontal,MTL,0.1284923845586996,0.1583954988608303,122
subject_595,80,Horizontal,MTR,-0.1840972761221135,0.042369563277707904,122
subject_595,80,Horizontal,SCML,-0.24721634222112385,0.006046839468593919,122
subject_595,80,Horizontal,SCMR,-0.22767948842857302,0.011664650577510833,122
subject_595,80,Horizontal,STL,-0.16606325723668197,0.06754042331231229,122
subject_595,80,Horizontal,STR,-0.11947537511598384,0.18993755293204653,122
subject_595,80,Horizontal,UTL,-0.202131295007545,0.02556682806321382,122
subject_595,80,Horizontal,UTR,-0.20513696482178362,0.02341172076506485,122
subject_595,90,Sagittal,MTL,0.48858160503458076,1.1343436725209738e-08,122
subject_595,90,Sagittal,MTR,0.500080150140812,4.4998641455746105e-09,122
subject_595,90,Sagittal,SCML,0.8292247352116757,4.194610739859386e-32,122
subject_595,90,Sagittal,SCMR,0.8446305529268204,2.3434744408958234e-34,122
subject_595,90,Sagittal,STL,0.4823637980603963,1.8441224616016055e-08,122
subject_595,90,Sagittal,STR,0.5822377454482346,2.0031471998010744e-12,122
subject_595,90,Sagittal,UTL,0.6210973475768835,2.306706147487849e-14,122
subject_595,90,Sagittal,UTR,0.49023923583836226,9.94873409565937e-09,122
subject_595,90,Frontal,MTL,0.19771452542503723,0.029039968923459253,122
subject_595,90,Frontal,MTR,0.1431289588124341,0.11577781699154392,122
subject_595,90,Frontal,SCML,0.39966530653710397,5.102013846729336e-06,122
subject_595,90,Frontal,SCMR,0.34810160231458176,8.532213960570979e-05,122
subject_595,90,Frontal,STL,0.10752181767772281,0.23847295293843554,122
subject_595,90,Frontal,STR,0.20161752899802032,0.025951670262443296,122
subject_595,90,Frontal,UTL,0.16920170048087121,0.062446558782273204,122
subject_595,90,Frontal,UTR,0.2633708402330773,0.0033786197345240018,122
subject_595,90,Horizontal,MTL,-0.54585320363149,7.91072488135276e-11,122
subject_595,90,Horizontal,MTR,-0.5852954996358299,1.4401972316512865e-12,122
subject_595,90,Horizontal,SCML,-0.6876576487899503,2.163231800220079e-18,122
subject_595,90,Horizontal,SCMR,-0.7933066559444321,1.2554352564663744e-27,122
subject_595,90,Horizontal,STL,-0.46509040705117494,6.769031267436875e-08,122
subject_595,90,Horizontal,STR,-0.45898624219336037,1.0538028864123484e-07,122
subject_595,90,Horizontal,UTL,-0.6158163239249025,4.387334522501612e-14,122
subject_595,90,Horizontal,UTR,-0.4552298330500899,1.3778676189177272e-07,122
subject_596,10,Sagittal,MTL,0.07162362564519414,0.40556666730016666,137
subject_596,10,Sagittal,MTR,-0.009356976287742522,0.9135836330046894,137
subject_596,10,Sagittal,SCML,0.27250489352964574,0.0012749587473829494,137
subject_596,10,Sagittal,SCMR,-0.22291911587764865,0.008836207827988501,137
subject_596,10,Sagittal,STL,0.166722727428457,0.05150952828101794,137
subject_596,10,Sagittal,STR,0.6697835166880785,3.58672033263511e-19,137
subject_596,10,Sagittal,UTL,-0.28218161814616144,0.0008355324136792478,137
subject_596,10,Sagittal,UTR,-0.2926143368733425,0.0005207527056440731,137
subject_596,10,Frontal,MTL,-0.06248858134639233,0.46819574081827886,137
subject_596,10,Frontal,MTR,-0.03837018152848652,0.6562038277305695,137
subject_596,10,Frontal,SCML,0.044947926933369915,0.601987001766631,137
subject_596,10,Frontal,SCMR,-0.05042938143743942,0.5583964426719313,137
subject_596,10,Frontal,STL,-0.004385163603255602,0.9594394893460951,137
subject_596,10,Frontal,STR,0.04385163603255602,0.6108838607700845,137
subject_596,10,Frontal,UTL,-0.220354471063594,0.009669310891573416,137
subject_596,10,Frontal,UTR,-0.13155490809766807,0.12543117847273014,137
subject_596,10,Horizontal,MTL,0.05203833746643428,0.5458957455568397,137
subject_596,10,Horizontal,MTR,-0.14527369209379568,0.09030276227514179,137
subject_596,10,Horizontal,SCML,-0.1322641077271871,0.12338885805020852,137
subject_596,10,Horizontal,SCMR,-0.07372097807744855,0.3919195563961276,137
subject_596,10,Horizontal,STL,-0.0932353546273614,0.27851772146659937,137
subject_596,10,Horizontal,STR,-0.08239403432185428,0.33847148403366345,137
subject_596,10,Horizontal,UTL,-0.14310542803269427,0.09526480225004401,137
subject_596,10,Horizontal,UTR,0.021682640611014284,0.8014329741372179,137
subject_596,20,Sagittal,MTL,-0.22065053031242837,0.009841443773952832,136
subject_596,20,Sagittal,MTR,0.12025853976378631,0.16314700041899094,136
subject_596,20,Sagittal,SCML,0.5300591430536471,3.2193902751805936e-11,136
subject_596,20,Sagittal,SCMR,-0.10562978935718668,0.22098943068488647,136
subject_596,20,Sagittal,STL,0.37345607111107504,7.530160641783404e-06,136
subject_596,20,Sagittal,STR,0.5194539975513806,9.185127351843176e-11,136
subject_596,20,Sagittal,UTL,0.17190750347578315,0.04537216132583603,136
subject_596,20,Sagittal,UTR,0.02806870845510083,0.7456525434474872,136
subject_596,20,Frontal,MTL,0.06567260391734363,0.44748238374872096,136
subject_596,20,Frontal,MTR,0.059296622954494733,0.4928818714995754,136
subject_596,20,Frontal,SCML,0.08990133157616943,0.2979438662420568,136
subject_596,20,Frontal,SCMR,-0.13198280593097214,0.1256033107493246,136
subject_596,20,Frontal,STL,0.08352535061332055,0.33366186800442793,136
subject_596,20,Frontal,STR,-0.08097495822818097,0.34868352637341915,136
subject_596,20,Frontal,UTL,-0.07077338868762274,0.4129224539266525,136
subject_596,20,Frontal,UTR,0.06949819249505297,0.42141257005148536,136
subject_596,20,Horizontal,MTL,,,136
subject_596,20,Horizontal,MTR,,,136
subject_596,20,Horizontal,SCML,,,136
subject_596,20,Horizontal,SCMR,,,136
subject_596,20,Horizontal,STL,,,136
subject_596,20,Horizontal,STR,,,136
subject_596,20,Horizontal,UTL,,,136
subject_596,20,Horizontal,UTR,,,136
subject_596,30,Sagittal,MTL,0.13336573355673012,0.1202674811916449,137
subject_596,30,Sagittal,MTR,0.07451775150205321,0.3868081664644997,137
subject_596,30,Sagittal,SCML,0.5138787843548285,1.343030220681867e-10,137
subject_596,30,Sagittal,SCMR,0.17430260818617405,0.041641240051554715,137
subject_596,30,Sagittal,STL,0.3895249441538739,2.542593409659149e-06,137
subject_596,30,Sagittal,STR,0.30375641086789085,0.00030803468802160697,137
subject_596,30,Sagittal,UTL,0.2216181102411249,0.00925055060326961,137
subject_596,30,Sagittal,UTR,0.07216128468817545,0.4020417224271175,137
subject_596,30,Frontal,MTL,0.004616586723465407,0.9573009154815827,137
subject_596,30,Frontal,MTR,0.05232131619927461,0.5437114320167503,137
subject_596,30,Frontal,SCML,0.14773077515089303,0.08493070777075186,137
subject_596,30,Frontal,SCMR,-0.01692748465270649,0.8443520450291524,137
subject_596,30,Frontal,STL,0.1077203568808595,0.21023077314143365,137
subject_596,30,Frontal,STR,-0.007694311205775678,0.9288945633993639,137
subject_596,30,Frontal,UTL,-0.009233173446930814,0.9147226702711739,137
subject_596,30,Frontal,UTR,0.02923838258194758,0.7344866893583653,137
subject_596,30,Horizontal,MTL,,,137
subject_596,30,Horizontal,MTR,,,137
subject_596,30,Horizontal,SCML,,,137
subject_596,30,Horizontal,SCMR,,,137
subject_596,30,Horizontal,STL,,,137
subject_596,30,Horizontal,STR,,,137
subject_596,30,Horizontal,UTL,,,137
subject_596,30,Horizontal,UTR,,,137
subject_596,40,Sagittal,MTL,0.14670782932813697,0.0871353261143036,137
subject_596,40,Sagittal,MTR,0.04343417912648635,0.6142867878296759,137
subject_596,40,Sagittal,SCML,0.6080155316021,3.288854279657163e-15,137
subject_596,40,Sagittal,SCMR,0.4522803107055705,2.8846274335740696e-08,137
subject_596,40,Sagittal,STL,0.3586444364767221,1.6818456265191004e-05,137
subject_596,40,Sagittal,STR,0.37555595993540647,6.121309783808953e-06,137
subject_596,40,Sagittal,UTL,0.35276100902310653,2.3592085599860283e-05,137
subject_596,40,Sagittal,UTR,0.4480560630814019,4.0154580006355304e-08,137
subject_596,40,Frontal,MTL,0.10464263239854922,0.22363000570055724,137
subject_596,40,Frontal,MTR,-0.05232131619927461,0.5437114320167503,137
subject_596,40,Frontal,SCML,0.17543029549168548,0.04031812074444488,137
subject_596,40,Frontal,SCMR,0.1523473618743584,0.075530268965412,137
subject_596,40,Frontal,STL,0.047704729475809206,0.5798740282433731,137
subject_596,40,Frontal,STR,0.11387580584548003,0.1851764913882216,137
subject_596,40,Frontal,UTL,0.15542508635666868,0.0697435158272167,137
subject_596,40,Frontal,UTR,0.14157532618627247,0.09889458484355258,137
subject_596,40,Horizontal,MTL,,,137
subject_596,40,Horizontal,MTR,,,137
subject_596,40,Horizontal,SCML,,,137
subject_596,40,Horizontal,SCMR,,,137
subject_596,40,Horizontal,STL,,,137
subject_596,40,Horizontal,STR,,,137
subject_596,40,Horizontal,UTL,,,137
subject_596,40,Horizontal,UTR,,,137
subject_596,50,Sagittal,MTL,-0.2727849789824351,0.0013136117801484904,136
subject_596,50,Sagittal,MTR,0.06459508606445366,0.4549855488759103,136
subject_596,50,Sagittal,SCML,0.475551425205959,4.898858158230781e-09,136
subject_596,50,Sagittal,SCMR,0.39800060325931996,1.599712635775762e-06,136
subject_596,50,Sagittal,STL,-0.1431531904255253,0.09639174040368004,136
subject_596,50,Sagittal,STR,-0.157711646602596,0.06669333109383195,136
subject_596,50,Sagittal,UTL,-0.2737823374321935,0.0012588214513119815,136
subject_596,50,Sagittal,UTR,-0.10608222038500191,0.21900683667636708,136
subject_596,50,Frontal,MTL,0.04030826657095725,0.6412715668169022,136
subject_596,50,Frontal,MTR,-0.07195213939301716,0.4051643171919685,136
subject_596,50,Frontal,SCML,0.3657881013121448,1.1913998830128263e-05,136
subject_596,50,Frontal,SCMR,0.3499661649011148,2.9608569835541504e-05,136
subject_596,50,Frontal,STL,0.03428086222389822,0.6919526751322785,136
subject_596,50,Frontal,STR,0.05688362852536958,0.5106787348397884,136
subject_596,50,Frontal,UTL,0.016198649182721136,0.8515228767268676,136
subject_596,50,Frontal,UTR,0.03428086222389822,0.6919526751322785,136
subject_596,50,Horizontal,MTL,,,136
subject_596,50,Horizontal,MTR,,,136
subject_596,50,Horizontal,SCML,,,136
subject_596,50,Horizontal,SCMR,,,136
subject_596,50,Horizontal,STL,,,136
subject_596,50,Horizontal,STR,,,136
subject_596,50,Horizontal,UTL,,,136
subject_596,50,Horizontal,UTR,,,136
subject_596,60,Sagittal,MTL,0.04578791009755244,0.595209535231195,137
subject_596,60,Sagittal,MTR,-0.00213073647515883,0.980285365045906,137
subject_596,60,Sagittal,SCML,0.5699490829866246,3.619438469979183e-13,137
subject_596,60,Sagittal,SCMR,0.4330631395819418,1.2534857797672393e-07,137
subject_596,60,Sagittal,STL,-0.16610816165402986,0.052388081095419606,137
subject_596,60,Sagittal,STR,0.035061835769034884,0.6841893042460468,137
subject_596,60,Sagittal,UTL,-0.13426535471609566,0.11776410670610908,137
subject_596,60,Sagittal,UTR,-0.13627061180653394,0.11232969843054079,137
subject_596,60,Frontal,MTL,0.07982452588369232,0.35380090588404056,137
subject_596,60,Frontal,MTR,0.11151059722683736,0.19453175863945996,137
subject_596,60,Frontal,SCML,0.33635983425800126,5.853201511383262e-05,137
subject_596,60,Frontal,SCMR,0.3351411392063418,6.24950120611169e-05,137
subject_596,60,Frontal,STL,-0.10237038433939168,0.2339025816318563,137
subject_596,60,Frontal,STR,0.05849736247965239,0.4971364281349228,137
subject_596,60,Frontal,UTL,-0.1919444706363594,0.02463981411370519,137
subject_596,60,Frontal,UTR,-0.21388098156622906,0.012087290162460714,137
subject_596,60,Horizontal,MTL,,,137
subject_596,60,Horizontal,MTR,,,137
subject_596,60,Horizontal,SCML,,,137
subject_596,60,Horizontal,SCMR,,,137
subject_596,60,Horizontal,STL,,,137
subject_596,60,Horizontal,STR,,,137
subject_596,60,Horizontal,UTL,,,137
subject_596,60,Horizontal,UTR,,,137
subject_596,70,Sagittal,MTL,0.12888837302432588,0.13334387177269902,137
subject_596,70,Sagittal,MTR,-0.054756888795513874,0.5250909185103827,137
subject_596,70,Sagittal,SCML,0.5996279575296124,9.776756868258863e-15,137
subject_596,70,Sagittal,SCMR,0.4026059091735612,1.0758961884916858e-06,137
subject_596,70,Sagittal,STL,-0.2532652467666997,0.002825840386441973,137
subject_596,70,Sagittal,STR,0.2993958048377185,0.00037925507420552345,137
subject_596,70,Sagittal,UTL,0.2073258539194925,0.015060276438410116,137
subject_596,70,Sagittal,UTR,-0.11378870990851297,0.18551504429865148,137
subject_596,70,Frontal,MTL,0.055432006492703176,0.5199872301366737,137
subject_596,70,Frontal,MTR,-0.04300759124433867,0.6177726499693389,137
subject_596,70,Frontal,SCML,0.2303295442196805,0.006774237644386958,137
subject_596,70,Frontal,SCMR,0.20261354097332887,0.017573485740132486,137
subject_596,70,Frontal,STL,-0.18971126360002727,0.026393531905140884,137
subject_596,70,Frontal,STR,0.16390670885342404,0.05563742638352056,137
subject_596,70,Frontal,UTL,0.06451138686650802,0.4538882623890371,137
subject_596,70,Frontal,UTR,-0.1863662287254676,0.029219338964745847,137
subject_596,70,Horizontal,MTL,,,137
subject_596,70,Horizontal,MTR,,,137
subject_596,70,Horizontal,SCML,,,137
subject_596,70,Horizontal,SCMR,,,137
subject_596,70,Horizontal,STL,,,137
subject_596,70,Horizontal,STR,,,137
subject_596,70,Horizontal,UTL,,,137
subject_596,70,Horizontal,UTR,,,137
subject_596,80,Sagittal,MTL,-0.06631355733146288,0.44305238206564085,136
subject_596,80,Sagittal,MTR,-0.08234295320147803,0.34057404745257003,136
subject_596,80,Sagittal,SCML,0.2781146286766054,0.001044214772619421,136
subject_596,80,Sagittal,SCMR,0.13121975020567345,0.12782392040210921,136
subject_596,80,Sagittal,STL,-0.09090603797672529,0.2925549957905973,136
subject_596,80,Sagittal,STR,0.1681582142276596,0.05035895701863549,136
subject_596,80,Sagittal,UTL,0.16533620584182435,0.05440497520658329,136
subject_596,80,Sagittal,UTR,-0.016373957512997604,0.8499347655723408,136
subject_596,80,Frontal,MTL,-0.050240618927209754,0.561334651602747,136
subject_596,80,Frontal,MTR,-0.16087652330414803,0.061342918632267755,136
subject_596,80,Frontal,SCML,0.0793683197585484,0.35836119540950595,136
subject_596,80,Frontal,SCMR,0.08575185493764215,0.3208907196408381,136
subject_596,80,Frontal,STL,-0.08214625609532517,0.3417326566587529,136
subject_596,80,Frontal,STR,-0.012770080040025817,0.8826940883333497,136
subject_596,80,Frontal,UTL,-0.06261041128273795,0.4689872070393643,136
subject_596,80,Frontal,UTR,-0.027962953959905695,0.7465782527837255,136
subject_596,80,Horizontal,MTL,-0.14797908710009702,0.0855656365737362,136
subject_596,80,Horizontal,MTR,0.12167169383785754,0.15822254794317966,136
subject_596,80,Horizontal,SCML,0.049326362366699,0.5684898458304991,136
subject_596,80,Horizontal,SCMR,-0.005480706929633223,0.9495069190073777,136
subject_596,80,Horizontal,STL,0.1282485421534174,0.13675908807007195,136
subject_596,80,Horizontal,STR,0.14797908710009702,0.0855656365737362,136
subject_596,80,Horizontal,UTL,-0.04494179682299242,0.603389886992128,136
subject_596,80,Horizontal,UTR,-0.007672989701486512,0.9293544848619026,136
subject_596,90,Sagittal,MTL,-0.13827631038805302,0.11245327883270324,133
subject_596,90,Sagittal,MTR,-0.057464242015159185,0.5111824617970667,133
subject_596,90,Sagittal,SCML,0.13429443068049013,0.12328528832736173,133
subject_596,90,Sagittal,SCMR,0.2748321190654644,0.0013672254181558868,133
subject_596,90,Sagittal,STL,-0.005679201005935458,0.9482711204314269,133
subject_596,90,Sagittal,STR,0.17500696142916214,0.04392514567729305,133
subject_596,90,Sagittal,UTL,0.4398148399889119,1.1784556975640513e-07,133
subject_596,90,Sagittal,UTR,0.3849493797492578,4.759419775420898e-06,133
subject_596,90,Frontal,MTL,0.08406060838856694,0.3305624385104418,136
subject_596,90,Frontal,MTR,-0.23326856082129926,0.006274957756344276,136
subject_596,90,Frontal,SCML,0.07944405521026912,0.357901281595565,136
subject_596,90,Frontal,SCMR,0.09523093848040699,0.2701002764699734,136
subject_596,90,Frontal,STL,-0.048907448454401106,0.5717827074288566,136
subject_596,90,Frontal,STR,-0.11440945345932663,0.18474825471436004,136
subject_596,90,Frontal,UTL,0.07136136171798783,0.4090417922045331,136
subject_596,90,Frontal,UTR,0.19003568773906024,0.026694524570406556,136
subject_596,90,Horizontal,MTL,0.09242391377638029,0.2845371467132151,136
subject_596,90,Horizontal,MTR,-0.09439627595749882,0.27434016903086683,136
subject_596,90,Horizontal,SCML,-0.19973834699451073,0.019733708457696664,136
subject_596,90,Horizontal,SCMR,-0.1553846486901843,0.07086483984831325,136
subject_596,90,Horizontal,STL,0.044386299332113494,0.6078786495015776,136
subject_596,90,Horizontal,STR,0.05941537314195875,0.49201460403904645,136
subject_596,90,Horizontal,UTL,-0.11056638573989198,0.20003715059943228,136
subject_596,90,Horizontal,UTR,-0.09760747719452648,0.2582723288797248,136
subject_597,10,Sagittal,MTL,0.009512652363162254,0.9185692348127522,118
subject_597,10,Sagittal,MTR,0.2828547173704395,0.0019123622737174416,118
subject_597,10,Sagittal,SCML,0.010192762555481799,0.9127694988919082,118
subject_597,10,Sagittal,SCMR,0.2577439822304846,0.0048356328613668835,118
subject_597,10,Sagittal,STL,-0.19278234595232888,0.03648135003007382,118
subject_597,10,Sagittal,STR,0.2707283081897355,0.0030254844675843434,118
subject_597,10,Sagittal,UTL,0.26141568823607897,0.004244837801082283,118
subject_597,10,Sagittal,UTR,0.17223679491376068,0.062179048983882865,118
subject_597,10,Frontal,MTL,0.05568610795539022,0.5492184758434686,118
subject_597,10,Frontal,MTR,0.26100239193628283,0.004307946647964482,118
subject_597,10,Frontal,SCML,-0.1507335640141797,0.10325407230460446,118
subject_597,10,Frontal,SCMR,-0.056843319748393205,0.5409361335117685,118
subject_597,10,Frontal,STL,-0.14293449476738282,0.12256964008946052,118
subject_597,10,Frontal,STR,0.22613533149408124,0.01380517396848,118
subject_597,10,Frontal,UTL,0.25190078662480353,0.005928056529894941,118
subject_597,10,Frontal,UTR,0.2139657693360359,0.019990152527847773,118
subject_597,10,Horizontal,MTL,0.05452978168986329,0.5575556681795032,118
subject_597,10,Horizontal,MTR,-0.19520081271588746,0.034151952380731106,118
subject_597,10,Horizontal,SCML,0.019757167278935978,0.8318309934514955,118
subject_597,10,Horizontal,SCMR,0.0766578090422716,0.4093332670505063,118
subject_597,10,Horizontal,STL,0.14304189109949647,0.12228594626243086,118
subject_597,10,Horizontal,STR,-0.0023708600734723174,0.9796720945962824,118
subject_597,10,Horizontal,UTL,-0.12407501051171795,0.1806908748919937,118
subject_597,10,Horizontal,UTR,-0.13830017095255184,0.13530144925204296,118
subject_597,20,Sagittal,MTL,0.03913440508263994,0.6739417884402819,118
subject_597,20,Sagittal,MTR,0.4907869431410382,1.6797172420403135e-08,118
subject_597,20,Sagittal,SCML,0.3082362374986251,0.0006844539450262732,118
subject_597,20,Sagittal,SCMR,0.28405040385534175,0.0018257677513021497,118
subject_597,20,Sagittal,STL,-0.3221518149042424,0.0003743401208568882,118
subject_597,20,Sagittal,STR,0.09763400498444638,0.29289041154235934,118
subject_597,20,Sagittal,UTL,0.42199872266318805,1.9403828745486317e-06,118
subject_597,20,Sagittal,UTR,0.39481491077976355,9.678144226621129e-06,118
subject_597,20,Frontal,MTL,0.0218942181016037,0.8139537622172712,118
subject_597,20,Frontal,MTR,0.32768534387937565,0.00029208131200776936,118
subject_597,20,Frontal,SCML,0.32075977875287914,0.0003981573607752912,118
subject_597,20,Frontal,SCMR,0.3187041520943114,0.00043589216024037957,118
subject_597,20,Frontal,STL,-0.035119945730294304,0.7057607352977884,118
subject_597,20,Frontal,STR,0.314541636266987,0.0005225861559152156,118
subject_597,20,Frontal,UTL,0.19998530474824716,0.02991192812920589,118
subject_597,20,Frontal,UTR,0.3222566440503899,0.0003726008507109121,118
subject_597,20,Horizontal,MTL,-0.05774190136405677,0.534547621250579,118
subject_597,20,Horizontal,MTR,-0.23234241263156177,0.011349025529542991,118
subject_597,20,Horizontal,SCML,-0.22409356957955368,0.014708603082884672,118
subject_597,20,Horizontal,SCMR,-0.3038323857489654,0.0008235163342035377,118
subject_597,20,Horizontal,STL,0.16772647539083158,0.06945258705345067,118
subject_597,20,Horizontal,STR,-0.08523804487075047,0.35875648445820296,118
subject_597,20,Horizontal,UTL,-0.18009973996884374,0.05099205987221746,118
subject_597,20,Horizontal,UTR,-0.2282179911055577,0.012933856402681741,118
subject_597,30,Sagittal,MTL,0.09380243154630122,0.31443732453160267,117
subject_597,30,Sagittal,MTR,0.060156468533409724,0.5193878389216706,117
subject_597,30,Sagittal,SCML,0.28136856175746133,0.0021182943224112324,117
subject_597,30,Sagittal,SCMR,0.3068461904395178,0.0007655160505794451,117
subject_597,30,Sagittal,STL,0.0624632268059743,0.5034682311380673,117
subject_597,30,Sagittal,STR,0.0064038363984628465,0.9453676627611453,117
subject_597,30,Sagittal,UTL,0.003563425092693036,0.9695835406085851,117
subject_597,30,Sagittal,UTR,0.025994067101287363,0.7808611163614666,117
subject_597,30,Frontal,MTL,0.055332081667944545,0.5534915734350633,117
subject_597,30,Frontal,MTR,0.162263416023417,0.08048029905312837,117
subject_597,30,Frontal,SCML,0.2880331551105252,0.0016376146057607852,117
subject_597,30,Frontal,SCMR,0.2586657880459208,0.0048633401509524075,117
subject_597,30,Frontal,STL,0.028514411056794232,0.7602282487762392,117
subject_597,30,Frontal,STR,0.0010639021172686172,0.9909168331804296,117
subject_597,30,Frontal,UTL,0.1012541325400477,0.27736118803740123,117
subject_597,30,Frontal,UTR,0.2074379839424392,0.02482186630809367,117
subject_597,30,Horizontal,MTL,-0.11280709780036532,0.2259091499587039,117
subject_597,30,Horizontal,MTR,-0.14483874285479006,0.11921485322415931,117
subject_597,30,Horizontal,SCML,-0.26739460219345856,0.0035622841464052397,117
subject_597,30,Horizontal,SCMR,-0.30360428790715605,0.000875875082438621,117
subject_597,30,Horizontal,STL,0.16015822527212362,0.0845401917696002,117
subject_597,30,Horizontal,STR,0.06406329010884944,0.4925770102226162,117
subject_597,30,Horizontal,UTL,-0.06684865054836464,0.473919186991452,117
subject_597,30,Horizontal,UTR,-0.036209685713697516,0.6983197727317865,117
subject_597,40,Sagittal,MTL,0.22751179962251805,0.01362744622120156,117
subject_597,40,Sagittal,MTR,0.09452405532892856,0.31071240300478725,117
subject_597,40,Sagittal,SCML,0.3973324496240037,9.177876937669206e-06,117
subject_597,40,Sagittal,SCMR,0.3691970546188529,4.198281689693426e-05,117
subject_597,40,Sagittal,STL,-0.06340765867162707,0.49702459362394247,117
subject_597,40,Sagittal,STR,-0.3381244962211418,0.00019258789842501798,117
subject_597,40,Sagittal,UTL,0.33250443134164615,0.00024951560031182386,117
subject_597,40,Sagittal,UTR,0.38190138224816533,2.149779301967859e-05,117
subject_597,40,Frontal,MTL,0.19058989020014636,0.03955960168720696,117
subject_597,40,Frontal,MTR,0.10184083978589205,0.2745723498321252,117
subject_597,40,Frontal,SCML,0.32621798204914554,0.0003314228721868449,117
subject_597,40,Frontal,SCMR,0.16251843748226516,0.07999928319263601,117
subject_597,40,Frontal,STL,-0.004876217200740431,0.9583865742774572,117
subject_597,40,Frontal,STR,-0.4263179933207654,1.6465783423742524e-06,117
subject_597,40,Frontal,UTL,0.18226996318643165,0.04919561330562915,117
subject_597,40,Frontal,UTR,0.23623090372692113,0.010341584663548637,117
subject_597,40,Horizontal,MTL,-0.25456851904120303,0.0056090449415039465,117
subject_597,40,Horizontal,MTR,-0.25777063877757034,0.005018246074861516,117
subject_597,40,Horizontal,SCML,-0.20813778286387666,0.024328307674228125,117
subject_597,40,Horizontal,SCMR,-0.2673769979866723,0.003564558023014194,117
subject_597,40,Horizontal,STL,0.26577593811848865,0.003776891334273455,117
subject_597,40,Horizontal,STR,0.27218017759122337,0.0029903347698692286,117
subject_597,40,Horizontal,UTL,-0.16651022629110135,0.07276626717259878,117
subject_597,40,Horizontal,UTR,-0.22735050128208065,0.013695957950384962,117
subject_597,50,Sagittal,MTL,0.2770113498796824,0.002391516179260138,118
subject_597,50,Sagittal,MTR,-0.25886997099587067,0.0046470933862866205,118
subject_597,50,Sagittal,SCML,0.5600472025621094,4.2891932092091546e-11,118
subject_597,50,Sagittal,SCMR,0.40865611821480735,4.345851005764046e-06,118
subject_597,50,Sagittal,STL,0.23619723977202234,0.01002434475704291,118
subject_597,50,Sagittal,STR,0.21131272952052615,0.021618132702755293,118
subject_597,50,Sagittal,UTL,-0.3549386329855629,8.020732598237465e-05,118
subject_597,50,Sagittal,UTR,-0.4556065177908694,2.170739774054592e-07,118
subject_597,50,Frontal,MTL,0.2901241677844614,0.001438358054689645,118
subject_597,50,Frontal,MTR,-0.1612698698055191,0.08104939581071254,118
subject_597,50,Frontal,SCML,0.5734324255994648,1.1469900617078163e-11,118
subject_597,50,Frontal,SCMR,0.4905695201257029,1.7080300837066282e-08,118
subject_597,50,Frontal,STL,0.21587314855732084,0.018886018207924776,118
subject_597,50,Frontal,STR,0.3265956860365255,0.0003068217584120781,118
subject_597,50,Frontal,UTL,-0.2881081944132132,0.0015577490138430363,118
subject_597,50,Frontal,UTR,-0.38230295020591554,1.936312253179985e-05,118
subject_597,50,Horizontal,MTL,-0.1517173586102304,0.100997514767758,118
subject_597,50,Horizontal,MTR,0.12132702840405624,0.19061580655997495,118
subject_597,50,Horizontal,SCML,-0.434274017902516,8.958004091162937e-07,118
subject_597,50,Horizontal,SCMR,-0.5541900852844935,7.500574009774336e-11,118
subject_597,50,Horizontal,STL,-0.0657736922211064,0.4791650284101599,118
subject_597,50,Horizontal,STR,-0.3635593588550161,5.196820317189485e-05,118
subject_597,50,Horizontal,UTL,0.28704986727034426,0.0016239675412595587,118
subject_597,50,Horizontal,UTR,0.34619568723644645,0.00012300322245048815,118
subject_597,60,Sagittal,MTL,0.07333763579883643,0.4319789554592841,117
subject_597,60,Sagittal,MTR,0.11329645294533808,0.22388920445201543,117
subject_597,60,Sagittal,SCML,0.3985841810844512,8.54944819235671e-06,117
subject_597,60,Sagittal,SCMR,0.5912035970973808,2.2549642091874174e-12,117
subject_597,60,Sagittal,STL,-0.34728027263756084,0.00012496055844031932,117
subject_597,60,Sagittal,STR,0.0563972288775277,0.5458698230830509,117
subject_597,60,Sagittal,UTL,0.132090380569229,0.15570540679658526,117
subject_597,60,Sagittal,UTR,-0.16323338987407401,0.07866303935823535,117
subject_597,60,Frontal,MTL,0.18110531755129103,0.05068799047560927,117
subject_597,60,Frontal,MTR,0.07324296834191188,0.43257514886710713,117
subject_597,60,Frontal,SCML,0.47263938700214747,7.426369169601718e-08,117
subject_597,60,Frontal,SCMR,0.5642955216332872,3.4545882094246006e-11,117
subject_597,60,Frontal,STL,-0.13606185828708833,0.14353739838020924,117
subject_597,60,Frontal,STR,0.21614985549092772,0.01924983751679828,117
subject_597,60,Frontal,UTL,0.017601502787813545,0.850594607803631,117
subject_597,60,Frontal,UTR,-0.16012188350758444,0.08461168712329382,117
subject_597,60,Horizontal,MTL,-0.10949098876345745,0.2399357934711126,117
subject_597,60,Horizontal,MTR,-0.13140892432139964,0.15786872419975118,117
subject_597,60,Horizontal,SCML,-0.36003999709701157,6.686280783556451e-05,117
subject_597,60,Horizontal,SCMR,-0.6556719469691082,1.0377745037089186e-15,117
subject_597,60,Horizontal,STL,0.3201965456795653,0.0004325237278294486,117
subject_597,60,Horizontal,STR,-0.14145277567511078,0.1281900277154958,117
subject_597,60,Horizontal,UTL,-0.1370297129530209,0.14068414537457602,117
subject_597,60,Horizontal,UTR,0.11570391155259988,0.21413736750268045,117
subject_597,70,Sagittal,MTL,0.0549887607877223,0.5559591528137471,117
subject_597,70,Sagittal,MTR,0.08496370673131351,0.36239859873976094,117
subject_597,70,Sagittal,SCML,0.33404178442487653,0.0002325652311826707,117
subject_597,70,Sagittal,SCMR,0.5974173254035192,1.1578200356008137e-12,117
subject_597,70,Sagittal,STL,-0.4634513665072197,1.4248137064038625e-07,117
subject_597,70,Sagittal,STR,-0.3372451254844347,0.0002006173605980327,117
subject_597,70,Sagittal,UTL,0.13183039818992745,0.1565280994507375,117
subject_597,70,Sagittal,UTR,0.003823964297330565,0.9673608293929604,117
subject_597,70,Frontal,MTL,-0.002921289376032535,0.9750626869125443,117
subject_597,70,Frontal,MTR,-0.09776771384627383,0.2943254132752497,117
subject_597,70,Frontal,SCML,0.26166870609822446,0.0043743880165778865,117
subject_597,70,Frontal,SCMR,0.44756265995304584,4.206988215253125e-07,117
subject_597,70,Frontal,STL,-0.24954880872867638,0.006660262942325907,117
subject_597,70,Frontal,STR,-0.16557900687267585,0.07440450501019114,117
subject_597,70,Frontal,UTL,-0.028160579506650213,0.7631151320425102,117
subject_597,70,Frontal,UTR,-0.10937161156247541,0.24045179302757042,117
subject_597,70,Horizontal,MTL,-0.1619074711325352,0.08115554760631266,117
subject_597,70,Horizontal,MTR,-0.19469518482066508,0.03542094416055224,117
subject_597,70,Horizontal,SCML,-0.32671650984809075,0.00032411715429093264,117
subject_597,70,Horizontal,SCMR,-0.6339925168899451,1.6817213319166677e-14,117
subject_597,70,Horizontal,STL,0.4915255485636463,1.8296662609041875e-08,117
subject_597,70,Horizontal,STR,0.36574259383971436,5.012290630111275e-05,117
subject_597,70,Horizontal,UTL,-0.27942095824485913,0.0022811021688041943,117
subject_597,70,Horizontal,UTR,-0.1529126116251721,0.09977628981548221,117
subject_597,80,Sagittal,MTL,0.23481137592389068,0.010484047948570906,118
subject_597,80,Sagittal,MTR,0.37123835889245815,3.493537733355925e-05,118
subject_597,80,Sagittal,SCML,0.39391241413282657,1.0184239923849831e-05,118
subject_597,80,Sagittal,SCMR,0.5402883367866805,2.708386203746019e-10,118
subject_597,80,Sagittal,STL,-0.4334192319254987,9.462705345238145e-07,118
subject_597,80,Sagittal,STR,-0.18045143153670137,0.05053336960978962,118
subject_597,80,Sagittal,UTL,0.1336195702394776,0.14915972548620787,118
subject_597,80,Sagittal,UTR,-0.08578812944483101,0.3556520801555,118
subject_597,80,Frontal,MTL,0.04312783393455203,0.6428505875162872,118
subject_597,80,Frontal,MTR,0.18051980007814503,0.050444597935829415,118
subject_597,80,Frontal,SCML,0.2827962487023225,0.0019166906474884812,118
subject_597,80,Frontal,SCMR,0.3587206508861399,6.640342634414469e-05,118
subject_597,80,Frontal,STL,-0.386417071571155,1.5462906459539125e-05,118
subject_597,80,Frontal,STR,-0.07117094138752976,0.44376184394925344,118
subject_597,80,Frontal,UTL,-0.05308159625027928,0.5680821683535043,118
subject_597,80,Frontal,UTR,-0.21187569220276573,0.02126347102079035,118
subject_597,80,Horizontal,MTL,-0.25545440308979056,0.005240206352322878,118
subject_597,80,Horizontal,MTR,-0.36565894490273065,4.666738702038353e-05,118
subject_597,80,Horizontal,SCML,-0.3436730700192003,0.00013883360239605553,118
subject_597,80,Horizontal,SCMR,-0.5600151795427204,4.302447003866336e-11,118
subject_597,80,Horizontal,STL,0.4920653429502424,1.522125494889384e-08,118
subject_597,80,Horizontal,STR,0.3780855044739477,2.4308654086572186e-05,118
subject_597,80,Horizontal,UTL,-0.292998242502918,0.0012825126770300078,118
subject_597,80,Horizontal,UTR,-0.0319579412887762,0.7311889670364364,118
subject_597,90,Sagittal,MTL,0.5756916471100293,1.1208534016099007e-11,117
subject_597,90,Sagittal,MTR,0.49328249287311876,1.5991245591508124e-08,117
subject_597,90,Sagittal,SCML,0.6029263593293647,6.334649745810059e-13,117
subject_597,90,Sagittal,SCMR,0.769805188793464,3.6137427869238654e-24,117
subject_597,90,Sagittal,STL,-0.348742203823477,0.00011647671633839174,117
subject_597,90,Sagittal,STR,-0.399394406011726,8.164554936983712e-06,117
subject_597,90,Sagittal,UTL,0.45340810085519323,2.8427800428868393e-07,117
subject_597,90,Sagittal,UTR,0.16622055338213904,0.07327271946468475,117
subject_597,90,Frontal,MTL,0.7239456448156586,2.916938046505298e-20,117
subject_597,90,Frontal,MTR,0.2633454174766926,0.0041209464918730895,117
subject_597,90,Frontal,SCML,0.5771491531522331,9.675301201927778e-12,117
subject_597,90,Frontal,SCMR,0.7852978099269173,1.064867863028874e-25,117
subject_597,90,Frontal,STL,-0.2692494254187334,0.0033298751529109156,117
subject_597,90,Frontal,STR,-0.458714753834895,1.9789476250979572e-07,117
subject_597,90,Frontal,UTL,0.4690258180278656,9.617474846857986e-08,117
subject_597,90,Frontal,UTR,0.10182699633198466,0.27463793442709855,117
subject_597,90,Horizontal,MTL,-0.6492646782188376,2.4198449686197614e-15,117
subject_597,90,Horizontal,MTR,-0.38339539141054374,1.9833998368794928e-05,117
subject_597,90,Horizontal,SCML,-0.531936284295775,6.756341355707362e-10,117
subject_597,90,Horizontal,SCMR,-0.7656217109789353,8.931301630730281e-24,117
subject_597,90,Horizontal,STL,0.34090048955995694,0.00016915393469219258,117
subject_597,90,Horizontal,STR,0.48729235332358467,2.523207514814038e-08,117
subject_597,90,Horizontal,UTL,-0.4985274775713276,1.0648824222663682e-08,117
subject_597,90,Horizontal,UTR,-0.1295434754502566,0.16390554935761467,117
subject_598,10,Sagittal,MTL,-0.14351767048515837,0.09805671500462432,134
subject_598,10,Sagittal,MTR,-0.0002558247245724748,0.9976592964870773,134
subject_598,10,Sagittal,SCML,0.23868446802611903,0.005480461215655525,134
subject_598,10,Sagittal,SCMR,-0.167565194594971,0.05296073793133068,134
subject_598,10,Sagittal,STL,-0.5257198089964358,6.91208537423241e-11,134
subject_598,10,Sagittal,STR,-0.259150445991917,0.0024977948473961136,134
subject_598,10,Sagittal,UTL,-0.03811788396129875,0.6619144561125848,134
subject_598,10,Sagittal,UTR,-0.1624487001035215,0.06074612112749015,134
subject_598,10,Frontal,MTL,-0.05250611612542335,0.5468255307508614,134
subject_598,10,Frontal,MTR,-0.027048605276733237,0.756383321167313,134
subject_598,10,Frontal,SCML,-0.03659517184499203,0.6746376533263253,134
subject_598,10,Frontal,SCMR,-0.14638068737996812,0.09146737650021594,134
subject_598,10,Frontal,STL,-0.2100244645016934,0.014864554513072477,134
subject_598,10,Frontal,STR,-0.19888680350539148,0.02123516534549556,134
subject_598,10,Frontal,UTL,0.17183819822865823,0.04710793431092459,134
subject_598,10,Frontal,UTR,-0.05091502169738021,0.5590579172867779,134
subject_598,10,Horizontal,MTL,,,134
subject_598,10,Horizontal,MTR,,,134
subject_598,10,Horizontal,SCML,,,134
subject_598,10,Horizontal,SCMR,,,134
subject_598,10,Horizontal,STL,,,134
subject_598,10,Horizontal,STR,,,134
subject_598,10,Horizontal,UTL,,,134
subject_598,10,Horizontal,UTR,,,134
subject_598,20,Sagittal,MTL,,,134
subject_598,20,Sagittal,MTR,,,134
subject_598,20,Sagittal,SCML,,,134
subject_598,20,Sagittal,SCMR,,,134
subject_598,20,Sagittal,STL,,,134
subject_598,20,Sagittal,STR,,,134
subject_598,20,Sagittal,UTL,,,134
subject_598,20,Sagittal,UTR,,,134
subject_598,20,Frontal,MTL,,,134
subject_598,20,Frontal,MTR,,,134
subject_598,20,Frontal,SCML,,,134
subject_598,20,Frontal,SCMR,,,134
subject_598,20,Frontal,STL,,,134
subject_598,20,Frontal,STR,,,134
subject_598,20,Frontal,UTL,,,134
subject_598,20,Frontal,UTR,,,134
subject_598,20,Horizontal,MTL,,,134
subject_598,20,Horizontal,MTR,,,134
subject_598,20,Horizontal,SCML,,,134
subject_598,20,Horizontal,SCMR,,,134
subject_598,20,Horizontal,STL,,,134
subject_598,20,Horizontal,STR,,,134
subject_598,20,Horizontal,UTL,,,134
subject_598,20,Horizontal,UTR,,,134
subject_598,30,Sagittal,MTL,,,133
subject_598,30,Sagittal,MTR,,,133
subject_598,30,Sagittal,SCML,,,133
subject_598,30,Sagittal,SCMR,,,133
subject_598,30,Sagittal,STL,,,133
subject_598,30,Sagittal,STR,,,133
subject_598,30,Sagittal,UTL,,,133
subject_598,30,Sagittal,UTR,,,133
subject_598,30,Frontal,MTL,,,133
subject_598,30,Frontal,MTR,,,133
subject_598,30,Frontal,SCML,,,133
subject_598,30,Frontal,SCMR,,,133
subject_598,30,Frontal,STL,,,133
subject_598,30,Frontal,STR,,,133
subject_598,30,Frontal,UTL,,,133
subject_598,30,Frontal,UTR,,,133
subject_598,30,Horizontal,MTL,,,133
subject_598,30,Horizontal,MTR,,,133
subject_598,30,Horizontal,SCML,,,133
subject_598,30,Horizontal,SCMR,,,133
subject_598,30,Horizontal,STL,,,133
subject_598,30,Horizontal,STR,,,133
subject_598,30,Horizontal,UTL,,,133
subject_598,30,Horizontal,UTR,,,133
subject_598,40,Sagittal,MTL,,,133
subject_598,40,Sagittal,MTR,,,133
subject_598,40,Sagittal,SCML,,,133
subject_598,40,Sagittal,SCMR,,,133
subject_598,40,Sagittal,STL,,,133
subject_598,40,Sagittal,STR,,,133
subject_598,40,Sagittal,UTL,,,133
subject_598,40,Sagittal,UTR,,,133
subject_598,40,Frontal,MTL,,,133
subject_598,40,Frontal,MTR,,,133
subject_598,40,Frontal,SCML,,,133
subject_598,40,Frontal,SCMR,,,133
subject_598,40,Frontal,STL,,,133
subject_598,40,Frontal,STR,,,133
subject_598,40,Frontal,UTL,,,133
subject_598,40,Frontal,UTR,,,133
subject_598,40,Horizontal,MTL,,,133
subject_598,40,Horizontal,MTR,,,133
subject_598,40,Horizontal,SCML,,,133
subject_598,40,Horizontal,SCMR,,,133
subject_598,40,Horizontal,STL,,,133
subject_598,40,Horizontal,STR,,,133
subject_598,40,Horizontal,UTL,,,133
subject_598,40,Horizontal,UTR,,,133
subject_598,50,Sagittal,MTL,-0.14907119849998599,0.08560049959352438,134
subject_598,50,Sagittal,MTR,-0.14682952634209145,0.09046703065123982,134
subject_598,50,Sagittal,SCML,-0.12665447692104073,0.14476466908776695,134
subject_598,50,Sagittal,SCMR,-0.02577922981578705,0.7674824513696641,134
subject_598,50,Sagittal,STL,0.07509601728946663,0.38848193921355034,134
subject_598,50,Sagittal,STR,-0.05940431218420495,0.49535612037947796,134
subject_598,50,Sagittal,UTL,-0.14682952634209145,0.09046703065123982,134
subject_598,50,Sagittal,UTR,-0.14682952634209145,0.09046703065123982,134
subject_598,50,Frontal,MTL,,,134
subject_598,50,Frontal,MTR,,,134
subject_598,50,Frontal,SCML,,,134
subject_598,50,Frontal,SCMR,,,134
subject_598,50,Frontal,STL,,,134
subject_598,50,Frontal,STR,,,134
subject_598,50,Frontal,UTL,,,134
subject_598,50,Frontal,UTR,,,134
subject_598,50,Horizontal,MTL,,,134
subject_598,50,Horizontal,MTR,,,134
subject_598,50,Horizontal,SCML,,,134
subject_598,50,Horizontal,SCMR,,,134
subject_598,50,Horizontal,STL,,,134
subject_598,50,Horizontal,STR,,,134
subject_598,50,Horizontal,UTL,,,134
subject_598,50,Horizontal,UTR,,,134
subject_598,60,Sagittal,MTL,-0.21640031337448773,0.01235597541853032,133
subject_598,60,Sagittal,MTR,-0.20838548695321038,0.016083276114438813,133
subject_598,60,Sagittal,SCML,-0.32803539567085044,0.00011591959015427035,133
subject_598,60,Sagittal,SCMR,-0.2146828505699283,0.01308389842273199,133
subject_598,60,Sagittal,STL,-0.05381383454286203,0.538423148671262,133
subject_598,60,Sagittal,STR,-0.11278005749940233,0.1961862530507213,133
subject_598,60,Sagittal,UTL,-0.3497899245286032,3.6745560128901006e-05,133
subject_598,60,Sagittal,UTR,-0.3932989822441087,2.82603002324695e-06,133
subject_598,60,Frontal,MTL,,,133
subject_598,60,Frontal,MTR,,,133
subject_598,60,Frontal,SCML,,,133
subject_598,60,Frontal,SCMR,,,133
subject_598,60,Frontal,STL,,,133
subject_598,60,Frontal,STR,,,133
subject_598,60,Frontal,UTL,,,133
subject_598,60,Frontal,UTR,,,133
subject_598,60,Horizontal,MTL,,,133
subject_598,60,Horizontal,MTR,,,133
subject_598,60,Horizontal,SCML,,,133
subject_598,60,Horizontal,SCMR,,,133
subject_598,60,Horizontal,STL,,,133
subject_598,60,Horizontal,STR,,,133
subject_598,60,Horizontal,UTL,,,133
subject_598,60,Horizontal,UTR,,,133
subject_598,70,Sagittal,MTL,-0.15874144619992275,0.06800028051946812,133
subject_598,70,Sagittal,MTR,0.1303222614582486,0.13487613811321547,133
subject_598,70,Sagittal,SCML,-0.19852830483826656,0.02197615980303598,133
subject_598,70,Sagittal,SCMR,-0.19812231648481404,0.02225426846532024,133
subject_598,70,Sagittal,STL,-0.11083482049252917,0.20406291977918506,133
subject_598,70,Sagittal,STR,0.11773662250122147,0.1771162749816641,133
subject_598,70,Sagittal,UTL,-0.3373763217190174,7.152298619510897e-05,133
subject_598,70,Sagittal,UTR,-0.40558236509903534,1.2785926005224766e-06,133
subject_598,70,Frontal,MTL,0.21542920492150214,0.012763083819710138,133
subject_598,70,Frontal,MTR,-0.32784408094417694,0.00011705285482386546,133
subject_598,70,Frontal,SCML,0.4574932933605719,3.0923005976854865e-08,133
subject_598,70,Frontal,SCMR,0.2749660033725355,0.0013595453098583312,133
subject_598,70,Frontal,STL,-0.2001533158452502,0.020892719035950722,133
subject_598,70,Frontal,STR,-0.03721049903189583,0.6706697562149496,133
subject_598,70,Frontal,UTL,0.8562331671970976,2.141798692905889e-39,133
subject_598,70,Frontal,UTR,0.8507495147081867,2.0615259169948272e-38,133
subject_598,70,Horizontal,MTL,,,133
subject_598,70,Horizontal,MTR,,,133
subject_598,70,Horizontal,SCML,,,133
subject_598,70,Horizontal,SCMR,,,133
subject_598,70,Horizontal,STL,,,133
subject_598,70,Horizontal,STR,,,133
subject_598,70,Horizontal,UTL,,,133
subject_598,70,Horizontal,UTR,,,133
subject_598,80,Sagittal,MTL,-0.2329859027679791,0.006746048792249794,134
subject_598,80,Sagittal,MTR,-0.06059801246261966,0.4867166768760027,134
subject_598,80,Sagittal,SCML,0.2234177955370391,0.009461708439545548,134
subject_598,80,Sagittal,SCMR,-0.004575374193441009,0.9581559052415847,134
subject_598,80,Sagittal,STL,-0.09244186934059166,0.2880798542147583,134
subject_598,80,Sagittal,STR,0.3474854984788561,3.893834153497501e-05,134
subject_598,80,Sagittal,UTL,0.34193836339477274,5.260953897104254e-05,134
subject_598,80,Sagittal,UTR,0.19717402225321753,0.02239878214751434,134
subject_598,80,Frontal,MTL,-0.1423461820263024,0.10085870999710353,134
subject_598,80,Frontal,MTR,-0.11992946044735714,0.16750515519511563,134
subject_598,80,Frontal,SCML,0.13562116555261883,0.11818239830342626,134
subject_598,80,Frontal,SCMR,0.10423775534209546,0.23068238148542716,134
subject_598,80,Frontal,STL,0.1401045098684079,0.10639586518073468,134
subject_598,80,Frontal,STR,0.05267929571052136,0.545502069070103,134
subject_598,80,Frontal,UTL,0.13562116555261883,0.11818239830342626,134
subject_598,80,Frontal,UTR,0.0818210337631502,0.3472942562942014,134
subject_598,80,Horizontal,MTL,-0.041978780891216726,0.6300906129453097,134
subject_598,80,Horizontal,MTR,-0.029851577522643,0.7320529581013463,134
subject_598,80,Horizontal,SCML,-0.24254406737147438,0.004748226421292864,134
subject_598,80,Horizontal,SCMR,-0.14179499323255426,0.10219869162344603,134
subject_598,80,Horizontal,STL,-0.20616245726575322,0.016854006399030102,134
subject_598,80,Horizontal,STR,-0.29198574264335186,0.0006188282336394577,134
subject_598,80,Horizontal,UTL,-0.33116593814182077,9.287696915484405e-05,134
subject_598,80,Horizontal,UTR,-0.3358302471297338,7.280209720655511e-05,134
subject_598,90,Sagittal,MTL,0.6810700464554371,1.8771557248880764e-19,133
subject_598,90,Sagittal,MTR,0.5388795029131326,2.2135213296391063e-11,133
subject_598,90,Sagittal,SCML,0.7492830589229167,3.3050773664150095e-25,133
subject_598,90,Sagittal,SCMR,0.6006276860324987,2.1356724218681416e-14,133
subject_598,90,Sagittal,STL,0.6371427119511558,1.6555785887852887e-16,133
subject_598,90,Sagittal,STR,0.7507248751539106,2.386408589241364e-25,133
subject_598,90,Sagittal,UTL,0.7609137098529344,2.2385761231432936e-26,133
subject_598,90,Sagittal,UTR,0.7872399010725679,2.748976528775987e-29,133
subject_598,90,Frontal,MTL,0.5330916755317688,3.95533933175926e-11,133
subject_598,90,Frontal,MTR,0.3784761183935512,7.060605809154489e-06,133
subject_598,90,Frontal,SCML,0.5335659563818861,3.773157934660469e-11,133
subject_598,90,Frontal,SCMR,0.5288231478807138,6.026561965676174e-11,133
subject_598,90,Frontal,STL,0.4628981097144185,2.0228859580331564e-08,133
subject_598,90,Frontal,STR,0.5036862628245005,6.412384945651092e-10,133
subject_598,90,Frontal,UTL,0.5022634202741487,7.289304707477639e-10,133
subject_598,90,Frontal,UTR,0.5383087648830585,2.345074584616459e-11,133
subject_598,90,Horizontal,MTL,-0.5385916211375196,2.2789586720885396e-11,133
subject_598,90,Horizontal,MTR,-0.4222044600869378,4.151742537048654e-07,133
subject_598,90,Horizontal,SCML,-0.635313365320934,2.1448778167111763e-16,133
subject_598,90,Horizontal,SCMR,-0.3937096723814506,2.7534786930468224e-06,133
subject_598,90,Horizontal,STL,-0.429428490772836,2.498147147161156e-07,133
subject_598,90,Horizontal,STR,-0.5943771914341777,4.616960745611481e-14,133
subject_598,90,Horizontal,UTL,-0.6317013499779849,3.558348632589331e-16,133
subject_598,90,Horizontal,UTR,-0.6742428640171629,5.8141579440288365e-19,133
subject_600,10,Sagittal,MTL,-0.3645751401056109,0.0011149959336678626,77
subject_600,10,Sagittal,MTR,-0.3997847196512628,0.0003155744218987409,77
subject_600,10,Sagittal,SCML,-0.5078276172233106,2.4258441122081203e-06,77
subject_600,10,Sagittal,SCMR,-0.3461161094788292,0.002046626995226075,77
subject_600,10,Sagittal,STL,-0.12787614174649736,0.267726914736436,77
subject_600,10,Sagittal,UTL,-0.4605472430021979,2.5023649211074606e-05,77
subject_600,10,Sagittal,UTR,-0.4801947826431787,9.89391753135045e-06,77
subject_600,10,Frontal,MTL,0.24540000369123932,0.03146314279938586,77
subject_600,10,Frontal,MTR,0.42634650580594513,0.00011053187085157919,77
subject_600,10,Frontal,SCML,0.4348873396049927,7.74047598477859e-05,77
subject_600,10,Frontal,SCMR,0.3370153429891626,0.002725326835810089,77
subject_600,10,Frontal,STL,-0.011569850437081902,0.9204493097449794,77
subject_600,10,Frontal,UTL,0.42632167780071534,0.00011064487542775717,77
subject_600,10,Frontal,UTR,0.4284320582452475,0.00010141138005932785,77
subject_600,10,Horizontal,MTL,0.294494272206615,0.009326781589635505,77
subject_600,10,Horizontal,MTR,0.07362356805165375,0.5245537189151895,77
subject_600,10,Horizontal,SCML,0.26204998798046253,0.021320581437337807,77
subject_600,10,Horizontal,SCMR,0.16346927821638377,0.15544753326082575,77
subject_600,10,Horizontal,STL,0.15473427861703504,0.17904937691992878,77
subject_600,10,Horizontal,UTL,0.1884264199288088,0.10077093859593518,77
subject_600,10,Horizontal,UTR,0.24707570295300754,0.03028629477655523,77
subject_600,20,Sagittal,MTL,-0.08791919270904253,0.4470495071387403,77
subject_600,20,Sagittal,MTR,-0.10600987570265519,0.35882474159708294,77
subject_600,20,Sagittal,SCML,-0.269848871388268,0.01762543678542195,77
subject_600,20,Sagittal,SCMR,-0.009220905087039707,0.9365622825138432,77
subject_600,20,Sagittal,STL,-0.3078011396769778,0.0064649201969824155,77
subject_600,20,Sagittal,UTL,-0.1783420748788044,0.12070584607794252,77
subject_600,20,Sagittal,UTR,-0.2483079821865908,0.029444699303627933,77
subject_600,20,Frontal,MTL,-0.17031138051473874,0.13863998696666108,77
subject_600,20,Frontal,MTR,0.05677046017157958,0.6238462731117341,77
subject_600,20,Frontal,SCML,-0.17547233143942778,0.12689816036469798,77
subject_600,20,Frontal,SCMR,-0.06193141109626863,0.592600629389353,77
subject_600,20,Frontal,STL,-0.030965705548134315,0.7892053399976755,77
subject_600,20,Frontal,UTL,-0.06193141109626863,0.592600629389353,77
subject_600,20,Frontal,UTR,-0.06709236202095768,0.5620782236006977,77
subject_600,20,Horizontal,MTL,0.18732599116004156,0.10281242942969414,77
subject_600,20,Horizontal,MTR,0.11275933448468523,0.32886944367036475,77
subject_600,20,Horizontal,SCML,0.2291560668559732,0.04499421615983454,77
subject_600,20,Horizontal,SCMR,0.2728048414952062,0.016376284457328444,77
subject_600,20,Horizontal,STL,0.1291276249743976,0.26303329851215834,77
subject_600,20,Horizontal,UTL,0.20005688376315123,0.08107881201130801,77
subject_600,20,Horizontal,UTR,0.24916175523228837,0.028873239088490092,77
subject_600,30,Sagittal,MTL,-0.09598370789072033,0.4094820848063982,76
subject_600,30,Sagittal,MTR,0.052749135820786205,0.6508726069397325,76
subject_600,30,Sagittal,SCML,-0.045009309349885805,0.6994412887283153,76
subject_600,30,Sagittal,SCMR,0.24782234184214233,0.030892740618030917,76
subject_600,30,Sagittal,STL,0.044319133741015704,0.7038349576083621,76
subject_600,30,Sagittal,UTL,-0.030170533759178653,0.7958509816913317,76
subject_600,30,Sagittal,UTR,0.24634339410884926,0.03194030828092576,76
subject_600,30,Frontal,MTL,-0.1796380966989888,0.1204817319459351,76
subject_600,30,Frontal,MTR,0.21598715438881355,0.060942785575395175,76
subject_600,30,Frontal,SCML,-0.12185241524337002,0.2943656035696132,76
subject_600,30,Frontal,SCMR,0.11358573991591826,0.3285826116727126,76
subject_600,30,Frontal,STL,-0.050207895738787985,0.6666719965014167,76
subject_600,30,Frontal,UTL,0.08031642401475206,0.4903869648259081,76
subject_600,30,Frontal,UTR,-0.004741181437803223,0.9675766269491488,76
subject_600,30,Horizontal,MTL,0.021488612374010143,0.8538174129849183,76
subject_600,30,Horizontal,MTR,0.021488612374010143,0.8538174129849183,76
subject_600,30,Horizontal,SCML,0.0752101433090355,0.5184634254557154,76
subject_600,30,Horizontal,SCMR,-0.13698990388431467,0.23798810048994745,76
subject_600,30,Horizontal,STL,-0.16385066935182735,0.15726739143853785,76
subject_600,30,Horizontal,UTL,-0.005372153093502536,0.9632644327848329,76
subject_600,30,Horizontal,UTR,-0.13698990388431467,0.23798810048994745,76
subject_600,40,Sagittal,MTL,-0.10009895562672229,0.39284396499778124,75
subject_600,40,Sagittal,MTR,0.027376123809947243,0.8156481845531435,75
subject_600,40,Sagittal,SCML,-0.027816383110984406,0.8127369523462863,75
subject_600,40,Sagittal,SCMR,0.4190468074417362,0.00018265374727084605,75
subject_600,40,Sagittal,STL,0.26011319976732034,0.024211427804830498,75
subject_600,40,Sagittal,UTL,-0.3021779748027802,0.008416496615890582,75
subject_600,40,Sagittal,UTR,0.07840617915743661,0.5037231377513401,75
subject_600,40,Frontal,MTL,-0.03733665229438654,0.7504660304598391,75
subject_600,40,Frontal,MTR,-0.050671170970953174,0.6659360211544909,75
subject_600,40,Frontal,SCML,0.09334163073596637,0.42572625940978764,75
subject_600,40,Frontal,SCMR,0.09334163073596637,0.42572625940978764,75
subject_600,40,Frontal,STL,0.08534091953002639,0.466619561222859,75
subject_600,40,Frontal,UTL,0.07467330458877308,0.5243086070133631,75
subject_600,40,Frontal,UTR,0.05867188217689314,0.6170678600479259,75
subject_600,40,Horizontal,MTL,0.01905491431034496,0.8710984151567,75
subject_600,40,Horizontal,MTR,-0.07621965724137984,0.5157301063532067,75
subject_600,40,Horizontal,SCML,0.11221227316092032,0.3378125456642481,75
subject_600,40,Horizontal,SCMR,-0.059281955632184316,0.613405370978566,75
subject_600,40,Horizontal,STL,-0.048695892126437115,0.6782283496891284,75
subject_600,40,Horizontal,UTL,0.11856391126436863,0.31099968128570576,75
subject_600,40,Horizontal,UTR,0.04657867942528768,0.691497621671627,75
subject_600,50,Sagittal,MTL,0.027795252135642178,0.8128766242162662,75
subject_600,50,Sagittal,MTR,0.09217938706045933,0.4315362712500535,75
subject_600,50,Sagittal,SCML,-0.0020497973551358534,0.986074731941862,75
subject_600,50,Sagittal,SCMR,0.40737672635969957,0.00028626712411559854,75
subject_600,50,Sagittal,STL,-0.03533850640254211,0.7634188940849147,75
subject_600,50,Sagittal,UTL,-0.32688118422351453,0.004204336843362478,75
subject_600,50,Sagittal,UTR,0.1585313274462069,0.17431450480064137,75
subject_600,50,Frontal,MTL,0.22555037358509725,0.05169476995604454,75
subject_600,50,Frontal,MTR,-0.06881197838189408,0.5574616146074542,75
subject_600,50,Frontal,SCML,-0.022937326127298027,0.8451327794215536,75
subject_600,50,Frontal,SCMR,0.015291550751532018,0.8963986753536531,75
subject_600,50,Frontal,STL,0.23319614896086327,0.0440652293736003,75
subject_600,50,Frontal,UTL,0.2790708012154593,0.01532471911355583,75
subject_600,50,Frontal,UTR,0.21790459820933125,0.0603744324454697,75
subject_600,50,Horizontal,MTL,-0.010445587895313864,0.9291260475578755,75
subject_600,50,Horizontal,MTR,0.020891175790627728,0.8587987598452822,75
subject_600,50,Horizontal,SCML,0.010445587895313864,0.9291260475578755,75
subject_600,50,Horizontal,SCMR,-0.11316053553256689,0.3337198006828597,75
subject_600,50,Horizontal,STL,0.07486004658308269,0.5232688545083836,75
subject_600,50,Horizontal,UTL,0.23502572764456192,0.042384718171345225,75
subject_600,50,Horizontal,UTR,0.06441445868776884,0.582973368418164,75
subject_600,60,Sagittal,MTL,-0.024718926722211577,0.8321417337034334,76
subject_600,60,Sagittal,MTR,0.1628039656531866,0.1599724983307748,76
subject_600,60,Sagittal,SCML,-0.012785651752868056,0.9127108412082933,76
subject_600,60,Sagittal,SCMR,0.3008890045841617,0.008263172353503545,76
subject_600,60,Sagittal,STL,-0.21735607979875698,0.05928436207867168,76
subject_600,60,Sagittal,UTL,-0.3895361900707135,0.0005050227636323839,76
subject_600,60,Sagittal,UTR,0.1900800227259718,0.10004248827023707,76
subject_600,60,Frontal,MTL,0.225226379754789,0.05044754398227745,76
subject_600,60,Frontal,MTR,0.04477782469036378,0.700913833922324,76
subject_600,60,Frontal,SCML,-0.0733870049902704,0.5286812693453304,76
subject_600,60,Frontal,SCMR,0.1322668052392284,0.2547125174175396,76
subject_600,60,Frontal,STL,0.13169948438342288,0.2567739535287642,76
subject_600,60,Frontal,UTL,0.2920486719850242,0.010470330643671491,76
subject_600,60,Frontal,UTR,0.10361710202104994,0.3730670655851402,76
subject_600,60,Horizontal,MTL,-0.023358006764762903,0.8412593642129805,76
subject_600,60,Horizontal,MTR,0.0414416249052245,0.7222563215185782,76
subject_600,60,Horizontal,SCML,0.06404614758080152,0.5825576332327863,76
subject_600,60,Horizontal,SCMR,-0.15747817463985314,0.17427203836020336,76
subject_600,60,Horizontal,STL,0.1318597156075325,0.2561905857650521,76
subject_600,60,Horizontal,UTL,0.2509102016989047,0.028798448558396007,76
subject_600,60,Horizontal,UTR,-0.1499433337479941,0.1960683425425221,76
subject_600,70,Sagittal,MTL,0.1460846819706863,0.2079589134131908,76
subject_600,70,Sagittal,MTR,0.21004785179211785,0.06857926708646536,76
subject_600,70,Sagittal,SCML,0.15977160066222876,0.16800373959226952,76
subject_600,70,Sagittal,SCMR,0.17334946024069123,0.13425212824149146,76
subject_600,70,Sagittal,STL,-0.2687216546291684,0.01891581352931762,76
subject_600,70,Sagittal,UTL,-0.305747223519835,0.007233188685386392,76
subject_600,70,Sagittal,UTR,0.13708730514158468,0.2376513950512819,76
subject_600,70,Frontal,MTL,-0.015445768481524897,0.8946447249461085,76
subject_600,70,Frontal,MTR,0.01665720130360528,0.8864344550056596,76
subject_600,70,Frontal,SCML,-0.11005401252899491,0.34394120615038803,76
subject_600,70,Frontal,SCMR,0.07142794293266265,0.5397716996221414,76
subject_600,70,Frontal,STL,0.04876017108873547,0.6757385355309291,76
subject_600,70,Frontal,UTL,0.15396845232940884,0.1841932755990809,76
subject_600,70,Frontal,UTR,0.009877836856963132,0.9325095491725036,76
subject_600,70,Horizontal,MTL,-0.09477409446747029,0.4154366999225013,76
subject_600,70,Horizontal,MTR,-0.06132441406718666,0.598715016404601,76
subject_600,70,Horizontal,SCML,-0.0899955686960012,0.4394447779692007,76
subject_600,70,Horizontal,SCMR,-0.17760187450626788,0.124816509206708,76
subject_600,70,Horizontal,STL,0.3050292284121103,0.007377919423415362,76
subject_600,70,Horizontal,UTL,0.15530208757274544,0.18037621111440452,76
subject_600,70,Horizontal,UTR,-0.1314094587154,0.2578321710879435,76
subject_600,80,Sagittal,MTL,-0.008864930616849781,0.9390065315580147,77
subject_600,80,Sagittal,MTR,0.25240255249303417,0.026788469748182542,77
subject_600,80,Sagittal,SCML,0.08705299873224688,0.4515560626570382,77
subject_600,80,Sagittal,SCMR,0.1270691715516632,0.27078314146907423,77
subject_600,80,Sagittal,STL,-0.2714497548149019,0.016939133025072398,77
subject_600,80,Sagittal,UTL,-0.1129813709734876,0.32791180153458915,77
subject_600,80,Sagittal,UTR,0.2776180107336191,0.01450526758435103,77
subject_600,80,Frontal,MTL,0.03870258537593037,0.7382405625582583,77
subject_600,80,Frontal,MTR,-0.09896803974702197,0.3918089045600688,77
subject_600,80,Frontal,SCML,0.09509778120942891,0.41068008974368303,77
subject_600,80,Frontal,SCMR,-0.011610775612779112,0.9201688412753173,77
subject_600,80,Frontal,STL,0.016033928227171153,0.8899205650013767,77
subject_600,80,Frontal,UTL,-0.12661274358697222,0.27252209767681684,77
subject_600,80,Frontal,UTR,-0.39808373529528385,0.00033651719437617617,77
subject_600,80,Horizontal,MTL,-0.1482098444724461,0.19830989467947155,77
subject_600,80,Horizontal,MTR,-0.18204035244985226,0.11307067233230259,77
subject_600,80,Horizontal,SCML,-0.3753575408921732,0.000768857755678165,77
subject_600,80,Horizontal,SCMR,-0.13210007876891935,0.25210941334805753,77
subject_600,80,Horizontal,STL,0.4236868380027536,0.00012326286409921597,77
subject_600,80,Horizontal,UTL,0.02255367198493745,0.8456314494582297,77
subject_600,80,Horizontal,UTR,-0.0193317188442321,0.8674675441876828,77
subject_600,90,Sagittal,MTL,0.19062744622181896,0.09905078519548406,76
subject_600,90,Sagittal,MTR,0.09210983622896234,0.4287274674174438,76
subject_600,90,Sagittal,SCML,0.33297484048035814,0.003292082763220695,76
subject_600,90,Sagittal,SCMR,0.3349323465466552,0.003102384561866886,76
subject_600,90,Sagittal,STL,-0.2525182825523205,0.027756068000737256,76
subject_600,90,Sagittal,UTL,0.06901738185311423,0.553572793528111,76
subject_600,90,Sagittal,UTR,0.2702428882619946,0.018226263700818247,76
subject_600,90,Frontal,MTL,-0.17025159197345502,0.1414591734563925,76
subject_600,90,Frontal,MTR,-0.22277558763828761,0.053075167916667824,76
subject_600,90,Frontal,SCML,-0.2762328022295714,0.01571662956773976,76
subject_600,90,Frontal,SCMR,-0.10916632702683048,0.3478710023387285,76
subject_600,90,Frontal,STL,0.22277558763828761,0.053075167916667824,76
subject_600,90,Frontal,UTL,-0.18737413053703889,0.10505879218400835,76
subject_600,90,Frontal,UTR,-0.32524708323622864,0.0041460205017037,76
subject_600,90,Horizontal,MTL,-0.5565451664385167,1.7858052116987353e-07,76
subject_600,90,Horizontal,MTR,-0.34836719066800126,0.0020431911783745037,76
subject_600,90,Horizontal,SCML,-0.5096148713226202,2.579436750109639e-06,76
subject_600,90,Horizontal,SCMR,-0.4301943718957183,0.00010504257651949462,76
subject_600,90,Horizontal,STL,0.2184063734239801,0.05803698283886793,76
subject_600,90,Horizontal,UTL,-0.3652139632737077,0.0011789334851389005,76
subject_600,90,Horizontal,UTR,-0.5577485073389243,1.6585204598739544e-07,76
subject_601,10,Sagittal,MTL,-0.11685204251756112,0.15583629333003687,149
subject_601,10,Sagittal,MTR,-0.28641192458182746,0.00039840003090643256,149
subject_601,10,Sagittal,SCML,0.22911406769690618,0.004944500556128673,149
subject_601,10,Sagittal,SCMR,-0.04177431510061767,0.6129640992097858,149
subject_601,10,Sagittal,STL,0.28065506294836273,0.0005264434408546394,149
subject_601,10,Sagittal,STR,-0.007609200091115596,0.9266176210832254,149
subject_601,10,Sagittal,UTL,0.2452586371079628,0.0025720489083393234,149
subject_601,10,Sagittal,UTR,-0.13844188530644516,0.09222330844229613,149
subject_601,10,Frontal,MTL,-0.23064301968983492,0.04085634851887795,79
subject_601,10,Frontal,MTR,0.26479953442564036,0.0183568530093118,79
subject_601,10,Frontal,SCML,-0.02729059369938509,0.8113054391762224,79
subject_601,10,Frontal,SCMR,0.33539158810681935,0.0025148757477572703,79
subject_601,10,Frontal,STL,0.10114251745247795,0.37512050750675935,79
subject_601,10,Frontal,STR,0.21004525658057385,0.06317601175490777,79
subject_601,10,Frontal,UTL,-0.3949058532250344,0.00031624949589550706,79
subject_601,10,Frontal,UTR,0.06917848170309245,0.5446491303613429,79
subject_601,10,Horizontal,MTL,0.0847876194184178,0.30390225329257353,149
subject_601,10,Horizontal,MTR,0.18978858020260692,0.02043488685289399,149
subject_601,10,Horizontal,SCML,-0.13055455428954515,0.11251256254470787,149
subject_601,10,Horizontal,SCMR,0.08764408259696646,0.2878412513488545,149
subject_601,10,Horizontal,STL,0.0928043500292297,0.26028730176381254,149
subject_601,10,Horizontal,STR,0.15671374339835922,0.056309199297166476,149
subject_601,10,Horizontal,UTL,-0.1936804848150402,0.017946668688065832,149
subject_601,10,Horizontal,UTR,0.077374366943919,0.34828175605910855,149
subject_601,20,Sagittal,MTL,0.027058818812282576,0.7432343235441468,149
subject_601,20,Sagittal,MTR,-0.0564281087764467,0.49426766488065266,149
subject_601,20,Sagittal,SCML,0.3921601635778743,7.567461088903951e-07,149
subject_601,20,Sagittal,SCMR,0.22497422631763045,0.0058069695809284125,149
subject_601,20,Sagittal,STL,0.3021272409339466,0.00018055653806040787,149
subject_601,20,Sagittal,STR,0.07204469137230622,0.382583194715877,149
subject_601,20,Sagittal,UTL,-0.26632003620677275,0.0010271946730259828,149
subject_601,20,Sagittal,UTR,-0.1844787840104251,0.024306293736873912,149
subject_601,20,Frontal,MTL,-0.25948477483641474,0.01522284117408866,87
subject_601,20,Frontal,MTR,-0.16489866815512635,0.12693635555314764,87
subject_601,20,Frontal,SCML,0.1832623834724018,0.0893086421483945,87
subject_601,20,Frontal,SCMR,-0.018651999702162022,0.8638519754384543,87
subject_601,20,Frontal,STL,-0.13607022966646792,0.20887109905597834,87
subject_601,20,Frontal,STR,0.012742169811987038,0.9067516834413399,87
subject_601,20,Frontal,UTL,-0.2692864439225586,0.011662874804158374,87
subject_601,20,Frontal,UTR,0.009974639717075824,0.9269412873248059,87
subject_601,20,Horizontal,MTL,0.06930487765229318,0.40098708069828265,149
subject_601,20,Horizontal,MTR,0.06934449402227848,0.40071727606646285,149
subject_601,20,Horizontal,SCML,-0.11792472798959226,0.1520480711645947,149
subject_601,20,Horizontal,SCMR,-0.05714529315813679,0.48878753045842477,149
subject_601,20,Horizontal,STL,0.038792349489610994,0.6385622713126827,149
subject_601,20,Horizontal,STR,-0.028890898084617013,0.7265178010029666,149
subject_601,20,Horizontal,UTL,0.14857195181022448,0.07055544726991626,149
subject_601,20,Horizontal,UTR,-0.029622480383678988,0.7198779292636164,149
subject_601,30,Sagittal,MTL,0.08471518498622134,0.3043170438842626,149
subject_601,30,Sagittal,MTR,0.07180893335425549,0.3841463790002737,149
subject_601,30,Sagittal,SCML,0.44910790106749987,9.196494962930947e-09,149
subject_601,30,Sagittal,SCMR,0.22937901712741143,0.004893423711327173,149
subject_601,30,Sagittal,STL,0.4371554416691648,2.4854832637425436e-08,149
subject_601,30,Sagittal,STR,0.11842853442075406,0.15029299627617349,149
subject_601,30,Sagittal,UTL,-0.1608402285741757,0.0500486553607565,149
subject_601,30,Sagittal,UTR,-0.05244053896292158,0.5253210402716937,149
subject_601,30,Frontal,MTL,-0.2278897401456156,0.02717014364217335,94
subject_601,30,Frontal,MTR,-0.1683845378254486,0.10473665097602788,94
subject_601,30,Frontal,SCML,0.16881160865549766,0.10384625557927568,94
subject_601,30,Frontal,SCMR,-0.14968832593219042,0.14986997260195753,94
subject_601,30,Frontal,STL,-0.11530912411324226,0.26842304510804044,94
subject_601,30,Frontal,STR,0.050987511876411026,0.6255175167459245,94
subject_601,30,Frontal,UTL,-0.24971780479256683,0.015211777191404239,94
subject_601,30,Frontal,UTR,0.1970220095959596,0.056995939227833685,94
subject_601,30,Horizontal,MTL,-0.022416656106123645,0.7861143186690533,149
subject_601,30,Horizontal,MTR,0.05138928779850127,0.5336691776414445,149
subject_601,30,Horizontal,SCML,-0.16845215048013704,0.04001418537435344,149
subject_601,30,Horizontal,SCMR,0.03826310924841897,0.6431515010586117,149
subject_601,30,Horizontal,STL,-0.05947043826072406,0.4712457768883604,149
subject_601,30,Horizontal,STR,-0.13753321353559025,0.09440087862787193,149
subject_601,30,Horizontal,UTL,-0.006464920369778232,0.9376286950269858,149
subject_601,30,Horizontal,UTR,-0.24744539624836484,0.002346395114361741,149
subject_601,40,Sagittal,MTL,-0.1012211126143481,0.21932953088100085,149
subject_601,40,Sagittal,MTR,-0.0198453215864584,0.8101546300211073,149
subject_601,40,Sagittal,SCML,0.36697368591922347,4.1563877056040144e-06,149
subject_601,40,Sagittal,SCMR,0.2501303985886837,0.0020939360211638005,149
subject_601,40,Sagittal,STL,0.4759170003569237,8.560968620135391e-10,149
subject_601,40,Sagittal,STR,0.2372723472090371,0.003572737534975983,149
subject_601,40,Sagittal,UTL,0.004825834154627091,0.9534212146100592,149
subject_601,40,Sagittal,UTR,-0.06209196586822754,0.45188740025408475,149
subject_601,40,Frontal,MTL,,,119
subject_601,40,Frontal,MTR,,,119
subject_601,40,Frontal,SCML,,,119
subject_601,40,Frontal,SCMR,,,119
subject_601,40,Frontal,STL,,,119
subject_601,40,Frontal,STR,,,119
subject_601,40,Frontal,UTL,,,119
subject_601,40,Frontal,UTR,,,119
subject_601,40,Horizontal,MTL,-0.040596893170096855,0.6230180164363935,149
subject_601,40,Horizontal,MTR,0.0030231728956455106,0.9708104628871312,149
subject_601,40,Horizontal,SCML,-0.26128851455221913,0.0012878411874388028,149
subject_601,40,Horizontal,SCMR,-0.031959256325395397,0.6988111010314508,149
subject_601,40,Horizontal,STL,-0.0669416855464363,0.41727602273813424,149
subject_601,40,Horizontal,STR,-0.11358492450782418,0.16781089829967286,149
subject_601,40,Horizontal,UTL,-0.11315304266558908,0.16944366183090326,149
subject_601,40,Horizontal,UTR,-0.08033002265572357,0.3301212182136911,149
subject_601,50,Sagittal,MTL,-0.35368520697959804,9.65336208222378e-06,149
subject_601,50,Sagittal,MTR,-0.33154653679661616,3.621311699316254e-05,149
subject_601,50,Sagittal,SCML,0.35806541774686684,7.342653879208827e-06,149
subject_601,50,Sagittal,SCMR,0.3679578794234058,3.8990289469742506e-06,149
subject_601,50,Sagittal,STL,0.21862945554335964,0.007390338464209352,149
subject_601,50,Sagittal,STR,-0.00974227021215463,0.906130381590112,149
subject_601,50,Sagittal,UTL,-0.20402725854336531,0.01256711331282966,149
subject_601,50,Sagittal,UTR,0.009744511875802157,0.9061088814479819,149
subject_601,50,Frontal,MTL,,,107
subject_601,50,Frontal,MTR,,,107
subject_601,50,Frontal,SCML,,,107
subject_601,50,Frontal,SCMR,,,107
subject_601,50,Frontal,STL,,,107
subject_601,50,Frontal,STR,,,107
subject_601,50,Frontal,UTL,,,107
subject_601,50,Frontal,UTR,,,107
subject_601,50,Horizontal,MTL,-0.056319857543716635,0.49509764787275484,149
subject_601,50,Horizontal,MTR,-0.06990053241241427,0.3969418153409381,149
subject_601,50,Horizontal,SCML,-0.17774706813442484,0.030104960801796633,149
subject_601,50,Horizontal,SCMR,-0.19532205914097472,0.016978643558310077,149
subject_601,50,Horizontal,STL,-0.21888852435430295,0.007318850302292241,149
subject_601,50,Horizontal,STR,-0.019971580689261217,0.8089698415435385,149
subject_601,50,Horizontal,UTL,-0.012382380027341955,0.8808600593154844,149
subject_601,50,Horizontal,UTR,0.08308177566732666,0.3137694105194775,149
subject_601,60,Sagittal,MTL,-0.2612305520389739,0.0013415753858464954,148
subject_601,60,Sagittal,MTR,-0.27258138127859455,0.000803232604171364,148
subject_601,60,Sagittal,SCML,0.25147876397606583,0.002048317250784121,148
subject_601,60,Sagittal,SCMR,0.5683094743688654,4.927171188412531e-14,148
subject_601,60,Sagittal,STL,0.3389100819116454,2.5150630945072425e-05,148
subject_601,60,Sagittal,STR,0.21521085590769415,0.008618984728483763,148
subject_601,60,Sagittal,UTL,-0.022973416708781263,0.7816645216878357,148
subject_601,60,Sagittal,UTR,-0.21159922842236029,0.009831764846063344,148
subject_601,60,Frontal,MTL,,,75
subject_601,60,Frontal,MTR,,,75
subject_601,60,Frontal,SCML,,,75
subject_601,60,Frontal,SCMR,,,75
subject_601,60,Frontal,STL,,,75
subject_601,60,Frontal,STR,,,75
subject_601,60,Frontal,UTL,,,75
subject_601,60,Frontal,UTR,,,75
subject_601,60,Horizontal,MTL,-0.09766190103681978,0.23765852272357907,148
subject_601,60,Horizontal,MTR,-0.17533642465678625,0.03304677847025031,148
subject_601,60,Horizontal,SCML,0.09993688708426648,0.22685342158549146,148
subject_601,60,Horizontal,SCMR,-0.2812857748664476,0.0005338536536108125,148
subject_601,60,Horizontal,STL,-0.222136137632833,0.006658114845976983,148
subject_601,60,Horizontal,STR,-0.18313637681946068,0.025884719385481245,148
subject_601,60,Horizontal,UTL,-0.10156187711815699,0.2193508737930291,148
subject_601,60,Horizontal,UTR,0.12138675553162126,0.14165583680616145,148
subject_601,70,Sagittal,MTL,-0.2021388400509305,0.013427883874490124,149
subject_601,70,Sagittal,MTR,-0.14274655264915417,0.08244469420223155,149
subject_601,70,Sagittal,SCML,0.21016667224833174,0.010093636812259109,149
subject_601,70,Sagittal,SCMR,0.4786129758748643,6.665388681284008e-10,149
subject_601,70,Sagittal,STL,0.3341309836257988,3.11935112571779e-05,149
subject_601,70,Sagittal,STR,0.126994685120857,0.12274146625195392,149
subject_601,70,Sagittal,UTL,-0.01285820237483469,0.8763176202760562,149
subject_601,70,Sagittal,UTR,-0.1286997450341177,0.11775587578481907,149
subject_601,70,Frontal,MTL,,,89
subject_601,70,Frontal,MTR,,,89
subject_601,70,Frontal,SCML,,,89
subject_601,70,Frontal,SCMR,,,89
subject_601,70,Frontal,STL,,,89
subject_601,70,Frontal,STR,,,89
subject_601,70,Frontal,UTL,,,89
subject_601,70,Frontal,UTR,,,89
subject_601,70,Horizontal,MTL,-0.03470360159743704,0.6743609261432036,149
subject_601,70,Horizontal,MTR,0.09566938818752914,0.24579523278690366,149
subject_601,70,Horizontal,SCML,-0.12505802377454786,0.1286005077275727,149
subject_601,70,Horizontal,SCMR,0.02688747511152779,0.7448040065637342,149
subject_601,70,Horizontal,STL,0.05502553046080107,0.505078321298532,149
subject_601,70,Horizontal,STR,0.021885154160545883,0.7910678092543539,149
subject_601,70,Horizontal,UTL,-0.020321928863364033,0.8056845262898946,149
subject_601,70,Horizontal,UTR,0.018758703566182186,0.8203687539998634,149
subject_601,80,Sagittal,MTL,-0.04966613829465904,0.5474949415645626,149
subject_601,80,Sagittal,MTR,0.07383101351534858,0.3708648678363253,149
subject_601,80,Sagittal,SCML,0.448733922534466,9.492618062033401e-09,149
subject_601,80,Sagittal,SCMR,0.47704140386128474,7.714422557846355e-10,149
subject_601,80,Sagittal,STL,0.44788420749706476,1.0199921678432985e-08,149
subject_601,80,Sagittal,STR,0.2921469440254762,0.00030003055727508183,149
subject_601,80,Sagittal,UTL,-0.06759257447632211,0.4127515103042267,149
subject_601,80,Sagittal,UTR,-0.06479224339463265,0.43242146481008614,149
subject_601,80,Frontal,MTL,,,102
subject_601,80,Frontal,MTR,,,102
subject_601,80,Frontal,SCML,,,102
subject_601,80,Frontal,SCMR,,,102
subject_601,80,Frontal,STL,,,102
subject_601,80,Frontal,STR,,,102
subject_601,80,Frontal,UTL,,,102
subject_601,80,Frontal,UTR,,,102
subject_601,80,Horizontal,MTL,0.02570353767862392,0.7556784413216461,149
subject_601,80,Horizontal,MTR,0.1837326952583117,0.024897750647088417,149
subject_601,80,Horizontal,SCML,-0.20308968042369516,0.012988236557541036,149
subject_601,80,Horizontal,SCMR,-0.1783381256220573,0.029552577533029922,149
subject_601,80,Horizontal,STL,0.11328596236134246,0.1689398972506643,149
subject_601,80,Horizontal,STR,-0.05965759362446045,0.46984891265724366,149
subject_601,80,Horizontal,UTL,0.09710225345257925,0.23876151750188235,149
subject_601,80,Horizontal,UTR,0.1431147591735727,0.08164844143203052,149
subject_601,90,Sagittal,MTL,-0.2590783288920317,0.0014749427361309888,148
subject_601,90,Sagittal,MTR,-0.3624779991580156,5.974725736654053e-06,148
subject_601,90,Sagittal,SCML,0.48581681729067366,3.8777711031587983e-10,148
subject_601,90,Sagittal,SCMR,0.5358624696770616,2.2484791657787303e-12,148
subject_601,90,Sagittal,STL,0.33227496910045645,3.6932922411188384e-05,148
subject_601,90,Sagittal,STR,0.5634593102127973,8.957486563043656e-14,148
subject_601,90,Sagittal,UTL,0.351551686805447,1.1801300260292908e-05,148
subject_601,90,Sagittal,UTR,-0.018165727690967085,0.8265410807975779,148
subject_601,90,Frontal,MTL,,,72
subject_601,90,Frontal,MTR,,,72
subject_601,90,Frontal,SCML,,,72
subject_601,90,Frontal,SCMR,,,72
subject_601,90,Frontal,STL,,,72
subject_601,90,Frontal,STR,,,72
subject_601,90,Frontal,UTL,,,72
subject_601,90,Frontal,UTR,,,72
subject_601,90,Horizontal,MTL,0.08875507956759746,0.28339874191359327,148
subject_601,90,Horizontal,MTR,0.10699358978282049,0.1955564836573623,148
subject_601,90,Horizontal,SCML,-0.16707570663490243,0.04239531324765129,148
subject_601,90,Horizontal,SCMR,-0.22530327069667389,0.005901883639962394,148
subject_601,90,Horizontal,STL,-0.07325898410493642,0.3762283515898962,148
subject_601,90,Horizontal,STR,-0.22123321188840872,0.00688894790461585,148
subject_601,90,Horizontal,UTL,-0.04105116909111105,0.6203294613009727,148
subject_601,90,Horizontal,UTR,0.09511532437195071,0.25017443408090173,148
subject_602,10,Sagittal,MTL,0.004570872787087296,0.9620252800175567,111
subject_602,10,Sagittal,MTR,-0.1531242383674244,0.10860849915611986,111
subject_602,10,Sagittal,SCML,-0.3309311897851202,0.00038873896503960125,111
subject_602,10,Sagittal,SCMR,-0.28933624742262576,0.002070013421581184,111
subject_602,10,Sagittal,STL,-0.2765378036187814,0.0033028740848445653,111
subject_602,10,Sagittal,STR,-0.4145781617888177,6.076829837048951e-06,111
subject_602,10,Sagittal,UTL,0.3057913894561401,0.0010993185840538398,111
subject_602,10,Sagittal,UTR,-0.47628494441449615,1.2658001257362858e-07,111
subject_602,10,Frontal,MTL,-0.006726336333352619,0.944141982750256,111
subject_602,10,Frontal,MTR,0.052701373418126675,0.5827721221812873,111
subject_602,10,Frontal,SCML,0.3495640602142076,0.0001695385760607728,111
subject_602,10,Frontal,SCMR,0.38750975340367066,2.6474777640735e-05,111
subject_602,10,Frontal,STL,0.41526616223475665,5.843811253350279e-06,111
subject_602,10,Frontal,STR,0.49502548547553216,3.332811378273707e-08,111
subject_602,10,Frontal,UTL,-0.26461031493589543,0.005008420604749276,111
subject_602,10,Frontal,UTR,0.43357870094336065,1.998550066919313e-06,111
subject_602,10,Horizontal,MTL,0.0647113449926238,0.49982423420057925,111
subject_602,10,Horizontal,MTR,0.3083890564482229,0.0009914401446512902,111
subject_602,10,Horizontal,SCML,0.2888120057776477,0.0021109076544787455,111
subject_602,10,Horizontal,SCMR,0.2504508861071062,0.008020921977375393,111
subject_602,10,Horizontal,STL,0.2669620777072379,0.004620344980864395,111
subject_602,10,Horizontal,STR,0.43349327937378485,2.008873034680926e-06,111
subject_602,10,Horizontal,UTL,-0.37581775264331563,4.8092637848307375e-05,111
subject_602,10,Horizontal,UTR,0.33065315328926925,0.0003934289659561318,111
subject_602,20,Sagittal,MTL,-0.1206125840896165,0.20943068227480316,110
subject_602,20,Sagittal,MTR,-0.07993090489549408,0.4064963366341388,110
subject_602,20,Sagittal,SCML,0.30855048233852017,0.001039764560727746,110
subject_602,20,Sagittal,SCMR,0.30224768697041665,0.0013310796592820662,110
subject_602,20,Sagittal,STL,0.1274883608548203,0.18442346139092156,110
subject_602,20,Sagittal,STR,0.07420109092449091,0.4410624193177317,110
subject_602,20,Sagittal,UTL,-0.11717469570701461,0.22280458620331411,110
subject_602,20,Sagittal,UTR,0.027216616362265005,0.7777581627862883,110
subject_602,20,Frontal,MTL,0.1546026590992676,0.10681507852992395,110
subject_602,20,Frontal,MTR,0.09304789668011476,0.33362102725060444,110
subject_602,20,Frontal,SCML,-0.1173835004272217,0.22197550614473208,110
subject_602,20,Frontal,SCMR,-0.07515407039547731,0.43520094373823864,110
subject_602,20,Frontal,STL,0.054397231905297855,0.5724657586606363,110
subject_602,20,Frontal,STR,-0.06370202157330933,0.508514689311692,110
subject_602,20,Frontal,UTL,0.05726024411083985,0.5523931056639276,110
subject_602,20,Frontal,UTR,-0.14028759807155763,0.14380146515672812,110
subject_602,20,Horizontal,MTL,-0.041261793529959276,0.6686539627624593,110
subject_602,20,Horizontal,MTR,0.10754057998753165,0.26345718785166033,110
subject_602,20,Horizontal,SCML,-0.11208912415618859,0.24367536361899084,110
subject_602,20,Horizontal,SCMR,-0.041261793529959276,0.6686539627624593,110
subject_602,20,Horizontal,STL,0.07829993890330855,0.416169399992678,110
subject_602,20,Horizontal,STR,0.21735543205939176,0.022551809067484354,110
subject_602,20,Horizontal,UTL,0.06985264259008854,0.46836735153613634,110
subject_602,20,Horizontal,UTR,0.013970528518017706,0.8848234772230423,110
subject_602,30,Sagittal,MTL,0.17504344121581553,0.06613096722271469,111
subject_602,30,Sagittal,MTR,0.11235057751795251,0.2403915647753022,111
subject_602,30,Sagittal,SCML,0.22532187645865612,0.017420892393692954,111
subject_602,30,Sagittal,SCMR,0.07076224219362755,0.4605065857147603,111
subject_602,30,Sagittal,STL,-0.011793707032271257,0.9022242080147204,111
subject_602,30,Sagittal,STR,-0.024208135487293635,0.8008877680245464,111
subject_602,30,Sagittal,UTL,0.05648564947035182,0.5559639316871711,111
subject_602,30,Sagittal,UTR,0.4251941745845164,3.2919396524803355e-06,111
subject_602,30,Frontal,MTL,0.1433229648650885,0.13344176076429345,111
subject_602,30,Frontal,MTR,0.12018227782957942,0.2089619395347561,111
subject_602,30,Frontal,SCML,0.02612658213686509,0.7854750638054497,111
subject_602,30,Frontal,SCMR,0.12018227782957942,0.2089619395347561,111
subject_602,30,Frontal,STL,0.26873055912204097,0.0043464472740936,111
subject_602,30,Frontal,STR,0.008957685304068031,0.9256583964450634,111
subject_602,30,Frontal,UTL,0.15452007149517355,0.10538650505283827,111
subject_602,30,Frontal,UTR,-0.27171645422339696,0.003916799054158561,111
subject_602,30,Horizontal,MTL,-0.17461993766883235,0.0667996782357798,111
subject_602,30,Horizontal,MTR,-0.06837868109362044,0.4757874433857158,111
subject_602,30,Horizontal,SCML,-0.11867374404677926,0.21477533732302426,111
subject_602,30,Horizontal,SCMR,0.030516105612028954,0.7505291515116571,111
subject_602,30,Horizontal,STL,0.12602021391634177,0.18752488171288131,111
subject_602,30,Horizontal,STR,0.10737148270899076,0.2620030536378753,111
subject_602,30,Horizontal,UTL,0.08307162083274548,0.3860483732575792,111
subject_602,30,Horizontal,UTR,-0.11754351791300041,0.21920555666582478,111
subject_602,40,Sagittal,MTL,-0.327580260616106,0.0004488514049766892,111
subject_602,40,Sagittal,MTR,-0.4544690572183922,5.430614812872743e-07,111
subject_602,40,Sagittal,SCML,-0.05761787192654829,0.5480601099796584,111
subject_602,40,Sagittal,SCMR,-0.45252688176019396,6.152583929309367e-07,111
subject_602,40,Sagittal,STL,-0.1456631593648693,0.12715124769156846,111
subject_602,40,Sagittal,STR,-0.17091144032144664,0.072892875403797,111
subject_602,40,Sagittal,UTL,-0.4039724953052375,1.0983919386308726e-05,111
subject_602,40,Sagittal,UTR,-0.3560655006696805,0.00012535627070033617,111
subject_602,40,Frontal,MTL,0.1529737690781463,0.10896036632548738,111
subject_602,40,Frontal,MTR,0.1686001218334408,0.07691213719472738,111
subject_602,40,Frontal,SCML,-0.07566444492037344,0.42994679167779537,111
subject_602,40,Frontal,SCMR,0.13488009746675264,0.15812014945306338,111
subject_602,40,Frontal,STL,-0.17271231992693936,0.06988018232731263,111
subject_602,40,Frontal,STR,0.1102069089057613,0.24953915080441474,111
subject_602,40,Frontal,UTL,0.11267422776186045,0.23903097884340369,111
subject_602,40,Frontal,UTR,0.11843130509275843,0.21572023677330854,111
subject_602,40,Horizontal,MTL,0.014493593855883155,0.879992406524933,111
subject_602,40,Horizontal,MTR,-0.023189750169413045,0.8091010029236517,111
subject_602,40,Horizontal,SCML,0.041161806550708155,0.6679674060396573,111
subject_602,40,Horizontal,SCMR,-0.01391385010164783,0.884758962444753,111
subject_602,40,Horizontal,STL,0.04637950033882609,0.6288350327415568,111
subject_602,40,Horizontal,STR,-0.06783001924553317,0.4793432939546002,111
subject_602,40,Horizontal,UTL,0.041161806550708155,0.6679674060396573,111
subject_602,40,Horizontal,UTR,0.09333874443188751,0.329866942817432,111
subject_602,50,Sagittal,MTL,-0.05383352830354334,0.5764577690387916,110
subject_602,50,Sagittal,MTR,-0.07387792713996905,0.44306017823961646,110
subject_602,50,Sagittal,SCML,0.10995784504553534,0.25281242493883305,110
subject_602,50,Sagittal,SCMR,-0.03035294680944465,0.7529284472839396,110
subject_602,50,Sagittal,STL,-0.06471477338617444,0.501784035050718,110
subject_602,50,Sagittal,STR,0.07387792713996905,0.44306017823961646,110
subject_602,50,Sagittal,UTL,-0.12542066700506374,0.19170285759495626,110
subject_602,50,Sagittal,UTR,0.11224863348398399,0.2430008492886991,110
subject_602,50,Frontal,MTL,-0.03414436740156885,0.723247771744063,110
subject_602,50,Frontal,MTR,-0.2824670394129786,0.0027913092325280186,110
subject_602,50,Frontal,SCML,-0.2886751062132639,0.0022248261963587488,110
subject_602,50,Frontal,SCMR,-0.3640587745024419,9.240663836753343e-05,110
subject_602,50,Frontal,STL,-0.4465373762776601,1.0099491061356626e-06,110
subject_602,50,Frontal,STR,-0.10952803569074682,0.25468322301153895,110
subject_602,50,Frontal,UTL,-0.3392265073013009,0.0002886184818318442,110
subject_602,50,Frontal,UTR,-0.32947097375799556,0.0004402297449653177,110
subject_602,50,Horizontal,MTL,0.1173351140830689,0.22216743474267225,110
subject_602,50,Horizontal,MTR,-0.02824195053612329,0.7696147796379167,110
subject_602,50,Horizontal,SCML,0.16100823346882656,0.09288725602797034,110
subject_602,50,Horizontal,SCMR,0.04279965699804251,0.6570698635766988,110
subject_602,50,Horizontal,STL,0.09171355071009109,0.3406296856277207,110
subject_602,50,Horizontal,STR,0.05735736345996173,0.5517182183343342,110
subject_602,50,Horizontal,UTL,0.11092972323982445,0.24861707939972363,110
subject_602,50,Horizontal,UTR,0.06667429559559003,0.48889444673489396,110
subject_602,60,Sagittal,MTL,-0.13487212486459188,0.15814496300429035,111
subject_602,60,Sagittal,MTR,-0.43936508798683643,1.4051582024518437e-06,111
subject_602,60,Sagittal,SCML,0.0518285894676161,0.5890383672525284,111
subject_602,60,Sagittal,SCMR,-0.04770586075996482,0.6190437327004765,111
subject_602,60,Sagittal,STL,0.09364483778807908,0.32827645633937286,111
subject_602,60,Sagittal,STR,-0.03887144210071207,0.6854383766643338,111
subject_602,60,Sagittal,UTL,0.08245457415302561,0.3895987600703349,111
subject_602,60,Sagittal,UTR,0.30095919565854345,0.001328901049803866,111
subject_602,60,Frontal,MTL,-0.06415263334860358,0.5035411711147405,111
subject_602,60,Frontal,MTR,0.1369745414740455,0.15170172774199348,111
subject_602,60,Frontal,SCML,-0.1335068315633102,0.1624372615404158,111
subject_602,60,Frontal,SCMR,-0.11963599192036885,0.2110540211208911,111
subject_602,60,Frontal,STL,-0.03987866397345628,0.6777341377701754,111
subject_602,60,Frontal,STR,0.1127005720988982,0.23892046674751768,111
subject_602,60,Frontal,UTL,-0.05895106848250059,0.5388240972479026,111
subject_602,60,Frontal,UTR,-0.1803209153582371,0.05824516568186221,111
subject_602,60,Horizontal,MTL,0.08047288386544754,0.4011328438965785,111
subject_602,60,Horizontal,MTR,0.03736241036610065,0.6970413566828744,111
subject_602,60,Horizontal,SCML,0.10978800584500344,0.2513543686176081,111
subject_602,60,Horizontal,SCMR,-0.025291477786283517,0.7921744426627142,111
subject_602,60,Horizontal,STL,0.015519770459764885,0.8715659635525153,111
subject_602,60,Horizontal,STR,0.04540969875264541,0.6360352797706748,111
subject_602,60,Horizontal,UTL,0.044834892439320775,0.6403190244334048,111
subject_602,60,Horizontal,UTR,-0.031614347232854396,0.7418611386465574,111
subject_602,70,Sagittal,MTL,-0.15103978089178344,0.11356249535114951,111
subject_602,70,Sagittal,MTR,-0.10431984866678264,0.2758839648138727,111
subject_602,70,Sagittal,SCML,0.028159959149315558,0.7692291900596915,111
subject_602,70,Sagittal,SCMR,0.07103989694486425,0.45874433582954965,111
subject_602,70,Sagittal,STL,-0.08191988116164527,0.3926910796634729,111
subject_602,70,Sagittal,STR,0.11263983659726223,0.23917530015571226,111
subject_602,70,Sagittal,UTL,0.051199925726028286,0.5935708340875816,111
subject_602,70,Sagittal,UTR,0.18367973354212644,0.05364009494515772,111
subject_602,70,Frontal,MTL,0.38535024206621266,2.9611443210562596e-05,111
subject_602,70,Frontal,MTR,0.5892484579035092,1.0230074215011114e-11,111
subject_602,70,Frontal,SCML,-0.5116453196832043,9.526642492122867e-09,111
subject_602,70,Frontal,SCMR,-0.36899486256444064,6.743086117882896e-05,111
subject_602,70,Frontal,STL,0.3437277873679334,0.00022109709890591478,111
subject_602,70,Frontal,STR,-0.008905938785371782,0.9260866339394548,111
subject_602,70,Frontal,UTL,-0.4509271966261156,6.814844752870146e-07,111
subject_602,70,Frontal,UTR,-0.554678217175547,2.6725306061203566e-10,111
subject_602,70,Horizontal,MTL,-0.0019421754581982573,0.9838595185621053,111
subject_602,70,Horizontal,MTR,0.08998746289651924,0.3476014721269704,111
subject_602,70,Horizontal,SCML,-0.037548725525166304,0.6956049216394599,111
subject_602,70,Horizontal,SCMR,-0.0919296383547175,0.33725211450754394,111
subject_602,70,Horizontal,STL,0.06538657375934133,0.49535138442273313,111
subject_602,70,Horizontal,STR,-0.040138292802763986,0.6757535737909136,111
subject_602,70,Horizontal,UTL,-0.04596481917735875,0.6319096068886025,111
subject_602,70,Horizontal,UTR,0.06862353285633842,0.47420518644823395,111
subject_602,80,Sagittal,MTL,0.019368968144959208,0.8408223744819898,110
subject_602,80,Sagittal,MTR,-0.01705657216708346,0.8596182525807978,110
subject_602,80,Sagittal,SCML,0.17039600453484374,0.07511641753095324,110
subject_602,80,Sagittal,SCMR,0.08717096397331585,0.36518039099448735,110
subject_602,80,Sagittal,STL,0.03186439228228776,0.7410502886049051,110
subject_602,80,Sagittal,STR,0.15773086326152427,0.09982214773030126,110
subject_602,80,Sagittal,UTL,0.1938912205485812,0.042395023927369234,110
subject_602,80,Sagittal,UTR,0.12046734459052667,0.20998382188213566,110
subject_602,80,Frontal,MTL,0.2198459416892811,0.021013962180946266,110
subject_602,80,Frontal,MTR,0.23352059418324114,0.01407853250740718,110
subject_602,80,Frontal,SCML,-0.266922446036455,0.004819455833684439,110
subject_602,80,Frontal,SCMR,-0.21611182803001514,0.023355161644655127,110
subject_602,80,Frontal,STL,0.07568248220119321,0.4319700479259106,110
subject_602,80,Frontal,STR,0.03051406889968813,0.7516594142289262,110
subject_602,80,Frontal,UTL,-0.03437128520706172,0.7214838235215687,110
subject_602,80,Frontal,UTR,-0.30999811432012975,0.0009816652507046875,110
subject_602,80,Horizontal,MTL,-0.09704028419304168,0.31320336027324314,110
subject_602,80,Horizontal,MTR,-0.07614966745703966,0.4291249604340801,110
subject_602,80,Horizontal,SCML,-0.1031053019551068,0.2837720823197766,110
subject_602,80,Horizontal,SCMR,-0.12130035524130213,0.2068254588293107,110
subject_602,80,Horizontal,STL,-0.18060275113704985,0.05901298290372473,110
subject_602,80,Horizontal,STR,-0.1597121344010478,0.09558276196067018,110
subject_602,80,Horizontal,UTL,-0.1657771521631129,0.08348368526287243,110
subject_602,80,Horizontal,UTR,0.13747373594014242,0.1520936379670662,110
subject_602,90,Sagittal,MTL,-0.05381542427755135,0.5765861915942012,110
subject_602,90,Sagittal,MTR,0.09003624232165407,0.34957065310258634,110
subject_602,90,Sagittal,SCML,0.1872364122627905,0.050150526801580206,110
subject_602,90,Sagittal,SCMR,-0.024414665327195825,0.8001323889346769,110
subject_602,90,Sagittal,STL,-0.0967989899944454,0.31441384038558834,110
subject_602,90,Sagittal,STR,0.007737041829040931,0.9360614944509335,110
subject_602,90,Sagittal,UTL,-0.021950274226093896,0.8199463663549273,110
subject_602,90,Sagittal,UTR,-0.24019216522600398,0.011487950203602293,110
subject_602,90,Frontal,MTL,0.19756121508423682,0.03856424890652481,110
subject_602,90,Frontal,MTR,0.006943149393264335,0.9426103732194515,110
subject_602,90,Frontal,SCML,-0.3126522847702522,0.0008827800666949545,110
subject_602,90,Frontal,SCMR,-0.09906675600078328,0.30315687994744644,110
subject_602,90,Frontal,STL,0.0038603046782146187,0.9680733095736752,110
subject_602,90,Frontal,STR,-0.13576934509519303,0.15728794044078367,110
subject_602,90,Frontal,UTL,0.1294308867843903,0.177770479000523,110
subject_602,90,Frontal,UTR,0.03243735735204676,0.7365631538845726,110
subject_602,90,Horizontal,MTL,-0.003449900008253527,0.9714660536549026,110
subject_602,90,Horizontal,MTR,-0.0040248833429624474,0.9667129230051955,110
subject_602,90,Horizontal,SCML,0.12592135030125373,0.18992135210859543,110
subject_602,90,Horizontal,SCMR,0.07187291683861514,0.4555682830008665,110
subject_602,90,Horizontal,STL,-0.02932415007015498,0.761046872157924,110
subject_602,90,Horizontal,STR,-0.012649633363596263,0.895648618757413,110
subject_602,90,Horizontal,UTL,-0.03219906674369958,0.7384282438251553,110
subject_602,90,Horizontal,UTR,0.07417285017745082,0.44123679694690293,110
subject_603,10,Sagittal,MTL,-0.032777648379861725,0.6904891448918247,150
subject_603,10,Sagittal,MTR,-0.013277421974624361,0.8718875989440193,150
subject_603,10,Sagittal,SCML,0.02291961005809959,0.7807090930460723,150
subject_603,10,Sagittal,SCMR,0.10103897007810894,0.21859652118148334,150
subject_603,10,Sagittal,STL,-0.08538456316234941,0.2988542563430618,150
subject_603,10,Sagittal,STR,0.03021113640023073,0.7136206282544232,150
subject_603,10,Sagittal,UTL,0.2006591196874783,0.013812664110825353,150
subject_603,10,Sagittal,UTR,0.12667513435464872,0.12241929631879572,150
subject_603,10,Frontal,MTL,0.10839729134283094,0.18670868219618592,150
subject_603,10,Frontal,MTR,0.15803376145267942,0.05342442996424893,150
subject_603,10,Frontal,SCML,0.151464228644023,0.06428162494242515,150
subject_603,10,Frontal,SCMR,0.09087853718641381,0.268722365975712,150
subject_603,10,Frontal,STL,-0.09379832954581667,0.2535791040491095,150
subject_603,10,Frontal,STR,0.08284910819805595,0.313485245642005,150
subject_603,10,Frontal,UTL,0.012774091572387482,0.8767049714551179,150
subject_603,10,Frontal,UTR,0.1485444362846202,0.0696547182848796,150
subject_603,10,Horizontal,MTL,-0.15973869092906764,0.05086914051256511,150
subject_603,10,Horizontal,MTR,0.0161081032869648,0.8448876477935708,150
subject_603,10,Horizontal,SCML,-0.11946843271165562,0.1453473345789288,150
subject_603,10,Horizontal,SCMR,0.006711709702902001,0.935032727274197,150
subject_603,10,Horizontal,STL,-0.1986666072058992,0.014803592356144443,150
subject_603,10,Horizontal,STR,0.1986666072058992,0.014803592356144443,150
subject_603,10,Horizontal,UTL,0.0013423419405804002,0.9869928713067337,150
subject_603,10,Horizontal,UTR,0.15302698122616562,0.0615479519864746,150
subject_603,20,Sagittal,MTL,-0.05198024847798263,0.5275652565112138,150
subject_603,20,Sagittal,MTR,-0.10291960486177301,0.2101005905181494,150
subject_603,20,Sagittal,SCML,0.021458606103119386,0.7943665613568749,150
subject_603,20,Sagittal,SCMR,0.04586920457014423,0.5772714634154659,150
subject_603,20,Sagittal,STL,0.01993923941724198,0.8086360386833581,150
subject_603,20,Sagittal,STR,-0.10416475803896537,0.20460727383398297,150
subject_603,20,Sagittal,UTL,-0.09877002697014098,0.22916829107530184,150
subject_603,20,Sagittal,UTR,-0.061644875610617184,0.4536223607443794,150
subject_603,20,Frontal,MTL,0.2634955874943716,0.0011223060286469084,150
subject_603,20,Frontal,MTR,0.2618538704383319,0.001208426018147415,150
subject_603,20,Frontal,SCML,0.1617091300199103,0.048042985052007645,150
subject_603,20,Frontal,SCMR,-0.051166848246570605,0.5340546221448005,150
subject_603,20,Frontal,STL,-0.22245266109337913,0.006218048199383479,150
subject_603,20,Frontal,STR,0.04241102394769221,0.6063339308333993,150
subject_603,20,Frontal,UTL,0.14474472044083342,0.07718763751575103,150
subject_603,20,Frontal,UTR,0.13708337417931482,0.09436997864490804,150
subject_603,20,Horizontal,MTL,,,150
subject_603,20,Horizontal,MTR,,,150
subject_603,20,Horizontal,SCML,,,150
subject_603,20,Horizontal,SCMR,,,150
subject_603,20,Horizontal,STL,,,150
subject_603,20,Horizontal,STR,,,150
subject_603,20,Horizontal,UTL,,,150
subject_603,20,Horizontal,UTR,,,150
subject_603,30,Sagittal,MTL,-0.0213046479333304,0.7958094827500334,150
subject_603,30,Sagittal,MTR,-0.07712545032127617,0.34820008204557273,150
subject_603,30,Sagittal,SCML,-0.015245728551880174,0.8530956763457369,150
subject_603,30,Sagittal,SCMR,-0.023743527034527874,0.7730362513890353,150
subject_603,30,Sagittal,STL,-0.20228478859080035,0.013047623092453546,150
subject_603,30,Sagittal,STR,-0.18568291201852338,0.022909612429802467,150
subject_603,30,Sagittal,UTL,-0.05837998494256554,0.4779335620913258,150
subject_603,30,Sagittal,UTR,-0.08775590093277368,0.28558525034785437,150
subject_603,30,Frontal,MTL,0.1851681348476729,0.023297521410104712,150
subject_603,30,Frontal,MTR,-0.012344542323178193,0.8808197703614993,150
subject_603,30,Frontal,SCML,0.04937816929271277,0.5484637556970496,150
subject_603,30,Frontal,SCMR,-0.14443114518118486,0.07783757374282793,150
subject_603,30,Frontal,STL,-0.23392907702422674,0.003962220307332172,150
subject_603,30,Frontal,STR,-0.1481345078781383,0.07043748737145858,150
subject_603,30,Frontal,UTL,0.13085214862568884,0.11047343650384955,150
subject_603,30,Frontal,UTR,0.014196223671654922,0.8631059936345069,150
subject_603,30,Horizontal,MTL,,,150
subject_603,30,Horizontal,MTR,,,150
subject_603,30,Horizontal,SCML,,,150
subject_603,30,Horizontal,SCMR,,,150
subject_603,30,Horizontal,STL,,,150
subject_603,30,Horizontal,STR,,,150
subject_603,30,Horizontal,UTL,,,150
subject_603,30,Horizontal,UTR,,,150
subject_603,40,Sagittal,MTL,-0.06368437544078512,0.43879321618992895,150
subject_603,40,Sagittal,MTR,-0.039301088614606426,0.6330089660714056,150
subject_603,40,Sagittal,SCML,0.04659140354594114,0.5712851051152112,150
subject_603,40,Sagittal,SCMR,-0.06538257062783602,0.42665891465965483,150
subject_603,40,Sagittal,STL,-0.03476982688063527,0.6727279133615162,150
subject_603,40,Sagittal,STR,-0.012672730185207887,0.8776756537231208,150
subject_603,40,Sagittal,UTL,-0.04348284286455984,0.5972572441866453,150
subject_603,40,Sagittal,UTR,-0.21972096371731625,0.00690054589845238,150
subject_603,40,Frontal,MTL,-0.0494475150088202,0.5479016032363758,150
subject_603,40,Frontal,MTR,-0.08190628412814531,0.3190429061459765,150
subject_603,40,Frontal,SCML,-0.05893691314438282,0.4737373040469554,150
subject_603,40,Frontal,SCMR,0.046609074727653015,0.5711389946589741,150
subject_603,40,Frontal,STL,-0.15352714996807593,0.06069341868509011,150
subject_603,40,Frontal,STR,-0.025409801188603642,0.7575864825919076,150
subject_603,40,Frontal,UTL,0.009939777958773644,0.9039116177445489,150
subject_603,40,Frontal,UTR,-0.08124642531739426,0.3229703126751032,150
subject_603,40,Horizontal,MTL,-0.028189180752188406,0.7320307206466484,150
subject_603,40,Horizontal,MTR,-0.009396393584062801,0.9091413586265166,150
subject_603,40,Horizontal,SCML,-0.19061255556241682,0.01946768376716625,150
subject_603,40,Horizontal,SCMR,-0.028189180752188406,0.7320307206466484,150
subject_603,40,Horizontal,STL,-0.19329723944357763,0.017788548753115318,150
subject_603,40,Horizontal,STR,0.010738735524643201,0.8962296924396507,150
subject_603,40,Horizontal,UTL,-0.0026846838811608003,0.9739891639448531,150
subject_603,40,Horizontal,UTR,-0.0013423419405804002,0.9869928713067337,150
subject_603,50,Sagittal,MTL,0.0948865240592547,0.24808869440709053,150
subject_603,50,Sagittal,MTR,0.15536865683660106,0.057630696409488015,150
subject_603,50,Sagittal,SCML,0.10740497919531933,0.19079854771728819,150
subject_603,50,Sagittal,SCMR,0.023814839781080135,0.7723731610945883,150
subject_603,50,Sagittal,STL,-0.0487378282277726,0.553667975118595,150
subject_603,50,Sagittal,STR,-0.11088736226833007,0.1767286835806648,150
subject_603,50,Sagittal,UTL,0.3288586513148395,3.976089437446731e-05,150
subject_603,50,Sagittal,UTR,0.21455363428340588,0.008375893693138615,150
subject_603,50,Frontal,MTL,0.143797455285646,0.07916446326072543,150
subject_603,50,Frontal,MTR,0.024365028983342793,0.767262877779257,150
subject_603,50,Frontal,SCML,-0.037515731161773196,0.6485418516066364,150
subject_603,50,Frontal,SCMR,0.08758706824865041,0.28651672335017025,150
subject_603,50,Frontal,STL,-0.12134413447361078,0.13908811196719106,150
subject_603,50,Frontal,STR,-0.18630521149475304,0.022448106206616084,150
subject_603,50,Frontal,UTL,0.26156176203846954,0.0012243678919041435,150
subject_603,50,Frontal,UTR,0.18780682742931235,0.021367304183754886,150
subject_603,50,Horizontal,MTL,-0.018792787168125602,0.8194453398104192,150
subject_603,50,Horizontal,MTR,-0.06577475508843961,0.42388437648969834,150
subject_603,50,Horizontal,SCML,-0.18792787168125602,0.021282168713396384,150
subject_603,50,Horizontal,SCMR,0.010738735524643201,0.8962296924396507,150
subject_603,50,Horizontal,STL,-0.19598192332473846,0.016236493680659946,150
subject_603,50,Horizontal,STR,-0.0013423419405804002,0.9869928713067337,150
subject_603,50,Horizontal,UTL,0.12618014241455763,0.12389873066287928,150
subject_603,50,Horizontal,UTR,0.06711709702902001,0.41446730283967115,150
subject_603,60,Sagittal,MTL,-0.057728325380132485,0.482869017501308,150
subject_603,60,Sagittal,MTR,0.07617816897470528,0.35417033421652744,150
subject_603,60,Sagittal,SCML,0.162179231966346,0.047388378244248436,150
subject_603,60,Sagittal,SCMR,0.19406599146011266,0.017331491111062938,150
subject_603,60,Sagittal,STL,-0.03179073475776462,0.699351588168494,150
subject_603,60,Sagittal,STR,-0.09648740063913569,0.24016216052629388,150
subject_603,60,Sagittal,UTL,0.15841026107826614,0.05285120167936585,150
subject_603,60,Sagittal,UTR,0.04564012054569448,0.579176448275782,150
subject_603,60,Frontal,MTL,0.08086152797904639,0.32527552562552087,150
subject_603,60,Frontal,MTR,0.06197188917532223,0.4512259850447081,150
subject_603,60,Frontal,SCML,0.0974262047839762,0.23559684381184864,150
subject_603,60,Frontal,SCMR,-0.023376978046152384,0.7764471277728013,150
subject_603,60,Frontal,STL,-0.13660913077764297,0.09552609622625713,150
subject_603,60,Frontal,STR,-0.33065403606163185,3.586145375513616e-05,150
subject_603,60,Frontal,UTL,0.13272877462114707,0.10541236832482757,150
subject_603,60,Frontal,UTR,0.04249423550710116,0.6056270722138797,150
subject_603,60,Horizontal,MTL,-0.07066823708938466,0.3901528057602432,150
subject_603,60,Horizontal,MTR,0.00666681481975327,0.9354663534752465,150
subject_603,60,Horizontal,SCML,-0.06400142226963139,0.4365130013063555,150
subject_603,60,Horizontal,SCMR,-0.028000622242963732,0.7337555620775872,150
subject_603,60,Horizontal,STL,-0.009333540747654578,0.9097465344763603,150
subject_603,60,Horizontal,STR,0.028000622242963732,0.7337555620775872,150
subject_603,60,Horizontal,UTL,0.002666725927901308,0.9741630910131164,150
subject_603,60,Horizontal,UTR,-0.05866797041382877,0.47576118531296224,150
subject_603,70,Sagittal,MTL,0.1393227109957577,0.08906010597542358,150
subject_603,70,Sagittal,MTR,0.22473433911037094,0.005694799033374457,150
subject_603,70,Sagittal,SCML,0.2801036419069464,0.0005173332122706486,150
subject_603,70,Sagittal,SCMR,0.1628657557664575,0.04644575899713214,150
subject_603,70,Sagittal,STL,0.2195322939948605,0.0069500546451946475,150
subject_603,70,Sagittal,STR,-0.3467942721085622,1.3769118686512593e-05,150
subject_603,70,Sagittal,UTL,0.1906580421392475,0.019438130834323466,150
subject_603,70,Sagittal,UTR,0.42565233421043625,5.63296423849465e-08,150
subject_603,70,Frontal,MTL,-0.12363935104845032,0.13171099571863978,150
subject_603,70,Frontal,MTR,-0.10657110077811918,0.19428558181562627,150
subject_603,70,Frontal,SCML,0.13326693118577132,0.10399512907703999,150
subject_603,70,Frontal,SCMR,0.1326768536934839,0.10554990093788205,150
subject_603,70,Frontal,STL,-0.09274051253783872,0.2589959622906453,150
subject_603,70,Frontal,STR,-0.047462417241486414,0.5641043511388135,150
subject_603,70,Frontal,UTL,0.1323041731720392,0.10654122899021175,150
subject_603,70,Frontal,UTR,-0.03594296584599833,0.6623519779170376,150
subject_603,70,Horizontal,MTL,0.22479760250364286,0.005680868637938678,150
subject_603,70,Horizontal,MTR,0.22140269067679091,0.0064729150922413934,150
subject_603,70,Horizontal,SCML,-0.18036130672099485,0.027200230165058664,150
subject_603,70,Horizontal,SCMR,-0.05376663251836146,0.5134544229380732,150
subject_603,70,Horizontal,STL,-0.07672954391735791,0.3506875427419417,150
subject_603,70,Horizontal,STR,-0.10143149700939656,0.21680337801173208,150
subject_603,70,Horizontal,UTL,-0.07117973260130146,0.3867227497632817,150
subject_603,70,Horizontal,UTR,0.0817198374713051,0.3201494664762443,150
subject_603,80,Sagittal,MTL,0.3742939000034029,2.376315737754416e-06,150
subject_603,80,Sagittal,MTR,0.22187493672341577,0.006357154378713926,150
subject_603,80,Sagittal,SCML,-0.0925398217487858,0.26003254687029387,150
subject_603,80,Sagittal,SCMR,-0.05747756675936586,0.48477545617175466,150
subject_603,80,Sagittal,STL,0.1601154210802175,0.05031839730391214,150
subject_603,80,Sagittal,STR,-0.20238424208358854,0.013002048385293508,150
subject_603,80,Sagittal,UTL,0.2611546811511051,0.0012469051557274656,150
subject_603,80,Sagittal,UTR,0.34158717732470195,1.886042720088708e-05,150
subject_603,80,Frontal,MTL,0.022293104708280147,0.7865577346723505,150
subject_603,80,Frontal,MTR,-0.09609743533153968,0.2420765486761164,150
subject_603,80,Frontal,SCML,0.6063159898349307,1.9996664514202465e-16,150
subject_603,80,Frontal,SCMR,0.36784708503860114,3.64043024847698e-06,150
subject_603,80,Frontal,STL,0.1317707458055794,0.10797283583919051,150
subject_603,80,Frontal,STR,0.1129875268824159,0.16862194543775103,150
subject_603,80,Frontal,UTL,0.04955690255881209,0.547015424295938,150
subject_603,80,Frontal,UTR,0.15464422532872135,0.058820014444103265,150
subject_603,80,Horizontal,MTL,0.02787824249735755,0.7348757452367985,150
subject_603,80,Horizontal,MTR,0.10413828844854475,0.2047229651425413,150
subject_603,80,Horizontal,SCML,-0.6365179451242553,2.0605787427424342e-18,150
subject_603,80,Horizontal,SCMR,-0.26160656742037725,0.0012219102115615676,150
subject_603,80,Horizontal,STL,-0.19233617947581244,0.018374617288224697,150
subject_603,80,Horizontal,STR,-0.12186629513604333,0.13738275448419432,150
subject_603,80,Horizontal,UTL,0.06566343670325399,0.4246708430565023,150
subject_603,80,Horizontal,UTR,-0.14166538995564945,0.08376301152099018,150
subject_603,90,Sagittal,MTL,0.0770692495633997,0.350191632831375,149
subject_603,90,Sagittal,MTR,0.01673228643337724,0.8394964208979483,149
subject_603,90,Sagittal,SCML,0.29114141223607815,0.00031546114885674817,149
subject_603,90,Sagittal,SCMR,0.03015825968615045,0.7150283746234137,149
subject_603,90,Sagittal,STL,0.13577814616941475,0.09872211373071076,149
subject_603,90,Sagittal,STR,-0.3244126986661925,5.42937397686106e-05,149
subject_603,90,Sagittal,UTL,0.38538527680901236,1.213501441317005e-06,149
subject_603,90,Sagittal,UTR,0.32769113399535804,4.512969565322209e-05,149
subject_603,90,Frontal,MTL,0.011261759029806794,0.8915731500462633,149
subject_603,90,Frontal,MTR,-0.15887186233996375,0.052958937051794545,149
subject_603,90,Frontal,SCML,0.6014037327680205,5.051012064696159e-16,149
subject_603,90,Frontal,SCMR,-0.03184253219951184,0.6998581374837411,149
subject_603,90,Frontal,STL,0.23121744855743004,0.004551832026696529,149
subject_603,90,Frontal,STR,-0.4445343032184481,1.351490974449987e-08,149
subject_603,90,Frontal,UTL,0.39370139158467665,6.786599711449999e-07,149
subject_603,90,Frontal,UTR,0.31812495707655963,7.694498975444611e-05,149
subject_603,90,Horizontal,MTL,-0.06268056461243568,0.4476029644175592,149
subject_603,90,Horizontal,MTR,0.08263352932634861,0.3163964424362424,149
subject_603,90,Horizontal,SCML,-0.5184635636205476,1.2638302956212279e-11,149
subject_603,90,Horizontal,SCMR,0.06408752924357193,0.43745477099806684,149
subject_603,90,Horizontal,STL,-0.14589274926850884,0.07583819415456775,149
subject_603,90,Horizontal,STR,0.45994002793201927,3.6115009386372045e-09,149
subject_603,90,Horizontal,UTL,-0.208033364593342,0.010899586237677976,149
subject_603,90,Horizontal,UTR,-0.22330870411680614,0.006190223680527319,149
subject_604,10,Sagittal,MTL,0.274013325370433,0.0007839815094439056,147
subject_604,10,Sagittal,MTR,-0.013550109496340092,0.8706039953709571,147
subject_604,10,Sagittal,SCML,0.33197768266033223,3.994981057197175e-05,147
subject_604,10,Sagittal,SCMR,-0.1580846107906344,0.05583072827472937,147
subject_604,10,Sagittal,STL,0.31918035702489994,8.13480512668407e-05,147
subject_604,10,Sagittal,STR,-0.1656124493997122,0.04499855604186619,147
subject_604,10,Sagittal,UTL,0.26723827062226285,0.00106731864109367,147
subject_604,10,Sagittal,UTR,-0.004516703165446697,0.9567002175417327,147
subject_604,10,Frontal,MTL,0.12287045287480981,0.1381723709056011,147
subject_604,10,Frontal,MTR,-0.12287045287480981,0.1381723709056011,147
subject_604,10,Frontal,SCML,0.12287045287480981,0.1381723709056011,147
subject_604,10,Frontal,SCMR,-0.062410388761808155,0.45267762490727503,147
subject_604,10,Frontal,STL,0.13847305006526184,0.09439976656421503,147
subject_604,10,Frontal,STR,-0.10336720638674476,0.2128002962874037,147
subject_604,10,Frontal,UTL,0.13457240076764884,0.10414642134082563,147
subject_604,10,Frontal,UTR,0.14042337471406835,0.08980546178148555,147
subject_604,10,Horizontal,MTL,-0.18681773699642226,0.023470156924281088,147
subject_604,10,Horizontal,MTR,0.06780791935425697,0.41447225645680325,147
subject_604,10,Horizontal,SCML,-0.1812823966409727,0.02799125518616067,147
subject_604,10,Horizontal,SCMR,0.12316132290875247,0.13723464743299915,147
subject_604,10,Horizontal,STL,-0.196504582618459,0.017057838376261184,147
subject_604,10,Horizontal,STR,0.03459587722155968,0.67741257640001,147
subject_604,10,Horizontal,UTL,-0.08441394042060561,0.3093708127157008,147
subject_604,10,Horizontal,UTR,0.03459587722155968,0.67741257640001,147
subject_604,20,Sagittal,MTL,0.16326908396901554,0.048164658705448025,147
subject_604,20,Sagittal,MTR,0.0839021681507441,0.3123236594327624,147
subject_604,20,Sagittal,SCML,0.11224749522869819,0.17586647441514072,147
subject_604,20,Sagittal,SCMR,0.09297267281568941,0.26269732161625,147
subject_604,20,Sagittal,STL,0.1995511026287968,0.015384546811639813,147
subject_604,20,Sagittal,STR,0.014739570080536125,0.8593577287927434,147
subject_604,20,Sagittal,UTL,0.04762014949096287,0.566807310774882,147
subject_604,20,Sagittal,UTR,0.16100145780277922,0.051402625179428375,147
subject_604,20,Frontal,MTL,,,147
subject_604,20,Frontal,MTR,,,147
subject_604,20,Frontal,SCML,,,147
subject_604,20,Frontal,SCMR,,,147
subject_604,20,Frontal,STL,,,147
subject_604,20,Frontal,STR,,,147
subject_604,20,Frontal,UTL,,,147
subject_604,20,Frontal,UTR,,,147
subject_604,20,Horizontal,MTL,0.12912401418484565,0.11906424705588138,147
subject_604,20,Horizontal,MTR,0.14592782424999678,0.07779425979877075,147
subject_604,20,Horizontal,SCML,0.030954386962120536,0.7097533914818372,147
subject_604,20,Horizontal,SCMR,0.13708371368939093,0.09778483413544539,147
subject_604,20,Horizontal,STL,0.13354606946514858,0.10683812872793376,147
subject_604,20,Horizontal,STR,0.0017688221121211734,0.9830360470170109,147
subject_604,20,Horizontal,UTL,0.1645004564272691,0.04647861463058761,147
subject_604,20,Horizontal,UTR,0.20429895394999553,0.013061636420858662,147
subject_604,30,Sagittal,MTL,0.00340143924935449,0.9673849340342024,147
subject_604,30,Sagittal,MTR,-0.15306476622095205,0.06418521382471555,147
subject_604,30,Sagittal,SCML,-0.06576115882085348,0.4287326310753519,147
subject_604,30,Sagittal,SCMR,-0.12698706530923431,0.1253486783475847,147
subject_604,30,Sagittal,STL,0.10884605597934369,0.1894105188915617,147
subject_604,30,Sagittal,STR,-0.01587338316365429,0.8486637935908928,147
subject_604,30,Sagittal,UTL,-0.16893814938460636,0.04080490291894953,147
subject_604,30,Sagittal,UTR,-0.06916259807020797,0.4051884501403815,147
subject_604,30,Frontal,MTL,,,147
subject_604,30,Frontal,MTR,,,147
subject_604,30,Frontal,SCML,,,147
subject_604,30,Frontal,SCMR,,,147
subject_604,30,Frontal,STL,,,147
subject_604,30,Frontal,STR,,,147
subject_604,30,Frontal,UTL,,,147
subject_604,30,Frontal,UTR,,,147
subject_604,30,Horizontal,MTL,-0.0828062246998561,0.3187086923404153,147
subject_604,30,Horizontal,MTR,-0.09485076647438064,0.25313597109132646,147
subject_604,30,Horizontal,SCML,-0.18518482978331458,0.024733585270265018,147
subject_604,30,Horizontal,SCMR,-0.040650328489020275,0.6249452640911712,147
subject_604,30,Horizontal,STL,-0.02408908354904905,0.7721120632670587,147
subject_604,30,Horizontal,STR,0.02935857057540353,0.7240950856872038,147
subject_604,30,Horizontal,UTL,0.009033406330893393,0.9135265421312088,147
subject_604,30,Horizontal,UTR,0.01279732563543231,0.8777350653807113,147
subject_604,40,Sagittal,MTL,,,146
subject_604,40,Sagittal,MTR,,,146
subject_604,40,Sagittal,SCML,,,146
subject_604,40,Sagittal,SCMR,,,146
subject_604,40,Sagittal,STL,,,146
subject_604,40,Sagittal,STR,,,146
subject_604,40,Sagittal,UTL,,,146
subject_604,40,Sagittal,UTR,,,146
subject_604,40,Frontal,MTL,-0.032157297735329,0.7000018884824768,146
subject_604,40,Frontal,MTR,0.11324961376354997,0.17350705976823602,146
subject_604,40,Frontal,SCML,0.01677772055756296,0.8407004733219958,146
subject_604,40,Frontal,SCMR,-0.10206446672517466,0.22025391988535256,146
subject_604,40,Frontal,STL,-0.032157297735329,0.7000018884824768,146
subject_604,40,Frontal,STR,0.013981433797969133,0.866981075917489,146
subject_604,40,Frontal,UTL,-0.047536874913095044,0.568830108936354,146
subject_604,40,Frontal,UTR,-0.07689788588883023,0.35624647604562953,146
subject_604,40,Horizontal,MTL,-0.01692476737041502,0.8393230557081104,146
subject_604,40,Horizontal,MTR,-0.08163711319847244,0.32729232411872633,146
subject_604,40,Horizontal,SCML,-0.0029867236536026505,0.9714589010503283,146
subject_604,40,Horizontal,SCMR,0.10752205152969542,0.19643510006914935,146
subject_604,40,Horizontal,STL,0.005973447307205301,0.9429539292816382,146
subject_604,40,Horizontal,STR,0.14137158627052546,0.08874115262458525,146
subject_604,40,Horizontal,UTL,0.04380528025283887,0.5995806207316242,146
subject_604,40,Horizontal,UTR,0.12146009524650776,0.14417862956563482,146
subject_604,50,Sagittal,MTL,,,147
subject_604,50,Sagittal,MTR,,,147
subject_604,50,Sagittal,SCML,,,147
subject_604,50,Sagittal,SCMR,,,147
subject_604,50,Sagittal,STL,,,147
subject_604,50,Sagittal,STR,,,147
subject_604,50,Sagittal,UTL,,,147
subject_604,50,Sagittal,UTR,,,147
subject_604,50,Frontal,MTL,-0.0671358588508276,0.4191238030524466,147
subject_604,50,Frontal,MTR,0.05865553983809149,0.4803762985809551,147
subject_604,50,Frontal,SCML,0.09964374839964939,0.2298312313272678,147
subject_604,50,Frontal,SCMR,-0.13851187720802327,0.09430651814882424,147
subject_604,50,Frontal,STL,-0.10671068091026281,0.19829311170433817,147
subject_604,50,Frontal,STR,0.02049410428077895,0.8053861764877093,147
subject_604,50,Frontal,UTL,-0.028974423293515073,0.7275620228288168,147
subject_604,50,Frontal,UTR,-0.031094503046699105,0.7084989201680728,147
subject_604,50,Horizontal,MTL,-0.13991802537067613,0.09097843895449607,147
subject_604,50,Horizontal,MTR,-0.10740186454509647,0.195385573994263,147
subject_604,50,Horizontal,SCML,0.009853382068357473,0.9057119683712037,147
subject_604,50,Horizontal,SCMR,0.01576541130937196,0.8496810114185895,147
subject_604,50,Horizontal,STL,0.17144884798942003,0.0378605391114772,147
subject_604,50,Horizontal,STR,0.19805297957398518,0.016188617675082895,147
subject_604,50,Horizontal,UTL,0.01478007310253621,0.8589752589396678,147
subject_604,50,Horizontal,UTR,-0.009853382068357473,0.9057119683712037,147
subject_604,60,Sagittal,MTL,,,147
subject_604,60,Sagittal,MTR,,,147
subject_604,60,Sagittal,SCML,,,147
subject_604,60,Sagittal,SCMR,,,147
subject_604,60,Sagittal,STL,,,147
subject_604,60,Sagittal,STR,,,147
subject_604,60,Sagittal,UTL,,,147
subject_604,60,Sagittal,UTR,,,147
subject_604,60,Frontal,MTL,-0.21713655836781837,0.008247587869264963,147
subject_604,60,Frontal,MTR,-0.11261933437733862,0.17443035355884728,147
subject_604,60,Frontal,SCML,0.08912321425544782,0.283058169889819,147
subject_604,60,Frontal,SCMR,-0.28762491873349066,0.0004117390848711115,147
subject_604,60,Frontal,STL,-0.04942287335983925,0.5521988092698685,147
subject_604,60,Frontal,STR,-0.030788019470063797,0.711243905293164,147
subject_604,60,Frontal,UTL,0.0753496265977877,0.3643766529148749,147
subject_604,60,Frontal,UTR,-0.1571809415050625,0.0572647577326975,147
subject_604,60,Horizontal,MTL,-0.13708072748894476,0.09779221192396398,147
subject_604,60,Horizontal,MTR,-0.11702013322226991,0.15808658491765737,147
subject_604,60,Horizontal,SCML,0.0060181782800024525,0.942327925534111,147
subject_604,60,Horizontal,SCMR,-0.12103225207560489,0.14421185009940204,147
subject_604,60,Horizontal,STL,0.15112314347561714,0.0676791180501197,147
subject_604,60,Horizontal,STR,0.15580394880450796,0.059508080348248955,147
subject_604,60,Horizontal,UTL,-0.147779711097838,0.07405734897730076,147
subject_604,60,Horizontal,UTR,-0.17252111069340365,0.036658703014044315,147
subject_604,70,Sagittal,MTL,,,147
subject_604,70,Sagittal,MTR,,,147
subject_604,70,Sagittal,SCML,,,147
subject_604,70,Sagittal,SCMR,,,147
subject_604,70,Sagittal,STL,,,147
subject_604,70,Sagittal,STR,,,147
subject_604,70,Sagittal,UTL,,,147
subject_604,70,Sagittal,UTR,,,147
subject_604,70,Frontal,MTL,,,147
subject_604,70,Frontal,MTR,,,147
subject_604,70,Frontal,SCML,,,147
subject_604,70,Frontal,SCMR,,,147
subject_604,70,Frontal,STL,,,147
subject_604,70,Frontal,STR,,,147
subject_604,70,Frontal,UTL,,,147
subject_604,70,Frontal,UTR,,,147
subject_604,70,Horizontal,MTL,-0.35274958985948585,1.1756480508346807e-05,147
subject_604,70,Horizontal,MTR,-0.3041187772714648,0.00018049022875906313,147
subject_604,70,Horizontal,SCML,0.1962852363154182,0.017184192248780292,147
subject_604,70,Horizontal,SCMR,0.012333901743338668,0.8821299737156837,147
subject_604,70,Horizontal,STL,0.34147287969414764,2.3086475025170927e-05,147
subject_604,70,Horizontal,STR,0.1610455170487363,0.051338036685644586,147
subject_604,70,Horizontal,UTL,-0.4563543645035306,6.27881071383626e-09,147
subject_604,70,Horizontal,UTR,-0.270641043968117,0.0009150129920744925,147
subject_604,80,Sagittal,MTL,,,147
subject_604,80,Sagittal,MTR,,,147
subject_604,80,Sagittal,SCML,,,147
subject_604,80,Sagittal,SCMR,,,147
subject_604,80,Sagittal,STL,,,147
subject_604,80,Sagittal,STR,,,147
subject_604,80,Sagittal,UTL,,,147
subject_604,80,Sagittal,UTR,,,147
subject_604,80,Frontal,MTL,,,147
subject_604,80,Frontal,MTR,,,147
subject_604,80,Frontal,SCML,,,147
subject_604,80,Frontal,SCMR,,,147
subject_604,80,Frontal,STL,,,147
subject_604,80,Frontal,STR,,,147
subject_604,80,Frontal,UTL,,,147
subject_604,80,Frontal,UTR,,,147
subject_604,80,Horizontal,MTL,-0.09689864537311221,0.24298672505579552,147
subject_604,80,Horizontal,MTR,-0.032523074744608596,0.6957539609567204,147
subject_604,80,Horizontal,SCML,0.11031022258738381,0.1834900004618582,147
subject_604,80,Horizontal,SCMR,0.16160950543197264,0.05051718207469171,147
subject_604,80,Horizontal,STL,0.3141661962443119,0.00010656812506586035,147
subject_604,80,Horizontal,STR,0.20653828909978245,0.01207690239855885,147
subject_604,80,Horizontal,UTL,-0.19279142245515407,0.01930909710567814,147
subject_604,80,Horizontal,UTR,0.05364630885708634,0.5187073510880493,147
subject_604,90,Sagittal,MTL,-0.5361366350368798,3.080882554017231e-12,146
subject_604,90,Sagittal,MTR,-0.5667875557602454,8.82477834357624e-14,146
subject_604,90,Sagittal,SCML,-0.5996833326492659,1.2660477456887787e-15,146
subject_604,90,Sagittal,SCMR,-0.5478971365686914,8.225046816440772e-13,146
subject_604,90,Sagittal,STL,0.2892842531933417,0.00039798099874092675,146
subject_604,90,Sagittal,STR,-0.5816426869455207,1.3769698614694177e-14,146
subject_604,90,Sagittal,UTL,-0.5889316531190237,5.344315153526486e-15,146
subject_604,90,Sagittal,UTR,-0.5452751082132605,1.1090372961758186e-12,146
subject_604,90,Frontal,MTL,0.4245655928916616,9.252867375895115e-08,146
subject_604,90,Frontal,MTR,0.5476231433002443,8.487028362750421e-13,146
subject_604,90,Frontal,SCML,0.5881878205817439,5.892637375904466e-15,146
subject_604,90,Frontal,SCMR,0.5063767067367028,6.998356533261713e-11,146
subject_604,90,Frontal,STL,-0.3550261461233766,1.0974205593312511e-05,146
subject_604,90,Frontal,STR,0.5711438385306937,5.167766878335868e-14,146
subject_604,90,Frontal,UTL,0.5425099486849292,1.515743702924344e-12,146
subject_604,90,Frontal,UTR,0.4855830486344215,5.222240809908967e-10,146
subject_604,90,Horizontal,MTL,-0.3764694875955782,2.823325935217323e-06,146
subject_604,90,Horizontal,MTR,-0.4361114808164093,3.7497746552736155e-08,146
subject_604,90,Horizontal,SCML,-0.6334902318621435,9.42941090292069e-18,146
subject_604,90,Horizontal,SCMR,-0.6539200858935884,3.6002315139685503e-19,146
subject_604,90,Horizontal,STL,0.5135472178710797,3.389368759287507e-11,146
subject_604,90,Horizontal,STR,-0.6127308640559979,2.0478717349491176e-16,146
subject_604,90,Horizontal,UTL,-0.6934617388576754,2.996079648415343e-22,146
subject_604,90,Horizontal,UTR,-0.6147079467042021,1.5424743940894344e-16,146
subject_605,10,Sagittal,MTL,-0.3483788451964049,6.853131570979952e-05,125
subject_605,10,Sagittal,MTR,-0.13287746209712983,0.1396088443896023,125
subject_605,10,Sagittal,SCML,0.3388766137232617,0.00011076324286423524,125
subject_605,10,Sagittal,SCMR,0.11592658322848497,0.1979469131570052,125
subject_605,10,Sagittal,STL,0.6002488499015876,1.378500914107548e-13,125
subject_605,10,Sagittal,STR,0.3493687944631619,6.512983564159015e-05,125
subject_605,10,Sagittal,UTL,0.15745960036194026,0.07947797733168166,125
subject_605,10,Sagittal,UTR,-0.16835224601557708,0.060553146586810845,125
subject_605,10,Frontal,MTL,-0.38195733776638,1.2011947650860516e-05,124
subject_605,10,Frontal,MTR,-0.018228342618635276,0.8407430051436373,124
subject_605,10,Frontal,SCML,0.4473959662261134,1.8933655620016463e-07,124
subject_605,10,Frontal,SCMR,0.3176072639689973,0.00032509316791650057,124
subject_605,10,Frontal,STL,0.4378397757508716,3.6699713348338473e-07,124
subject_605,10,Frontal,STR,0.281816906131105,0.0015195450994306995,124
subject_605,10,Frontal,UTL,0.36437223199367924,3.177803549998849e-05,124
subject_605,10,Frontal,UTR,-0.038148892939652006,0.6740041411692871,124
subject_605,10,Horizontal,MTL,-0.515182746857006,9.23261697191302e-10,124
subject_605,10,Horizontal,MTR,-0.08199747527477541,0.36527280592689465,124
subject_605,10,Horizontal,SCML,0.44652385173275144,2.0129429581662977e-07,124
subject_605,10,Horizontal,SCMR,0.3038614072755953,0.0006016176645967912,124
subject_605,10,Horizontal,STL,0.16409136391958914,0.06859119212354409,124
subject_605,10,Horizontal,STR,0.16904617276242867,0.060533815039261,124
subject_605,10,Horizontal,UTL,0.44180798037218083,2.794950161450051e-07,124
subject_605,10,Horizontal,UTR,-0.03443634064630029,0.7041711831110022,124
subject_605,20,Sagittal,MTL,-0.3743988985905788,1.8374690440422548e-05,124
subject_605,20,Sagittal,MTR,-0.05982104908663491,0.5092641164715537,124
subject_605,20,Sagittal,SCML,0.20930560051386554,0.019646711665510457,124
subject_605,20,Sagittal,SCMR,-0.05778571753487071,0.5238053261670726,124
subject_605,20,Sagittal,STL,0.5251155403551651,3.8210679800032484e-10,124
subject_605,20,Sagittal,STR,0.35745935823417346,4.587856994007746e-05,124
subject_605,20,Sagittal,UTL,-0.08282233776025114,0.3604528865018208,124
subject_605,20,Sagittal,UTR,-0.14148617492782278,0.11700650487127874,124
subject_605,20,Frontal,MTL,-0.318418169481132,0.00031320890032197505,124
subject_605,20,Frontal,MTR,0.032025550800557294,0.7240132602390892,124
subject_605,20,Frontal,SCML,0.19538379012104212,0.02965474172294692,124
subject_605,20,Frontal,SCMR,0.02756680804435908,0.7611889628175619,124
subject_605,20,Frontal,STL,0.44594494248614613,2.0962623388518146e-07,124
subject_605,20,Frontal,STR,0.29054177326049346,0.0010623093356920243,124
subject_605,20,Frontal,UTL,0.16470090978065316,0.06755531076795293,124
subject_605,20,Frontal,UTR,-0.0427198032376878,0.637565801632645,124
subject_605,20,Horizontal,MTL,-0.30722401837534064,0.0005189366023844916,124
subject_605,20,Horizontal,MTR,0.13177731191509742,0.14458745760268124,124
subject_605,20,Horizontal,SCML,0.30036033559895864,0.0007004303474840351,124
subject_605,20,Horizontal,SCMR,0.2479606604057412,0.005491196807856032,124
subject_605,20,Horizontal,STL,0.2743359132240268,0.002047068956439122,124
subject_605,20,Horizontal,STR,0.2311297947771558,0.009801439327345965,124
subject_605,20,Horizontal,UTL,0.1777001173848614,0.04832626451888415,124
subject_605,20,Horizontal,UTR,0.14040864038683856,0.11984957478524072,124
subject_605,30,Sagittal,MTL,-0.32021151328591907,0.0002883390157501731,124
subject_605,30,Sagittal,MTR,-0.11875267017221283,0.18896915835773662,124
subject_605,30,Sagittal,SCML,0.14482448228063524,0.10852967704788245,124
subject_605,30,Sagittal,SCMR,0.30336947738241027,0.0006146810974402513,124
subject_605,30,Sagittal,STL,0.5529671724856947,2.7488531167334026e-11,124
subject_605,30,Sagittal,STR,0.25638346062211603,0.0040498089748145175,124
subject_605,30,Sagittal,UTL,-0.231819202275065,0.009578731958711536,124
subject_605,30,Sagittal,UTR,-0.13408715231435028,0.13761728155701664,124
subject_605,30,Frontal,MTL,-0.33844933439585445,0.00012067785457400391,124
subject_605,30,Frontal,MTR,-0.1337947913993243,0.1384850943061973,124
subject_605,30,Frontal,SCML,0.1569345292459263,0.0817444264146048,124
subject_605,30,Frontal,SCMR,0.2200868764922267,0.014043146399776746,124
subject_605,30,Frontal,STL,0.5763203717232309,2.4890334235610215e-12,124
subject_605,30,Frontal,STR,0.26782441503671617,0.002635781951103845,124
subject_605,30,Frontal,UTL,-0.15193295307096402,0.09208253447847295,124
subject_605,30,Frontal,UTR,-0.18610980610674352,0.038493604552361484,124
subject_605,30,Horizontal,MTL,-0.40273244756542587,3.5325693325967123e-06,124
subject_605,30,Horizontal,MTR,-0.2011236584546503,0.025098977627338575,124
subject_605,30,Horizontal,SCML,-0.09283262894329525,0.30513327152015135,124
subject_605,30,Horizontal,SCMR,0.07833626713399237,0.38714244155812705,124
subject_605,30,Horizontal,STL,0.39853894528366496,4.5529235381566915e-06,124
subject_605,30,Horizontal,STR,0.19202951429067472,0.03262888329710303,124
subject_605,30,Horizontal,UTL,-0.10806902056702652,0.23219626310927818,124
subject_605,30,Horizontal,UTR,-0.1225818274833167,0.17500055438982257,124
subject_605,40,Sagittal,MTL,-0.4018412109986138,3.7293800322686994e-06,124
subject_605,40,Sagittal,MTR,0.07411139815132242,0.4133358917842151,124
subject_605,40,Sagittal,SCML,0.2844623621755137,0.0013648796444090765,124
subject_605,40,Sagittal,SCMR,0.1855785199623997,0.039060718382324285,124
subject_605,40,Sagittal,STL,0.5152576049596014,9.172404504788208e-10,124
subject_605,40,Sagittal,STR,0.20500022972562176,0.022372701799937143,124
subject_605,40,Sagittal,UTL,0.06618648842709726,0.46517102704897134,124
subject_605,40,Sagittal,UTR,-0.14562021618263724,0.1065817241065849,124
subject_605,40,Frontal,MTL,-0.3950993621856719,5.591984360230701e-06,124
subject_605,40,Frontal,MTR,-0.0014806902186788684,0.9869780745842321,124
subject_605,40,Frontal,SCML,0.3485782278965534,7.264020396721429e-05,124
subject_605,40,Frontal,SCMR,0.19185514690596195,0.032790152538266955,124
subject_605,40,Frontal,STL,0.5343361967842462,1.6415790323129135e-10,124
subject_605,40,Frontal,STR,0.3141438305553974,0.0003806941037947684,124
subject_605,40,Frontal,UTL,0.02084099315313415,0.8182860116516945,124
subject_605,40,Frontal,UTR,-0.18939475188093918,0.03513853830513666,124
subject_605,40,Horizontal,MTL,-0.34202301712713684,0.00010108989805856346,124
subject_605,40,Horizontal,MTR,-0.008345755782326983,0.9267021815441524,124
subject_605,40,Horizontal,SCML,0.03929193206129647,0.66481675460282,124
subject_605,40,Horizontal,SCMR,0.04433638291352992,0.6248774683262857,124
subject_605,40,Horizontal,STL,0.3308597683441266,0.0001745498858572285,124
subject_605,40,Horizontal,STR,0.041593596166652626,0.6464679648242098,124
subject_605,40,Horizontal,UTL,0.13721760103832753,0.12858298619345018,124
subject_605,40,Horizontal,UTR,-0.11579469339929381,0.2003029667466304,124
subject_605,50,Sagittal,MTL,-0.26829686889531973,0.002588412197790925,124
subject_605,50,Sagittal,MTR,-0.1024859129313743,0.2573562015324676,124
subject_605,50,Sagittal,SCML,0.42572218403963097,8.254876276463487e-07,124
subject_605,50,Sagittal,SCMR,0.2797225772454023,0.0016531152811424456,124
subject_605,50,Sagittal,STL,0.3100941609945716,0.0004567801276839361,124
subject_605,50,Sagittal,STR,0.3626007818942669,3.4941767443241636e-05,124
subject_605,50,Sagittal,UTL,0.21220107735859972,0.017978921962366116,124
subject_605,50,Sagittal,UTR,-0.3130433174146598,0.00040012090274978395,124
subject_605,50,Frontal,MTL,-0.25811438943445203,0.00379952430108037,124
subject_605,50,Frontal,MTR,-0.11138051094840543,0.21811510651810592,124
subject_605,50,Frontal,SCML,0.35909887604364843,4.208395595333393e-05,124
subject_605,50,Frontal,SCMR,0.2637178389035253,0.0030816665086424015,124
subject_605,50,Frontal,STL,0.2845596110243309,0.0013594775487091298,124
subject_605,50,Frontal,STR,0.303117929675487,0.0006214613255199962,124
subject_605,50,Frontal,UTL,0.13917974012330275,0.12315692222775272,124
subject_605,50,Frontal,UTR,-0.2687858051468851,0.002540200597525022,124
subject_605,50,Horizontal,MTL,-0.1633429277410719,0.06988070350018236,124
subject_605,50,Horizontal,MTR,-0.10247205450650711,0.257420892058053,124
subject_605,50,Horizontal,SCML,0.24664516893856078,0.005753543219973926,124
subject_605,50,Horizontal,SCMR,0.18887053396572925,0.03565680237683211,124
subject_605,50,Horizontal,STL,0.22176160782507595,0.013311481844091214,124
subject_605,50,Horizontal,STR,0.1197820584035832,0.18513661838663606,124
subject_605,50,Horizontal,UTL,0.13369274398660952,0.1387889792317307,124
subject_605,50,Horizontal,UTR,-0.12552680303158217,0.16478654244266763,124
subject_605,60,Sagittal,MTL,-0.27963936112283677,0.001658636483736929,124
subject_605,60,Sagittal,MTR,-0.06446316386807988,0.4768972793133303,124
subject_605,60,Sagittal,SCML,0.2394224052095556,0.007402730525099019,124
subject_605,60,Sagittal,SCMR,0.381924046677307,1.2034736976404889e-05,124
subject_605,60,Sagittal,STL,0.44629110842930064,2.0460533062638555e-07,124
subject_605,60,Sagittal,STR,0.4907258794374785,7.2097444989491234e-09,124
subject_605,60,Sagittal,UTL,0.0503717461797287,0.5784924552955444,124
subject_605,60,Sagittal,UTR,-0.14713945840332143,0.10293873902170285,124
subject_605,60,Frontal,MTL,-0.23294128506300876,0.009225773341592277,124
subject_605,60,Frontal,MTR,-0.10823686801920389,0.231467560923698,124
subject_605,60,Frontal,SCML,0.13152292935558857,0.14537112696285948,124
subject_605,60,Frontal,SCMR,0.3197931378739076,0.00029397187495039764,124
subject_605,60,Frontal,STL,0.3469935303522422,7.873468729415779e-05,124
subject_605,60,Frontal,STR,0.3821313165350862,1.189351115984422e-05,124
subject_605,60,Frontal,UTL,0.012974113704366155,0.8862771964271552,124
subject_605,60,Frontal,UTR,-0.22876740149766794,0.010599533957839385,124
subject_605,60,Horizontal,MTL,-0.0787061925851487,0.38489759786007344,124
subject_605,60,Horizontal,MTR,-0.055569877153033846,0.5398717863144146,124
subject_605,60,Horizontal,SCML,0.054385705517700465,0.5485566430357405,124
subject_605,60,Horizontal,SCMR,0.06671832846669462,0.46158439100338733,124
subject_605,60,Horizontal,STL,0.3565743152432821,4.805786621932918e-05,124
subject_605,60,Horizontal,STR,0.15362003803435628,0.08848533074436757,124
subject_605,60,Horizontal,UTL,-0.0013715405649747379,0.9879379157655841,124
subject_605,60,Horizontal,UTR,-0.1388366294856532,0.1240927946252247,124
subject_605,70,Sagittal,MTL,-0.06257746189753394,0.4899094005006721,124
subject_605,70,Sagittal,MTR,-0.08477041205335252,0.3492271157043477,124
subject_605,70,Sagittal,SCML,0.26127076962472434,0.0033786092055654434,124
subject_605,70,Sagittal,SCMR,0.2719091097334359,0.0022508985552889558,124
subject_605,70,Sagittal,STL,0.22190891122249157,0.01324874896860907,124
subject_605,70,Sagittal,STR,0.22881696884792266,0.010582219156304166,124
subject_605,70,Sagittal,UTL,-0.1973823896879879,0.027994583533174962,124
subject_605,70,Sagittal,UTR,-0.04129048651226368,0.6488725414410307,124
subject_605,70,Frontal,MTL,-0.06485326453641932,0.4742289507023869,124
subject_605,70,Frontal,MTR,-0.05192257551871349,0.5668368880493065,124
subject_605,70,Frontal,SCML,0.26557359332724007,0.002872378569397457,124
subject_605,70,Frontal,SCMR,0.2688926282243988,0.0025297758799195267,124
subject_605,70,Frontal,STL,0.24237421675016177,0.00668392128160845,124
subject_605,70,Frontal,STR,0.1300113384001287,0.15009424277483752,124
subject_605,70,Frontal,UTL,-0.06266202415023396,0.48932187388379483,124
subject_605,70,Frontal,UTR,0.004663582707538221,0.9590021724296734,124
subject_605,70,Horizontal,MTL,0.00567986690101042,0.9500784509425665,124
subject_605,70,Horizontal,MTR,-0.16932448604047656,0.060105251482065684,124
subject_605,70,Horizontal,SCML,0.022808089640795032,0.8014734740983382,124
subject_605,70,Horizontal,SCMR,-0.09518812402189801,0.292971614091999,124
subject_605,70,Horizontal,STL,0.16690752140174872,0.06391114548923348,124
subject_605,70,Horizontal,STR,0.13069333456480997,0.14794916378457904,124
subject_605,70,Horizontal,UTL,0.0370037286189232,0.6832570138657748,124
subject_605,70,Horizontal,UTR,-0.041724866213238246,0.645427724949575,124
subject_605,80,Sagittal,MTL,0.6365964507047546,1.9194831993148605e-15,124
subject_605,80,Sagittal,MTR,0.13529875854141762,0.1340649683750357,124
subject_605,80,Sagittal,SCML,0.7903412696537759,9.985057564485422e-28,124
subject_605,80,Sagittal,SCMR,0.641815709581759,9.569323183580938e-16,124
subject_605,80,Sagittal,STL,-0.1854081101191127,0.03924409783444179,124
subject_605,80,Sagittal,STR,0.013660676351670606,0.8803028913963442,124
subject_605,80,Sagittal,UTL,0.6373333998493683,1.7412030195527843e-15,124
subject_605,80,Sagittal,UTR,0.3492979432667125,7.002039914417485e-05,124
subject_605,80,Frontal,MTL,0.5610660154704963,1.2206338350447355e-11,124
subject_605,80,Frontal,MTR,0.22673757136408473,0.011330305578682965,124
subject_605,80,Frontal,SCML,0.7922842164545933,6.031077683180494e-28,124
subject_605,80,Frontal,SCMR,0.643997024755099,7.125391811520213e-16,124
subject_605,80,Frontal,STL,-0.17033936807968586,0.05856347579519175,124
subject_605,80,Frontal,STR,-0.1287935007538631,0.15398283961652115,124
subject_605,80,Frontal,UTL,0.5460890353497238,5.385586328898121e-11,124
subject_605,80,Frontal,UTR,0.3951744759155078,5.567073759956199e-06,124
subject_605,80,Horizontal,MTL,-0.13429202227561554,0.1370116394581222,124
subject_605,80,Horizontal,MTR,-0.16032960547967273,0.07527267113702751,124
subject_605,80,Horizontal,SCML,-0.3281626779514129,0.00019855886501997947,124
subject_605,80,Horizontal,SCMR,-0.3896586337183522,7.704770183351688e-06,124
subject_605,80,Horizontal,STL,0.1853307982152123,0.03932753158913182,124
subject_605,80,Horizontal,STR,-0.11495297613307714,0.20361588847441883,124
subject_605,80,Horizontal,UTL,-0.3338662801631548,0.00015097924790669792,124
subject_605,80,Horizontal,UTR,-0.3844870452804494,1.0394403685171947e-05,124
subject_605,90,Sagittal,MTL,-0.2525489122007355,0.004657618215313102,124
subject_605,90,Sagittal,MTR,-0.10066842532895856,0.2659353765799056,124
subject_605,90,Sagittal,SCML,0.7054905138557069,5.804660672207939e-20,124
subject_605,90,Sagittal,SCMR,0.7877777941457739,1.926267970000171e-27,124
subject_605,90,Sagittal,STL,-0.696058375008229,2.8685538396266476e-19,124
subject_605,90,Sagittal,STR,0.06776803876991154,0.45455030535441754,124
subject_605,90,Sagittal,UTL,0.5062503957705133,1.9930052026317384e-09,124
subject_605,90,Sagittal,UTR,0.1786327735526721,0.04714216466320346,124
subject_605,90,Frontal,MTL,-0.17975552931678954,0.04574878616669802,124
subject_605,90,Frontal,MTR,-0.00018326470911729476,0.9983882095090942,124
subject_605,90,Frontal,SCML,0.7477471635258393,1.925706655605818e-23,124
subject_605,90,Frontal,SCMR,0.8164578542811864,6.995692365574698e-31,124
subject_605,90,Frontal,STL,-0.6599701554404743,7.63087698401406e-17,124
subject_605,90,Frontal,STR,-0.0287861344950536,0.7509642444717576,124
subject_605,90,Frontal,UTL,0.4610872205572945,7.076600181076655e-08,124
subject_605,90,Frontal,UTR,0.18853866019078136,0.03598822431268965,124
subject_605,90,Horizontal,MTL,0.22082374951816625,0.013717007331421786,124
subject_605,90,Horizontal,MTR,0.15828959036257936,0.07910986623689813,124
subject_605,90,Horizontal,SCML,-0.4500299562257738,1.5720039993312892e-07,124
subject_605,90,Horizontal,SCMR,-0.5251120881066594,3.8222587820225367e-10,124
subject_605,90,Horizontal,STL,0.6562486883095761,1.2997251317283752e-16,124
subject_605,90,Horizontal,STR,-0.16646634308111413,0.06462662431093937,124
subject_605,90,Horizontal,UTL,-0.4881367094612097,8.879153294452416e-09,124
subject_605,90,Horizontal,UTR,-0.12676538019615272,0.16062580610149343,124
subject_606,10,Sagittal,MTL,0.18067860164934169,0.11831170921810423,76
subject_606,10,Sagittal,MTR,0.11543655506830962,0.32071066720782077,76
subject_606,10,Sagittal,SCML,0.04263984100488953,0.7145656394521477,76
subject_606,10,Sagittal,SCMR,-0.00159126942880566,0.9891152294645938,76
subject_606,10,Sagittal,STL,-0.2180039117463754,0.05851241702363947,76
subject_606,10,Sagittal,STR,-0.027901287266242934,0.8109093274984454,76
subject_606,10,Sagittal,UTL,-0.13825504969302768,0.23364028182356572,76
subject_606,10,Sagittal,UTR,-0.2374235784649066,0.03891007768190664,76
subject_606,10,Frontal,MTL,-0.10116901815857578,0.3845256035686238,76
subject_606,10,Frontal,MTR,-0.22482004035239062,0.05087566522937261,76
subject_606,10,Frontal,SCML,0.14238602555651406,0.21982891879464528,76
subject_606,10,Frontal,SCMR,0.1723620309368328,0.13651847904691408,76
subject_606,10,Frontal,STL,0.07868701412333672,0.4992582122851157,76
subject_606,10,Frontal,STR,0.19109703429953204,0.09820622603209134,76
subject_606,10,Frontal,UTL,0.026229004707778905,0.8220506839180293,76
subject_606,10,Frontal,UTR,0.14238602555651406,0.21982891879464528,76
subject_606,10,Horizontal,MTL,0.25175659835722464,0.02824576031131045,76
subject_606,10,Horizontal,MTR,0.33044758278415776,0.0035522677159531475,76
subject_606,10,Horizontal,SCML,-0.042550410989953456,0.7151386725769355,76
subject_606,10,Horizontal,SCMR,-0.14292573947907444,0.218067773004442,76
subject_606,10,Horizontal,STL,-0.07787270729251097,0.5037227539692655,76
subject_606,10,Horizontal,STR,-0.25898471304462056,0.02388027248228033,76
subject_606,10,Horizontal,UTL,-0.00027275904480739393,0.9981341895201873,76
subject_606,10,Horizontal,UTR,-0.29212493698871894,0.010449283398646243,76
subject_606,20,Sagittal,MTL,0.1426674985900523,0.22207005405365607,75
subject_606,20,Sagittal,MTR,0.13386834113511278,0.25219908370166755,75
subject_606,20,Sagittal,SCML,0.02953775138406334,0.8013789933612956,75
subject_606,20,Sagittal,SCMR,0.2015038938186426,0.08298990174071526,75
subject_606,20,Sagittal,STL,0.09985130851040086,0.39402177254339893,75
subject_606,20,Sagittal,STR,0.2563073418803856,0.026444247288106196,75
subject_606,20,Sagittal,UTL,0.1582573101678256,0.17506986222358226,75
subject_606,20,Sagittal,UTR,0.23888437249949984,0.039014132359357794,75
subject_606,20,Frontal,MTL,,,75
subject_606,20,Frontal,MTR,,,75
subject_606,20,Frontal,SCML,,,75
subject_606,20,Frontal,SCMR,,,75
subject_606,20,Frontal,STL,,,75
subject_606,20,Frontal,STR,,,75
subject_606,20,Frontal,UTL,,,75
subject_606,20,Frontal,UTR,,,75
subject_606,20,Horizontal,MTL,0.20831588557822608,0.07289314361180303,75
subject_606,20,Horizontal,MTR,0.2823228449283854,0.014125046011717025,75
subject_606,20,Horizontal,SCML,-0.038373978922304805,0.7437684326343386,75
subject_606,20,Horizontal,SCMR,0.20557488708377575,0.07683058819081104,75
subject_606,20,Horizontal,STL,-0.07674795784460961,0.5128157564569507,75
subject_606,20,Horizontal,STR,-0.08497095332796065,0.4685607540359564,75
subject_606,20,Horizontal,UTL,-0.01644599096670206,0.8886254526103838,75
subject_606,20,Horizontal,UTR,-0.20009289009487505,0.08521390954710528,75
subject_606,30,Sagittal,MTL,-0.05060938002053672,0.6663192438486911,75
subject_606,30,Sagittal,MTR,0.10957944940908,0.34934062768544555,75
subject_606,30,Sagittal,SCML,0.16662012894346792,0.15307741361670843,75
subject_606,30,Sagittal,SCMR,0.01094969968512101,0.9257150901947677,75
subject_606,30,Sagittal,STL,-0.49725488600171536,5.669531246830912e-06,75
subject_606,30,Sagittal,STR,-0.4148847806896981,0.00021480360058981574,75
subject_606,30,Sagittal,UTL,0.2861433568316563,0.012820112819225906,75
subject_606,30,Sagittal,UTR,0.09622213503415827,0.4115210212617878,75
subject_606,30,Frontal,MTL,,,75
subject_606,30,Frontal,MTR,,,75
subject_606,30,Frontal,SCML,,,75
subject_606,30,Frontal,SCMR,,,75
subject_606,30,Frontal,STL,,,75
subject_606,30,Frontal,STR,,,75
subject_606,30,Frontal,UTL,,,75
subject_606,30,Frontal,UTR,,,75
subject_606,30,Horizontal,MTL,0.2220208780504778,0.055565214258714905,75
subject_606,30,Horizontal,MTR,0.3206968238506901,0.00502901218480929,75
subject_606,30,Horizontal,SCML,-0.1973518916004247,0.08966892440292308,75
subject_606,30,Horizontal,SCMR,-0.05481996988900686,0.6404051222782018,75
subject_606,30,Horizontal,STL,-0.25217186148943155,0.02906552208578383,75
subject_606,30,Horizontal,STR,-0.2357258705227295,0.041755826255321794,75
subject_606,30,Horizontal,UTL,-0.1206039337558151,0.30268811012414326,75
subject_606,30,Horizontal,UTR,-0.26313585546723295,0.022554069646485903,75
subject_606,40,Sagittal,MTL,0.009877663171727676,0.9325107331027477,76
subject_606,40,Sagittal,MTR,0.19835833942974132,0.08585101856443356,76
subject_606,40,Sagittal,SCML,-0.10933551303877874,0.3471198644237475,76
subject_606,40,Sagittal,SCMR,-0.3603953656919699,0.0013839398280154392,76
subject_606,40,Sagittal,STL,-0.23226442461169053,0.0434895505585819,76
subject_606,40,Sagittal,STR,-0.4009588100648954,0.0003314422679311984,76
subject_606,40,Sagittal,UTL,0.2657060428733391,0.020348984444398303,76
subject_606,40,Sagittal,UTR,0.2170299096258284,0.059676142450446404,76
subject_606,40,Frontal,MTL,,,76
subject_606,40,Frontal,MTR,,,76
subject_606,40,Frontal,SCML,,,76
subject_606,40,Frontal,SCMR,,,76
subject_606,40,Frontal,STL,,,76
subject_606,40,Frontal,STR,,,76
subject_606,40,Frontal,UTL,,,76
subject_606,40,Frontal,UTR,,,76
subject_606,40,Horizontal,MTL,,,76
subject_606,40,Horizontal,MTR,,,76
subject_606,40,Horizontal,SCML,,,76
subject_606,40,Horizontal,SCMR,,,76
subject_606,40,Horizontal,STL,,,76
subject_606,40,Horizontal,STR,,,76
subject_606,40,Horizontal,UTL,,,76
subject_606,40,Horizontal,UTR,,,76
subject_606,50,Sagittal,MTL,0.047646058094693466,0.6847961023773828,75
subject_606,50,Sagittal,MTR,-0.09246648084225786,0.4300969302940268,75
subject_606,50,Sagittal,SCML,-0.16625778553969722,0.15398547321198672,75
subject_606,50,Sagittal,SCMR,0.09503228765171988,0.4173550739619617,75
subject_606,50,Sagittal,STL,0.1977944742990342,0.08893740598344468,75
subject_606,50,Sagittal,STR,0.084444274741788,0.47133174314210113,75
subject_606,50,Sagittal,UTL,0.1222818055395507,0.29596148286999113,75
subject_606,50,Sagittal,UTR,0.02318969698678332,0.8434502981593848,75
subject_606,50,Frontal,MTL,,,75
subject_606,50,Frontal,MTR,,,75
subject_606,50,Frontal,SCML,,,75
subject_606,50,Frontal,SCMR,,,75
subject_606,50,Frontal,STL,,,75
subject_606,50,Frontal,STR,,,75
subject_606,50,Frontal,UTL,,,75
subject_606,50,Frontal,UTR,,,75
subject_606,50,Horizontal,MTL,-0.16109177315655934,0.16737124160802083,75
subject_606,50,Horizontal,MTR,-0.19867985355975654,0.08748815174098146,75
subject_606,50,Horizontal,SCML,0.1879404020159859,0.1063759831061053,75
subject_606,50,Horizontal,SCMR,0.15035232161278872,0.19790173727726462,75
subject_606,50,Horizontal,STL,-0.19331012778787124,0.0965707913900178,75
subject_606,50,Horizontal,STR,-0.02147890308754125,0.8548689760058084,75
subject_606,50,Horizontal,UTL,0.16109177315655934,0.16737124160802083,75
subject_606,50,Horizontal,UTR,-0.17720095047221532,0.12828649044919724,75
subject_606,60,Sagittal,MTL,-0.0007258696867558749,0.995068600571201,75
subject_606,60,Sagittal,MTR,-0.42640983087935547,0.00013639573806501659,75
subject_606,60,Sagittal,SCML,0.1368187139355382,0.2418008200705828,75
subject_606,60,Sagittal,SCMR,0.010115843506916982,0.9313578816024238,75
subject_606,60,Sagittal,STL,0.08648660097516807,0.4606360473398017,75
subject_606,60,Sagittal,STR,0.17743652832209036,0.12777160601769164,75
subject_606,60,Sagittal,UTL,-0.00914286924594634,0.9379463539743571,75
subject_606,60,Sagittal,UTR,0.18376858303634375,0.11451385035565019,75
subject_606,60,Frontal,MTL,0.10739451543770623,0.35909098660434235,75
subject_606,60,Frontal,MTR,-0.04832753194696781,0.6805301135794394,75
subject_606,60,Frontal,SCML,0.053697257718853114,0.6472746278496538,75
subject_606,60,Frontal,SCMR,0.02147890308754125,0.8548689760058084,75
subject_606,60,Frontal,STL,-0.13961287006901812,0.23222910360779286,75
subject_606,60,Frontal,STR,-0.11813396698147687,0.3127700172528829,75
subject_606,60,Frontal,UTL,-0.1879404020159859,0.1063759831061053,75
subject_606,60,Frontal,UTR,-0.0429578061750825,0.714405370482314,75
subject_606,60,Horizontal,MTL,0.13441531798765488,0.25024863371734646,75
subject_606,60,Horizontal,MTR,0.03496003786226002,0.7658797390064755,75
subject_606,60,Horizontal,SCML,0.07179532679759144,0.5404627722797202,75
subject_606,60,Horizontal,SCMR,0.02196722685597947,0.8516065196417597,75
subject_606,60,Horizontal,STL,0.17067017206703564,0.143197596774146,75
subject_606,60,Horizontal,STR,0.06925034319842309,0.5549479615682458,75
subject_606,60,Horizontal,UTL,-0.07764432419217135,0.5078902834935095,75
subject_606,60,Horizontal,UTR,0.06498637944893927,0.5796254517489138,75
subject_606,70,Sagittal,MTL,0.20152037434339476,0.08296420012806989,75
subject_606,70,Sagittal,MTR,0.06200055732377842,0.5972002362314031,75
subject_606,70,Sagittal,SCML,0.3160766136716886,0.005735498250327966,75
subject_606,70,Sagittal,SCMR,0.3336743766486173,0.0034389187979422145,75
subject_606,70,Sagittal,STL,0.14697473433136168,0.20828105282435685,75
subject_606,70,Sagittal,STR,0.19388725183694636,0.09556055394076378,75
subject_606,70,Sagittal,UTL,0.37282011775172624,0.0009873375530518088,75
subject_606,70,Sagittal,UTR,0.4062929934901207,0.00029821868751950844,75
subject_606,70,Frontal,MTL,0.1728351157618101,0.13811687217916807,75
subject_606,70,Frontal,MTR,0.15363121401049784,0.18818533287950423,75
subject_606,70,Frontal,SCML,0.21398633380033633,0.06526095800992447,75
subject_606,70,Frontal,SCMR,0.3278380370402588,0.004088096031805294,75
subject_606,70,Frontal,STL,0.42797266760067265,0.00012808685463578648,75
subject_606,70,Frontal,STR,0.40465364404550774,0.0003171692951578374,75
subject_606,70,Frontal,UTL,0.24279218642730468,0.035830869867774104,75
subject_606,70,Frontal,UTR,0.33606828064796407,0.003200393159742884,75
subject_606,70,Horizontal,MTL,0.14733524941721723,0.20715512317804938,75
subject_606,70,Horizontal,MTR,0.10970344112821305,0.34879229152089775,75
subject_606,70,Horizontal,SCML,-0.23099882320259257,0.04615594076138062,75
subject_606,70,Horizontal,SCMR,-0.23704679239189683,0.04059038944228679,75
subject_606,70,Horizontal,STL,0.04569576720807649,0.6970589387647128,75
subject_606,70,Horizontal,STR,0.0888715472539429,0.4483161258035028,75
subject_606,70,Horizontal,UTL,-0.10651145738941362,0.36307873256226325,75
subject_606,70,Horizontal,UTR,0.027551859640163767,0.8144858231407263,75
subject_606,80,Sagittal,MTL,0.315354617068205,0.005853477791061577,75
subject_606,80,Sagittal,MTR,0.2430043265008691,0.035664461201704,75
subject_606,80,Sagittal,SCML,0.2593475219839658,0.024647301808900502,75
subject_606,80,Sagittal,SCMR,0.0723502905673359,0.5373288799434456,75
subject_606,80,Sagittal,STL,-0.31108179219278265,0.006596539276144499,75
subject_606,80,Sagittal,STR,-0.09817426582451784,0.4020527041205413,75
subject_606,80,Sagittal,UTL,0.3660242777121018,0.0012401724856138606,75
subject_606,80,Sagittal,UTR,0.3637368058090979,0.001337620182943617,75
subject_606,80,Frontal,MTL,-0.07884157303300723,0.5013496099879317,75
subject_606,80,Frontal,MTR,-0.21804622541941063,0.06020352814913541,75
subject_606,80,Frontal,SCML,-0.09978386586989976,0.39434289140907314,75
subject_606,80,Frontal,SCMR,-0.33630858496892146,0.0031772846972123966,75
subject_606,80,Frontal,STL,-0.04065268609514435,0.7291228500626259,75
subject_606,80,Frontal,STR,0.1564512464873737,0.18010838402384444,75
subject_606,80,Frontal,UTL,-0.10594336376310345,0.3656584397733854,75
subject_606,80,Frontal,UTR,0.06898637640388132,0.5564609389281063,75
subject_606,80,Horizontal,MTL,0.12148935481136405,0.2991261277950516,75
subject_606,80,Horizontal,MTR,0.15886660489118415,0.17339352272937136,75
subject_606,80,Horizontal,SCML,-0.21490589590701686,0.06408640361410549,75
subject_606,80,Horizontal,SCMR,-0.11340778722653809,0.33265782122198556,75
subject_606,80,Horizontal,STL,-0.004412961246977338,0.9700260299194012,75
subject_606,80,Horizontal,STR,0.005635830026260213,0.9617255547283623,75
subject_606,80,Horizontal,UTL,0.02887033683263487,0.8057779995228744,75
subject_606,80,Horizontal,UTR,-0.10096642660252969,0.38873478985493415,75
subject_606,90,Sagittal,MTL,0.2547605577783549,0.027400253472229734,75
subject_606,90,Sagittal,MTR,0.30509249261273513,0.007777497350746311,75
subject_606,90,Sagittal,SCML,0.39631015203591036,0.0004318766429419139,75
subject_606,90,Sagittal,SCMR,0.3259086094153168,0.004325486884198149,75
subject_606,90,Sagittal,STL,-0.13062472192185567,0.26397849030531995,75
subject_606,90,Sagittal,STR,0.05944795839964879,0.6124104252334246,75
subject_606,90,Sagittal,UTL,0.32497547314485625,0.004444627190874052,75
subject_606,90,Sagittal,UTR,0.5055732313355304,3.7182586528070564e-06,75
subject_606,90,Frontal,MTL,0.006226281535494345,0.9577191422253449,75
subject_606,90,Frontal,MTR,-0.3275024087670026,0.004128539638336046,75
subject_606,90,Frontal,SCML,-0.05230076489815251,0.6558604910249693,75
subject_606,90,Frontal,SCMR,-0.19924100913581905,0.08657931391929266,75
subject_606,90,Frontal,STL,-0.026150382449076255,0.8237664676143861,75
subject_606,90,Frontal,STR,0.09339422303241518,0.4254644143587813,75
subject_606,90,Frontal,UTL,0.041093458134262684,0.7263008957210696,75
subject_606,90,Frontal,UTR,0.08343217257562421,0.4766814233950717,75
subject_606,90,Horizontal,MTL,0.0003948261426557934,0.9973176260178377,75
subject_606,90,Horizontal,MTR,-0.047773963261351006,0.683994667216954,75
subject_606,90,Horizontal,SCML,-0.21907210543930022,0.058977272734893706,75
subject_606,90,Horizontal,SCMR,-0.16063783632624282,0.16858712522613983,75
subject_606,90,Horizontal,STL,0.04469995972210233,0.7033505344619786,75
subject_606,90,Horizontal,STR,-0.10059606077522966,0.39048605338604386,75
subject_606,90,Horizontal,UTL,-0.07202756916734974,0.5391502062174486,75
subject_606,90,Horizontal,UTR,-0.11261005625889879,0.33609186588206696,75
subject_607,10,Sagittal,MTL,-0.2155617192351677,0.011723484733047934,136
subject_607,10,Sagittal,MTR,-0.19852347342709312,0.020509037257847963,136
subject_607,10,Sagittal,SCML,0.11130147686762983,0.19704423926606296,136
subject_607,10,Sagittal,SCMR,0.033162114618024735,0.701520185368409,136
subject_607,10,Sagittal,STL,-0.119751489882274,0.16494150395565804,136
subject_607,10,Sagittal,STR,-0.045144706209725244,0.6017539366367756,136
subject_607,10,Sagittal,UTL,-0.2041692197759777,0.017116511725836638,136
subject_607,10,Sagittal,UTR,0.06692761173190484,0.438831642646344,136
subject_607,10,Frontal,MTL,-0.05012398096255637,0.5622450867430943,136
subject_607,10,Frontal,MTR,-0.05547237085743966,0.5212391696692396,136
subject_607,10,Frontal,SCML,0.007441781175552225,0.931477967933047,136
subject_607,10,Frontal,SCMR,0.05271698830066419,0.5421732546284774,136
subject_607,10,Frontal,STL,0.1943781252268863,0.02335550493485255,136
subject_607,10,Frontal,STR,0.18550494404677167,0.030604641489415947,136
subject_607,10,Frontal,UTL,0.06258940159565661,0.4691366778355685,136
subject_607,10,Frontal,UTR,-0.06453040997880669,0.4554381306316425,136
subject_607,10,Horizontal,MTL,0.14381729397146104,0.09484064960408858,136
subject_607,10,Horizontal,MTR,0.22947644223502328,0.007201251999691601,136
subject_607,10,Horizontal,SCML,0.1099908413467295,0.2024032762993823,136
subject_607,10,Horizontal,SCMR,0.033484061850694524,0.6987620198222437,136
subject_607,10,Horizontal,STL,-0.05167027950242858,0.5502328942151284,136
subject_607,10,Horizontal,STR,0.08435103992172863,0.32888841930296636,136
subject_607,10,Horizontal,UTL,0.089315706145265,0.30111500140923547,136
subject_607,10,Horizontal,UTR,-0.026302634846534032,0.7611582809334673,136
subject_607,20,Sagittal,MTL,-0.235068171859835,0.005873700034961261,136
subject_607,20,Sagittal,MTR,-0.14960541633932348,0.08214434889416244,136
subject_607,20,Sagittal,SCML,0.32033827592219866,0.00014355478838498176,136
subject_607,20,Sagittal,SCMR,0.3205026718331515,0.00014236507704478387,136
subject_607,20,Sagittal,STL,-0.1390172921995156,0.10650796727646666,136
subject_607,20,Sagittal,STR,0.0207832393049941,0.8102055124219655,136
subject_607,20,Sagittal,UTL,0.09311744012425424,0.2809231421357627,136
subject_607,20,Sagittal,UTR,0.35508746159986027,2.216852272768558e-05,136
subject_607,20,Frontal,MTL,-0.005380704595446521,0.9515524312527163,130
subject_607,20,Frontal,MTR,-0.09454746095595719,0.28462187013576185,130
subject_607,20,Frontal,SCML,0.035026023299351096,0.6923835581228182,130
subject_607,20,Frontal,SCMR,0.1295595806258627,0.14179512077866804,130
subject_607,20,Frontal,STL,0.24845785819284064,0.004367358694083933,130
subject_607,20,Frontal,STR,0.33228562084624164,0.00011228463617696884,130
subject_607,20,Frontal,UTL,0.14694745961052785,0.09524696120277858,130
subject_607,20,Frontal,UTR,-0.08616357240026146,0.3296883863885075,130
subject_607,20,Horizontal,MTL,0.053514909788395675,0.5360686315466223,136
subject_607,20,Horizontal,MTR,0.09765271639463564,0.258050673995687,136
subject_607,20,Horizontal,SCML,0.005906640409756561,0.9455886491748015,136
subject_607,20,Horizontal,SCMR,-0.06283593727045877,0.4673843722817065,136
subject_607,20,Horizontal,STL,-0.06423159913943079,0.45753235925678565,136
subject_607,20,Horizontal,STR,-0.04201939126940744,0.6271673767111302,136
subject_607,20,Horizontal,UTL,-0.04112218006792542,0.6345463920288329,136
subject_607,20,Horizontal,UTR,-0.05483580405724419,0.5260387063838483,136
subject_607,30,Sagittal,MTL,-0.10457102345649115,0.22742461648119258,135
subject_607,30,Sagittal,MTR,-0.019048933156603606,0.8264238587884848,135
subject_607,30,Sagittal,SCML,0.10032184143369145,0.2469788836883949,135
subject_607,30,Sagittal,SCMR,0.15938623350793368,0.06481927684830568,135
subject_607,30,Sagittal,STL,-0.26230888928194007,0.002116233204961789,135
subject_607,30,Sagittal,STR,-0.015053736909225278,0.8624219382848565,135
subject_607,30,Sagittal,UTL,0.15121043139711943,0.08000624418854528,135
subject_607,30,Sagittal,UTR,0.3145563031438724,0.00020272150587377085,135
subject_607,30,Frontal,MTL,0.18691982055393278,0.05387616547894139,107
subject_607,30,Frontal,MTR,0.0339124178771498,0.7287623817645003,107
subject_607,30,Frontal,SCML,-0.008648938461388108,0.929545931192597,107
subject_607,30,Frontal,SCMR,0.21705643311662418,0.024721783233331365,107
subject_607,30,Frontal,STL,0.08014982245446686,0.4118401355771121,107
subject_607,30,Frontal,STR,0.23496282820104364,0.014845126478705518,107
subject_607,30,Frontal,UTL,0.1302228865916498,0.18125041581523918,107
subject_607,30,Frontal,UTR,-0.12046165673643842,0.2164824934148808,107
subject_607,30,Horizontal,MTL,-0.016063113255310485,0.8532973420326819,135
subject_607,30,Horizontal,MTR,0.03072943405363745,0.723483370414294,135
subject_607,30,Horizontal,SCML,0.027237452911178652,0.7538355289367776,135
subject_607,30,Horizontal,SCMR,-0.08101396250504418,0.3502623063922459,135
subject_607,30,Horizontal,STL,-0.020253490626261045,0.8156372091197805,135
subject_607,30,Horizontal,STR,-0.034221415196096255,0.6935552363557177,135
subject_607,30,Horizontal,UTL,-0.005587169827934083,0.9487202972079689,135
subject_607,30,Horizontal,UTR,-0.015364717026818724,0.8596087359166523,135
subject_607,40,Sagittal,MTL,0.02210878865466509,0.799091304621208,135
subject_607,40,Sagittal,MTR,-0.16912557620444577,0.04988618445526787,135
subject_607,40,Sagittal,SCML,0.2722212115171892,0.0014028876226483235,135
subject_607,40,Sagittal,SCMR,0.18032190287571517,0.03636199354578755,135
subject_607,40,Sagittal,STL,-0.34569192413882194,4.0158329947740785e-05,135
subject_607,40,Sagittal,STR,-0.1371543737038296,0.11267647003582838,135
subject_607,40,Sagittal,UTL,0.33519646691814353,7.067268778233075e-05,135
subject_607,40,Sagittal,UTR,0.41169172010791816,7.022657995642819e-07,135
subject_607,40,Frontal,MTL,-0.03017174642880713,0.7599571347342764,105
subject_607,40,Frontal,MTR,0.1157499812241015,0.2396574464667093,105
subject_607,40,Frontal,SCML,0.23354701309086542,0.016495842575611104,105
subject_607,40,Frontal,SCMR,0.39372479931147175,3.248418568758886e-05,105
subject_607,40,Frontal,STL,-0.13842983642618245,0.1590440475994216,105
subject_607,40,Frontal,STR,0.31798392553296184,0.0009477377817257003,105
subject_607,40,Frontal,UTL,0.12293821787979335,0.21151600981642582,105
subject_607,40,Frontal,UTR,-0.08567770784442628,0.38483325231722365,105
subject_607,40,Horizontal,MTL,-0.10270179552571,0.23588782503575947,135
subject_607,40,Horizontal,MTR,0.10486648084707237,0.22610672692006123,135
subject_607,40,Horizontal,SCML,-0.032398719975100965,0.7091212154434089,135
subject_607,40,Horizontal,SCMR,-0.09907907835566146,0.2529117282601765,135
subject_607,40,Horizontal,STL,-0.031405827121087644,0.7176518984269562,135
subject_607,40,Horizontal,STR,-0.03326191060944587,0.7017340477628596,135
subject_607,40,Horizontal,UTL,0.006355408763751859,0.9416809860796977,135
subject_607,40,Horizontal,UTR,-0.04841918034931571,0.5770657236834534,135
subject_607,50,Sagittal,MTL,-0.012225111089232575,0.8876666020851935,136
subject_607,50,Sagittal,MTR,-0.2835988195599955,0.0008206316481163823,136
subject_607,50,Sagittal,SCML,0.4410163963807029,7.714754983908593e-08,136
subject_607,50,Sagittal,SCMR,0.24840455205584752,0.0035457392580034138,136
subject_607,50,Sagittal,STL,-0.22469991759111477,0.008539450221776762,136
subject_607,50,Sagittal,STR,-0.05186004846805111,0.5487673571934591,136
subject_607,50,Sagittal,UTL,0.3037195781668552,0.0003249512992003714,136
subject_607,50,Sagittal,UTR,0.34818440748107243,3.270667701692171e-05,136
subject_607,50,Frontal,MTL,0.11284052445150798,0.2159051414664942,122
subject_607,50,Frontal,MTR,0.23858706452661552,0.008133315312573487,122
subject_607,50,Frontal,SCML,0.17584948857856222,0.052690172430952704,122
subject_607,50,Frontal,SCMR,0.20361149414895316,0.024485211400133558,122
subject_607,50,Frontal,STL,-0.08900527129826628,0.32960420947378294,122
subject_607,50,Frontal,STR,0.3305273487237066,0.00020058607753915277,122
subject_607,50,Frontal,UTL,0.22368751845233015,0.013258747798616336,122
subject_607,50,Frontal,UTR,0.16094659203293118,0.0765645192991521,122
subject_607,50,Horizontal,MTL,-0.24765720118660514,0.0036500405744535748,136
subject_607,50,Horizontal,MTR,0.1648950478902512,0.05506107713699286,136
subject_607,50,Horizontal,SCML,-0.09506928280253969,0.27091796078282526,136
subject_607,50,Horizontal,SCMR,-0.07294279075336858,0.3987113092467291,136
subject_607,50,Horizontal,STL,-0.023421594262366622,0.7866553519242504,136
subject_607,50,Horizontal,STR,-0.03381899677621322,0.695896754599347,136
subject_607,50,Horizontal,UTL,0.02315086668107716,0.7890634137680778,136
subject_607,50,Horizontal,UTR,-0.06096492452172405,0.48077235609910723,136
subject_607,60,Sagittal,MTL,0.1289767758606713,0.13599460198460306,135
subject_607,60,Sagittal,MTR,0.07836959088561961,0.36626293011206007,135
subject_607,60,Sagittal,SCML,0.48856740864915915,1.8368964122547027e-09,135
subject_607,60,Sagittal,SCMR,0.30714032232173777,0.00029069835269010345,135
subject_607,60,Sagittal,STL,-0.3601892547430566,1.778401539879222e-05,135
subject_607,60,Sagittal,STR,-0.1215307589170009,0.160277299811496,135
subject_607,60,Sagittal,UTL,0.25316982715456987,0.003050169537033881,135
subject_607,60,Sagittal,UTR,0.4363665239968127,1.2190498878875927e-07,135
subject_607,60,Frontal,MTL,0.23797025885464207,0.024727392995495406,89
subject_607,60,Frontal,MTR,0.3266875065648733,0.0017804691127675705,89
subject_607,60,Frontal,SCML,0.050349997045011946,0.6393674177453307,89
subject_607,60,Frontal,SCMR,-0.020639351911553454,0.8477585458413411,89
subject_607,60,Frontal,STL,0.16045821810518307,0.13306823367215467,89
subject_607,60,Frontal,STR,0.13301107661376183,0.21400978624836434,89
subject_607,60,Frontal,UTL,0.2133568165792064,0.04469335097352296,89
subject_607,60,Frontal,UTR,0.28965071223886674,0.005901331365755978,89
subject_607,60,Horizontal,MTL,,,135
subject_607,60,Horizontal,MTR,,,135
subject_607,60,Horizontal,SCML,,,135
subject_607,60,Horizontal,SCMR,,,135
subject_607,60,Horizontal,STL,,,135
subject_607,60,Horizontal,STR,,,135
subject_607,60,Horizontal,UTL,,,135
subject_607,60,Horizontal,UTR,,,135
subject_607,70,Sagittal,MTL,0.18864908348791393,0.028434709172278607,135
subject_607,70,Sagittal,MTR,0.20916295233099283,0.014906269410222741,135
subject_607,70,Sagittal,SCML,0.4789481859578843,4.1990187728948765e-09,135
subject_607,70,Sagittal,SCMR,0.18571382743987336,0.0310422123434842,135
subject_607,70,Sagittal,STL,-0.6672655019373485,9.85826854217928e-19,135
subject_607,70,Sagittal,STR,-0.49074492683085486,1.5179252345468247e-09,135
subject_607,70,Sagittal,UTL,0.3805626579559178,5.284966712774369e-06,135
subject_607,70,Sagittal,UTR,0.4467743353674554,5.5808006485259135e-08,135
subject_607,70,Frontal,MTL,0.05747145840579273,0.668275396361438,58
subject_607,70,Frontal,MTR,0.11150577678839417,0.40466438354509826,58
subject_607,70,Frontal,SCML,-0.09877906913495624,0.46069082115479837,58
subject_607,70,Frontal,SCMR,-0.1908386843507007,0.15129519812191908,58
subject_607,70,Frontal,STL,-0.13773332273112396,0.3025241836317151,58
subject_607,70,Frontal,STR,-0.050194630428766165,0.7082664016035417,58
subject_607,70,Frontal,UTL,0.29206400629495527,0.02610655057177834,58
subject_607,70,Frontal,UTR,0.12500661507768598,0.3498026700972036,58
subject_607,70,Horizontal,MTL,,,135
subject_607,70,Horizontal,MTR,,,135
subject_607,70,Horizontal,SCML,,,135
subject_607,70,Horizontal,SCMR,,,135
subject_607,70,Horizontal,STL,,,135
subject_607,70,Horizontal,STR,,,135
subject_607,70,Horizontal,UTL,,,135
subject_607,70,Horizontal,UTR,,,135
subject_607,80,Sagittal,MTL,0.2442583785049739,0.004160029013288698,136
subject_607,80,Sagittal,MTR,0.34887109877610994,3.1478251436758376e-05,136
subject_607,80,Sagittal,SCML,0.25491579785591995,0.00274439856853653,136
subject_607,80,Sagittal,SCMR,0.15778012563274313,0.0665736676735528,136
subject_607,80,Sagittal,STL,-0.6824070431435013,5.789924882986392e-20,136
subject_607,80,Sagittal,STR,-0.31026451779015934,0.00023689949636624994,136
subject_607,80,Sagittal,UTL,0.262304909370156,0.0020359119087025104,136
subject_607,80,Sagittal,UTR,0.4989714337970322,6.299221861049226e-10,136
subject_607,80,Frontal,MTL,0.001493151885922907,0.9921422856109964,46
subject_607,80,Frontal,MTR,0.00752797409152799,0.9603991152939587,46
subject_607,80,Frontal,SCML,-0.012940649677998526,0.9319784955196774,46
subject_607,80,Frontal,SCMR,-0.14184942916267618,0.3470331348410781,46
subject_607,80,Frontal,STL,0.028680959142102502,0.8499288902174085,46
subject_607,80,Frontal,STR,-0.16126040367967395,0.28432772465208406,46
subject_607,80,Frontal,UTL,0.2917245497121879,0.049166775960157665,46
subject_607,80,Frontal,UTR,0.12069644411210163,0.42428927980102543,46
subject_607,80,Horizontal,MTL,,,136
subject_607,80,Horizontal,MTR,,,136
subject_607,80,Horizontal,SCML,,,136
subject_607,80,Horizontal,SCMR,,,136
subject_607,80,Horizontal,STL,,,136
subject_607,80,Horizontal,STR,,,136
subject_607,80,Horizontal,UTL,,,136
subject_607,80,Horizontal,UTR,,,136
subject_607,90,Sagittal,MTL,0.5300453903940519,3.8155671019025215e-11,135
subject_607,90,Sagittal,MTR,0.4371399476869414,1.1513143170771112e-07,135
subject_607,90,Sagittal,SCML,0.22202956116975395,0.009649300135553159,135
subject_607,90,Sagittal,SCMR,0.13953132896080137,0.10651920626650377,135
subject_607,90,Sagittal,STL,-0.6850131333098103,5.075733532985487e-20,135
subject_607,90,Sagittal,STR,-0.2360633394336116,0.005844665153362797,135
subject_607,90,Sagittal,UTL,0.2992462639245666,0.0004222949398586494,135
subject_607,90,Sagittal,UTR,0.5235368639332357,7.257352869788005e-11,135
subject_607,90,Frontal,MTL,0.07410926489501966,0.73073193722623,24
subject_607,90,Frontal,MTR,-0.06797003585046182,0.7523266074533115,24
subject_607,90,Frontal,SCML,-0.4393933930462113,0.03168957431341334,24
subject_607,90,Frontal,SCMR,-0.1982093948671532,0.35317699170037886,24
subject_607,90,Frontal,STL,-0.19119313310194425,0.37081630758502127,24
subject_607,90,Frontal,STR,-0.40124246969788757,0.05198055169589241,24
subject_607,90,Frontal,UTL,0.02017175257497577,0.9254628530559817,24
subject_607,90,Frontal,UTR,-0.026749497979859167,0.9012587796392941,24
subject_607,90,Horizontal,MTL,-0.11952083781718335,0.16735647213273397,135
subject_607,90,Horizontal,MTR,-0.04273766376884627,0.6225961970755443,135
subject_607,90,Horizontal,SCML,0.05798993309922468,0.5040830384858909,135
subject_607,90,Horizontal,SCMR,-0.018152138719194254,0.8344757348683324,135
subject_607,90,Horizontal,STL,0.23104280711457395,0.007015839400943208,135
subject_607,90,Horizontal,STR,0.1791507998766638,0.037613758308361236,135
subject_607,90,Horizontal,UTL,-0.11530149058307085,0.18296846041652431,135
subject_607,90,Horizontal,UTR,-0.15536292527586343,0.07196965305514055,135
subject_608,10,Sagittal,MTL,-0.0010589928054776654,0.9929558990331243,72
subject_608,10,Sagittal,MTR,-0.40520915620504483,0.000414175145606406,72
subject_608,10,Sagittal,SCML,-0.07475526485940065,0.5325670878350344,72
subject_608,10,Sagittal,SCMR,0.12154349244686842,0.309126006785279,72
subject_608,10,Sagittal,STL,-0.1481627206936479,0.21421147106885335,72
subject_608,10,Sagittal,STR,-0.46133577489536115,4.530733290738996e-05,72
subject_608,10,Sagittal,UTL,-0.22104068012515635,0.062052680061924284,72
subject_608,10,Sagittal,UTR,-0.3142320470071909,0.007185119968054809,72
subject_608,10,Frontal,MTL,-0.15799375124699247,0.18500503989781092,72
subject_608,10,Frontal,MTR,0.24373484923220723,0.039094585174101214,72
subject_608,10,Frontal,SCML,0.017779347966413474,0.8821579952487099,72
subject_608,10,Frontal,SCMR,-0.1774663704483025,0.1358661446370474,72
subject_608,10,Frontal,STL,0.07246431216613979,0.5452355624387989,72
subject_608,10,Frontal,STR,0.47475092248411227,2.5151672435723376e-05,72
subject_608,10,Frontal,UTL,0.09118650434289337,0.4461849952100441,72
subject_608,10,Frontal,UTR,0.3113502483165979,0.007763669504030408,72
subject_608,10,Horizontal,MTL,-0.13210277525562092,0.26865400855799126,72
subject_608,10,Horizontal,MTR,0.3026658521679417,0.009761220862767392,72
subject_608,10,Horizontal,SCML,0.17223526394087282,0.14797452086531432,72
subject_608,10,Horizontal,SCMR,-0.06187092005643005,0.6056455147769049,72
subject_608,10,Horizontal,STL,-0.021738431371178125,0.8561714852837878,72
subject_608,10,Horizontal,STR,0.3361095927389849,0.003894840974306839,72
subject_608,10,Horizontal,UTL,0.2892883559395243,0.013713603607464608,72
subject_608,10,Horizontal,UTR,0.09531466062747332,0.42578061548567614,72
subject_608,20,Sagittal,MTL,-0.0756855011734596,0.5274650252296263,72
subject_608,20,Sagittal,MTR,-0.04114624868939054,0.7314687177681466,72
subject_608,20,Sagittal,SCML,0.07385677900948667,0.5375180994572076,72
subject_608,20,Sagittal,SCMR,-0.05144018474143161,0.6678288929393191,72
subject_608,20,Sagittal,STL,0.09647984190895804,0.4201193925791061,72
subject_608,20,Sagittal,STR,0.09438566007602131,0.43032535754045453,72
subject_608,20,Sagittal,UTL,0.04291597981581594,0.7203837855804006,72
subject_608,20,Sagittal,UTR,0.029348041179887877,0.8066726573092209,72
subject_608,20,Frontal,MTL,0.029389003336554073,0.8064080635695695,72
subject_608,20,Frontal,MTR,-0.052512330834858054,0.6613239115388044,72
subject_608,20,Frontal,SCML,-0.014769093047303826,0.9020015328744501,72
subject_608,20,Frontal,SCMR,0.009622287894455524,0.9360617291279685,72
subject_608,20,Frontal,STL,0.03699732399728635,0.7576683670162059,72
subject_608,20,Frontal,STR,0.03431203435232202,0.7747739451141649,72
subject_608,20,Frontal,UTL,0.15164427356145796,0.2035178154155878,72
subject_608,20,Frontal,UTR,0.06564041354357256,0.5838149350059828,72
subject_608,20,Horizontal,MTL,-0.08133285106107968,0.49702362154338176,72
subject_608,20,Horizontal,MTR,0.03253314042443187,0.7861654380501102,72
subject_608,20,Horizontal,SCML,0.004066642553053983,0.9729546447181845,72
subject_608,20,Horizontal,SCMR,-0.02033321276526992,0.8653790360443452,72
subject_608,20,Horizontal,STL,-0.06099963829580976,0.6107418653905319,72
subject_608,20,Horizontal,STR,0.028466497871377887,0.8123721571635035,72
subject_608,20,Horizontal,UTL,-0.256198480842401,0.029835653945532482,72
subject_608,20,Horizontal,UTR,-0.20739877020575315,0.08044685917605333,72
subject_608,30,Sagittal,MTL,-0.09216944089979882,0.4445826576953585,71
subject_608,30,Sagittal,MTR,0.21167629153751033,0.07637843069937568,71
subject_608,30,Sagittal,SCML,0.13741256380999606,0.2531476221324257,71
subject_608,30,Sagittal,SCMR,0.11431216237541171,0.34250327077357207,71
subject_608,30,Sagittal,STL,-0.0014800508456831677,0.9902263418821184,71
subject_608,30,Sagittal,STR,0.06944630732783962,0.5649709111649344,71
subject_608,30,Sagittal,UTL,-0.24348287441728972,0.04074548092748774,71
subject_608,30,Sagittal,UTR,-0.1597874501241475,0.18316768140578987,71
subject_608,30,Frontal,MTL,0.012868114613433996,0.9151789655713835,71
subject_608,30,Frontal,MTR,-0.01616163205994927,0.8935830000496153,71
subject_608,30,Frontal,SCML,0.02685206573880213,0.8240932162214469,71
subject_608,30,Frontal,SCMR,0.11431925038396187,0.3424731451253575,71
subject_608,30,Frontal,STL,0.004859288035842209,0.9679188983999562,71
subject_608,30,Frontal,STR,0.033979021524704035,0.7784714801647203,71
subject_608,30,Frontal,UTL,0.15261763905163678,0.2038669607762679,71
subject_608,30,Frontal,UTR,-0.01630561096471497,0.8926405563888139,71
subject_608,30,Horizontal,MTL,0.04228641452525841,0.7262307704160426,71
subject_608,30,Horizontal,MTR,-0.10381579356713043,0.3889232838723514,71
subject_608,30,Horizontal,SCML,0.014528438210043274,0.9042833863271723,71
subject_608,30,Horizontal,SCMR,0.10492226402683569,0.3838605883216759,71
subject_608,30,Horizontal,STL,0.022369946250563322,0.8530957679218748,71
subject_608,30,Horizontal,STR,0.15586801258457023,0.19428579496645715,71
subject_608,30,Horizontal,UTL,-0.2197065473684359,0.06562383348378993,71
subject_608,30,Horizontal,UTR,-0.09674400410727492,0.4222087635908471,71
subject_608,40,Sagittal,MTL,-0.18463989768901204,0.12320132908829118,71
subject_608,40,Sagittal,MTR,-0.13610141113282623,0.25774773504205317,71
subject_608,40,Sagittal,SCML,0.0620728520616617,0.6070788771570785,71
subject_608,40,Sagittal,SCMR,-0.2629203103093307,0.02674539499599106,71
subject_608,40,Sagittal,STL,-0.2862844560497324,0.015505514239061307,71
subject_608,40,Sagittal,STR,-0.3550297713543737,0.002381012874523197,71
subject_608,40,Sagittal,UTL,-0.13267046000157806,0.2700521399030741,71
subject_608,40,Sagittal,UTR,-0.052621949865769506,0.6629584400617827,71
subject_608,40,Frontal,MTL,0.17091580546445043,0.16345187623029478,68
subject_608,40,Frontal,MTR,-0.026220851179109158,0.8319116856233367,68
subject_608,40,Frontal,SCML,-0.008828844668258111,0.9430347601121117,68
subject_608,40,Frontal,SCMR,0.17510541925378587,0.15322082527281888,68
subject_608,40,Frontal,STL,-0.17253033955887725,0.15945119024705495,68
subject_608,40,Frontal,STR,-0.04506389466090077,0.715184304718441,68
subject_608,40,Frontal,UTL,-0.1661130774620415,0.17578913821718986,68
subject_608,40,Frontal,UTR,-0.23478186932627124,0.053954923001983374,68
subject_608,40,Horizontal,MTL,-0.02962617830233079,0.8076485011178008,70
subject_608,40,Horizontal,MTR,-0.11603586501746223,0.3387784580769543,70
subject_608,40,Horizontal,SCML,0.11039278343606591,0.362945513904066,70
subject_608,40,Horizontal,SCMR,-0.08582186571706935,0.4799310809852744,70
subject_608,40,Horizontal,STL,0.05192418816215382,0.6694558728568113,70
subject_608,40,Horizontal,STR,0.013480694888891257,0.9118052635134067,70
subject_608,40,Horizontal,UTL,-0.05858615947352451,0.6299797652016234,70
subject_608,40,Horizontal,UTR,0.14154729633335822,0.24246724266731318,70
subject_608,50,Sagittal,MTL,-0.24147938462676974,0.041002095175701164,72
subject_608,50,Sagittal,MTR,-0.0071574821335543964,0.952417609400959,72
subject_608,50,Sagittal,SCML,0.2742739942009144,0.019728933083330867,72
subject_608,50,Sagittal,SCMR,-0.13519888795849977,0.25749528396311194,72
subject_608,50,Sagittal,STL,-0.17538535565545887,0.14059010635907065,72
subject_608,50,Sagittal,STR,-0.19029527435684296,0.10935092432878789,72
subject_608,50,Sagittal,UTL,0.10343192695264879,0.38725230044786835,72
subject_608,50,Sagittal,UTR,0.1480354806010457,0.21460966027831574,72
subject_608,50,Frontal,MTL,0.036049578652853805,0.7687003869932293,69
subject_608,50,Frontal,MTR,-0.18229638233269993,0.13382253449177203,69
subject_608,50,Frontal,SCML,-0.18859500759918368,0.12067881244891601,69
subject_608,50,Frontal,SCMR,0.0321440480924809,0.7931685505231444,69
subject_608,50,Frontal,STL,-0.20312587865468873,0.09413724036229136,69
subject_608,50,Frontal,STR,-0.06126322447643769,0.6170301212724987,69
subject_608,50,Frontal,UTL,0.06390520103198408,0.6018984286955016,69
subject_608,50,Frontal,UTR,0.07290323712696085,0.5516365864580315,69
subject_608,50,Horizontal,MTL,0.09005084688190064,0.45516450129096064,71
subject_608,50,Horizontal,MTR,-0.20963240705012653,0.07932886288817288,71
subject_608,50,Horizontal,SCML,0.06512316464569418,0.5894930856427878,71
subject_608,50,Horizontal,SCMR,-0.03429582289454675,0.7764595473931865,71
subject_608,50,Horizontal,STL,0.10904645389154564,0.3653405001281722,71
subject_608,50,Horizontal,STR,0.056273675373282775,0.6411270660698081,71
subject_608,50,Horizontal,UTL,0.13387688899289044,0.26568139342838426,71
subject_608,50,Horizontal,UTR,0.15935563832664637,0.18436947193048006,71
subject_608,60,Sagittal,MTL,-0.3499353910776326,0.002776391215707139,71
subject_608,60,Sagittal,MTR,-0.1118897579360964,0.3528959975145728,71
subject_608,60,Sagittal,SCML,0.07313116425449831,0.5444558112643905,71
subject_608,60,Sagittal,SCMR,-0.18206612767526142,0.1286070335420098,71
subject_608,60,Sagittal,STL,-0.18998405360306855,0.11253313510790387,71
subject_608,60,Sagittal,STR,-0.07830205465633154,0.5162922639580261,71
subject_608,60,Sagittal,UTL,-0.10207891677190391,0.3969501304172716,71
subject_608,60,Sagittal,UTR,-0.14226873904686654,0.23659882309916594,71
subject_608,60,Frontal,MTL,0.1583198096675345,0.18727557333362213,71
subject_608,60,Frontal,MTR,0.025113277492607708,0.8353188036220929,71
subject_608,60,Frontal,SCML,0.004072423377179628,0.9731116823971955,71
subject_608,60,Frontal,SCMR,0.1755492931863714,0.1430991275221934,71
subject_608,60,Frontal,STL,-0.043996095288504705,0.7156235907207628,71
subject_608,60,Frontal,STR,-0.08320622293288804,0.49028153939056435,71
subject_608,60,Frontal,UTL,-0.01630709702742441,0.892630829829245,71
subject_608,60,Frontal,UTR,-0.007500916562241109,0.9504968686004992,71
subject_608,60,Horizontal,MTL,0.18214391851699815,0.12844104988180535,71
subject_608,60,Horizontal,MTR,-0.05624214888559218,0.6413142839090041,71
subject_608,60,Horizontal,SCML,0.004345036224165032,0.9713124815487735,71
subject_608,60,Horizontal,SCMR,0.0639936935095026,0.5959779634788082,71
subject_608,60,Horizontal,STL,0.0520013935308071,0.6666969992132766,71
subject_608,60,Horizontal,STR,0.14244766757302643,0.2360037136317017,71
subject_608,60,Horizontal,UTL,0.26188402330287486,0.027372525874435158,71
subject_608,60,Horizontal,UTR,0.12517180354574625,0.2982968823478208,71
subject_608,70,Sagittal,MTL,0.14812035603663323,0.21767130907786128,71
subject_608,70,Sagittal,MTR,0.4304293785346133,0.0001791892293402539,71
subject_608,70,Sagittal,SCML,-0.1679067740530675,0.16161701866154446,71
subject_608,70,Sagittal,SCMR,-0.345899065712784,0.0031302380370604736,71
subject_608,70,Sagittal,STL,0.38910439749381004,0.0007974900120398382,71
subject_608,70,Sagittal,STR,0.5048314385056977,7.140566046576147e-06,71
subject_608,70,Sagittal,UTL,0.4528226464409018,7.338221215734688e-05,71
subject_608,70,Sagittal,UTR,0.33521525468879143,0.004268357917674812,71
subject_608,70,Frontal,MTL,0.16420769048406317,0.17119071092849958,71
subject_608,70,Frontal,MTR,0.17280611525123826,0.14955328199986298,71
subject_608,70,Frontal,SCML,0.2791496549661411,0.018399528079389004,71
subject_608,70,Frontal,SCMR,0.14301077853317432,0.23413758925984804,71
subject_608,70,Frontal,STL,0.025812368585356585,0.8308014047600967,71
subject_608,70,Frontal,STR,-0.0049060594596008885,0.967610277834587,71
subject_608,70,Frontal,UTL,0.07138572927976763,0.5541281079101265,71
subject_608,70,Frontal,UTR,0.005589830812855368,0.9630989875568653,71
subject_608,70,Horizontal,MTL,0.014262734015759925,0.9060258917599489,71
subject_608,70,Horizontal,MTR,-0.13058862568327984,0.2777072278722069,71
subject_608,70,Horizontal,SCML,-0.05987930874074124,0.6198649807906075,71
subject_608,70,Horizontal,SCMR,0.11695441892923139,0.3313880241496706,71
subject_608,70,Horizontal,STL,-0.09940400385221154,0.40950144912890957,71
subject_608,70,Horizontal,STR,-0.043489251685342546,0.7187626538478048,71
subject_608,70,Horizontal,UTL,-0.10054018774838223,0.40414224573874336,71
subject_608,70,Horizontal,UTR,-0.05644658292677868,0.6401006638908554,71
subject_608,80,Sagittal,MTL,0.011297280507499112,0.9249614996770993,72
subject_608,80,Sagittal,MTR,0.21742838142881127,0.06655491375303162,72
subject_608,80,Sagittal,SCML,-0.1413222503610508,0.23636322338353788,72
subject_608,80,Sagittal,SCMR,-0.04106331269105085,0.7319895661899789,72
subject_608,80,Sagittal,STL,0.2211469220347279,0.06192409327810244,72
subject_608,80,Sagittal,STR,0.25091295421827964,0.03350806656322666,72
subject_608,80,Sagittal,UTL,0.3453284709361249,0.002969279431939237,72
subject_608,80,Sagittal,UTR,0.22297077766524895,0.05975008904072249,72
subject_608,80,Frontal,MTL,0.09753018051668205,0.4150534384047253,72
subject_608,80,Frontal,MTR,0.1355368207079546,0.2562966697100439,72
subject_608,80,Frontal,SCML,0.31687483599367267,0.0066881913394868705,72
subject_608,80,Frontal,SCMR,0.4706044086415255,3.024923500484395e-05,72
subject_608,80,Frontal,STL,0.22980835348742715,0.052144693903816604,72
subject_608,80,Frontal,STR,-0.1381895892176427,0.24701926858736428,72
subject_608,80,Frontal,UTL,0.205540434158058,0.08325739617798124,72
subject_608,80,Frontal,UTR,-0.06987261253604472,0.5597412418426366,72
subject_608,80,Horizontal,MTL,-0.03297843079481967,0.7833096262337631,72
subject_608,80,Horizontal,MTR,-0.11911976535507274,0.3189446412930904,72
subject_608,80,Horizontal,SCML,-0.19285061221664102,0.104583441457422,72
subject_608,80,Horizontal,SCMR,-0.3195351973206312,0.006218739596178598,72
subject_608,80,Horizontal,STL,-0.1636022999155272,0.1696939607008069,72
subject_608,80,Horizontal,STR,0.1797777670284197,0.13076087263792308,72
subject_608,80,Horizontal,UTL,-0.15973273773981367,0.18015443185897864,72
subject_608,80,Horizontal,UTR,0.03256009974879659,0.7859924574428775,72
subject_608,90,Sagittal,MTL,0.06698420733356787,0.5788779006785028,71
subject_608,90,Sagittal,MTR,0.25259666283014415,0.03356720263172518,71
subject_608,90,Sagittal,SCML,0.031445561731778544,0.7946121260799084,71
subject_608,90,Sagittal,SCMR,0.2632742729258244,0.026533986614911957,71
subject_608,90,Sagittal,STL,0.3233714217476785,0.0059461553292675055,71
subject_608,90,Sagittal,STR,0.1833879533933095,0.12580870606344394,71
subject_608,90,Sagittal,UTL,0.3333193951534873,0.004504848441955944,71
subject_608,90,Sagittal,UTR,0.40920161090012214,0.0003951798849324639,71
subject_608,90,Frontal,MTL,0.10624775178342459,0.3778479947530461,71
subject_608,90,Frontal,MTR,0.1348472928121586,0.2622004985313428,71
subject_608,90,Frontal,SCML,-0.1000892563670135,0.4062642879598734,71
subject_608,90,Frontal,SCMR,0.09067790580484224,0.45201813279609576,71
subject_608,90,Frontal,STL,0.1296025207512981,0.2813831757466477,71
subject_608,90,Frontal,STR,-0.11308240248294313,0.34775510184809266,71
subject_608,90,Frontal,UTL,0.044918640158867845,0.7099220259775997,71
subject_608,90,Frontal,UTR,0.1104508792189574,0.3591605118772394,71
subject_608,90,Horizontal,MTL,0.07398120053625763,0.5397752547283303,71
subject_608,90,Horizontal,MTR,0.08877325618646525,0.4616121799241709,71
subject_608,90,Horizontal,SCML,0.06918999722098529,0.5664113039176214,71
subject_608,90,Horizontal,SCMR,0.10228905243828156,0.395973839450893,71
subject_608,90,Horizontal,STL,-0.006862509552005799,0.9547054708188595,71
subject_608,90,Horizontal,STR,0.23786546066083514,0.04577269470948005,71
subject_608,90,Horizontal,UTL,0.15706359514301074,0.19084419259695815,71
subject_608,90,Horizontal,UTR,0.1361622322087004,0.25753310132337714,71
subject_609,10,Sagittal,MTL,-0.07503101740766689,0.4094844238631619,123
subject_609,10,Sagittal,MTR,-0.20046602316027026,0.02620273335297215,123
subject_609,10,Sagittal,SCML,0.1938519949851653,0.03168246107398906,123
subject_609,10,Sagittal,SCMR,0.08506396563128003,0.3495464660476412,123
subject_609,10,Sagittal,STL,-0.3217798024887125,0.00028420032923502403,123
subject_609,10,Sagittal,STR,-0.301721623693966,0.0006951498659426772,123
subject_609,10,Sagittal,UTL,0.06554602251011263,0.47134444574995116,123
subject_609,10,Sagittal,UTR,0.08891507421865154,0.32808129470643116,123
subject_609,10,Frontal,MTL,0.10199524866200906,0.2616233382122872,123
subject_609,10,Frontal,MTR,0.07394655527995657,0.416305792598741,123
subject_609,10,Frontal,SCML,-0.12494417961096109,0.16852720619733713,123
subject_609,10,Frontal,SCMR,0.025498812165502264,0.7795131298480679,123
subject_609,10,Frontal,STL,0.0968954862289086,0.2863506082550082,123
subject_609,10,Frontal,STR,0.030598574598602716,0.7368947414661635,123
subject_609,10,Frontal,UTL,0.14279334812681266,0.11512488053585866,123
subject_609,10,Frontal,UTR,-0.07139667406340633,0.43260327126289283,123
subject_609,10,Horizontal,MTL,-0.17026710849490756,0.059721296804548796,123
subject_609,10,Horizontal,MTR,-0.1811590224200659,0.04493520138485,123
subject_609,10,Horizontal,SCML,-0.21727896400430716,0.01577629643192561,123
subject_609,10,Horizontal,SCMR,-0.20809443118093043,0.020907037813241335,123
subject_609,10,Horizontal,STL,0.09143320176092373,0.31451270527460284,123
subject_609,10,Horizontal,STR,0.2190746579216981,0.014912470560372133,123
subject_609,10,Horizontal,UTL,-0.17556587743147106,0.052094330765055215,123
subject_609,10,Horizontal,UTR,0.06844243209727871,0.4519334554431993,123
subject_609,20,Sagittal,MTL,-0.04605983623946463,0.6129400954822827,123
subject_609,20,Sagittal,MTR,0.060180691574417286,0.5084705774727203,123
subject_609,20,Sagittal,SCML,-0.11342578883585341,0.21161234959357048,123
subject_609,20,Sagittal,SCMR,0.10639106215312608,0.24151285171566728,123
subject_609,20,Sagittal,STL,-0.14351797040768696,0.11327355258299664,123
subject_609,20,Sagittal,STR,-0.11112738648544249,0.22107581388246775,123
subject_609,20,Sagittal,UTL,0.07577751774781272,0.40482725855740603,123
subject_609,20,Sagittal,UTR,-0.09414270713560084,0.30032586090043084,123
subject_609,20,Frontal,MTL,,,123
subject_609,20,Frontal,MTR,,,123
subject_609,20,Frontal,SCML,,,123
subject_609,20,Frontal,SCMR,,,123
subject_609,20,Frontal,STL,,,123
subject_609,20,Frontal,STR,,,123
subject_609,20,Frontal,UTL,,,123
subject_609,20,Frontal,UTR,,,123
subject_609,20,Horizontal,MTL,-0.07279919766734204,0.42359437225129926,123
subject_609,20,Horizontal,MTR,-0.16853028978792287,0.06241184988476021,123
subject_609,20,Horizontal,SCML,-0.21727896400430716,0.01577629643192561,123
subject_609,20,Horizontal,SCMR,-0.19534794812797487,0.03036480256370852,123
subject_609,20,Horizontal,STL,0.15083828906084135,0.0958450680900149,123
subject_609,20,Horizontal,STR,0.2190746579216981,0.014912470560372133,123
subject_609,20,Horizontal,UTL,-0.14648152349077803,0.10594210714095947,123
subject_609,20,Horizontal,UTR,0.021224513351457183,0.8157505045199654,123
subject_609,30,Sagittal,MTL,0.17775447008539638,0.04918813115290746,123
subject_609,30,Sagittal,MTR,0.26650521067493826,0.0028863436290420485,123
subject_609,30,Sagittal,SCML,0.01021256687982781,0.9107367440599109,123
subject_609,30,Sagittal,SCMR,0.16459532653204453,0.06887472863810924,123
subject_609,30,Sagittal,STL,-0.18363274173207325,0.04204097263018161,123
subject_609,30,Sagittal,STR,0.13784919053966485,0.12839035965026913,123
subject_609,30,Sagittal,UTL,0.2555857630274721,0.004328284515240265,123
subject_609,30,Sagittal,UTR,0.11624096160048822,0.20041971575826234,123
subject_609,30,Frontal,MTL,-0.15299287299301356,0.09114102516270511,123
subject_609,30,Frontal,MTR,-0.15299287299301356,0.09114102516270511,123
subject_609,30,Frontal,SCML,-0.1376935856937122,0.12882613857990213,123
subject_609,30,Frontal,SCMR,-0.0586472679806552,0.5193527512346352,123
subject_609,30,Frontal,STL,-0.1555427542095638,0.08581284466527313,123
subject_609,30,Frontal,STR,0.07649643649650678,0.4003718687415895,123
subject_609,30,Frontal,UTL,-0.15044299177646334,0.09672858618031092,123
subject_609,30,Frontal,UTR,-0.13004394204406153,0.15167889123463943,123
subject_609,30,Horizontal,MTL,-0.1070950110951095,0.23839498243712,123
subject_609,30,Horizontal,MTR,-0.10454512987855928,0.24982293561056437,123
subject_609,30,Horizontal,SCML,-0.1555427542095638,0.08581284466527313,123
subject_609,30,Horizontal,SCMR,-0.14534322934336288,0.10871285983156996,123
subject_609,30,Horizontal,STL,-0.12239429839441086,0.1774542293952048,123
subject_609,30,Horizontal,STR,0.13259382326061175,0.1437452468599575,123
subject_609,30,Horizontal,UTL,-0.14789311055991314,0.10258329777603238,123
subject_609,30,Horizontal,UTR,-0.14789311055991314,0.10258329777603238,123
subject_609,40,Sagittal,MTL,0.15970655853150534,0.07764946908786775,123
subject_609,40,Sagittal,MTR,0.02363428014702476,0.7952674070675945,123
subject_609,40,Sagittal,SCML,0.2608413600334842,0.003568824922063941,123
subject_609,40,Sagittal,SCMR,0.20946836643775416,0.02005833931987322,123
subject_609,40,Sagittal,STL,-0.0462335602153762,0.6115997750409364,123
subject_609,40,Sagittal,STR,0.18488800374458814,0.040632959066850625,123
subject_609,40,Sagittal,UTL,0.43224590914490885,5.962976982138326e-07,123
subject_609,40,Sagittal,UTR,0.2402729564081652,0.007431105494496396,123
subject_609,40,Frontal,MTL,-0.1555427542095638,0.08581284466527313,123
subject_609,40,Frontal,MTR,-0.15299287299301356,0.09114102516270511,123
subject_609,40,Frontal,SCML,-0.13514370447716198,0.13612993141789537,123
subject_609,40,Frontal,SCMR,-0.017849168515851582,0.8446483359220849,123
subject_609,40,Frontal,STL,-0.1555427542095638,0.08581284466527313,123
subject_609,40,Frontal,STR,0.1274940608275113,0.15993743862477763,123
subject_609,40,Frontal,UTL,-0.14789311055991314,0.10258329777603238,123
subject_609,40,Frontal,UTR,-0.11984441717786062,0.1867242370817936,123
subject_609,40,Horizontal,MTL,-0.0807876362394603,0.37438855187970504,123
subject_609,40,Horizontal,MTR,-0.013818937777802416,0.8794221182020105,123
subject_609,40,Horizontal,SCML,-0.3125205928210701,0.00043283989272866494,123
subject_609,40,Horizontal,SCMR,-0.18389817196613983,0.04173989118395977,123
subject_609,40,Horizontal,STL,0.021259904273542178,0.8154487424553148,123
subject_609,40,Horizontal,STR,0.1551973011968579,0.0865197907304189,123
subject_609,40,Horizontal,UTL,-0.28381972205178807,0.001466371110631009,123
subject_609,40,Horizontal,UTR,-0.2721267747013399,0.0023276138271875867,123
subject_609,50,Sagittal,MTL,0.15151420535769558,0.0943491387195665,123
subject_609,50,Sagittal,MTR,-0.035984756577134486,0.6927370643245226,123
subject_609,50,Sagittal,SCML,0.1076922018260095,0.23577204400313426,123
subject_609,50,Sagittal,SCMR,-0.0856537075656505,0.3462035099363993,123
subject_609,50,Sagittal,STL,0.056475633612396776,0.5349646543398774,123
subject_609,50,Sagittal,STR,-0.2216386187996639,0.013750501331335494,123
subject_609,50,Sagittal,UTL,-0.02551266473591938,0.7793964085826004,123
subject_609,50,Sagittal,UTR,0.035120640780970644,0.6997568377158853,123
subject_609,50,Frontal,MTL,,,123
subject_609,50,Frontal,MTR,,,123
subject_609,50,Frontal,SCML,,,123
subject_609,50,Frontal,SCMR,,,123
subject_609,50,Frontal,STL,,,123
subject_609,50,Frontal,STR,,,123
subject_609,50,Frontal,UTL,,,123
subject_609,50,Frontal,UTR,,,123
subject_609,50,Horizontal,MTL,-0.07122067931636629,0.4337414297663249,123
subject_609,50,Horizontal,MTR,0.06909468888901209,0.447624609276984,123
subject_609,50,Horizontal,SCML,-0.3252765353851953,0.00024159601859320964,123
subject_609,50,Horizontal,SCMR,-0.06377971282062654,0.4834010701508778,123
subject_609,50,Horizontal,STL,0.003188985641031327,0.9720745340288752,123
subject_609,50,Horizontal,STR,0.1679532437609832,0.06332738080314575,123
subject_609,50,Horizontal,UTL,-0.20303208581232782,0.02430612119730037,123
subject_609,50,Horizontal,UTR,-0.27106377948766275,0.0024250964800920575,123
subject_609,60,Sagittal,MTL,0.05903999152317665,0.5182996866238218,122
subject_609,60,Sagittal,MTR,0.1253742300132422,0.16882671662861562,122
subject_609,60,Sagittal,SCML,-0.034630232013364626,0.704925993032842,122
subject_609,60,Sagittal,SCMR,-0.01415828064295702,0.8769938291415534,122
subject_609,60,Sagittal,STL,-0.14224169164974612,0.11807730050282052,122
subject_609,60,Sagittal,STR,-0.17683316570898278,0.05135959085760399,122
subject_609,60,Sagittal,UTL,-0.15757433830278145,0.08302557776082818,122
subject_609,60,Sagittal,UTR,-0.059218278112165436,0.5170349452187476,122
subject_609,60,Frontal,MTL,0.2126168847074531,0.01871276995580018,122
subject_609,60,Frontal,MTR,0.13930071756695206,0.12595278863562948,122
subject_609,60,Frontal,SCML,0.15213104681653972,0.09436755028937927,122
subject_609,60,Frontal,SCMR,0.12097167578182677,0.18440923304051082,122
subject_609,60,Frontal,STL,0.2126168847074531,0.01871276995580018,122
subject_609,60,Frontal,STR,-0.16679428024463994,0.06632475490422059,122
subject_609,60,Frontal,UTL,0.19428784292232784,0.03200363070375724,122
subject_609,60,Frontal,UTR,0.0549871253553758,0.5474699724788674,122
subject_609,60,Horizontal,MTL,0.013450677799679558,0.8830966565699653,122
subject_609,60,Horizontal,MTR,0.1430797374735144,0.11590446386681937,122
subject_609,60,Horizontal,SCML,-0.08474419712618622,0.3533738010838109,122
subject_609,60,Horizontal,SCMR,-0.053457822024367475,0.5586816502259466,122
subject_609,60,Horizontal,STL,-0.026790498364746368,0.7695855569179566,122
subject_609,60,Horizontal,STR,-0.12222625989580609,0.17986538194406396,122
subject_609,60,Horizontal,UTL,0.06417402137026602,0.4825216749637026,122
subject_609,60,Horizontal,UTR,0.06863294569580082,0.4525575801342522,122
subject_609,70,Sagittal,MTL,0.21622898184468808,0.016301269690433794,123
subject_609,70,Sagittal,MTR,0.17998924637371463,0.04636055172856539,123
subject_609,70,Sagittal,SCML,0.13118399421543855,0.14809198597882373,123
subject_609,70,Sagittal,SCMR,-0.09025182360655053,0.32083237246801505,123
subject_609,70,Sagittal,STL,-0.18645263401974585,0.0389334042100268,123
subject_609,70,Sagittal,STR,-0.2847149745144518,0.001414243052201679,123
subject_609,70,Sagittal,UTL,-0.1582469757807164,0.08043684655562068,123
subject_609,70,Sagittal,UTR,-0.3626368848715867,3.7562254151389235e-05,123
subject_609,70,Frontal,MTL,0.2118254042349035,0.018671449242509693,123
subject_609,70,Frontal,MTR,0.15932167156129493,0.0783768366853433,123
subject_609,70,Frontal,SCML,0.16294261864223347,0.07174637910785335,123
subject_609,70,Frontal,SCMR,0.08509225640205526,0.3493856390474264,123
subject_609,70,Frontal,STL,0.1991520894516187,0.027221833929217256,123
subject_609,70,Frontal,STR,-0.18104735404692607,0.0450696723557518,123
subject_609,70,Frontal,UTL,0.18104735404692607,0.0450696723557518,123
subject_609,70,Frontal,UTR,0.02353615602610039,0.7960988512538963,123
subject_609,70,Horizontal,MTL,-0.0017956939173909682,0.9842732134632949,123
subject_609,70,Horizontal,MTR,0.06105359319129292,0.5023290619893659,123
subject_609,70,Horizontal,SCML,0.010774163504345811,0.9058500652184399,123
subject_609,70,Horizontal,SCMR,0.10594594112606712,0.24349890912895827,123
subject_609,70,Horizontal,STL,-0.014365551339127746,0.8746907906666775,123
subject_609,70,Horizontal,STR,-0.03591387834781937,0.6933118839931712,123
subject_609,70,Horizontal,UTL,0.0035913878347819364,0.968552460248133,123
subject_609,70,Horizontal,UTR,0.14545120730866842,0.10844762168242701,123
subject_609,80,Sagittal,MTL,-0.19723733472356836,0.028767303374518553,123
subject_609,80,Sagittal,MTR,-0.22792641062379415,0.011229268364494862,123
subject_609,80,Sagittal,SCML,0.2063792944909785,0.02200972035189548,123
subject_609,80,Sagittal,SCMR,-0.12231977949459236,0.17772024796966251,123
subject_609,80,Sagittal,STL,-0.2434051260656009,0.006670583899591725,123
subject_609,80,Sagittal,STR,-0.23028077834471625,0.01039528553997491,123
subject_609,80,Sagittal,UTL,-0.3940488795401615,6.500192016359875e-06,123
subject_609,80,Sagittal,UTR,-0.4461634173140671,2.3157022108642966e-07,123
subject_609,80,Frontal,MTL,0.47851821493236163,2.1679766694524603e-08,123
subject_609,80,Frontal,MTR,0.44477299977528184,2.5500484830751944e-07,123
subject_609,80,Frontal,SCML,0.16817287553692248,0.06297763346332332,123
subject_609,80,Frontal,SCMR,0.41600658685449243,1.7067805750220464e-06,123
subject_609,80,Frontal,STL,0.3711973667278782,2.3706582629432902e-05,123
subject_609,80,Frontal,STR,0.1720452772762595,0.05706587573829959,123
subject_609,80,Frontal,UTL,0.3960913779093306,5.7627455322426354e-06,123
subject_609,80,Frontal,UTR,0.6251162807786921,1.0904301489831158e-14,123
subject_609,80,Horizontal,MTL,,,123
subject_609,80,Horizontal,MTR,,,123
subject_609,80,Horizontal,SCML,,,123
subject_609,80,Horizontal,SCMR,,,123
subject_609,80,Horizontal,STL,,,123
subject_609,80,Horizontal,STR,,,123
subject_609,80,Horizontal,UTL,,,123
subject_609,80,Horizontal,UTR,,,123
subject_609,90,Sagittal,MTL,0.13677794245144326,0.13302508374897518,122
subject_609,90,Sagittal,MTR,0.17070529865947137,0.060119752199473284,122
subject_609,90,Sagittal,SCML,0.4408327025679587,3.739370093091982e-07,122
subject_609,90,Sagittal,SCMR,0.27501644855520896,0.0021714121454673267,122
subject_609,90,Sagittal,STL,0.062120078286411105,0.4966740958358096,122
subject_609,90,Sagittal,STR,-0.29830475163263537,0.0008460136458878938,122
subject_609,90,Sagittal,UTL,0.04154534873145759,0.6495728718843893,122
subject_609,90,Sagittal,UTR,0.23191829004601902,0.01015822948698553,122
subject_609,90,Frontal,MTL,0.6805809957905664,6.512432620465726e-18,122
subject_609,90,Frontal,MTR,0.71491909601071,2.2727500485649793e-20,122
subject_609,90,Frontal,SCML,0.5597012463639871,2.0574755979268158e-11,122
subject_609,90,Frontal,SCMR,0.6556612168542199,2.498095294512191e-16,122
subject_609,90,Frontal,STL,0.6557365031954173,2.471996962178242e-16,122
subject_609,90,Frontal,STR,-0.44135111800164123,3.610184058071664e-07,122
subject_609,90,Frontal,UTL,0.3716209087845899,2.5046754727052153e-05,122
subject_609,90,Frontal,UTR,0.7812614198738774,2.544411566434396e-26,122
subject_609,90,Horizontal,MTL,,,122
subject_609,90,Horizontal,MTR,,,122
subject_609,90,Horizontal,SCML,,,122
subject_609,90,Horizontal,SCMR,,,122
subject_609,90,Horizontal,STL,,,122
subject_609,90,Horizontal,STR,,,122
subject_609,90,Horizontal,UTL,,,122
subject_609,90,Horizontal,UTR,,,122
subject_610,10,Sagittal,MTL,0.3382693956882503,0.0016486276899645512,84
subject_610,10,Sagittal,MTR,0.3346733653883565,0.0018606142271709845,84
subject_610,10,Sagittal,SCML,0.5833689154247067,5.766842890150092e-09,84
subject_610,10,Sagittal,SCMR,0.5329717635091864,1.7979645279926315e-07,84
subject_610,10,Sagittal,STL,0.5160461663498621,5.057523838449923e-07,84
subject_610,10,Sagittal,STR,0.12928836210175354,0.24114915488073235,84
subject_610,10,Sagittal,UTL,0.1643206572813641,0.13527215780042498,84
subject_610,10,Sagittal,UTR,0.3582953826076003,0.0008184915057222495,84
subject_610,10,Frontal,MTL,-0.3153116437995669,0.0034835763887964494,84
subject_610,10,Frontal,MTR,-0.35854715411221455,0.000811079975559909,84
subject_610,10,Frontal,SCML,-0.2868980789014832,0.008146517304848009,84
subject_610,10,Frontal,SCMR,-0.4619873871071987,9.703059906885308e-06,84
subject_610,10,Frontal,STL,-0.32688367166042853,0.002406265880211528,84
subject_610,10,Frontal,STR,-0.2914131429314483,0.007156645108619378,84
subject_610,10,Frontal,UTL,-0.34184489925586553,0.001459724794659473,84
subject_610,10,Frontal,UTR,-0.4928151764737469,1.9152258962542245e-06,84
subject_610,10,Horizontal,MTL,0.22168807368892618,0.042697942881886906,84
subject_610,10,Horizontal,MTR,0.10803785869650201,0.32796873290705447,84
subject_610,10,Horizontal,SCML,0.014030890739805454,0.8991979525109354,84
subject_610,10,Horizontal,SCMR,0.08418534443883272,0.44644010547325835,84
subject_610,10,Horizontal,STL,0.009821623517863818,0.9293441833452136,84
subject_610,10,Horizontal,STR,0.21186645017106234,0.0530250315414039,84
subject_610,10,Horizontal,UTL,0.24273440979863437,0.026098108441372486,84
subject_610,10,Horizontal,UTR,0.200641737579218,0.06724764543390334,84
subject_610,20,Sagittal,MTL,0.422711151482828,6.185325756820417e-05,84
subject_610,20,Sagittal,MTR,0.005976143248611759,0.9569733849299544,84
subject_610,20,Sagittal,SCML,0.5333474810871102,1.7560249151651407e-07,84
subject_610,20,Sagittal,SCMR,0.3839128280698303,0.00031205094741361574,84
subject_610,20,Sagittal,STL,0.32601570370286365,0.0024752056339684063,84
subject_610,20,Sagittal,STR,-0.020652391053261433,0.8520793594286165,84
subject_610,20,Sagittal,UTL,-0.15113324485917295,0.16996978265532528,84
subject_610,20,Sagittal,UTR,0.19239659789638133,0.07954315398619873,84
subject_610,20,Frontal,MTL,-0.24135002709003386,0.026989452647753317,84
subject_610,20,Frontal,MTR,-0.020163419984737006,0.8555432904046179,84
subject_610,20,Frontal,SCML,-0.3794389033491418,0.00037141499079388734,84
subject_610,20,Frontal,SCMR,-0.2902310452348509,0.007404989025554986,84
subject_610,20,Frontal,STL,-0.17169457623366965,0.11837067510373417,84
subject_610,20,Frontal,STR,0.05193608177886805,0.6389362908711962,84
subject_610,20,Frontal,UTL,0.047047979964386345,0.6708539818219658,84
subject_610,20,Frontal,UTR,-0.21079939074952325,0.054260994482097646,84
subject_610,20,Horizontal,MTL,-0.17428651956707175,0.11283255993544748,84
subject_610,20,Horizontal,MTR,-0.18334036473938714,0.09504871745233104,84
subject_610,20,Horizontal,SCML,0.05658653232697135,0.609166839971014,84
subject_610,20,Horizontal,SCMR,0.08827499043007529,0.4245853689858975,84
subject_610,20,Horizontal,STL,-0.1471249840501255,0.1817132678219663,84
subject_610,20,Horizontal,STR,-0.16975959698091403,0.12263973871984,84
subject_610,20,Horizontal,UTL,-0.18786728732554484,0.0870246704458426,84
subject_610,20,Horizontal,UTR,-0.16523267439475633,0.1330877253157383,84
subject_610,30,Sagittal,MTL,0.17220144969010626,0.11954388968849829,83
subject_610,30,Sagittal,MTR,-0.39479187660618265,0.0002212770721983626,83
subject_610,30,Sagittal,SCML,0.38805059091464733,0.00028915139103367313,83
subject_610,30,Sagittal,SCMR,0.12453245324157522,0.261985087262509,83
subject_610,30,Sagittal,STL,-0.2768193770043135,0.011295775123036884,83
subject_610,30,Sagittal,STR,-0.0007573279811693226,0.9945784569163509,83
subject_610,30,Sagittal,UTL,-0.6008384204406588,1.9114939306798638e-09,83
subject_610,30,Sagittal,UTR,-0.41135709287035105,0.00011186367487792391,83
subject_610,30,Frontal,MTL,0.04381967151376199,0.6940603557237559,83
subject_610,30,Frontal,MTR,0.15954854756292827,0.1496526561746723,83
subject_610,30,Frontal,SCML,-0.37415257984827544,0.0004931203518423681,83
subject_610,30,Frontal,SCMR,-0.1449419903916743,0.19108567488764455,83
subject_610,30,Frontal,STL,0.2775245862538259,0.01108104320174997,83
subject_610,30,Frontal,STR,-0.03146027698423938,0.7776828787673576,83
subject_610,30,Frontal,UTL,0.31797351380499084,0.003396420996326076,83
subject_610,30,Frontal,UTR,0.18876166190543628,0.08744715091729477,83
subject_610,30,Horizontal,MTL,-0.1336703624057023,0.22830313450086326,83
subject_610,30,Horizontal,MTR,-0.17054494513830984,0.12319717375018947,83
subject_610,30,Horizontal,SCML,0.09679577967309479,0.3840139716303116,83
subject_610,30,Horizontal,SCMR,0.18437291366303768,0.09520045343527525,83
subject_610,30,Horizontal,STL,-0.12445171672255043,0.26229694976207346,83
subject_610,30,Horizontal,STR,0.06453051978206319,0.562191332356506,83
subject_610,30,Horizontal,UTL,0.05070255125733536,0.648958278996428,83
subject_610,30,Horizontal,UTR,-0.17054494513830984,0.12319717375018947,83
subject_610,40,Sagittal,MTL,-0.07829603755792089,0.48169799374437566,83
subject_610,40,Sagittal,MTR,-0.2769402224769661,0.011258723021394003,83
subject_610,40,Sagittal,SCML,0.4923442272657513,2.271279422880946e-06,83
subject_610,40,Sagittal,SCMR,0.16040607833717402,0.14744798824850489,83
subject_610,40,Sagittal,STL,0.10718438767149753,0.33481079331417135,83
subject_610,40,Sagittal,STR,0.06943665293236907,0.5327866601378645,83
subject_610,40,Sagittal,UTL,-0.4876039661192384,2.9351484594846907e-06,83
subject_610,40,Sagittal,UTR,-0.5670115131873761,2.2911349712205884e-08,83
subject_610,40,Frontal,MTL,0.1488638324739802,0.17922552910991932,83
subject_610,40,Frontal,MTR,-0.012070040470863257,0.9137580721264588,83
subject_610,40,Frontal,SCML,-0.35807786730227664,0.0008882897302742946,83
subject_610,40,Frontal,SCMR,-0.07744942635470589,0.4864642838918544,83
subject_610,40,Frontal,STL,0.1267354249440642,0.25357256231341146,83
subject_610,40,Frontal,STR,-0.010058367059052714,0.928089642948199,83
subject_610,40,Frontal,UTL,0.34299031671369756,0.0015020892527293462,83
subject_610,40,Frontal,UTR,0.24441831953498094,0.025955395849419048,83
subject_610,40,Horizontal,MTL,-0.12445171672255043,0.26229694976207346,83
subject_610,40,Horizontal,MTR,-0.17976359082146173,0.10391481892347476,83
subject_610,40,Horizontal,SCML,0.03687458273260753,0.7406737770232402,83
subject_610,40,Horizontal,SCMR,0.17976359082146173,0.10391481892347476,83
subject_610,40,Horizontal,STL,-0.08296781114836695,0.45585080620543544,83
subject_610,40,Horizontal,STR,0.06453051978206319,0.562191332356506,83
subject_610,40,Horizontal,UTL,0.16132629945515797,0.14510934326542702,83
subject_610,40,Horizontal,UTR,-0.16132629945515797,0.14510934326542702,83
subject_610,50,Sagittal,MTL,0.18247198496719477,0.09665241942885912,84
subject_610,50,Sagittal,MTR,-0.10424065354267423,0.34535360354323474,84
subject_610,50,Sagittal,SCML,0.4002331613021067,0.00016181874191150355,84
subject_610,50,Sagittal,SCMR,0.08170994446501438,0.4599679280171782,84
subject_610,50,Sagittal,STL,0.25070631768457324,0.021436953453802005,84
subject_610,50,Sagittal,STR,0.25290051975626926,0.020286403354807782,84
subject_610,50,Sagittal,UTL,-0.1625529115260903,0.1395834778357555,84
subject_610,50,Sagittal,UTR,-0.343933147169807,0.0013586771873682756,84
subject_610,50,Frontal,MTL,-0.1067060015089287,0.33400185887457545,84
subject_610,50,Frontal,MTR,0.07201340988533612,0.5150657130669481,84
subject_610,50,Frontal,SCML,-0.259143146521684,0.01729788892652334,84
subject_610,50,Frontal,SCMR,-0.13403955854569863,0.22414516208695742,84
subject_610,50,Frontal,STL,-0.15506537165090628,0.1590015053709683,84
subject_610,50,Frontal,STR,-0.11196245478523062,0.3105972968745087,84
subject_610,50,Frontal,UTL,0.12247536133783445,0.2670549567869947,84
subject_610,50,Frontal,UTR,0.22970700817439332,0.03555774654529775,84
subject_610,50,Horizontal,MTL,,,84
subject_610,50,Horizontal,MTR,,,84
subject_610,50,Horizontal,SCML,,,84
subject_610,50,Horizontal,SCMR,,,84
subject_610,50,Horizontal,STL,,,84
subject_610,50,Horizontal,STR,,,84
subject_610,50,Horizontal,UTL,,,84
subject_610,50,Horizontal,UTR,,,84
subject_610,60,Sagittal,MTL,-0.15538685950865733,0.1607037657488724,83
subject_610,60,Sagittal,MTR,0.020218662154925494,0.8560333907782224,83
subject_610,60,Sagittal,SCML,0.10782539717635058,0.3319115093638692,83
subject_610,60,Sagittal,SCMR,-0.2460179927471627,0.024966772498406172,83
subject_610,60,Sagittal,STL,0.11077138506928433,0.3187923270795302,83
subject_610,60,Sagittal,STR,0.1540874884228006,0.1642751517437063,83
subject_610,60,Sagittal,UTL,-0.056052180289887635,0.6147455203819556,83
subject_610,60,Sagittal,UTR,0.19099634814605795,0.08369609200297849,83
subject_610,60,Frontal,MTL,0.13701561540858612,0.2167651277149638,83
subject_610,60,Frontal,MTR,0.30033822897562085,0.005802961507199058,83
subject_610,60,Frontal,SCML,-0.058094620933240526,0.6018921532407967,83
subject_610,60,Frontal,SCMR,-0.1315349907922427,0.23588885410674476,83
subject_610,60,Frontal,STL,-0.019730248618836405,0.8594751766655604,83
subject_610,60,Frontal,STR,0.08001711939861429,0.4720859334030258,83
subject_610,60,Frontal,UTL,-0.05261399631689707,0.6366453833102547,83
subject_610,60,Frontal,UTR,-0.01644187384903034,0.8827130365830593,83
subject_610,60,Horizontal,MTL,0.09299603382294803,0.4030426773178708,83
subject_610,60,Horizontal,MTR,-0.384665412631285,0.00033001983708682013,83
subject_610,60,Horizontal,SCML,-0.16062951296691025,0.14687757047754293,83
subject_610,60,Horizontal,SCMR,0.3043506561478299,0.005151462829209819,83
subject_610,60,Horizontal,STL,-0.16274305919015902,0.1415634603413506,83
subject_610,60,Horizontal,STR,-0.17753788275290078,0.10833953388797501,83
subject_610,60,Horizontal,UTL,0.12469922717168029,0.2613416827227917,83
subject_610,60,Horizontal,UTR,-0.41214151353351963,0.000108211529278951,83
subject_610,70,Sagittal,MTL,-0.041604181735252876,0.708816808599186,83
subject_610,70,Sagittal,MTR,0.04514097790501352,0.6853131455944662,83
subject_610,70,Sagittal,SCML,0.0699756774895633,0.5296032409682925,83
subject_610,70,Sagittal,SCMR,-0.2755175234300142,0.011701719123195982,83
subject_610,70,Sagittal,STL,-0.09552655075334812,0.390309253260507,83
subject_610,70,Sagittal,STR,0.06462090198020608,0.5616427519231266,83
subject_610,70,Sagittal,UTL,0.01815775728275867,0.8705738107968417,83
subject_610,70,Sagittal,UTR,0.38750505074916414,0.0002954062971423505,83
subject_610,70,Frontal,MTL,-0.06544318669846165,0.5566635457522581,83
subject_610,70,Frontal,MTR,0.1286679602885009,0.24634632887205726,83
subject_610,70,Frontal,SCML,0.05546032771056073,0.6184921663276282,83
subject_610,70,Frontal,SCMR,0.043259055614237374,0.6977839017499395,83
subject_610,70,Frontal,STL,0.16305336346904856,0.14079562336827556,83
subject_610,70,Frontal,STR,0.16305336346904856,0.14079562336827556,83
subject_610,70,Frontal,UTL,-0.043259055614237374,0.6977839017499395,83
subject_610,70,Frontal,UTR,-0.03993143595160373,0.7200301147262658,83
subject_610,70,Horizontal,MTL,-0.02324900845573701,0.8347413776055849,83
subject_610,70,Horizontal,MTR,-0.41002796731027086,0.00011831335200424054,83
subject_610,70,Horizontal,SCML,0.09722312626944567,0.38190816477493333,83
subject_610,70,Horizontal,SCMR,0.2789881014688441,0.010646738655407472,83
subject_610,70,Horizontal,STL,-0.06551993292071338,0.5561999015702386,83
subject_610,70,Horizontal,STR,-0.035930285795229916,0.7470888604498795,83
subject_610,70,Horizontal,UTL,0.19444625253889133,0.07815747186125799,83
subject_610,70,Horizontal,UTR,-0.41214151353351963,0.000108211529278951,83
subject_610,80,Sagittal,MTL,0.22186725318051903,0.042526291890895754,84
subject_610,80,Sagittal,MTR,-0.2324096980856694,0.03338885391286933,84
subject_610,80,Sagittal,SCML,0.4527561078892923,1.531032599745339e-05,84
subject_610,80,Sagittal,SCMR,0.20954531806566717,0.055743629319096606,84
subject_610,80,Sagittal,STL,0.3084829045504097,0.0043049510686760245,84
subject_610,80,Sagittal,STR,0.44739694551356335,1.983229287086239e-05,84
subject_610,80,Sagittal,UTL,0.050384403030502574,0.6490008323947845,84
subject_610,80,Sagittal,UTR,0.1842910413105426,0.0933171024603584,84
subject_610,80,Frontal,MTL,-0.38950318777397136,0.0002501451260482841,84
subject_610,80,Frontal,MTR,0.0509875967801285,0.6450807733442847,84
subject_610,80,Frontal,SCML,-0.40316996629235624,0.00014326021042459182,84
subject_610,80,Frontal,SCMR,-0.13719343051147978,0.21333330511783422,84
subject_610,80,Frontal,STL,-0.39896480367131476,0.00017050043620317316,84
subject_610,80,Frontal,STR,-0.41893932612126206,7.303427066160056e-05,84
subject_610,80,Frontal,UTL,-0.003679517293411335,0.9735006386235822,84
subject_610,80,Frontal,UTR,-0.14350117444304206,0.19282937463840646,84
subject_610,80,Horizontal,MTL,0.13807113887781008,0.21039125766907735,84
subject_610,80,Horizontal,MTR,0.033951919396182806,0.7591476302381034,84
subject_610,80,Horizontal,SCML,-0.061113454913129056,0.5807853079793376,84
subject_610,80,Horizontal,SCMR,-0.038478841982340514,0.7282090499984923,84
subject_610,80,Horizontal,STL,0.16975959698091403,0.12263973871984,84
subject_610,80,Horizontal,STR,0.020371151637709684,0.8540713561222194,84
subject_610,80,Horizontal,UTL,-0.18786728732554484,0.0870246704458426,84
subject_610,80,Horizontal,UTR,-0.1425980614639678,0.19567446573869637,84
subject_610,90,Sagittal,MTL,0.23926984819838587,0.02936562815950067,83
subject_610,90,Sagittal,MTR,-0.02361368801780938,0.8321867213514536,83
subject_610,90,Sagittal,SCML,0.67156651324159,3.679092556423194e-12,83
subject_610,90,Sagittal,SCMR,0.6416127987232572,6.333397709834501e-11,83
subject_610,90,Sagittal,STL,0.5322658642042125,2.2327960256053113e-07,83
subject_610,90,Sagittal,STR,0.5767307245192359,1.1550471186705608e-08,83
subject_610,90,Sagittal,UTL,-0.08265320023804279,0.4575670201627597,83
subject_610,90,Sagittal,UTR,0.17758424812317608,0.10824589066284972,83
subject_610,90,Frontal,MTL,-0.2681606099289809,0.014242803406645866,83
subject_610,90,Frontal,MTR,-0.16273124967465027,0.14159274481149636,83
subject_610,90,Frontal,SCML,-0.6320792138525586,1.4693024223913153e-10,83
subject_610,90,Frontal,SCMR,-0.5740510162941562,1.3982206242371037e-08,83
subject_610,90,Frontal,STL,-0.5521470919193443,6.263915805666995e-08,83
subject_610,90,Frontal,STR,-0.6597936033320327,1.169939061520473e-11,83
subject_610,90,Frontal,UTL,0.04705712199894162,0.6727015082708635,83
subject_610,90,Frontal,UTR,-0.2337183134862137,0.03345915088712795,83
subject_610,90,Horizontal,MTL,0.17054494513830984,0.12319717375018947,83
subject_610,90,Horizontal,MTR,0.09218645683151884,0.40716742078000645,83
subject_610,90,Horizontal,SCML,0.09218645683151884,0.40716742078000645,83
subject_610,90,Horizontal,SCMR,0.07835848830679101,0.4813473958973924,83
subject_610,90,Horizontal,STL,0.18437291366303768,0.09520045343527525,83
subject_610,90,Horizontal,STR,0.14288900808885419,0.19751549942963115,83
subject_610,90,Horizontal,UTL,-0.18437291366303768,0.09520045343527525,83
subject_610,90,Horizontal,UTR,-0.10601442535624667,0.34014367912681515,83
subject_611,10,Sagittal,MTL,-0.2759064472706824,0.0007821293107151772,145
subject_611,10,Sagittal,MTR,-0.33007167640076823,5.02600672124781e-05,145
subject_611,10,Sagittal,SCML,-0.18430040956903382,0.026479381886831816,145
subject_611,10,Sagittal,SCMR,-0.28300703522577936,0.0005623512134640266,145
subject_611,10,Sagittal,STL,-0.30672215368771305,0.00017520950934326,145
subject_611,10,Sagittal,STR,-0.25883122385485424,0.0016693334556048193,145
subject_611,10,Sagittal,UTL,0.09862632138820572,0.23791308090518007,145
subject_611,10,Sagittal,UTR,-0.030650871339501517,0.714382299069031,145
subject_611,10,Frontal,MTL,-0.31198342871817997,0.00013341954316306858,145
subject_611,10,Frontal,MTR,-0.337624152064279,3.2820143536559036e-05,145
subject_611,10,Frontal,SCML,-0.18562954480438548,0.025391448744096743,145
subject_611,10,Frontal,SCMR,-0.27774740060373976,0.0007186141991817402,145
subject_611,10,Frontal,STL,-0.19244771223548862,0.020392782864736395,145
subject_611,10,Frontal,STR,-0.23988450233536096,0.003659082493459303,145
subject_611,10,Frontal,UTL,0.03522913427348504,0.6739931725949131,145
subject_611,10,Frontal,UTR,0.053227005541788726,0.5248796604571629,145
subject_611,10,Horizontal,MTL,0.017323407893657036,0.8361570665319652,145
subject_611,10,Horizontal,MTR,0.15234458087368213,0.06735662118884621,145
subject_611,10,Horizontal,SCML,-0.12393674393234881,0.13748778054989408,145
subject_611,10,Horizontal,SCMR,0.015009814554108733,0.8577901989319929,145
subject_611,10,Horizontal,STL,0.046594225224342894,0.57785879398556,145
subject_611,10,Horizontal,STR,0.054653186058763695,0.51381834001729,145
subject_611,10,Horizontal,UTL,-0.13238522120709995,0.11243870140196528,145
subject_611,10,Horizontal,UTR,-0.07026406477510631,0.40101660687822377,145
subject_611,20,Sagittal,MTL,-0.20703396403381935,0.012781782634376689,144
subject_611,20,Sagittal,MTR,-0.28788347630158273,0.0004672425870359322,144
subject_611,20,Sagittal,SCML,-0.18879118611360474,0.02344108895827808,144
subject_611,20,Sagittal,SCMR,-0.21710574602208563,0.008953720664283436,144
subject_611,20,Sagittal,STL,-0.2067565402992598,0.012904943661732688,144
subject_611,20,Sagittal,STR,0.047519651407948754,0.5716754964882551,144
subject_611,20,Sagittal,UTL,-0.23766111085460487,0.0041269432521813575,144
subject_611,20,Sagittal,UTR,-0.2936703620146602,0.00035367986005815607,144
subject_611,20,Frontal,MTL,-0.21501782161307956,0.009651510252966325,144
subject_611,20,Frontal,MTR,-0.21258020814179288,0.010526490946168228,144
subject_611,20,Frontal,SCML,-0.051176861457536985,0.542412174946443,144
subject_611,20,Frontal,SCMR,-0.017037251420040048,0.839385247571194,144
subject_611,20,Frontal,STL,0.047116776626622524,0.5749439757870796,144
subject_611,20,Frontal,STR,0.0343818088118876,0.6824612288005737,144
subject_611,20,Frontal,UTL,-0.2878285026282858,0.00046846701561521764,144
subject_611,20,Frontal,UTR,-0.18824313774737614,0.023854210188066962,144
subject_611,20,Horizontal,MTL,-0.020427843792414396,0.8079875505465184,144
subject_611,20,Horizontal,MTR,-0.04832829843533425,0.5651415453525287,144
subject_611,20,Horizontal,SCML,-0.11185361306772909,0.1819622152492227,144
subject_611,20,Horizontal,SCMR,-0.09263600733697264,0.2694542584592773,144
subject_611,20,Horizontal,STL,-0.06259123827608164,0.4561025167888382,144
subject_611,20,Horizontal,STR,-0.061933323625113224,0.4608603465510535,144
subject_611,20,Horizontal,UTL,0.02027351813354526,0.8094104188053872,144
subject_611,20,Horizontal,UTR,0.08570759749405832,0.30706103801056084,144
subject_611,30,Sagittal,MTL,0.06384610993443335,0.44710392390168513,144
subject_611,30,Sagittal,MTR,-0.13795324154351885,0.09916715435103841,144
subject_611,30,Sagittal,SCML,-0.16631841570245323,0.04633537569242874,144
subject_611,30,Sagittal,SCMR,-0.1323033401661903,0.11393286087982787,144
subject_611,30,Sagittal,STL,0.10137569105186912,0.22665387759375089,144
subject_611,30,Sagittal,STR,0.24949875507457933,0.002563589226954329,144
subject_611,30,Sagittal,UTL,-0.12203786975029618,0.14507680254227326,144
subject_611,30,Sagittal,UTR,-0.1827743095565778,0.028330360374834808,144
subject_611,30,Frontal,MTL,0.045981816532829435,0.5841984828621878,144
subject_611,30,Frontal,MTR,0.06103041103448271,0.4674343766931726,144
subject_611,30,Frontal,SCML,0.015884627529522896,0.8501193434449316,144
subject_611,30,Frontal,SCMR,0.09848469068304194,0.24024540830728716,144
subject_611,30,Frontal,STL,0.2208799259631552,0.00780477434023796,144
subject_611,30,Frontal,STR,0.22054551275200734,0.00790101950116899,144
subject_611,30,Frontal,UTL,0.059358344978743455,0.479743213630733,144
subject_611,30,Frontal,UTR,0.027923503130845514,0.739718269160625,144
subject_611,30,Horizontal,MTL,0.0881150309578404,0.2936219548068865,144
subject_611,30,Horizontal,MTR,-0.007159377910382483,0.9321303275423647,144
subject_611,30,Horizontal,SCML,-0.03333110663652608,0.6916642394688391,144
subject_611,30,Horizontal,SCMR,-0.14257490988575694,0.08824892534965403,144
subject_611,30,Horizontal,STL,-0.04472332749816723,0.5945397110652285,144
subject_611,30,Horizontal,STR,-0.22874060527393875,0.0058223207536492105,144
subject_611,30,Horizontal,UTL,0.17342504397908118,0.037641108212620136,144
subject_611,30,Horizontal,UTR,0.23372280319742983,0.0048115336001140025,144
subject_611,40,Sagittal,MTL,-0.12306063527369827,0.1417111489195752,144
subject_611,40,Sagittal,MTR,-0.17967501882951858,0.031171435872376748,144
subject_611,40,Sagittal,SCML,0.08857669341124504,0.2910901110928791,144
subject_611,40,Sagittal,SCMR,0.08529857180210797,0.3093837839539893,144
subject_611,40,Sagittal,STL,0.09081869889868226,0.2790015374586096,144
subject_611,40,Sagittal,STR,0.24143752634424262,0.0035539842956317427,144
subject_611,40,Sagittal,UTL,0.055231230949984854,0.5108591200224658,144
subject_611,40,Sagittal,UTR,-0.24862792256230415,0.0026570038238815366,144
subject_611,40,Frontal,MTL,-0.012059560692595202,0.8859279335990399,144
subject_611,40,Frontal,MTR,-0.07422574679808597,0.37660633001815014,144
subject_611,40,Frontal,SCML,0.09630663257326029,0.2508535397336668,144
subject_611,40,Frontal,SCMR,0.12789928452850968,0.12658794516047242,144
subject_611,40,Frontal,STL,0.11804781241343192,0.15878788838847543,144
subject_611,40,Frontal,STR,0.12110516582845603,0.1481985839572293,144
subject_611,40,Frontal,UTL,0.21792135730422033,0.008693490744908392,144
subject_611,40,Frontal,UTR,-0.060297803462976016,0.47280600150549185,144
subject_611,40,Horizontal,MTL,0.20181952157556274,0.015277111387271098,144
subject_611,40,Horizontal,MTR,0.05150296471316168,0.5398391779497693,144
subject_611,40,Horizontal,SCML,-0.1342813730984822,0.10857995887546278,144
subject_611,40,Horizontal,SCMR,-0.2061384390844427,0.013183088502521641,144
subject_611,40,Horizontal,STL,0.06171545781446399,0.46244191181374716,144
subject_611,40,Horizontal,STR,-0.2856713303265135,0.0005189179272248028,144
subject_611,40,Horizontal,UTL,0.20550553792546267,0.013473313602970098,144
subject_611,40,Horizontal,UTR,0.24135812277936533,0.003565254044288349,144
subject_611,50,Sagittal,MTL,0.15750286085343093,0.059383005799760386,144
subject_611,50,Sagittal,MTR,0.0574804006319484,0.49377355577118764,144
subject_611,50,Sagittal,SCML,-0.09806317530362753,0.24227357778929665,144
subject_611,50,Sagittal,SCMR,-0.19127398364936535,0.02164562555226411,144
subject_611,50,Sagittal,STL,0.2741285717150124,0.0008848223800431584,144
subject_611,50,Sagittal,STR,0.1947220355552949,0.01934930820530827,144
subject_611,50,Sagittal,UTL,-0.09040700406673842,0.281195629058652,144
subject_611,50,Sagittal,UTR,-0.2150556488591917,0.009638453467217338,144
subject_611,50,Frontal,MTL,0.26550020299345406,0.0012991957649728485,144
subject_611,50,Frontal,MTR,0.02794738978878464,0.7395036139404136,144
subject_611,50,Frontal,SCML,0.09817416412983322,0.2417383903048433,144
subject_611,50,Frontal,SCMR,0.17843333480531734,0.03237570415900458,144
subject_611,50,Frontal,STL,0.14869444567109777,0.07529162878740041,144
subject_611,50,Frontal,STR,0.14690294632566284,0.07891496049644402,144
subject_611,50,Frontal,UTL,0.08491706897361487,0.3115605613344001,144
subject_611,50,Frontal,UTR,-0.026155890443349726,0.7556573852341678,144
subject_611,50,Horizontal,MTL,0.10659029585998175,0.20352891972631384,144
subject_611,50,Horizontal,MTR,0.04386097673122773,0.6016732309171382,144
subject_611,50,Horizontal,SCML,0.08384756718453033,0.31771605663740937,144
subject_611,50,Horizontal,SCMR,0.023668682628666223,0.7782592475744673,144
subject_611,50,Horizontal,STL,0.13274443383675086,0.11272172214336375,144
subject_611,50,Horizontal,STR,-0.1151594311287679,0.16930311769626957,144
subject_611,50,Horizontal,UTL,0.20353117683909341,0.014414875671121445,144
subject_611,50,Horizontal,UTR,0.1781649119628667,0.03264115928425729,144
subject_611,60,Sagittal,MTL,0.06010844509208202,0.47419986249382806,144
subject_611,60,Sagittal,MTR,0.008793491907470868,0.9166898394189935,144
subject_611,60,Sagittal,SCML,-0.0800286897812995,0.3403343187077494,144
subject_611,60,Sagittal,SCMR,-0.017879540676875593,0.8315597530671955,144
subject_611,60,Sagittal,STL,-0.023692309802512183,0.7780436325583002,144
subject_611,60,Sagittal,STR,-0.06464787246618683,0.4414072531340588,144
subject_611,60,Sagittal,UTL,-0.01769969014699822,0.833229339330035,144
subject_611,60,Sagittal,UTR,-0.3517708503906801,1.5359641718595617e-05,144
subject_611,60,Frontal,MTL,0.09960546401077712,0.23491035997875356,144
subject_611,60,Frontal,MTR,0.021685322423010515,0.7964175205654509,144
subject_611,60,Frontal,SCML,0.09298960293257051,0.2676227260177481,144
subject_611,60,Frontal,SCMR,0.25654839069934476,0.001910082473444834,144
subject_611,60,Frontal,STL,-0.11577756886861548,0.1670104097008564,144
subject_611,60,Frontal,STR,-0.02793363566353897,0.7396272116512237,144
subject_611,60,Frontal,UTL,0.10107565536148969,0.22803866046411575,144
subject_611,60,Frontal,UTR,-0.0679963499704567,0.41806514341974693,144
subject_611,60,Horizontal,MTL,0.09738761314952231,0.24554891879381596,144
subject_611,60,Horizontal,MTR,0.06260748308227838,0.4559853863238936,144
subject_611,60,Horizontal,SCML,-0.001478277363904342,0.9859701373480723,144
subject_611,60,Horizontal,SCMR,-0.07946959191450594,0.3437293539786679,144
subject_611,60,Horizontal,STL,0.07985946726322797,0.34135964535161595,144
subject_611,60,Horizontal,STR,0.015554401933389092,0.8531998141814111,144
subject_611,60,Horizontal,UTL,0.1354898060840018,0.10540789431415899,144
subject_611,60,Horizontal,UTR,0.16430809227703808,0.049078529102177984,144
subject_611,70,Sagittal,MTL,-0.16039080635559597,0.054811577381637396,144
subject_611,70,Sagittal,MTR,-0.13107560417837358,0.11735733723086599,144
subject_611,70,Sagittal,SCML,0.20445639556114992,0.013966724444699326,144
subject_611,70,Sagittal,SCMR,0.32063212425275345,8.9283605496425e-05,144
subject_611,70,Sagittal,STL,-0.09491228417234165,0.257812065149656,144
subject_611,70,Sagittal,STR,-0.13602676501734354,0.10402196340947815,144
subject_611,70,Sagittal,UTL,-0.09145085314332727,0.2756550074442581,144
subject_611,70,Sagittal,UTR,-0.34415851474630765,2.403553678349453e-05,144
subject_611,70,Frontal,MTL,-0.08728356043418749,0.2982186598789023,144
subject_611,70,Frontal,MTR,-0.13442693162760383,0.10819396408041883,144
subject_611,70,Frontal,SCML,0.10812229697620487,0.19706986213831842,144
subject_611,70,Frontal,SCMR,0.22256453864138223,0.0073355687274353236,144
subject_611,70,Frontal,STL,-0.2075333188405828,0.012562687943954008,144
subject_611,70,Frontal,STR,-0.12896103351822225,0.12344217621734424,144
subject_611,70,Frontal,UTL,-0.14535872784636705,0.08214961343428259,144
subject_611,70,Frontal,UTR,-0.22700558085525477,0.006216441998754693,144
subject_611,70,Horizontal,MTL,-0.1317685856529762,0.11541473739780062,144
subject_611,70,Horizontal,MTR,-0.1257333832566567,0.13319617347780557,144
subject_611,70,Horizontal,SCML,-0.00301760119815976,0.9713655257888882,144
subject_611,70,Horizontal,SCMR,0.06739309342556797,0.4222164810261864,144
subject_611,70,Horizontal,STL,-0.1337803197850827,0.10991690799641957,144
subject_611,70,Horizontal,STR,0.05532268863292894,0.5101584601373478,144
subject_611,70,Horizontal,UTL,-0.0010058670660532535,0.9904533725888474,144
subject_611,70,Horizontal,UTR,0.023134942519224832,0.7831344820768483,144
subject_611,80,Sagittal,MTL,-0.17382083016840766,0.03720028888323658,144
subject_611,80,Sagittal,MTR,-0.2112801898503501,0.011021091065694013,144
subject_611,80,Sagittal,SCML,-0.032860925021402525,0.6957972580294768,144
subject_611,80,Sagittal,SCMR,0.04245632534639575,0.6133737567918799,144
subject_611,80,Sagittal,STL,-0.145670745988136,0.08148759813513681,144
subject_611,80,Sagittal,STR,-0.026790991269489875,0.7499182314507551,144
subject_611,80,Sagittal,UTL,-0.2762765090911588,0.0008025640642563845,144
subject_611,80,Sagittal,UTR,-0.3530524851207173,1.422795340967713e-05,144
subject_611,80,Frontal,MTL,-0.15281718663426364,0.06746263048885567,144
subject_611,80,Frontal,MTR,-0.3400323377876789,3.049137692618024e-05,144
subject_611,80,Frontal,SCML,-0.2791310235570499,0.0007041008105608041,144
subject_611,80,Frontal,SCMR,-0.09417147663439862,0.2615624683082221,144
subject_611,80,Frontal,STL,-0.4483013408643527,1.753939995636727e-08,144
subject_611,80,Frontal,STR,-0.25582311317248807,0.001969528277113988,144
subject_611,80,Frontal,UTL,-0.30619827432621827,0.00018965349944139153,144
subject_611,80,Frontal,UTR,-0.5103304572103637,6.400681653729605e-11,144
subject_611,80,Horizontal,MTL,0.17180321802353493,0.03949366579717365,144
subject_611,80,Horizontal,MTR,0.1606207600456717,0.05446041205840705,144
subject_611,80,Horizontal,SCML,0.15757099877898173,0.059271650848152654,144
subject_611,80,Horizontal,SCMR,0.1474051278900152,0.0778854156910117,144
subject_611,80,Horizontal,STL,0.2419477271574042,0.0034823332137754173,144
subject_611,80,Horizontal,STR,0.05387911571152279,0.5212754650421911,144
subject_611,80,Horizontal,UTL,-0.01931515468903647,0.8182602278822255,144
subject_611,80,Horizontal,UTR,0.11080799268973555,0.18610735570882012,144
subject_611,90,Sagittal,MTL,0.4646213584486323,4.456778450328102e-09,144
subject_611,90,Sagittal,MTR,0.37085247325492326,4.746580939691924e-06,144
subject_611,90,Sagittal,SCML,0.4515148298591125,1.3468288179155774e-08,144
subject_611,90,Sagittal,SCMR,0.512614577141196,5.0910677726912905e-11,144
subject_611,90,Sagittal,STL,0.41563642567843206,2.2129803162928455e-07,144
subject_611,90,Sagittal,STR,0.020958518669692006,0.8030995986046854,144
subject_611,90,Sagittal,UTL,0.5396249812735243,2.97355955109939e-12,144
subject_611,90,Sagittal,UTR,0.3902052544314267,1.3333722862148445e-06,144
subject_611,90,Frontal,MTL,0.31512795562025275,0.0001195397791250842,144
subject_611,90,Frontal,MTR,0.4114051779276127,3.0148921304479977e-07,144
subject_611,90,Frontal,SCML,0.4166702857870912,2.0506094924483788e-07,144
subject_611,90,Frontal,SCMR,0.5820554238192461,1.9885329453387004e-14,144
subject_611,90,Frontal,STL,0.3034907172231492,0.00021751579364965594,144
subject_611,90,Frontal,STR,0.05071828900021504,0.5460405749193356,144
subject_611,90,Frontal,UTL,0.41633277887302206,2.102320842059803e-07,144
subject_611,90,Frontal,UTR,0.04053683042579629,0.6295212657453252,144
subject_611,90,Horizontal,MTL,-0.2953993782183746,0.00032507298069894033,144
subject_611,90,Horizontal,MTR,-0.3368667141639379,3.651434800867466e-05,144
subject_611,90,Horizontal,SCML,-0.14405034519544,0.08497275808465403,144
subject_611,90,Horizontal,SCMR,-0.2436824111485867,0.0032483444338555966,144
subject_611,90,Horizontal,STL,0.04884951074336793,0.5609490100557608,144
subject_611,90,Horizontal,STR,0.24284754144548565,0.0033591292250253796,144
subject_611,90,Horizontal,UTL,-0.37327024425646144,4.0682359595797525e-06,144
subject_611,90,Horizontal,UTR,-0.0268635382159348,0.7492635176451885,144
subject_612,10,Sagittal,MTL,0.40435610942414696,9.795272617212738e-06,112
subject_612,10,Sagittal,MTR,0.003805807488494702,0.9682325039009062,112
subject_612,10,Sagittal,SCML,0.44827600273964896,7.177528816610507e-07,112
subject_612,10,Sagittal,SCMR,0.2717127822216914,0.0037554101011199902,112
subject_612,10,Sagittal,STL,-0.21593364281273048,0.022217004047204596,112
subject_612,10,Sagittal,STR,0.4228645823940562,3.4043220203703253e-06,112
subject_612,10,Sagittal,UTL,-0.5963044160766285,4.002712842888277e-12,112
subject_612,10,Sagittal,UTR,-0.2981565825296804,0.0014083071984755677,112
subject_612,10,Frontal,MTL,-0.43148321841558507,2.0363258355789467e-06,112
subject_612,10,Frontal,MTR,-0.1218742715763487,0.20050846948088877,112
subject_612,10,Frontal,SCML,-0.4077000473373314,8.130082333335694e-06,112
subject_612,10,Frontal,SCMR,-0.29442924210645066,0.0016263070135959067,112
subject_612,10,Frontal,STL,0.2945539945961829,0.0016185414029335735,112
subject_612,10,Frontal,STR,-0.4834559967272801,6.683456512426128e-08,112
subject_612,10,Frontal,UTL,0.40094113566147704,1.182398406359661e-05,112
subject_612,10,Frontal,UTR,0.3627579629112647,8.467609118266251e-05,112
subject_612,10,Horizontal,MTL,-0.13932646417135008,0.14289165366919587,112
subject_612,10,Horizontal,MTR,0.036630431894815046,0.7013936663585008,112
subject_612,10,Horizontal,SCML,0.04709626957904792,0.621940279562645,112
subject_612,10,Horizontal,SCMR,-0.08176435690806928,0.3914220151165317,112
subject_612,10,Horizontal,STL,0.1020419174212705,0.2843526235794899,112
subject_612,10,Horizontal,STR,-0.192309767447779,0.04221585699145695,112
subject_612,10,Horizontal,UTL,0.34471852872442016,0.00019766153196189287,112
subject_612,10,Horizontal,UTR,0.21127909825045105,0.02533927108323302,112
subject_612,20,Sagittal,MTL,-0.2630213764780144,0.005081200137505858,112
subject_612,20,Sagittal,MTR,-0.35353198023045457,0.000131463423345269,112
subject_612,20,Sagittal,SCML,-0.23788432550846622,0.011548283625465833,112
subject_612,20,Sagittal,SCMR,-0.11797692174891243,0.21539171062210952,112
subject_612,20,Sagittal,STL,-0.3696827733899047,6.032536455792779e-05,112
subject_612,20,Sagittal,STR,0.28092591737952594,0.0026966679706634062,112
subject_612,20,Sagittal,UTL,-0.010150891323560108,0.9154042322600107,112
subject_612,20,Sagittal,UTR,-0.08981272997394543,0.34633063348814636,112
subject_612,20,Frontal,MTL,0.10305197200746842,0.2795875311112031,112
subject_612,20,Frontal,MTR,0.14171070889759882,0.13611037901603257,112
subject_612,20,Frontal,SCML,0.0490011011882591,0.607902605089037,112
subject_612,20,Frontal,SCMR,0.0071459939232877846,0.9403908435956144,112
subject_612,20,Frontal,STL,0.2981941001012454,0.0014062549450996411,112
subject_612,20,Frontal,STR,-0.1906721651819839,0.04403454575627952,112
subject_612,20,Frontal,UTL,0.003325216312431417,0.9722423396517631,112
subject_612,20,Frontal,UTR,0.11423679051291957,0.23039712094654932,112
subject_612,20,Horizontal,MTL,0.05435053542707601,0.5692474355248152,112
subject_612,20,Horizontal,MTR,0.24940292424947966,0.00800483987561815,112
subject_612,20,Horizontal,SCML,0.22197368207132914,0.018661757832905104,112
subject_612,20,Horizontal,SCMR,0.03403257825807564,0.7216685772038443,112
subject_612,20,Horizontal,STL,0.056382331143976054,0.5548752401389252,112
subject_612,20,Horizontal,STR,-0.1752423805826283,0.06458582832321308,112
subject_612,20,Horizontal,UTL,-0.042159761125675786,0.6589466814234867,112
subject_612,20,Horizontal,UTR,-0.024889497532025465,0.7944850298837535,112
subject_612,30,Sagittal,MTL,-0.2057549816497803,0.029523784693093653,112
subject_612,30,Sagittal,MTR,0.09240093290622933,0.332553071252616,112
subject_612,30,Sagittal,SCML,0.08059608395546272,0.3982474134889848,112
subject_612,30,Sagittal,SCMR,-0.08132774888627148,0.39396457196864954,112
subject_612,30,Sagittal,STL,-0.22364394368290955,0.01776983559698726,112
subject_612,30,Sagittal,STR,-0.1104764940492293,0.2462074043449002,112
subject_612,30,Sagittal,UTL,0.14910742029535282,0.11662767017566127,112
subject_612,30,Sagittal,UTR,0.07680517572335298,0.420876927125704,112
subject_612,30,Frontal,MTL,0.27048661584188416,0.003921368997123023,112
subject_612,30,Frontal,MTR,-0.017555248661568074,0.8542353210366966,112
subject_612,30,Frontal,SCML,0.018399064481212504,0.8473119861994316,112
subject_612,30,Frontal,SCMR,0.023083697135100556,0.8091006095921712,112
subject_612,30,Frontal,STL,0.22365968736782305,0.01776160685566499,112
subject_612,30,Frontal,STR,-0.04903830786347412,0.6076298021039209,112
subject_612,30,Frontal,UTL,-0.04157975194041012,0.6633515673114055,112
subject_612,30,Frontal,UTR,0.11885194314853875,0.2119837113735085,112
subject_612,30,Horizontal,MTL,0.03504847611652565,0.7137161131070406,112
subject_612,30,Horizontal,MTR,0.06654130972847624,0.4857526917357797,112
subject_612,30,Horizontal,SCML,-0.0035556425045750665,0.9703196750401172,112
subject_612,30,Horizontal,SCMR,0.12647928337702735,0.18389480338150466,112
subject_612,30,Horizontal,STL,0.02996898682427556,0.7537683826386069,112
subject_612,30,Horizontal,STR,-0.03504847611652565,0.7137161131070406,112
subject_612,30,Horizontal,UTL,-0.10616132620802698,0.26525625509293055,112
subject_612,30,Horizontal,UTR,-0.14679724054602772,0.12246545558928632,112
subject_612,40,Sagittal,MTL,-0.22789030701274882,0.015666357719418992,112
subject_612,40,Sagittal,MTR,-0.07703529536411982,0.4194823821984307,112
subject_612,40,Sagittal,SCML,-0.01501527587461853,0.8751401054530747,112
subject_612,40,Sagittal,SCMR,0.1388196905245117,0.14436542223058096,112
subject_612,40,Sagittal,STL,-0.11856985847575692,0.21307813998403594,112
subject_612,40,Sagittal,STR,-0.03433647086158921,0.719286543692136,112
subject_612,40,Sagittal,UTL,0.5258488213837945,2.6201932089624726e-09,112
subject_612,40,Sagittal,UTR,0.5547382121665605,2.2020986445622602e-10,112
subject_612,40,Frontal,MTL,0.2533080289959569,0.007043403446060152,112
subject_612,40,Frontal,MTR,0.07801350070183882,0.4135843546428467,112
subject_612,40,Frontal,SCML,0.05200745138227665,0.5860360039614414,112
subject_612,40,Frontal,SCMR,-0.20138887549378598,0.033233048996104735,112
subject_612,40,Frontal,STL,0.10704491422923425,0.2612764581170371,112
subject_612,40,Frontal,STR,0.016511703579772042,0.8628126729952343,112
subject_612,40,Frontal,UTL,-0.5063000445262722,1.2326486286736634e-08,112
subject_612,40,Frontal,UTR,-0.5361679642862482,1.1111870836005894e-09,112
subject_612,40,Horizontal,MTL,0.04506541118196979,0.6370574680357864,112
subject_612,40,Horizontal,MTR,-0.07244692683683752,0.4477908161724044,112
subject_612,40,Horizontal,SCML,0.05647437603816467,0.5542283130322774,112
subject_612,40,Horizontal,SCMR,0.007415827156526675,0.938144369457122,112
subject_612,40,Horizontal,STL,-0.001711344728429233,0.9857122450804893,112
subject_612,40,Horizontal,STR,0.09070127060674933,0.3415608659052736,112
subject_612,40,Horizontal,UTL,0.007415827156526675,0.938144369457122,112
subject_612,40,Horizontal,UTR,-0.12835085463219245,0.17743819654954499,112
subject_612,50,Sagittal,MTL,-0.3132979775590142,0.0007695100602971015,112
subject_612,50,Sagittal,MTR,-0.2917273149562031,0.0018030143440539452,112
subject_612,50,Sagittal,SCML,-0.198684878668069,0.03572186413299547,112
subject_612,50,Sagittal,SCMR,0.032238602543112824,0.7357840949509182,112
subject_612,50,Sagittal,STL,0.40896215424513166,7.574010814855752e-06,112
subject_612,50,Sagittal,STR,0.14737017994559948,0.12099706662816682,112
subject_612,50,Sagittal,UTL,0.42687411942687636,2.6851312938867205e-06,112
subject_612,50,Sagittal,UTR,0.4117159599243567,6.482707148941015e-06,112
subject_612,50,Frontal,MTL,0.39423294042121215,1.701172455599739e-05,112
subject_612,50,Frontal,MTR,0.2957549615386641,0.001545486987702674,112
subject_612,50,Frontal,SCML,0.1705025484618048,0.07227662625559436,112
subject_612,50,Frontal,SCMR,-0.15105898118182717,0.11186611489628903,112
subject_612,50,Frontal,STL,-0.3355524651925562,0.0002983095233956138,112
subject_612,50,Frontal,STR,-0.21321323321629482,0.02399910257679932,112
subject_612,50,Frontal,UTL,-0.4002701249388987,1.2266510778504196e-05,112
subject_612,50,Frontal,UTR,-0.3002876413432128,0.0012959550151759934,112
subject_612,50,Horizontal,MTL,-0.024663578219572595,0.7963097726437544,112
subject_612,50,Horizontal,MTR,0.04074852053668516,0.6696843937988696,112
subject_612,50,Horizontal,SCML,-0.16299408214674063,0.08595748713291813,112
subject_612,50,Horizontal,SCMR,-0.18872998985412073,0.04627558112088198,112
subject_612,50,Horizontal,STL,0.03967619104887765,0.6778883354404909,112
subject_612,50,Horizontal,STR,-0.01822960129272757,0.8487014820999993,112
subject_612,50,Horizontal,UTL,0.037531532073262645,0.6944088890148088,112
subject_612,50,Horizontal,UTR,-0.041820850024492665,0.6615191402949764,112
subject_612,60,Sagittal,MTL,-0.12099590627631739,0.2037963586590986,112
subject_612,60,Sagittal,MTR,-0.3854123771134187,2.712286629345159e-05,112
subject_612,60,Sagittal,SCML,0.04660606293955117,0.6255751920747576,112
subject_612,60,Sagittal,SCMR,0.033472292454454405,0.7260672959687126,112
subject_612,60,Sagittal,STL,0.14361401579802463,0.13087513690767863,112
subject_612,60,Sagittal,STR,-0.039014408980808934,0.6829702897368031,112
subject_612,60,Sagittal,UTL,0.25051935222667654,0.0077187972172847565,112
subject_612,60,Sagittal,UTR,0.2888854381421383,0.0020074929370835462,112
subject_612,60,Frontal,MTL,0.09102722147957795,0.33982157766426013,112
subject_612,60,Frontal,MTR,0.16023177344266512,0.09148174997903978,112
subject_612,60,Frontal,SCML,0.08184286056796135,0.3909658987193694,112
subject_612,60,Frontal,SCMR,-0.16372235391448753,0.08454622556856362,112
subject_612,60,Frontal,STL,-0.21229741829148205,0.024625921052105485,112
subject_612,60,Frontal,STR,-0.18940193168844915,0.04548976032434071,112
subject_612,60,Frontal,UTL,-0.26980041413013917,0.004017084626113819,112
subject_612,60,Frontal,UTR,-0.08958284335330663,0.3475714658444295,112
subject_612,60,Horizontal,MTL,0.20390683492764464,0.03104865572628499,112
subject_612,60,Horizontal,MTR,0.16165975284961256,0.08859183600363318,112
subject_612,60,Horizontal,SCML,-0.17028160633492523,0.0726524276540042,112
subject_612,60,Horizontal,SCMR,0.03146976522139124,0.741860886528676,112
subject_612,60,Horizontal,STL,0.2702951067645522,0.003947874199485694,112
subject_612,60,Horizontal,STR,0.23149676608064515,0.014053019911077087,112
subject_612,60,Horizontal,UTL,0.18235220121436296,0.05431048749365032,112
subject_612,60,Horizontal,UTR,-0.10216896380095514,0.2837502998876478,112
subject_612,70,Sagittal,MTL,0.11031332426399502,0.24691003016569238,112
subject_612,70,Sagittal,MTR,-0.4849387386345715,6.011172303208921e-08,112
subject_612,70,Sagittal,SCML,0.02432183167749048,0.7990721337839675,112
subject_612,70,Sagittal,SCMR,0.24036473215790047,0.010686531153725285,112
subject_612,70,Sagittal,STL,0.21330308003418322,0.023938349613818955,112
subject_612,70,Sagittal,STR,0.22270284464468093,0.01826774159181914,112
subject_612,70,Sagittal,UTL,0.28076523330528913,0.002712547763704355,112
subject_612,70,Sagittal,UTR,-0.06709715988986119,0.48210797263106714,112
subject_612,70,Frontal,MTL,-0.18404895774324817,0.052068312864486266,112
subject_612,70,Frontal,MTR,0.3325667858904946,0.00034017978523340144,112
subject_612,70,Frontal,SCML,0.15748184093935236,0.0972571523332584,112
subject_612,70,Frontal,SCMR,-0.31433773002595106,0.0007373563500941085,112
subject_612,70,Frontal,STL,-0.1996834192868358,0.034785115338259294,112
subject_612,70,Frontal,STR,-0.5118757112831197,8.004456607932095e-09,112
subject_612,70,Frontal,UTL,-0.20684602865536816,0.028653765168106825,112
subject_612,70,Frontal,UTR,0.32871550960561335,0.00040219849076568556,112
subject_612,70,Horizontal,MTL,0.49461755466331847,2.9716367210108906e-08,112
subject_612,70,Horizontal,MTR,-0.06665544102235459,0.4850031332797441,112
subject_612,70,Horizontal,SCML,0.08784845303971862,0.3570226818575589,112
subject_612,70,Horizontal,SCMR,0.5055558834464742,1.3050037712072028e-08,112
subject_612,70,Horizontal,STL,0.39959082335965396,1.2730349212988657e-05,112
subject_612,70,Horizontal,STR,0.43992591074754034,1.213920215060937e-06,112
subject_612,70,Horizontal,UTL,0.4918829724675296,3.6341431988882275e-08,112
subject_612,70,Horizontal,UTR,-0.33601178730756187,0.0002923079298201619,112
subject_612,80,Sagittal,MTL,0.1252624513711022,0.1881837199263326,112
subject_612,80,Sagittal,MTR,-0.19622722542301943,0.03811818255533924,112
subject_612,80,Sagittal,SCML,0.13226831242673268,0.16446544345257028,112
subject_612,80,Sagittal,SCMR,0.3402080391512501,0.00024241978012454112,112
subject_612,80,Sagittal,STL,0.19595222058106737,0.038394521793003004,112
subject_612,80,Sagittal,STR,0.4066780619338858,8.60832787931282e-06,112
subject_612,80,Sagittal,UTL,0.3649539666508355,7.610686730819243e-05,112
subject_612,80,Sagittal,UTR,-0.010206737084908239,0.9149405615545766,112
subject_612,80,Frontal,MTL,-0.20167700855570886,0.03297669027969378,112
subject_612,80,Frontal,MTR,0.4430517383698862,9.987762809782388e-07,112
subject_612,80,Frontal,SCML,0.0003615713906910425,0.9969811438275006,112
subject_612,80,Frontal,SCMR,-0.4011564143731917,1.1685223193309596e-05,112
subject_612,80,Frontal,STL,-0.178771226168814,0.05930375004206511,112
subject_612,80,Frontal,STR,-0.4402906477500637,1.186718674337781e-06,112
subject_612,80,Frontal,UTL,-0.3020107216062999,0.001211146237295868,112
subject_612,80,Frontal,UTR,0.15545221933541506,0.10170126767868429,112
subject_612,80,Horizontal,MTL,0.3675166544863336,6.713123593905976e-05,112
subject_612,80,Horizontal,MTR,-0.22666733978267065,0.016248790598578103,112
subject_612,80,Horizontal,SCML,-0.19818960948739459,0.03619430234422572,112
subject_612,80,Horizontal,SCMR,0.3667469860999748,6.97173697345349e-05,112
subject_612,80,Horizontal,STL,-0.0011545025795382208,0.9903609579924609,112
subject_612,80,Horizontal,STR,0.2451393810552822,0.009185195922405359,112
subject_612,80,Horizontal,UTL,0.3113308622821402,0.000833877913982382,112
subject_612,80,Horizontal,UTR,-0.3544322919182338,0.00012601374456529686,112
subject_612,90,Sagittal,MTL,-0.20053989262966662,0.03482475097531763,111
subject_612,90,Sagittal,MTR,-0.21903504926342385,0.020906091683097913,111
subject_612,90,Sagittal,SCML,0.21516824717312583,0.023334718844145497,111
subject_612,90,Sagittal,SCMR,0.4262364280927338,3.096167590926089e-06,111
subject_612,90,Sagittal,STL,-0.008729462723573007,0.927547250985056,111
subject_612,90,Sagittal,STR,0.5502118449947827,3.9660317035029523e-10,111
subject_612,90,Sagittal,UTL,0.5814782145648257,2.2025404208625988e-11,111
subject_612,90,Sagittal,UTR,0.012394401595700011,0.8972707151374606,111
subject_612,90,Frontal,MTL,0.18346508219636654,0.05392513780150694,111
subject_612,90,Frontal,MTR,0.2647592142767696,0.004983014483367592,111
subject_612,90,Frontal,SCML,-0.18817329099034172,0.047952173410409776,111
subject_612,90,Frontal,SCMR,-0.5221647890699354,4.162549469118582e-09,111
subject_612,90,Frontal,STL,0.023169837887316778,0.8092618046906088,111
subject_612,90,Frontal,STR,-0.43460244288657535,1.8786791090259728e-06,111
subject_612,90,Frontal,UTL,-0.35895628183447387,0.00010937814761110357,111
subject_612,90,Frontal,UTR,-0.06474961794508723,0.4995701426469897,111
subject_612,90,Horizontal,MTL,0.018979089332840635,0.8432708776863346,111
subject_612,90,Horizontal,MTR,0.09760674514032325,0.3081337494874807,111
subject_612,90,Horizontal,SCML,0.016267790856720542,0.8654325888706594,111
subject_612,90,Horizontal,SCMR,-0.005422596952240181,0.9549560081042789,111
subject_612,90,Horizontal,STL,0.0813389542836027,0.3960673624535473,111
subject_612,90,Horizontal,STR,0.03931382790374131,0.6820505374242853,111
subject_612,90,Horizontal,UTL,-0.1531883639007851,0.10845881352593138,111
subject_612,90,Horizontal,UTR,-0.14641011771048487,0.1251920685706211,111
subject_613,10,Sagittal,MTL,-0.03916245981922499,0.6873846138520823,108
subject_613,10,Sagittal,MTR,-0.20625426737369293,0.032225756909380995,108
subject_613,10,Sagittal,SCML,0.3956469906415854,2.254075349744808e-05,108
subject_613,10,Sagittal,SCMR,0.4887917854910974,7.998883612783681e-08,108
subject_613,10,Sagittal,STL,-0.5577768317528705,3.5899082926868946e-10,108
subject_613,10,Sagittal,STR,-0.32892200074339095,0.0005094855406794547,108
subject_613,10,Sagittal,UTL,-0.1954212331635507,0.042679642662984,108
subject_613,10,Sagittal,UTR,-0.2635784385550692,0.005847165556268822,108
subject_613,10,Frontal,MTL,0.013954237492945736,0.8860246540209585,108
subject_613,10,Frontal,MTR,-0.054266479139233416,0.576979048296437,108
subject_613,10,Frontal,SCML,-0.035660829148639106,0.7140647975080495,108
subject_613,10,Frontal,SCMR,-0.04806459580903531,0.6213236261688166,108
subject_613,10,Frontal,STL,0.010853295827846684,0.9112344728096593,108
subject_613,10,Frontal,STR,0.12868907910161068,0.184396017378177,108
subject_613,10,Frontal,UTL,-0.0759730707949268,0.4345211165266438,108
subject_613,10,Frontal,UTR,-0.16279943741770025,0.09229285457899078,108
subject_613,10,Horizontal,MTL,0.13218093059996405,0.17267082567863964,108
subject_613,10,Horizontal,MTR,0.2225045665099395,0.020639039569730955,108
subject_613,10,Horizontal,SCML,-0.013218093059996406,0.8919999835475217,108
subject_613,10,Horizontal,SCMR,-0.07049649631998083,0.46845271944915107,108
subject_613,10,Horizontal,STL,-0.013218093059996406,0.8919999835475217,108
subject_613,10,Horizontal,STR,-0.017624124079995206,0.856337676467671,108
subject_613,10,Horizontal,UTL,0.1740382252899527,0.07164202009020776,108
subject_613,10,Horizontal,UTR,0.15861711671995685,0.10108544334418326,108
subject_613,20,Sagittal,MTL,0.10535623317996577,0.27784321199523615,108
subject_613,20,Sagittal,MTR,0.050113441260183834,0.6065125518351018,108
subject_613,20,Sagittal,SCML,0.28949887291257226,0.0023743874626217963,108
subject_613,20,Sagittal,SCMR,0.27031363291992416,0.004664022456219293,108
subject_613,20,Sagittal,STL,-0.4760750696043336,1.9133862932703762e-07,108
subject_613,20,Sagittal,STR,-0.2017754382168281,0.03625090947594348,108
subject_613,20,Sagittal,UTL,0.05753474103864121,0.5542180519568533,108
subject_613,20,Sagittal,UTR,0.04126032887429265,0.6715796175701884,108
subject_613,20,Frontal,MTL,,,108
subject_613,20,Frontal,MTR,,,108
subject_613,20,Frontal,SCML,,,108
subject_613,20,Frontal,SCMR,,,108
subject_613,20,Frontal,STL,,,108
subject_613,20,Frontal,STR,,,108
subject_613,20,Frontal,UTL,,,108
subject_613,20,Frontal,UTR,,,108
subject_613,20,Horizontal,MTL,0.0584278951477034,0.5480741411037756,108
subject_613,20,Horizontal,MTR,0.33141873298067054,0.00045885455929650843,108
subject_613,20,Horizontal,SCML,-0.18608548118470242,0.05382629708537428,108
subject_613,20,Horizontal,SCMR,-0.19394133263313312,0.04430611441068379,108
subject_613,20,Horizontal,STL,-0.11341885528671837,0.24250693860185654,108
subject_613,20,Horizontal,STR,-0.02896845221608824,0.7660020675998944,108
subject_613,20,Horizontal,UTL,-0.002454953577634596,0.9798828410443574,108
subject_613,20,Horizontal,UTR,0.20670709123683303,0.0318406785934199,108
subject_613,30,Sagittal,MTL,0.15005787098675366,0.1228967290300712,107
subject_613,30,Sagittal,MTR,-0.1101994851610728,0.25848933576296573,107
subject_613,30,Sagittal,SCML,0.3191288306678694,0.0008070191909944743,107
subject_613,30,Sagittal,SCMR,0.37611574793847125,6.537974991985225e-05,107
subject_613,30,Sagittal,STL,-0.6130202988369725,2.2441631696447586e-12,107
subject_613,30,Sagittal,STR,-0.28970879805159333,0.0024718804964726504,107
subject_613,30,Sagittal,UTL,-0.0676189610861991,0.48891650640650663,107
subject_613,30,Sagittal,UTR,-0.1251555408878879,0.19897754749476282,107
subject_613,30,Frontal,MTL,0.21628705285550362,0.025249235181326816,107
subject_613,30,Frontal,MTR,-0.0018329411258940984,0.985050586290997,107
subject_613,30,Frontal,SCML,0.07881646841344624,0.4196870140817529,107
subject_613,30,Frontal,SCMR,0.10081176192417542,0.3015142544832176,107
subject_613,30,Frontal,STL,0.2346164641144446,0.014997456771519035,107
subject_613,30,Frontal,STR,0.2327835229885505,0.015826378268173017,107
subject_613,30,Frontal,UTL,0.034825881391987876,0.7217517826213449,107
subject_613,30,Frontal,UTR,-0.04215764589556427,0.6663579691870886,107
subject_613,30,Horizontal,MTL,-0.1824552800421528,0.05997382175452986,107
subject_613,30,Horizontal,MTR,0.242656260766721,0.011791198816530485,107
subject_613,30,Horizontal,SCML,-0.19079080045016994,0.04901087935585165,107
subject_613,30,Horizontal,SCMR,-0.1704150838972392,0.07926895311507545,107
subject_613,30,Horizontal,STL,0.12225429931758462,0.2096725385678704,107
subject_613,30,Horizontal,STR,0.022228054421379023,0.8202245130411895,107
subject_613,30,Horizontal,UTL,-0.16207956348922206,0.09533168212158406,107
subject_613,30,Horizontal,UTR,-0.06205331859301645,0.5254560698000551,107
subject_613,40,Sagittal,MTL,0.1559623350893625,0.197298943366698,70
subject_613,40,Sagittal,MTR,-0.04743034080207121,0.6966067525982865,70
subject_613,40,Sagittal,SCML,0.4055093625991068,0.0004966801511531926,70
subject_613,40,Sagittal,SCMR,0.3919838772512449,0.0007910646824780827,70
subject_613,40,Sagittal,STL,-0.7102884933487726,5.72729059288478e-12,70
subject_613,40,Sagittal,STR,-0.4662646761630205,4.7391265843624574e-05,70
subject_613,40,Sagittal,UTL,-0.5560214010321206,5.819823228604119e-07,70
subject_613,40,Sagittal,UTR,-0.4325785617117416,0.00018411659418173803,70
subject_613,40,Frontal,MTL,0.13097952027187318,0.2797923729457521,70
subject_613,40,Frontal,MTR,0.02741431819643857,0.8217637255763597,70
subject_613,40,Frontal,SCML,0.06701277781351651,0.5815006290508142,70
subject_613,40,Frontal,SCMR,0.04264449497223778,0.7259449367024555,70
subject_613,40,Frontal,STL,0.20103833344054953,0.09515561055195094,70
subject_613,40,Frontal,STR,0.14925573240283221,0.21750131810466083,70
subject_613,40,Frontal,UTL,-0.13402555562703303,0.2686627984476469,70
subject_613,40,Frontal,UTR,-0.15839383846831173,0.19031716714092975,70
subject_613,40,Horizontal,MTL,-0.14687538053827223,0.22500970437583198,70
subject_613,40,Horizontal,MTR,0.0205900066175148,0.8656515667359915,70
subject_613,40,Horizontal,SCML,-0.012354003970508879,0.91915056520149,70
subject_613,40,Horizontal,SCMR,0.048043348774201196,0.6928796859022935,70
subject_613,40,Horizontal,STL,0.2319807412240001,0.05331099570300801,70
subject_613,40,Horizontal,STR,0.0754966909308876,0.534491191616807,70
subject_613,40,Horizontal,UTL,0.03157134348018936,0.7952854605974744,70
subject_613,40,Horizontal,UTR,-0.15511138318527817,0.19978512001239893,70
subject_613,50,Sagittal,MTL,0.07153852438929653,0.784973943180567,17
subject_613,50,Sagittal,MTR,-0.2861540975571861,0.2655100283850861,17
subject_613,50,Sagittal,SCML,0.5585025149690693,0.019794304057134546,17
subject_613,50,Sagittal,SCMR,0.5798385661027192,0.014696492938218848,17
subject_613,50,Sagittal,STL,-0.7442516660149621,0.0006121296239815746,17
subject_613,50,Sagittal,STR,-0.6626726469745363,0.0037443833921113057,17
subject_613,50,Sagittal,UTL,-0.6099600500561072,0.009323561817012301,17
subject_613,50,Sagittal,UTR,-0.7568022843288738,0.0004368278669597563,17
subject_613,50,Frontal,MTL,-0.2551551815399144,0.32296297491455117,17
subject_613,50,Frontal,MTR,-0.05103103630798288,0.8457801257277214,17
subject_613,50,Frontal,SCML,-0.10206207261596575,0.696699244080777,17
subject_613,50,Frontal,SCMR,-0.15309310892394865,0.5574624351198404,17
subject_613,50,Frontal,STL,-0.10206207261596575,0.696699244080777,17
subject_613,50,Frontal,STR,-0.2041241452319315,0.43195708095606894,17
subject_613,50,Frontal,UTL,-0.3061862178478973,0.23198812442321462,17
subject_613,50,Frontal,UTR,-0.3061862178478973,0.23198812442321462,17
subject_613,50,Horizontal,MTL,0.10206207261596575,0.696699244080777,17
subject_613,50,Horizontal,MTR,0.408248290463863,0.10377091535383602,17
subject_613,50,Horizontal,SCML,0.0,1.0,17
subject_613,50,Horizontal,SCMR,-0.2551551815399144,0.32296297491455117,17
subject_613,50,Horizontal,STL,0.05103103630798288,0.8457801257277214,17
subject_613,50,Horizontal,STR,0.05103103630798288,0.8457801257277214,17
subject_613,50,Horizontal,UTL,0.2041241452319315,0.43195708095606894,17
subject_613,50,Horizontal,UTR,0.2041241452319315,0.43195708095606894,17
subject_614,10,Sagittal,MTL,-0.7553541123705579,1.6353500189267785e-24,126
subject_614,10,Sagittal,MTR,-0.7274755281833264,5.060575753923491e-22,126
subject_614,10,Sagittal,SCML,0.4681497513672137,3.2444895823965586e-08,126
subject_614,10,Sagittal,STL,-0.02932512914116202,0.7444521497449205,126
subject_614,10,Sagittal,STR,0.14605137356744713,0.10271181461739769,126
subject_614,10,Sagittal,UTL,-0.37695223162145325,1.356965993368936e-05,126
subject_614,10,Sagittal,UTR,-0.3778214002632999,1.2914051572765083e-05,126
subject_614,10,Frontal,MTL,0.1154358749107039,0.1980391517741731,126
subject_614,10,Frontal,MTR,0.07749541252746554,0.3884055827109995,126
subject_614,10,Frontal,SCML,0.39635674532276655,4.340659814765243e-06,126
subject_614,10,Frontal,STL,0.056507071634610294,0.5296952540235625,126
subject_614,10,Frontal,STR,0.15095460565245894,0.09155395099563061,126
subject_614,10,Frontal,UTL,0.26881221220464613,0.0023379456327488274,126
subject_614,10,Frontal,UTR,0.13642421580355915,0.12770188444999794,126
subject_614,10,Horizontal,MTL,,,126
subject_614,10,Horizontal,MTR,,,126
subject_614,10,Horizontal,SCML,,,126
subject_614,10,Horizontal,STL,,,126
subject_614,10,Horizontal,STR,,,126
subject_614,10,Horizontal,UTL,,,126
subject_614,10,Horizontal,UTR,,,126
subject_614,20,Sagittal,MTL,-0.4296849343292138,5.716133134699419e-07,125
subject_614,20,Sagittal,MTR,-0.20381427803895588,0.022619214597278767,125
subject_614,20,Sagittal,SCML,0.6003742116671997,1.3584233569215178e-13,125
subject_614,20,Sagittal,STL,-0.025149527538606473,0.7807057178464201,125
subject_614,20,Sagittal,STR,0.14243649218107066,0.11306172937848562,125
subject_614,20,Sagittal,UTL,0.05828463657058075,0.5185095149853991,125
subject_614,20,Sagittal,UTR,0.1354213104641121,0.13212079569320392,125
subject_614,20,Frontal,MTL,-0.23872688871124925,0.007337740866402053,125
subject_614,20,Frontal,MTR,-0.09503819266229828,0.2917579650077986,125
subject_614,20,Frontal,SCML,0.23646407460024216,0.007931984017816373,125
subject_614,20,Frontal,STL,0.02489095522107812,0.7829042777010736,125
subject_614,20,Frontal,STR,0.03959924694262428,0.6610548489435845,125
subject_614,20,Frontal,UTL,0.15387135954848294,0.0866629067808878,125
subject_614,20,Frontal,UTR,-0.018102512888056817,0.8411870244096843,125
subject_614,20,Horizontal,MTL,,,125
subject_614,20,Horizontal,MTR,,,125
subject_614,20,Horizontal,SCML,,,125
subject_614,20,Horizontal,STL,,,125
subject_614,20,Horizontal,STR,,,125
subject_614,20,Horizontal,UTL,,,125
subject_614,20,Horizontal,UTR,,,125
subject_614,30,Sagittal,MTL,-0.26398747246022275,0.0030504289553443136,124
subject_614,30,Sagittal,MTR,-0.13773770328118087,0.12712714740547043,124
subject_614,30,Sagittal,SCML,0.48898370769411237,8.29592124041498e-09,124
subject_614,30,Sagittal,STL,-0.12558966225560375,0.16457346827785332,124
subject_614,30,Sagittal,STR,0.027420357751615623,0.7624198432742195,124
subject_614,30,Sagittal,UTL,0.09087702383145106,0.31547806630321806,124
subject_614,30,Sagittal,UTR,0.1693606265767799,0.06004978282682358,124
subject_614,30,Frontal,MTL,-0.22696770545436054,0.011245291194385103,124
subject_614,30,Frontal,MTR,-0.14594267512011566,0.10580018276774773,124
subject_614,30,Frontal,SCML,0.17815744621686364,0.047742592907621825,124
subject_614,30,Frontal,STL,-0.02684564258062329,0.7672558993977092,124
subject_614,30,Frontal,STR,-0.010250154439874346,0.9100401759503753,124
subject_614,30,Frontal,UTL,-0.045393541090872104,0.6166386536150315,124
subject_614,30,Frontal,UTR,-0.14399026475061583,0.1106015948208975,124
subject_614,30,Horizontal,MTL,,,124
subject_614,30,Horizontal,MTR,,,124
subject_614,30,Horizontal,SCML,,,124
subject_614,30,Horizontal,STL,,,124
subject_614,30,Horizontal,STR,,,124
subject_614,30,Horizontal,UTL,,,124
subject_614,30,Horizontal,UTR,,,124
subject_614,40,Sagittal,MTL,-0.24142228116420777,0.006681635109425556,125
subject_614,40,Sagittal,MTR,-0.1718849049162763,0.055274029678391595,125
subject_614,40,Sagittal,SCML,0.5536070868878653,2.1402289527103117e-11,125
subject_614,40,Sagittal,STL,0.11757680281846933,0.19159446313446973,125
subject_614,40,Sagittal,STR,0.05713274959380772,0.5268227327010921,125
subject_614,40,Sagittal,UTL,0.1462759020157877,0.10357741104367833,125
subject_614,40,Sagittal,UTR,0.3440863064796949,8.529212420557609e-05,125
subject_614,40,Frontal,MTL,-0.13509110827631038,0.13307504338425755,125
subject_614,40,Frontal,MTR,-0.09659740538037247,0.2838771484500272,125
subject_614,40,Frontal,SCML,0.2193414768787405,0.013983702336251283,125
subject_614,40,Frontal,STL,0.08715555372665186,0.33380408481096013,125
subject_614,40,Frontal,STR,0.03704111033382704,0.6817234253484357,125
subject_614,40,Frontal,UTL,0.0631877764518226,0.4838876380968097,125
subject_614,40,Frontal,UTR,-0.08279777604031928,0.35862682256848316,125
subject_614,40,Horizontal,MTL,0.13439324028956393,0.13510913165168228,125
subject_614,40,Horizontal,MTR,0.06719662014478196,0.4565283299456706,125
subject_614,40,Horizontal,SCML,-0.01742134596346199,0.8470886525347122,125
subject_614,40,Horizontal,STL,0.0024887637090659984,0.9780244712066111,125
subject_614,40,Horizontal,STR,-0.07217414756291395,0.42378687146724403,125
subject_614,40,Horizontal,UTL,-0.022398873381593982,0.8041790847996391,125
subject_614,40,Horizontal,UTR,0.014932582254395988,0.8687209960591996,125
subject_614,50,Sagittal,MTL,-0.39343576019471604,5.1771362639903135e-06,126
subject_614,50,Sagittal,MTR,-0.4436580268176941,1.9597351175277878e-07,126
subject_614,50,Sagittal,SCML,0.5982921990499676,1.3822292238643558e-13,126
subject_614,50,Sagittal,STL,-0.013028539674746528,0.8848738155805941,126
subject_614,50,Sagittal,STR,-0.2300360287879118,0.009562470302846548,126
subject_614,50,Sagittal,UTL,0.49175502651976166,4.990775108821015e-09,126
subject_614,50,Sagittal,UTR,0.5283762071818329,2.0329674781061725e-10,126
subject_614,50,Frontal,MTL,-0.2024278160963845,0.023014832295429416,126
subject_614,50,Frontal,MTR,-0.23386366518429363,0.008398762101568098,126
subject_614,50,Frontal,SCML,0.2833989425349383,0.0013015736684778396,126
subject_614,50,Frontal,STL,0.0728740137946984,0.41740281999035544,126
subject_614,50,Frontal,STR,-0.02905434536912813,0.746731525653403,126
subject_614,50,Frontal,UTL,0.2948301603850871,0.000804351962900256,126
subject_614,50,Frontal,UTR,0.20338041758389688,0.02236480518862285,126
subject_614,50,Horizontal,MTL,0.14877642688561382,0.09638568821859408,126
subject_614,50,Horizontal,MTR,0.13648085441572838,0.12754230521930282,126
subject_614,50,Horizontal,SCML,-0.0922167935241408,0.3044181822265561,126
subject_614,50,Horizontal,STL,-0.028279816680736515,0.7532633056278567,126
subject_614,50,Horizontal,STR,-0.07746210656027826,0.3886101272909915,126
subject_614,50,Horizontal,UTL,-0.11434882396993458,0.20232461370735877,126
subject_614,50,Horizontal,UTR,-0.07992122105425535,0.37368244445640497,126
subject_614,60,Sagittal,MTL,-0.10264115882531426,0.25468416834809193,125
subject_614,60,Sagittal,MTR,-0.1630487959262676,0.06924695439228405,125
subject_614,60,Sagittal,SCML,0.36909876022531035,2.2779142559810263e-05,125
subject_614,60,Sagittal,STL,-0.04067879433516746,0.6524074998687958,125
subject_614,60,Sagittal,STR,-0.11760540994630109,0.1914856630078769,125
subject_614,60,Sagittal,UTL,0.2013404359159443,0.024350764511482974,125
subject_614,60,Sagittal,UTR,0.09102928863727576,0.31268131677552424,125
subject_614,60,Frontal,MTL,,,125
subject_614,60,Frontal,MTR,,,125
subject_614,60,Frontal,SCML,,,125
subject_614,60,Frontal,STL,,,125
subject_614,60,Frontal,STR,,,125
subject_614,60,Frontal,UTL,,,125
subject_614,60,Frontal,UTR,,,125
subject_614,60,Horizontal,MTL,,,125
subject_614,60,Horizontal,MTR,,,125
subject_614,60,Horizontal,SCML,,,125
subject_614,60,Horizontal,STL,,,125
subject_614,60,Horizontal,STR,,,125
subject_614,60,Horizontal,UTL,,,125
subject_614,60,Horizontal,UTR,,,125
subject_614,70,Sagittal,MTL,-0.28857248324747703,0.0010998887070497072,125
subject_614,70,Sagittal,MTR,-0.24585940657568042,0.005714462220783489,125
subject_614,70,Sagittal,SCML,0.5163608515559044,7.103794394745881e-10,125
subject_614,70,Sagittal,STL,-0.19011778574678156,0.0337005819295217,125
subject_614,70,Sagittal,STR,-0.12486160884379176,0.16531782108920637,125
subject_614,70,Sagittal,UTL,0.13340863636049746,0.1380192209851758,125
subject_614,70,Sagittal,UTR,0.2284344378662904,0.010398460094253313,125
subject_614,70,Frontal,MTL,,,125
subject_614,70,Frontal,MTR,,,125
subject_614,70,Frontal,SCML,,,125
subject_614,70,Frontal,STL,,,125
subject_614,70,Frontal,STR,,,125
subject_614,70,Frontal,UTL,,,125
subject_614,70,Frontal,UTR,,,125
subject_614,70,Horizontal,MTL,,,125
subject_614,70,Horizontal,MTR,,,125
subject_614,70,Horizontal,SCML,,,125
subject_614,70,Horizontal,STL,,,125
subject_614,70,Horizontal,STR,,,125
subject_614,70,Horizontal,UTL,,,125
subject_614,70,Horizontal,UTR,,,125
subject_614,80,Sagittal,MTL,-0.09723389680451355,0.2807013985531369,125
subject_614,80,Sagittal,MTR,-0.2905819684316946,0.0010111677737494667,125
subject_614,80,Sagittal,SCML,0.5323227304171492,1.6683120266131915e-10,125
subject_614,80,Sagittal,STL,-0.12073864899486304,0.17983931723485194,125
subject_614,80,Sagittal,STR,-0.60147889281974,1.193344860733111e-13,125
subject_614,80,Sagittal,UTL,0.20791700329573898,0.01998034805448829,125
subject_614,80,Sagittal,UTR,0.29544977940039246,0.0008226992332685129,125
subject_614,80,Frontal,MTL,-0.1468370588348939,0.10224513347277085,125
subject_614,80,Frontal,MTR,-0.1468370588348939,0.10224513347277085,125
subject_614,80,Frontal,SCML,-0.06719662014478196,0.4565283299456706,125
subject_614,80,Frontal,STL,-0.08959549352637593,0.3203958941215639,125
subject_614,80,Frontal,STR,-0.1169718943261019,0.19390560934375364,125
subject_614,80,Frontal,UTL,-0.15430334996209188,0.08577141181503968,125
subject_614,80,Frontal,UTR,0.1393707677076959,0.12110937463769435,125
subject_614,80,Horizontal,MTL,,,125
subject_614,80,Horizontal,MTR,,,125
subject_614,80,Horizontal,SCML,,,125
subject_614,80,Horizontal,STL,,,125
subject_614,80,Horizontal,STR,,,125
subject_614,80,Horizontal,UTL,,,125
subject_614,80,Horizontal,UTR,,,125
subject_614,90,Sagittal,MTL,0.047223751227580456,0.602487719060035,124
subject_614,90,Sagittal,MTR,-0.2488002937351604,0.005329376895660441,124
subject_614,90,Sagittal,SCML,0.3766426175161679,1.6214253534651807e-05,124
subject_614,90,Sagittal,STL,0.2156368526254098,0.01616005548112928,124
subject_614,90,Sagittal,STR,-0.6144571053747732,3.1903181807088657e-14,124
subject_614,90,Sagittal,UTL,0.655439929951766,1.457753696896362e-16,124
subject_614,90,Sagittal,UTR,0.5444598356177501,6.301606550791388e-11,124
subject_614,90,Frontal,MTL,-0.14736229317277,0.10241272905888611,124
subject_614,90,Frontal,MTR,-0.1498813067312789,0.09661231732143274,124
subject_614,90,Frontal,SCML,-0.02393062880583444,0.791919274771772,124
subject_614,90,Frontal,STL,-0.06927287285899444,0.4445713235045297,124
subject_614,90,Frontal,STR,-0.1272101847046989,0.15915087614011864,124
subject_614,90,Frontal,UTL,-0.15491933384829668,0.08579195845417449,124
subject_614,90,Frontal,UTR,0.13980525249724332,0.12146478729448276,124
subject_614,90,Horizontal,MTL,,,124
subject_614,90,Horizontal,MTR,,,124
subject_614,90,Horizontal,SCML,,,124
subject_614,90,Horizontal,STL,,,124
subject_614,90,Horizontal,STR,,,124
subject_614,90,Horizontal,UTL,,,124
subject_614,90,Horizontal,UTR,,,124
subject_615,10,Sagittal,MTL,0.07722976948097826,0.4161888209606186,113
subject_615,10,Sagittal,MTR,0.42659149046976763,2.4594053579437382e-06,113
subject_615,10,Sagittal,SCML,0.28095931544815317,0.002574923463679431,113
subject_615,10,Sagittal,SCMR,0.2813158464491499,0.002541281024281224,113
subject_615,10,Sagittal,STL,-0.2792797537446623,0.0027388741179289696,113
subject_615,10,Sagittal,STR,-0.04987568015148999,0.5998491274123617,113
subject_615,10,Sagittal,UTL,-0.06748315693565651,0.4775863653892393,113
subject_615,10,Sagittal,UTR,0.1478014299071973,0.11822320338571486,113
subject_615,10,Frontal,MTL,-0.13376683877149123,0.15780062892688246,113
subject_615,10,Frontal,MTR,-0.4677902432897374,1.74947292809297e-07,113
subject_615,10,Frontal,SCML,-0.3571479124789274,0.00010309114412630576,113
subject_615,10,Frontal,SCMR,-0.41189084215643706,5.82450378638001e-06,113
subject_615,10,Frontal,STL,0.26615083295116476,0.0043809102436670995,113
subject_615,10,Frontal,STR,-0.00582664767513228,0.9511601421311913,113
subject_615,10,Frontal,UTL,0.07198173610148637,0.4486592278387288,113
subject_615,10,Frontal,UTR,-0.1817874705400223,0.053975896905976116,113
subject_615,10,Horizontal,MTL,-0.23771863380378946,0.011233782331487965,113
subject_615,10,Horizontal,MTR,0.09214869385673005,0.33168273629047984,113
subject_615,10,Horizontal,SCML,0.030096952429012638,0.7516613888646939,113
subject_615,10,Horizontal,SCMR,0.06915374395094964,0.4667281618246798,113
subject_615,10,Horizontal,STL,-0.2672413458385336,0.004216889842627439,113
subject_615,10,Horizontal,STR,0.05469639755407262,0.5650228663091935,113
subject_615,10,Horizontal,UTL,-0.15698719013898568,0.09680282118340534,113
subject_615,10,Horizontal,UTR,-0.17880832512118786,0.05810219666295112,113
subject_615,20,Sagittal,MTL,0.08243148993845244,0.38755604007937594,112
subject_615,20,Sagittal,MTR,0.1777408328874598,0.060808181316903236,112
subject_615,20,Sagittal,SCML,0.2749421617753466,0.003348036488909951,112
subject_615,20,Sagittal,SCMR,0.14641501441692167,0.12345267613923606,112
subject_615,20,Sagittal,STL,-0.1834697133877032,0.05282500952511129,112
subject_615,20,Sagittal,STR,0.0032900268307787454,0.972535973203511,112
subject_615,20,Sagittal,UTL,-0.030659874701841602,0.7482793636189636,112
subject_615,20,Sagittal,UTR,0.0430702440072188,0.6520555333034023,112
subject_615,20,Frontal,MTL,0.0850268622711375,0.37273579497621784,112
subject_615,20,Frontal,MTR,0.0998081762725065,0.2950821437346655,112
subject_615,20,Frontal,SCML,-0.3026101568350559,0.0011828490390450015,112
subject_615,20,Frontal,SCMR,-0.3093146785704249,0.0009049297776188375,112
subject_615,20,Frontal,STL,0.21052590326353005,0.025878176936298028,112
subject_615,20,Frontal,STR,-0.12451884775622749,0.1908402436577709,112
subject_615,20,Frontal,UTL,0.12559706031600903,0.18699714824758193,112
subject_615,20,Frontal,UTR,0.04708358209918831,0.6220342439585604,112
subject_615,20,Horizontal,MTL,-0.07611601561501688,0.4250693181234374,112
subject_615,20,Horizontal,MTR,-0.13085112796738857,0.16907459398110755,112
subject_615,20,Horizontal,SCML,0.05216940396085427,0.5848683317706675,112
subject_615,20,Horizontal,SCMR,-0.08808932144209819,0.3557006551942687,112
subject_615,20,Horizontal,STL,-0.08808932144209819,0.3557006551942687,112
subject_615,20,Horizontal,STR,0.1890071848417835,0.045950052526963436,112
subject_615,20,Horizontal,UTL,-0.07611601561501688,0.4250693181234374,112
subject_615,20,Horizontal,UTR,-0.03506468135073811,0.7135895038573431,112
subject_615,30,Sagittal,MTL,-0.013328905535842822,0.8885659362540917,113
subject_615,30,Sagittal,MTR,0.12493025019188271,0.18735885235196706,113
subject_615,30,Sagittal,SCML,0.4604989149860481,2.8654012693884455e-07,113
subject_615,30,Sagittal,SCMR,0.5629811681428265,8.552059839176329e-11,113
subject_615,30,Sagittal,STL,-0.04377511479111872,0.6452415206695374,113
subject_615,30,Sagittal,STR,0.22688681965575472,0.0156650203616035,113
subject_615,30,Sagittal,UTL,-0.2178719959964086,0.020439444013103287,113
subject_615,30,Sagittal,UTR,-0.07353054960695558,0.4389318309178303,113
subject_615,30,Frontal,MTL,0.19996778605946233,0.03370782413252192,113
subject_615,30,Frontal,MTR,0.09529874525343172,0.31534810428546206,113
subject_615,30,Frontal,SCML,-0.2479834520577798,0.008089977601900836,113
subject_615,30,Frontal,SCMR,-0.25219156660594694,0.007044609335062527,113
subject_615,30,Frontal,STL,0.11418131053366891,0.2285078913290714,113
subject_615,30,Frontal,STR,-0.1798017742368692,0.05669839485989232,113
subject_615,30,Frontal,UTL,0.15381482123766152,0.10382433153785867,113
subject_615,30,Frontal,UTR,0.026611639369380907,0.7796387363018343,113
subject_615,30,Horizontal,MTL,-0.03497853533274728,0.7130184126155509,113
subject_615,30,Horizontal,MTR,-0.22427413830996787,0.01693739488594114,113
subject_615,30,Horizontal,SCML,-0.10493560599824185,0.26866799542648623,113
subject_615,30,Horizontal,SCMR,-0.12962633682135757,0.17118473927989092,113
subject_615,30,Horizontal,STL,-0.1913531638791469,0.04232633676182907,113
subject_615,30,Horizontal,STR,-0.004115121803852622,0.9654957550773654,113
subject_615,30,Horizontal,UTL,-0.0946478014886103,0.3186801059112899,113
subject_615,30,Horizontal,UTR,-0.22633169921189417,0.015928197095937933,113
subject_615,40,Sagittal,MTL,-0.010091649159969386,0.9155144101032416,113
subject_615,40,Sagittal,MTR,-0.13486970372669366,0.15437116395349934,113
subject_615,40,Sagittal,SCML,0.14104954762705768,0.13618037110324366,113
subject_615,40,Sagittal,SCMR,0.3609639636337603,8.575876164908255e-05,113
subject_615,40,Sagittal,STL,-0.017308952319769477,0.8556105750214273,113
subject_615,40,Sagittal,STR,0.0938743438992791,0.3226686736552583,113
subject_615,40,Sagittal,UTL,0.1514376137182945,0.1093428168314756,113
subject_615,40,Sagittal,UTR,0.040402525964879664,0.6709219599925889,113
subject_615,40,Frontal,MTL,0.007317368326856613,0.9386865077703237,113
subject_615,40,Frontal,MTR,0.049937305479609215,0.5993979393308548,113
subject_615,40,Frontal,SCML,-0.073084082840074,0.44172355699913246,113
subject_615,40,Frontal,SCMR,-0.27710425851663534,0.0029651985863801003,113
subject_615,40,Frontal,STL,0.24852172182764848,0.00794903807382805,113
subject_615,40,Frontal,STR,-0.03431696411248265,0.7182155991392631,113
subject_615,40,Frontal,UTL,0.07409955436298472,0.4353884178427243,113
subject_615,40,Frontal,UTR,0.14476442563377145,0.1260594720528265,113
subject_615,40,Horizontal,MTL,-0.04320877894045253,0.6495258554429798,113
subject_615,40,Horizontal,MTR,-0.21604389470226262,0.02154723841885762,113
subject_615,40,Horizontal,SCML,-0.06172682705778932,0.5160221865227668,113
subject_615,40,Horizontal,SCMR,-0.06172682705778932,0.5160221865227668,113
subject_615,40,Horizontal,STL,-0.19958340748685213,0.034058073680376104,113
subject_615,40,Horizontal,STR,0.04732390074430515,0.6186633356939862,113
subject_615,40,Horizontal,UTL,-0.13785658042906282,0.14536392044253724,113
subject_615,40,Horizontal,UTR,-0.22427413830996787,0.01693739488594114,113
subject_615,50,Sagittal,MTL,0.24634671548805845,0.008836316410218538,112
subject_615,50,Sagittal,MTR,-0.16314961998794852,0.08565451657845327,112
subject_615,50,Sagittal,SCML,0.31075214435504206,0.000853731404126879,112
subject_615,50,Sagittal,SCMR,0.33520908191401727,0.00030287036322021183,112
subject_615,50,Sagittal,STL,-0.018740753250622817,0.8445117717945085,112
subject_615,50,Sagittal,STR,0.08471523999657925,0.3744967173624263,112
subject_615,50,Sagittal,UTL,-0.048344570931774584,0.6127251798993778,112
subject_615,50,Sagittal,UTR,-0.009465260656340738,0.9210990859010142,112
subject_615,50,Frontal,MTL,-0.2584314065616085,0.00593777046838917,112
subject_615,50,Frontal,MTR,0.10616061929294289,0.26525945553121333,112
subject_615,50,Frontal,SCML,-0.21232123858588578,0.02460944206279198,112
subject_615,50,Frontal,SCMR,-0.37209833226920386,5.3498161869204945e-05,112
subject_615,50,Frontal,STL,-0.012867953853690049,0.8928811414978706,112
subject_615,50,Frontal,STR,0.14476448085401306,0.1277862033838611,112
subject_615,50,Frontal,UTL,0.03967619104887765,0.6778883354404909,112
subject_615,50,Frontal,UTR,0.17264504753700816,0.06871327817572383,112
subject_615,50,Horizontal,MTL,,,112
subject_615,50,Horizontal,MTR,,,112
subject_615,50,Horizontal,SCML,,,112
subject_615,50,Horizontal,SCMR,,,112
subject_615,50,Horizontal,STL,,,112
subject_615,50,Horizontal,STR,,,112
subject_615,50,Horizontal,UTL,,,112
subject_615,50,Horizontal,UTR,,,112
subject_615,60,Sagittal,MTL,0.39370741414744215,1.6017900485725546e-05,113
subject_615,60,Sagittal,MTR,-0.17128989578400078,0.06967420111764369,113
subject_615,60,Sagittal,SCML,0.4561066196502831,3.8360708920060774e-07,113
subject_615,60,Sagittal,SCMR,0.6016917551468681,1.814249720594565e-12,113
subject_615,60,Sagittal,STL,0.18956122277756965,0.044332832971269796,113
subject_615,60,Sagittal,STR,-0.20706491984522782,0.027766892148117815,113
subject_615,60,Sagittal,UTL,0.0046838436157261715,0.9607307371154888,113
subject_615,60,Sagittal,UTR,-0.16899567979074231,0.07355555134338133,113
subject_615,60,Frontal,MTL,-0.2054211341666579,0.029057096897926384,113
subject_615,60,Frontal,MTR,0.1082218658048734,0.2538791506841229,113
subject_615,60,Frontal,SCML,-0.17736361340243142,0.06019437820020754,113
subject_615,60,Frontal,SCMR,-0.28959369645933714,0.0018636319805242145,113
subject_615,60,Frontal,STL,-0.1422917124471484,0.1327295450964843,113
subject_615,60,Frontal,STR,0.1473019840121888,0.11948534880109309,113
subject_615,60,Frontal,UTL,0.0010020543130080872,0.9915955990542817,113
subject_615,60,Frontal,UTR,0.2034170255406417,0.030698643538652676,113
subject_615,60,Horizontal,MTL,-0.03765854419106987,0.692101069138985,113
subject_615,60,Horizontal,MTR,-0.15932461003914178,0.09187325837288711,113
subject_615,60,Horizontal,SCML,-0.14194374348941724,0.13368942316228216,113
subject_615,60,Horizontal,SCMR,-0.14484055458103798,0.1258582806659503,113
subject_615,60,Horizontal,STL,-0.14194374348941724,0.13368942316228216,113
subject_615,60,Horizontal,STR,0.1274596880313134,0.17851402092201188,113
subject_615,60,Horizontal,UTL,-0.12456287693969267,0.1886695555734415,113
subject_615,60,Horizontal,UTR,-0.15932461003914178,0.09187325837288711,113
subject_615,70,Sagittal,MTL,0.19467840845869122,0.038803600225968106,113
subject_615,70,Sagittal,MTR,-0.018060271914863823,0.8494155435618755,113
subject_615,70,Sagittal,SCML,0.3321421866515576,0.00032557114641498526,113
subject_615,70,Sagittal,SCMR,0.6063955620325718,1.095995163816818e-12,113
subject_615,70,Sagittal,STL,0.06620803200184584,0.48596505856338634,113
subject_615,70,Sagittal,STR,0.0114740420995366,0.9039931746303539,113
subject_615,70,Sagittal,UTL,0.20581968172897575,0.028739692987993733,113
subject_615,70,Sagittal,UTR,-0.003275828215234931,0.9725299225197739,113
subject_615,70,Frontal,MTL,0.011745619517236705,0.9017320400514063,113
subject_615,70,Frontal,MTR,0.1644386732413139,0.08178180272352159,113
subject_615,70,Frontal,SCML,0.03230045367240093,0.7341355653911401,113
subject_615,70,Frontal,SCMR,-0.21288935374991527,0.023580215468755765,113
subject_615,70,Frontal,STL,0.10277417077582118,0.2787069833400052,113
subject_615,70,Frontal,STR,0.0014682024396545882,0.9876861925614102,113
subject_615,70,Frontal,UTL,0.013213821956891292,0.8895219575835285,113
subject_615,70,Frontal,UTR,0.12626540981029458,0.18265116087069347,113
subject_615,70,Horizontal,MTL,0.08980114384024354,0.3442004950460598,113
subject_615,70,Horizontal,MTR,-0.15353098785590025,0.10447151628560575,113
subject_615,70,Horizontal,SCML,-0.1013883882067266,0.2852741722310313,113
subject_615,70,Horizontal,SCMR,-0.13035649912293418,0.1687655386636244,113
subject_615,70,Horizontal,STL,-0.1274596880313134,0.17851402092201188,113
subject_615,70,Horizontal,STR,0.09559476602348506,0.31384035059144577,113
subject_615,70,Horizontal,UTL,-0.09269795493186431,0.32879637279242246,113
subject_615,70,Horizontal,UTR,-0.15932461003914178,0.09187325837288711,113
subject_615,80,Sagittal,MTL,0.39157456184432865,1.9607178748185846e-05,112
subject_615,80,Sagittal,MTR,0.14813109384200415,0.1190679664541904,112
subject_615,80,Sagittal,SCML,0.3463670417686583,0.00018331073271837556,112
subject_615,80,Sagittal,SCMR,0.5462914207345092,4.654816255676773e-10,112
subject_615,80,Sagittal,STL,-0.06166751271956918,0.5183303125358335,112
subject_615,80,Sagittal,STR,0.055598884926853546,0.5603962915318809,112
subject_615,80,Sagittal,UTL,0.16289823547016358,0.08614461074832466,112
subject_615,80,Sagittal,UTR,0.21615011285300256,0.022080205044256358,112
subject_615,80,Frontal,MTL,,,112
subject_615,80,Frontal,MTR,,,112
subject_615,80,Frontal,SCML,,,112
subject_615,80,Frontal,SCMR,,,112
subject_615,80,Frontal,STL,,,112
subject_615,80,Frontal,STR,,,112
subject_615,80,Frontal,UTL,,,112
subject_615,80,Frontal,UTR,,,112
subject_615,80,Horizontal,MTL,,,112
subject_615,80,Horizontal,MTR,,,112
subject_615,80,Horizontal,SCML,,,112
subject_615,80,Horizontal,SCMR,,,112
subject_615,80,Horizontal,STL,,,112
subject_615,80,Horizontal,STR,,,112
subject_615,80,Horizontal,UTL,,,112
subject_615,80,Horizontal,UTR,,,112
subject_615,90,Sagittal,MTL,0.6069292367082778,1.3074181602275101e-12,112
subject_615,90,Sagittal,MTR,0.558079141644457,1.6283169351167532e-10,112
subject_615,90,Sagittal,SCML,0.3989930663802132,1.3152110346915606e-05,112
subject_615,90,Sagittal,SCMR,0.6117456877227422,7.764755367702266e-13,112
subject_615,90,Sagittal,STL,0.22897234556961749,0.015166232046596458,112
subject_615,90,Sagittal,STR,-0.04380800850633627,0.646493011389461,112
subject_615,90,Sagittal,UTL,0.5161760178186162,5.706849402410084e-09,112
subject_615,90,Sagittal,UTR,0.5059226180463824,1.268851790556067e-08,112
subject_615,90,Frontal,MTL,0.1479558505775047,0.11951012935163467,112
subject_615,90,Frontal,MTR,0.19242812936380674,0.0420868719295961,112
subject_615,90,Frontal,SCML,0.028222792306691658,0.7676959245130613,112
subject_615,90,Frontal,SCMR,0.10861498857423757,0.2543055257838507,112
subject_615,90,Frontal,STL,0.17361293449267895,0.0671508894828683,112
subject_615,90,Frontal,STR,0.1325616002284002,0.16352334386631798,112
subject_615,90,Frontal,UTL,0.2009804906688648,0.033599278478797116,112
subject_615,90,Frontal,UTR,0.16677104544863247,0.0788379466639957,112
subject_615,90,Horizontal,MTL,,,112
subject_615,90,Horizontal,MTR,,,112
subject_615,90,Horizontal,SCML,,,112
subject_615,90,Horizontal,SCMR,,,112
subject_615,90,Horizontal,STL,,,112
subject_615,90,Horizontal,STR,,,112
subject_615,90,Horizontal,UTL,,,112
subject_615,90,Horizontal,UTR,,,112
subject_616,10,Sagittal,MTL,-0.16740784604067516,0.06531820675045516,122
subject_616,10,Sagittal,MTR,-0.30439749924942555,0.0006524092181728929,122
subject_616,10,Sagittal,SCML,-0.33873378828598466,0.00013542401915792265,122
subject_616,10,Sagittal,SCMR,-0.5133348958915387,1.484279475370712e-09,122
subject_616,10,Sagittal,STL,-0.34358980713419945,0.00010677851565515642,122
subject_616,10,Sagittal,STR,0.03386354576862545,0.7111658193923206,122
subject_616,10,Sagittal,UTL,-0.37106186392036156,2.5816156033024424e-05,122
subject_616,10,Sagittal,UTR,-0.3156601348646776,0.00039757940051917534,122
subject_616,10,Frontal,MTL,0.38333741689434225,1.4253267774103085e-05,121
subject_616,10,Frontal,MTR,0.41509976706051827,2.200304198385023e-06,121
subject_616,10,Frontal,SCML,0.19598023070178097,0.031213301582244522,121
subject_616,10,Frontal,SCMR,0.5571471632030829,3.204000081918221e-11,121
subject_616,10,Frontal,STL,0.31489367379105737,0.0004351260656107386,121
subject_616,10,Frontal,STR,0.02716981621899383,0.7673672851491419,121
subject_616,10,Frontal,UTL,0.24891748097874092,0.005902581703184624,121
subject_616,10,Frontal,UTR,0.15651013125362087,0.08646948480178877,121
subject_616,10,Horizontal,MTL,-0.3986901618075247,5.405585368212902e-06,122
subject_616,10,Horizontal,MTR,-0.4231875780460503,1.1958749919959651e-06,122
subject_616,10,Horizontal,SCML,-0.1840405771893992,0.04243427720855863,122
subject_616,10,Horizontal,SCMR,-0.4341053012104065,5.870356050657504e-07,122
subject_616,10,Horizontal,STL,-0.35921278339158585,4.839110594149732e-05,122
subject_616,10,Horizontal,STR,-0.08011435468300179,0.38038154085261056,122
subject_616,10,Horizontal,UTL,-0.23589429241890697,0.00890348024838467,122
subject_616,10,Horizontal,UTR,-0.2450908514771924,0.006510888413905507,122
subject_616,20,Sagittal,MTL,0.3422363836999026,0.00011413543883479801,122
subject_616,20,Sagittal,MTR,-0.045128737213470944,0.6216004643942612,122
subject_616,20,Sagittal,SCML,-0.023612461123642074,0.7962840014274262,122
subject_616,20,Sagittal,SCMR,-0.2714825439353965,0.002488189425542496,122
subject_616,20,Sagittal,STL,-0.026392184755437826,0.7729177186033113,122
subject_616,20,Sagittal,STR,0.012588502512845524,0.8905418528093709,122
subject_616,20,Sagittal,UTL,-0.0034898442863665266,0.9695681782466126,122
subject_616,20,Sagittal,UTR,0.0898169717749087,0.3251950454580067,122
subject_616,20,Frontal,MTL,0.027980816123206333,0.7696318754708071,112
subject_616,20,Frontal,MTR,-0.0017717110645698332,0.9852083117689767,112
subject_616,20,Frontal,SCML,-0.08113214806030133,0.3951068306793083,112
subject_616,20,Frontal,SCMR,0.3487317945428288,0.00016440518900650956,112
subject_616,20,Frontal,STL,-0.07546063620417835,0.42907843590780087,112
subject_616,20,Frontal,STR,-0.26124592404407015,0.0053985134424546066,112
subject_616,20,Frontal,UTL,0.09654807077155839,0.31121583095681316,112
subject_616,20,Frontal,UTR,0.12008942698584259,0.20722987797525616,112
subject_616,20,Horizontal,MTL,0.11240168819241696,0.21770755971144337,122
subject_616,20,Horizontal,MTR,-0.11109469181808652,0.22313895512616877,122
subject_616,20,Horizontal,SCML,-0.10586670632076478,0.24581968578988728,122
subject_616,20,Horizontal,SCMR,-0.24963630749711205,0.005554508008537822,122
subject_616,20,Horizontal,STL,0.011762967368973866,0.8976795996717708,122
subject_616,20,Horizontal,STR,-0.06142882959353019,0.5014857199756002,122
subject_616,20,Horizontal,UTL,0.04182388397857374,0.6473803504131274,122
subject_616,20,Horizontal,UTR,0.014376960117634728,0.8751092373982973,122
subject_616,30,Sagittal,MTL,-0.23906132059783775,0.00800394742214919,122
subject_616,30,Sagittal,MTR,0.05519184833516876,0.5459774837022364,122
subject_616,30,Sagittal,SCML,0.2862018899592295,0.0013945079150373175,122
subject_616,30,Sagittal,SCMR,-0.053631063834843326,0.5574060615003577,122
subject_616,30,Sagittal,STL,0.2985348746269797,0.0008378357468124796,122
subject_616,30,Sagittal,STR,0.20485644956168783,0.023606039910750085,122
subject_616,30,Sagittal,UTL,-0.17427831215241021,0.054874366275653244,122
subject_616,30,Sagittal,UTR,-0.25070449425874763,0.005348792809952608,122
subject_616,30,Frontal,MTL,0.4395206753276233,1.945589740450734e-06,108
subject_616,30,Frontal,MTR,-0.07108278220757003,0.46475252574717335,108
subject_616,30,Frontal,SCML,-0.5477394064452589,8.518187043916608e-10,108
subject_616,30,Frontal,SCMR,0.022330849278242262,0.8185602154488937,108
subject_616,30,Frontal,STL,-0.4016032874926255,1.6487106073311223e-05,108
subject_616,30,Frontal,STR,-0.42653893318730834,4.164068621282563e-06,108
subject_616,30,Frontal,UTL,0.2613737204140292,0.006288683236130391,108
subject_616,30,Frontal,UTR,0.3642842988343777,0.00010629581945076225,108
subject_616,30,Horizontal,MTL,-0.2987921527885227,0.0008287785936677099,122
subject_616,30,Horizontal,MTR,0.05235500441194222,0.5668344202482768,122
subject_616,30,Horizontal,SCML,0.3813412805138742,1.4668179915970937e-05,122
subject_616,30,Horizontal,SCMR,-0.10245008057588695,0.2614772429547148,122
subject_616,30,Horizontal,STL,0.2916789360079404,0.001115233002157287,122
subject_616,30,Horizontal,STR,0.19116770097814967,0.03492102116876079,122
subject_616,30,Horizontal,UTL,-0.1356883148900142,0.13617198083628596,122
subject_616,30,Horizontal,UTR,-0.253167535781819,0.004900125481173945,122
subject_616,40,Sagittal,MTL,-0.45820034778764446,1.2592800140247688e-07,121
subject_616,40,Sagittal,MTR,-0.15604294586102227,0.08742471692570596,121
subject_616,40,Sagittal,SCML,0.20193729025672946,0.02633819506735902,121
subject_616,40,Sagittal,SCMR,0.030365446884356617,0.7409247026766675,121
subject_616,40,Sagittal,STL,0.17938704015913098,0.04897881821030124,121
subject_616,40,Sagittal,STR,0.08200519337051447,0.37121433007487153,121
subject_616,40,Sagittal,UTL,-0.34256008438729296,0.00012001966281595515,121
subject_616,40,Sagittal,UTR,-0.457210761181529,1.3508541281242494e-07,121
subject_616,40,Frontal,MTL,0.3758931470064434,3.475383282062468e-05,115
subject_616,40,Frontal,MTR,0.06017567267091429,0.5229257777062457,115
subject_616,40,Frontal,SCML,-0.24644614844023793,0.007929622157348284,115
subject_616,40,Frontal,SCMR,0.0494814163238499,0.5994760121572218,115
subject_616,40,Frontal,STL,-0.12166211133716236,0.195235622167006,115
subject_616,40,Frontal,STR,-0.13211724145534828,0.15927918320425155,115
subject_616,40,Frontal,UTL,0.28541043895693335,0.0019892891240397242,115
subject_616,40,Frontal,UTR,0.31489824558844554,0.0006088279444693295,115
subject_616,40,Horizontal,MTL,-0.144125567300308,0.11475615466662518,121
subject_616,40,Horizontal,MTR,0.013266788621785675,0.8851639139443266,121
subject_616,40,Horizontal,SCML,0.30031185152951206,0.0008176788701421059,121
subject_616,40,Horizontal,SCMR,-0.2707630950537167,0.002666328366916815,121
subject_616,40,Horizontal,STL,0.14533163899319762,0.111719760697675,121
subject_616,40,Horizontal,STR,0.0066333943108928374,0.9424342104632306,121
subject_616,40,Horizontal,UTL,-0.03256393570801938,0.7229048576800896,121
subject_616,40,Horizontal,UTR,-0.13568306545008077,0.13783738124532732,121
subject_616,50,Sagittal,MTL,-0.3639621562300805,4.066181422981053e-05,121
subject_616,50,Sagittal,MTR,-0.09169026538940873,0.31719797761391305,121
subject_616,50,Sagittal,SCML,0.008623654252465014,0.9252066374969526,121
subject_616,50,Sagittal,SCMR,-0.3635443016380646,4.1561258605561957e-05,121
subject_616,50,Sagittal,STL,0.04878452361785033,0.5951581837397284,121
subject_616,50,Sagittal,STR,0.12450986183644663,0.17361066709072748,121
subject_616,50,Sagittal,UTL,-0.05703715181016334,0.5343349342073324,121
subject_616,50,Sagittal,UTR,0.06351029579165025,0.48889917033401503,121
subject_616,50,Frontal,MTL,0.41179517607344457,3.60606237446016e-06,118
subject_616,50,Frontal,MTR,0.26612678562916814,0.0035817835495667747,118
subject_616,50,Frontal,SCML,-0.09747170916886146,0.2936973341723846,118
subject_616,50,Frontal,SCMR,0.09542743044510292,0.30398730115552663,118
subject_616,50,Frontal,STL,0.032425341549147536,0.7274110283113792,118
subject_616,50,Frontal,STR,-0.23302695700619394,0.011103150383211668,118
subject_616,50,Frontal,UTL,0.2634288373338615,0.003949115723079118,118
subject_616,50,Frontal,UTR,0.2432067156204294,0.007960339902690485,118
subject_616,50,Horizontal,MTL,-0.28839848096981324,0.001337083446270496,121
subject_616,50,Horizontal,MTR,-0.035578436822313514,0.6984429631535144,121
subject_616,50,Horizontal,SCML,0.14116605577885685,0.12247858470043474,121
subject_616,50,Horizontal,SCMR,-0.40595488282049896,3.843385723757883e-06,121
subject_616,50,Horizontal,STL,0.13182056776562243,0.14950773645410667,121
subject_616,50,Horizontal,STR,0.017543284516071643,0.8485352093206243,121
subject_616,50,Horizontal,UTL,0.08984784967109588,0.32706074849521793,121
subject_616,50,Horizontal,UTR,0.11165398836864288,0.2227448757075672,121
subject_616,60,Sagittal,MTL,-0.14834538122204097,0.10295442354668881,122
subject_616,60,Sagittal,MTR,-0.13720415339017172,0.13180940338239464,122
subject_616,60,Sagittal,SCML,0.3767506556700079,1.892534749139424e-05,122
subject_616,60,Sagittal,SCMR,-0.4225785538284857,1.2433901919757232e-06,122
subject_616,60,Sagittal,STL,-0.13789121822623623,0.12986761279514253,122
subject_616,60,Sagittal,STR,0.232221178660031,0.010057448787669917,122
subject_616,60,Sagittal,UTL,0.2748899257585652,0.002182091670307451,122
subject_616,60,Sagittal,UTR,0.29079345593452843,0.001156609016011704,122
subject_616,60,Frontal,MTL,0.2867196717716514,0.0018923016652408048,115
subject_616,60,Frontal,MTR,0.10795329543041893,0.25081049608374584,115
subject_616,60,Frontal,SCML,-0.4181134586899037,3.325600853620746e-06,115
subject_616,60,Frontal,SCMR,0.3789546123866394,2.96280883371867e-05,115
subject_616,60,Frontal,STL,-0.00884456555210936,0.9252576384057937,115
subject_616,60,Frontal,STR,-0.3390953356584417,0.00020962372822918654,115
subject_616,60,Frontal,UTL,-0.19821310925708538,0.03371240595731247,115
subject_616,60,Frontal,UTR,-0.20343805919711652,0.029208921714856142,115
subject_616,60,Horizontal,MTL,-0.3092482641694249,0.0005283454471702331,122
subject_616,60,Horizontal,MTR,-0.15862145438055472,0.08097427077094083,122
subject_616,60,Horizontal,SCML,0.3759987304590317,1.9724795529466974e-05,122
subject_616,60,Horizontal,SCMR,-0.374912229362716,2.093621755242363e-05,122
subject_616,60,Horizontal,STL,0.06236208065590622,0.4949953344439389,122
subject_616,60,Horizontal,STR,0.14216211862360234,0.11828524206619215,122
subject_616,60,Horizontal,UTL,0.2509470776820178,0.005303032696210014,122
subject_616,60,Horizontal,UTR,0.21236473024051,0.018856783829030655,122
subject_616,70,Sagittal,MTL,0.47977596000775025,2.2511046360019e-08,122
subject_616,70,Sagittal,MTR,0.26290380670956803,0.0034376899144100185,122
subject_616,70,Sagittal,SCML,0.5390637434708045,1.4974530927936743e-10,122
subject_616,70,Sagittal,SCMR,0.10638552423722832,0.24350008161011785,122
subject_616,70,Sagittal,STL,-0.22390166684656637,0.013168638896310338,122
subject_616,70,Sagittal,STR,-0.10302401752143701,0.2588005370474406,122
subject_616,70,Sagittal,UTL,0.5587896912053935,2.2525084967525938e-11,122
subject_616,70,Sagittal,UTR,0.46096951262356595,9.135084255290629e-08,122
subject_616,70,Frontal,MTL,-0.12255460459280884,0.18805120794424146,117
subject_616,70,Frontal,MTR,-0.08580329357413378,0.3576576289198157,117
subject_616,70,Frontal,SCML,-0.32301074687188386,0.00038217938965593156,117
subject_616,70,Frontal,SCMR,-0.2720688598154094,0.0030026391268832987,117
subject_616,70,Frontal,STL,0.3581287568023966,7.355338683123205e-05,117
subject_616,70,Frontal,STR,0.052017177548431714,0.577535556553617,117
subject_616,70,Frontal,UTL,-0.28367303637444796,0.0019392813442716567,117
subject_616,70,Frontal,UTR,-0.21130680087973447,0.022196962695991685,117
subject_616,70,Horizontal,MTL,0.2586337977038933,0.004022338766469684,122
subject_616,70,Horizontal,MTR,0.25857734425067885,0.004030631841544979,122
subject_616,70,Horizontal,SCML,0.48203037633774126,1.892293565375158e-08,122
subject_616,70,Horizontal,SCMR,-0.1798453055449456,0.04745686837483554,122
subject_616,70,Horizontal,STL,0.16034833565751447,0.0776802366031162,122
subject_616,70,Horizontal,STR,-0.002766219207508651,0.9758761202636617,122
subject_616,70,Horizontal,UTL,0.45022142151744704,1.960245439568235e-07,122
subject_616,70,Horizontal,UTR,0.31008855424282045,0.0005092028487270084,122
subject_616,80,Sagittal,MTL,-0.05138850800488974,0.5740253920640983,122
subject_616,80,Sagittal,MTR,-0.16332262460237928,0.0722600936324163,122
subject_616,80,Sagittal,SCML,0.3320625925647579,0.00018652876036626755,122
subject_616,80,Sagittal,SCMR,0.20201319804864143,0.025654855708047108,122
subject_616,80,Sagittal,STL,-0.3953135574497441,6.5940018443024825e-06,122
subject_616,80,Sagittal,STR,-0.43837049638261527,4.4154426140318733e-07,122
subject_616,80,Sagittal,UTL,0.15232548388933287,0.09394230929483867,122
subject_616,80,Sagittal,UTR,0.17999239352164287,0.0472727774442255,122
subject_616,80,Frontal,MTL,0.03279990327164931,0.7232465019876329,119
subject_616,80,Frontal,MTR,0.2859241714152744,0.0016203332540724478,119
subject_616,80,Frontal,SCML,0.03280373906901472,0.7232154508563282,119
subject_616,80,Frontal,SCMR,-0.27999019289098,0.0020422204223743408,119
subject_616,80,Frontal,STL,0.423169001149763,1.6288026497925346e-06,119
subject_616,80,Frontal,STR,0.15058189717403078,0.10212227588618476,119
subject_616,80,Frontal,UTL,-0.03734915894702951,0.6867485664207512,119
subject_616,80,Frontal,UTR,-0.025707513943000075,0.781379584902186,119
subject_616,80,Horizontal,MTL,-0.19833852881778363,0.02852619042960779,122
subject_616,80,Horizontal,MTR,-0.12101092182316213,0.1842658323306584,122
subject_616,80,Horizontal,SCML,0.3155377728994452,0.00039976660629706374,122
subject_616,80,Horizontal,SCMR,-0.15198572670759514,0.09468636445181097,122
subject_616,80,Horizontal,STL,0.1258597610167128,0.16716983327060367,122
subject_616,80,Horizontal,STR,-0.011198717956946038,0.9025629595122118,122
subject_616,80,Horizontal,UTL,-0.08188761641671524,0.3698927802449523,122
subject_616,80,Horizontal,UTR,0.01596878539464482,0.8614125213410752,122
subject_616,90,Sagittal,MTL,0.2552647912355043,0.004717193339213576,121
subject_616,90,Sagittal,MTR,-0.0020519568514765444,0.9821789316034548,121
subject_616,90,Sagittal,SCML,0.056935008069363253,0.5350683903337446,121
subject_616,90,Sagittal,SCMR,0.2536578780057884,0.004995222417468892,121
subject_616,90,Sagittal,STL,-0.15709700120195094,0.08528135282974832,121
subject_616,90,Sagittal,STR,-0.16053165083248533,0.07858683908038444,121
subject_616,90,Sagittal,UTL,0.107619021756745,0.2400198653930525,121
subject_616,90,Sagittal,UTR,0.17694390836474225,0.052194245152171255,121
subject_616,90,Frontal,MTL,0.606321542188372,9.049820992547312e-12,104
subject_616,90,Frontal,MTR,0.47905243059583663,2.6840769783994393e-07,104
subject_616,90,Frontal,SCML,0.27770418565992566,0.00431487474300266,104
subject_616,90,Frontal,SCMR,0.3234834874589949,0.0008093979358773797,104
subject_616,90,Frontal,STL,0.35502721689756167,0.00021726226585842723,104
subject_616,90,Frontal,STR,0.19014104744091903,0.053198514571552065,104
subject_616,90,Frontal,UTL,0.3932300553013479,3.638103731686763e-05,104
subject_616,90,Frontal,UTR,0.45472595950463635,1.2394895327374844e-06,104
subject_616,90,Horizontal,MTL,0.1950974090126397,0.04403108470903378,107
subject_616,90,Horizontal,MTR,0.1313318982209306,0.17752986469901383,107
subject_616,90,Horizontal,SCML,0.10046046932589332,0.3032105388420532,107
subject_616,90,Horizontal,SCMR,0.14864360805062987,0.1265066351422788,107
subject_616,90,Horizontal,STL,0.23253176637823714,0.015943277552061,107
subject_616,90,Horizontal,STR,0.24642146508734633,0.010507976003376721,107
subject_616,90,Horizontal,UTL,0.12096809311285793,0.2145429199164574,107
subject_616,90,Horizontal,UTR,0.1657108885145727,0.08804378302841685,107
subject_617,10,Sagittal,MTR,-0.1600018207532404,0.09195403159754542,112
subject_617,10,Sagittal,SCML,0.007339533062075249,0.938779501129599,112
subject_617,10,Sagittal,SCMR,-0.027890225635885946,0.7703570175593688,112
subject_617,10,Sagittal,STL,-0.1600018207532404,0.09195403159754542,112
subject_617,10,Sagittal,STR,-0.1600018207532404,0.09195403159754542,112
subject_617,10,Sagittal,UTL,-0.1600018207532404,0.09195403159754542,112
subject_617,10,Sagittal,UTR,-0.1629376339780705,0.08606765290983384,112
subject_617,10,Frontal,MTR,-0.056833462853797714,0.5517079979859689,112
subject_617,10,Frontal,SCML,0.12760720904909298,0.1799834191313285,112
subject_617,10,Frontal,SCMR,-0.19730862575658076,0.03704765767812303,112
subject_617,10,Frontal,STL,-0.2176828860249233,0.02113207973909654,112
subject_617,10,Frontal,STR,-0.36030270790332136,9.53174784078481e-05,112
subject_617,10,Frontal,UTL,-0.18872998985412073,0.04627558112088198,112
subject_617,10,Frontal,UTR,0.019301930780535072,0.8399170167450047,112
subject_617,10,Horizontal,MTR,-0.03749594850015327,0.6946842309017806,112
subject_617,10,Horizontal,SCML,-0.008652911192343063,0.9278516124024085,112
subject_617,10,Horizontal,SCMR,0.20190126115467147,0.03277832471619952,112
subject_617,10,Horizontal,STL,-0.09013449158690688,0.3445985773953143,112
subject_617,10,Horizontal,STR,0.40668682604012385,8.604116218299372e-06,112
subject_617,10,Horizontal,UTL,0.004326455596171531,0.9638893481230028,112
subject_617,10,Horizontal,UTR,0.1348411994140127,0.15633717455457882,112
subject_617,20,Sagittal,MTR,,,112
subject_617,20,Sagittal,SCML,,,112
subject_617,20,Sagittal,SCMR,,,112
subject_617,20,Sagittal,STL,,,112
subject_617,20,Sagittal,STR,,,112
subject_617,20,Sagittal,UTL,,,112
subject_617,20,Sagittal,UTR,,,112
subject_617,20,Frontal,MTR,,,112
subject_617,20,Frontal,SCML,,,112
subject_617,20,Frontal,SCMR,,,112
subject_617,20,Frontal,STL,,,112
subject_617,20,Frontal,STR,,,112
subject_617,20,Frontal,UTL,,,112
subject_617,20,Frontal,UTR,,,112
subject_617,20,Horizontal,MTR,-0.18903919317145618,0.045912585823448454,112
subject_617,20,Horizontal,SCML,-0.07587732321068831,0.4265269537676666,112
subject_617,20,Horizontal,SCMR,-0.21978259136889028,0.019890185902216893,112
subject_617,20,Horizontal,STL,-0.12559005221079445,0.187021943992977,112
subject_617,20,Horizontal,STR,0.13343943047396908,0.16072755454361806,112
subject_617,20,Horizontal,UTL,-0.2047379496978055,0.030354862671608227,112
subject_617,20,Horizontal,UTR,-0.026164594210582176,0.7842071723459646,112
subject_617,30,Sagittal,MTR,-0.11254526636843831,0.23528856118751343,113
subject_617,30,Sagittal,SCML,-0.005627263318421915,0.9528294564400281,113
subject_617,30,Sagittal,SCMR,-0.15643792025212924,0.09799096584867531,113
subject_617,30,Sagittal,STL,-0.2723595446116207,0.0035181726660059353,113
subject_617,30,Sagittal,STR,-0.18344878418055444,0.0517816787999555,113
subject_617,30,Sagittal,UTL,-0.03376357991053149,0.7225727989012561,113
subject_617,30,Sagittal,UTR,-0.24985049133793302,0.00761036126198081,113
subject_617,30,Frontal,MTR,,,113
subject_617,30,Frontal,SCML,,,113
subject_617,30,Frontal,SCMR,,,113
subject_617,30,Frontal,STL,,,113
subject_617,30,Frontal,STR,,,113
subject_617,30,Frontal,UTL,,,113
subject_617,30,Frontal,UTR,,,113
subject_617,30,Horizontal,MTR,0.18125762838735102,0.054691590977061874,113
subject_617,30,Horizontal,SCML,0.10781122878058053,0.2556959105092747,113
subject_617,30,Horizontal,SCMR,0.10039920680191561,0.29002450872111163,113
subject_617,30,Horizontal,STL,0.27828773428987347,0.0028400723536627266,113
subject_617,30,Horizontal,STR,0.2843521159087811,0.0022704543160128733,113
subject_617,30,Horizontal,UTL,-0.012802583417693938,0.8929394805819939,113
subject_617,30,Horizontal,UTR,0.3288242477807706,0.00037653937075304877,113
subject_617,40,Sagittal,MTR,-0.18151568114148983,0.055444805216006025,112
subject_617,40,Sagittal,SCML,-0.04410661410914707,0.6442471211043882,112
subject_617,40,Sagittal,SCMR,-0.21657478466414518,0.021813930591346353,112
subject_617,40,Sagittal,STL,-0.32457944229038993,0.00048028333484820745,112
subject_617,40,Sagittal,STR,-0.21714025407580093,0.021463655745168862,112
subject_617,40,Sagittal,UTL,0.0016964082349671947,0.9858369346001389,112
subject_617,40,Sagittal,UTR,-0.41053079286206107,6.932817634667779e-06,112
subject_617,40,Frontal,MTR,,,112
subject_617,40,Frontal,SCML,,,112
subject_617,40,Frontal,SCMR,,,112
subject_617,40,Frontal,STL,,,112
subject_617,40,Frontal,STR,,,112
subject_617,40,Frontal,UTL,,,112
subject_617,40,Frontal,UTR,,,112
subject_617,40,Horizontal,MTR,0.21901671695239497,0.02033569006814554,112
subject_617,40,Horizontal,SCML,0.09394664437694838,0.3244938272057631,112
subject_617,40,Horizontal,SCMR,0.05878869770827445,0.538083104356218,112
subject_617,40,Horizontal,STL,0.29336712875991855,0.0016938038339041424,112
subject_617,40,Horizontal,STR,0.2167112778265803,0.021728935041730128,112
subject_617,40,Horizontal,UTL,-0.004610878251629368,0.9615171820053536,112
subject_617,40,Horizontal,UTR,0.30374160482608464,0.0011310733348734758,112
subject_617,50,Sagittal,MTR,0.10995330123904791,0.2506370178086241,111
subject_617,50,Sagittal,SCML,0.2943541501920345,0.0017133436290371416,111
subject_617,50,Sagittal,SCMR,0.22906937758134982,0.015592183977606032,111
subject_617,50,Sagittal,STL,-0.09907250580393379,0.30089054169621876,111
subject_617,50,Sagittal,STR,0.16951133941019886,0.07530681103347595,111
subject_617,50,Sagittal,UTL,0.15404915642345773,0.10646504795132271,111
subject_617,50,Sagittal,UTR,0.2090258070429817,0.027688249334572857,111
subject_617,50,Frontal,MTR,,,111
subject_617,50,Frontal,SCML,,,111
subject_617,50,Frontal,SCMR,,,111
subject_617,50,Frontal,STL,,,111
subject_617,50,Frontal,STR,,,111
subject_617,50,Frontal,UTL,,,111
subject_617,50,Frontal,UTR,,,111
subject_617,50,Horizontal,MTR,-0.009059648895014524,0.9248146409387832,111
subject_617,50,Horizontal,SCML,0.1540140312152469,0.10654584020623416,111
subject_617,50,Horizontal,SCMR,0.1619412239983846,0.08949442595374428,111
subject_617,50,Horizontal,STL,0.011324561118768155,0.906095536895543,111
subject_617,50,Horizontal,STR,0.01755306973409064,0.8549128179958639,111
subject_617,50,Horizontal,UTL,0.08889780478233,0.35349427557634927,111
subject_617,50,Horizontal,UTR,0.17779560956466,0.06191671647326188,111
subject_617,60,Sagittal,MTR,-0.17702953745725497,0.06186479674362519,112
subject_617,60,Sagittal,SCML,0.2005160432558958,0.03401991543484731,112
subject_617,60,Sagittal,SCMR,-0.012623996866769429,0.8949002154606903,112
subject_617,60,Sagittal,STL,-0.34554521656250275,0.00019033966439841094,112
subject_617,60,Sagittal,STR,0.2140207840901143,0.02345775515637893,112
subject_617,60,Sagittal,UTL,0.13416666437473557,0.15843850528373343,112
subject_617,60,Sagittal,UTR,0.3502425177222309,0.0001532921147468023,112
subject_617,60,Frontal,MTR,,,112
subject_617,60,Frontal,SCML,,,112
subject_617,60,Frontal,SCMR,,,112
subject_617,60,Frontal,STL,,,112
subject_617,60,Frontal,STR,,,112
subject_617,60,Frontal,UTL,,,112
subject_617,60,Frontal,UTR,,,112
subject_617,60,Horizontal,MTR,0.1153272750306247,0.22594835433921392,112
subject_617,60,Horizontal,SCML,0.08103331315101449,0.39568475142547177,112
subject_617,60,Horizontal,SCMR,0.19940279447741105,0.03504626029410792,112
subject_617,60,Horizontal,STL,0.27794702975006674,0.0030051058374628097,112
subject_617,60,Horizontal,STR,-0.2447593247052826,0.009297500789030078,112
subject_617,60,Horizontal,UTL,-0.17340575885899687,0.06748286895785283,112
subject_617,60,Horizontal,UTR,-0.2215279311739338,0.01890622153187628,112
subject_617,70,Sagittal,MTR,0.394230090514311,1.701432546325897e-05,112
subject_617,70,Sagittal,SCML,0.2340020712701904,0.013019246056795506,112
subject_617,70,Sagittal,SCMR,0.40057004811030134,1.2066821209077074e-05,112
subject_617,70,Sagittal,STL,0.48298949685817627,6.909423846372136e-08,112
subject_617,70,Sagittal,STR,0.03861610535739596,0.6860358053654034,112
subject_617,70,Sagittal,UTL,0.1965386854757018,0.03780722749061358,112
subject_617,70,Sagittal,UTR,0.21152403979349726,0.025166093965939284,112
subject_617,70,Frontal,MTR,,,112
subject_617,70,Frontal,SCML,,,112
subject_617,70,Frontal,SCMR,,,112
subject_617,70,Frontal,STL,,,112
subject_617,70,Frontal,STR,,,112
subject_617,70,Frontal,UTL,,,112
subject_617,70,Frontal,UTR,,,112
subject_617,70,Horizontal,MTR,-0.2586541911905071,0.005893403942268567,112
subject_617,70,Horizontal,SCML,-0.07637538686086325,0.42348866023565523,112
subject_617,70,Horizontal,SCMR,-0.20981937133895145,0.026392550204482775,112
subject_617,70,Horizontal,STL,-0.3188459458912618,0.0006116890492298075,112
subject_617,70,Horizontal,STR,-0.01220870496288892,0.898338855838402,112
subject_617,70,Horizontal,UTL,-0.24389017588654843,0.009558882480058968,112
subject_617,70,Horizontal,UTR,-0.06842553246642395,0.47345754083664277,112
subject_617,80,Sagittal,MTR,-0.300686757413345,0.0012758434324060658,112
subject_617,80,Sagittal,SCML,0.11780958750894643,0.21604784694196907,112
subject_617,80,Sagittal,SCMR,-0.03411031852448814,0.7210589629324745,112
subject_617,80,Sagittal,STL,-0.16367220065111535,0.08464281712227632,112
subject_617,80,Sagittal,STR,0.2834882774850317,0.0024545095162920383,112
subject_617,80,Sagittal,UTL,0.26628979755671833,0.00454025950252682,112
subject_617,80,Sagittal,UTR,-0.21469435777177828,0.02301424855000123,112
subject_617,80,Frontal,MTR,,,112
subject_617,80,Frontal,SCML,,,112
subject_617,80,Frontal,SCMR,,,112
subject_617,80,Frontal,STL,,,112
subject_617,80,Frontal,STR,,,112
subject_617,80,Frontal,UTL,,,112
subject_617,80,Frontal,UTR,,,112
subject_617,80,Horizontal,MTR,0.08049973965293543,0.3988134240529523,112
subject_617,80,Horizontal,SCML,-0.09549478919612928,0.3165487084751281,112
subject_617,80,Horizontal,SCMR,-0.02604403341712617,0.7851773897412507,112
subject_617,80,Horizontal,STL,0.1657347581089847,0.08074251188787392,112
subject_617,80,Horizontal,STR,0.08286737905449235,0.38504254884946915,112
subject_617,80,Horizontal,UTL,-0.057612558771218486,0.5462589464469618,112
subject_617,80,Horizontal,UTR,0.09154872352686774,0.33705049057629627,112
subject_617,90,Sagittal,MTR,-0.07935801317706342,0.405557222605843,112
subject_617,90,Sagittal,SCML,0.12219630021611431,0.19931267335398456,112
subject_617,90,Sagittal,SCMR,-0.047747921227545835,0.6171223002775595,112
subject_617,90,Sagittal,STL,0.1978029379745038,0.03656679065900322,112
subject_617,90,Sagittal,STR,0.22866966981801687,0.015304714290896273,112
subject_617,90,Sagittal,UTL,0.277281963261847,0.0030781591425335067,112
subject_617,90,Sagittal,UTR,-0.13116848382114554,0.16803423467306536,112
subject_617,90,Frontal,MTR,,,112
subject_617,90,Frontal,SCML,,,112
subject_617,90,Frontal,SCMR,,,112
subject_617,90,Frontal,STL,,,112
subject_617,90,Frontal,STR,,,112
subject_617,90,Frontal,UTL,,,112
subject_617,90,Frontal,UTR,,,112
subject_617,90,Horizontal,MTR,0.04157383470139984,0.6633965653684163,112
subject_617,90,Horizontal,SCML,0.14753192668372864,0.12058499424671142,112
subject_617,90,Horizontal,SCMR,0.21964229483836906,0.01997116106355361,112
subject_617,90,Horizontal,STL,0.07394991836266697,0.4384020035900561,112
subject_617,90,Horizontal,STR,0.13796626560199063,0.14687322806344388,112
subject_617,90,Horizontal,UTL,0.10264690160788102,0.28149204510381065,112
subject_617,90,Horizontal,UTR,0.06953499786340327,0.46629767352683676,112
subject_618,10,Sagittal,MTL,-0.19891255575290073,0.022225420692985803,132
subject_618,10,Sagittal,MTR,-0.2774786195249673,0.0012767230446907966,132
subject_618,10,Sagittal,SCML,-0.19423947101796724,0.025633734298253042,132
subject_618,10,Sagittal,SCMR,-0.03271159314453473,0.7096302678480904,132
subject_618,10,Sagittal,STL,-0.4369153959799191,1.6257963010423267e-07,132
subject_618,10,Sagittal,STR,0.012407941308066838,0.887707255072507,132
subject_618,10,Sagittal,UTL,-0.2872768440760178,0.0008382167574974874,132
subject_618,10,Sagittal,UTR,-0.29974857229738044,0.000479888314713351,132
subject_618,10,Frontal,MTL,0.25271574730016827,0.0034614775280846295,132
subject_618,10,Frontal,MTR,0.3123269305049327,0.00026648343811124284,132
subject_618,10,Frontal,SCML,0.3072758992121598,0.00033855343008297597,132
subject_618,10,Frontal,SCMR,0.18924144264777634,0.02976407192470586,132
subject_618,10,Frontal,STL,0.4424915884148664,1.0822461879719588e-07,132
subject_618,10,Frontal,STR,-0.008440920363065962,0.9234744191678897,132
subject_618,10,Frontal,UTL,0.31696267624208563,0.0002131191973587563,132
subject_618,10,Frontal,UTR,0.31693048356335535,0.00021345285015586415,132
subject_618,10,Horizontal,MTL,-0.16941490013142024,0.052139778293567994,132
subject_618,10,Horizontal,MTR,-0.21386223490391224,0.01380577319868843,132
subject_618,10,Horizontal,SCML,-0.2260051713938064,0.00916840479264963,132
subject_618,10,Horizontal,SCMR,-0.14873003590380737,0.088754381232766,132
subject_618,10,Horizontal,STL,-0.37446303803146097,9.717425923488736e-06,132
subject_618,10,Horizontal,STR,-0.10024203433381612,0.2527802453472501,132
subject_618,10,Horizontal,UTL,-0.25634157652114553,0.0030085028320082233,132
subject_618,10,Horizontal,UTR,-0.29850687667743325,0.0005078615823062778,132
subject_618,20,Sagittal,MTL,-0.029293105624234556,0.7388152216884099,132
subject_618,20,Sagittal,MTR,0.19151849517071598,0.02781703177720961,132
subject_618,20,Sagittal,SCML,0.12907614761605432,0.14020045164976716,132
subject_618,20,Sagittal,SCMR,0.23378598465964562,0.00697692977825697,132
subject_618,20,Sagittal,STL,-0.021148451595365644,0.8097929706658572,132
subject_618,20,Sagittal,STR,0.09580925087842074,0.2744767813544067,132
subject_618,20,Sagittal,UTL,0.027810655053432852,0.7515909109712648,132
subject_618,20,Sagittal,UTR,0.0025825230181823417,0.9765545281895571,132
subject_618,20,Frontal,MTL,-0.024897391241985978,0.776891302466384,132
subject_618,20,Frontal,MTR,-0.02624186999648029,0.7651842306456057,132
subject_618,20,Frontal,SCML,-0.02424641491073447,0.7825779178837289,132
subject_618,20,Frontal,SCMR,-0.05764902455098132,0.5114486939465257,132
subject_618,20,Frontal,STL,0.1552660330980978,0.07545292847919079,132
subject_618,20,Frontal,STR,0.07959575925633987,0.3642861069072558,132
subject_618,20,Frontal,UTL,0.0005724666229598667,0.9948021505249076,132
subject_618,20,Frontal,UTR,-0.024845051436458213,0.7773480856131528,132
subject_618,20,Horizontal,MTL,-0.18474273590098222,0.03395262032868246,132
subject_618,20,Horizontal,MTR,-0.14012417718117923,0.1090431356340576,132
subject_618,20,Horizontal,SCML,-0.0715670663278635,0.4148040009100702,132
subject_618,20,Horizontal,SCMR,-0.02232607598643357,0.7994190260470053,132
subject_618,20,Horizontal,STL,-0.1844807085270819,0.03421121235124074,132
subject_618,20,Horizontal,STR,-0.16963920932334076,0.05182470419286917,132
subject_618,20,Horizontal,UTL,-0.16171120160020153,0.06395960907260398,132
subject_618,20,Horizontal,UTR,-0.2211107916682302,0.010839696426662,132
subject_618,30,Sagittal,MTL,0.20366087489018134,0.019168692444993748,132
subject_618,30,Sagittal,MTR,0.23741420483384137,0.006124448978310427,132
subject_618,30,Sagittal,SCML,0.1435838798021754,0.10048946227216222,132
subject_618,30,Sagittal,SCMR,0.17948054204351307,0.03947371364317628,132
subject_618,30,Sagittal,STL,0.2730699498789285,0.0015352965280161816,132
subject_618,30,Sagittal,STR,0.10045970167332006,0.2517461784726619,132
subject_618,30,Sagittal,UTL,0.08805661981117772,0.3153675227647815,132
subject_618,30,Sagittal,UTR,-0.034177011909480026,0.697244369667437,132
subject_618,30,Frontal,MTL,0.06978103295934562,0.42657423867405414,132
subject_618,30,Frontal,MTR,0.032658071849288824,0.7100840988027161,132
subject_618,30,Frontal,SCML,-0.015817868696192006,0.8571398290546531,132
subject_618,30,Frontal,SCMR,-0.011016175372362096,0.9002336301704184,132
subject_618,30,Frontal,STL,0.010521401262023323,0.9046928563958844,132
subject_618,30,Frontal,STR,0.09912173381582084,0.25814868026995846,132
subject_618,30,Frontal,UTL,0.12633729045138317,0.1488824895730584,132
subject_618,30,Frontal,UTR,-0.035775744857809044,0.6838221631192759,132
subject_618,30,Horizontal,MTL,0.08136175370159163,0.35370681557335654,132
subject_618,30,Horizontal,MTR,0.07549309465044561,0.389607901064607,132
subject_618,30,Horizontal,SCML,0.0776279511615661,0.37630203041648846,132
subject_618,30,Horizontal,SCMR,0.048811780970310234,0.5783460767707355,132
subject_618,30,Horizontal,STL,-0.0726290484668025,0.4078962791936738,132
subject_618,30,Horizontal,STR,-0.008065013486455146,0.9268727315509012,132
subject_618,30,Horizontal,UTL,0.033867785392466876,0.6998514912035916,132
subject_618,30,Horizontal,UTR,-0.1120755741249546,0.20074276536708405,132
subject_618,40,Sagittal,MTL,0.2459850857742159,0.004467791156461095,132
subject_618,40,Sagittal,MTR,-0.019437980400788167,0.8249194277579858,132
subject_618,40,Sagittal,SCML,0.09044861025610175,0.30234980088775065,132
subject_618,40,Sagittal,SCMR,0.2098774327577546,0.01572057602939709,132
subject_618,40,Sagittal,STL,-0.10853778843545861,0.2154169626669508,132
subject_618,40,Sagittal,STR,0.11155899663709203,0.20283928861981396,132
subject_618,40,Sagittal,UTL,0.23727225852126052,0.006155972680687437,132
subject_618,40,Sagittal,UTR,-0.08428926140218664,0.33659718846670444,132
subject_618,40,Frontal,MTL,-0.13921592565910507,0.11418065380371031,130
subject_618,40,Frontal,MTR,0.1274054872961516,0.1485956387964103,130
subject_618,40,Frontal,SCML,-0.022491982877188274,0.7994929539955236,130
subject_618,40,Frontal,SCMR,-0.17480675835702356,0.04667938750571716,130
subject_618,40,Frontal,STL,0.20279289580773122,0.020669866147500136,130
subject_618,40,Frontal,STR,-0.015206322848093602,0.8636622581578981,130
subject_618,40,Frontal,UTL,-0.021163692017147014,0.8111060243339547,130
subject_618,40,Frontal,UTR,0.0048928958932235814,0.9559399992658879,130
subject_618,40,Horizontal,MTL,0.1527430332906937,0.0827560810698949,130
subject_618,40,Horizontal,MTR,0.03274480072583521,0.7115005820396928,130
subject_618,40,Horizontal,SCML,-0.007567813063170558,0.9319003104220392,130
subject_618,40,Horizontal,SCMR,0.11725298998023792,0.18399133953674457,130
subject_618,40,Horizontal,STL,-0.1429394041019043,0.1047259489595714,130
subject_618,40,Horizontal,STR,0.022443065666021885,0.7999198712395287,130
subject_618,40,Horizontal,UTL,0.17892755328338406,0.04166483230623703,130
subject_618,40,Horizontal,UTR,0.006956501312368447,0.937389594627313,130
subject_618,50,Sagittal,MTL,0.048664873956194496,0.5809594252784642,131
subject_618,50,Sagittal,MTR,-0.06954071656747146,0.4299614082063745,131
subject_618,50,Sagittal,SCML,0.16201277826907645,0.06448919327762584,131
subject_618,50,Sagittal,SCMR,0.1981544179320107,0.02328107170463088,131
subject_618,50,Sagittal,STL,-0.12670015343580257,0.1492827753646378,131
subject_618,50,Sagittal,STR,0.16880672514365633,0.05392737317622401,131
subject_618,50,Sagittal,UTL,0.16264873485073375,0.0634339100383932,131
subject_618,50,Sagittal,UTR,-0.08037753028258693,0.36144057427713805,131
subject_618,50,Frontal,MTL,-0.11089352541280538,0.2108937155517148,129
subject_618,50,Frontal,MTR,0.07506841857133081,0.397827059604472,129
subject_618,50,Frontal,SCML,-0.03305768177161605,0.7099596807308165,129
subject_618,50,Frontal,SCMR,-0.20847828136858457,0.01774366986062106,129
subject_618,50,Frontal,STL,0.21136813036469992,0.01619253708066415,129
subject_618,50,Frontal,STR,-0.04299979325657922,0.6284894656999623,129
subject_618,50,Frontal,UTL,-0.06495555792606206,0.46456825929916823,129
subject_618,50,Frontal,UTR,-0.007638608661972678,0.9315342130106188,129
subject_618,50,Horizontal,MTL,-0.015537143675298319,0.8612674817603178,129
subject_618,50,Horizontal,MTR,-0.009485788317632802,0.9150336592828395,129
subject_618,50,Horizontal,SCML,-0.05045906225918302,0.5701107013777666,129
subject_618,50,Horizontal,SCMR,0.05630603997628127,0.5262164876695369,129
subject_618,50,Horizontal,STL,-0.11506016864718348,0.19413986366673752,129
subject_618,50,Horizontal,STR,0.03635700506004179,0.6825013424206694,129
subject_618,50,Horizontal,UTL,0.06231296541208434,0.48297063281816416,129
subject_618,50,Horizontal,UTR,-0.012742501590150295,0.8860342039558148,129
subject_618,60,Sagittal,MTL,0.37864163611225005,8.21853607337887e-06,131
subject_618,60,Sagittal,MTR,-0.016332849933839905,0.8531045475750739,131
subject_618,60,Sagittal,SCML,0.20123177783556376,0.021180132648377835,131
subject_618,60,Sagittal,SCMR,0.46651974652341277,1.951793615630181e-08,131
subject_618,60,Sagittal,STL,0.15048100834682718,0.08623340312139019,131
subject_618,60,Sagittal,STR,0.017398174063091538,0.8436415866139115,131
subject_618,60,Sagittal,UTL,0.010611900356157278,0.9042470446817463,131
subject_618,60,Sagittal,UTR,0.23977425081027945,0.00580854596184373,131
subject_618,60,Frontal,MTL,-0.1826678649450823,0.03677117243693965,131
subject_618,60,Frontal,MTR,-0.05885869203960848,0.5042668376952829,131
subject_618,60,Frontal,SCML,0.03513113556140957,0.6903622500451209,131
subject_618,60,Frontal,SCMR,-0.1836467631495576,0.0357569652814636,131
subject_618,60,Frontal,STL,0.020580262251061087,0.8155136933925218,131
subject_618,60,Frontal,STR,0.02139536075598278,0.8083448087193509,131
subject_618,60,Frontal,UTL,0.1136145916046829,0.19632127700835453,131
subject_618,60,Frontal,UTR,-0.0672631766238489,0.44525537925499015,131
subject_618,60,Horizontal,MTL,0.13054245143179516,0.1372330708995736,131
subject_618,60,Horizontal,MTR,0.04613932487008107,0.6007611420369343,131
subject_618,60,Horizontal,SCML,0.02031939813969477,0.817811281486039,131
subject_618,60,Horizontal,SCMR,0.16975899265502456,0.052568033644133844,131
subject_618,60,Horizontal,STL,-0.10123714303366226,0.24991101769951726,131
subject_618,60,Horizontal,STR,0.03684154663547289,0.6761143322606041,131
subject_618,60,Horizontal,UTL,-0.0599026412689703,0.49672184748010784,131
subject_618,60,Horizontal,UTR,-0.019575712965750804,0.824369799213857,131
subject_618,70,Sagittal,MTL,0.43076430004825683,2.525761770356661e-07,132
subject_618,70,Sagittal,MTR,0.1463955526080845,0.09393494964400377,132
subject_618,70,Sagittal,SCML,-0.01846643106622075,0.8335403557713592,132
subject_618,70,Sagittal,SCMR,0.33859680165633704,7.153089920463568e-05,132
subject_618,70,Sagittal,STL,-0.16380258714106483,0.06055295414209746,132
subject_618,70,Sagittal,STR,-0.08490705939431581,0.3330548976527287,132
subject_618,70,Sagittal,UTL,0.2046499349975033,0.018579846465207207,132
subject_618,70,Sagittal,UTR,0.3286272899989511,0.00011950362116866255,132
subject_618,70,Frontal,MTL,-0.09714953051929076,0.2677881218685043,132
subject_618,70,Frontal,MTR,-0.19320474871652976,0.026446081560904708,132
subject_618,70,Frontal,SCML,0.05639616716859562,0.5206840093055526,132
subject_618,70,Frontal,SCMR,-0.1321284422420164,0.13098442764492674,132
subject_618,70,Frontal,STL,0.1448400523401354,0.09751790167909391,132
subject_618,70,Frontal,STR,-0.06368506888511889,0.4681677903417794,132
subject_618,70,Frontal,UTL,-0.10908925960453397,0.21308063234380134,132
subject_618,70,Frontal,UTR,-0.10174173401361508,0.24571483885895798,132
subject_618,70,Horizontal,MTL,0.1890781292422636,0.029908061230110465,132
subject_618,70,Horizontal,MTR,0.23554648303909112,0.006550950079102079,132
subject_618,70,Horizontal,SCML,0.10815909935468469,0.21703182210916197,132
subject_618,70,Horizontal,SCMR,0.09814436793295463,0.26289556628210153,132
subject_618,70,Horizontal,STL,-0.1273873836844064,0.145507000804526,132
subject_618,70,Horizontal,STR,0.06649781664028763,0.4487059118241919,132
subject_618,70,Horizontal,UTL,-0.02163181987093694,0.8055307680513999,132
subject_618,70,Horizontal,UTR,0.04366422899874308,0.6190976811527178,132
subject_618,80,Sagittal,MTL,0.2961216480107454,0.0005658543635709942,132
subject_618,80,Sagittal,MTR,0.3789081537444679,7.459548278797971e-06,132
subject_618,80,Sagittal,SCML,0.13657012114368758,0.11841219009046469,132
subject_618,80,Sagittal,SCMR,0.2415363556569418,0.0052694693733419205,132
subject_618,80,Sagittal,STL,0.03644957837985713,0.6781941292221124,132
subject_618,80,Sagittal,STR,0.09500762536646044,0.27853074312214077,132
subject_618,80,Sagittal,UTL,0.26578262944725733,0.0020688728234886087,132
subject_618,80,Sagittal,UTR,0.3635515865091615,1.8297341074241358e-05,132
subject_618,80,Frontal,MTL,0.04455379946043495,0.611967097809978,132
subject_618,80,Frontal,MTR,-0.019944774520533094,0.8204306509297103,132
subject_618,80,Frontal,SCML,0.14086978539305658,0.10715319466956542,132
subject_618,80,Frontal,SCMR,-0.010616273681795569,0.9038375698224085,132
subject_618,80,Frontal,STL,0.15371610472990388,0.07845182706485478,132
subject_618,80,Frontal,STR,-0.037298298808083545,0.6711305988343927,132
subject_618,80,Frontal,UTL,-0.1452670585156938,0.09652374941225104,132
subject_618,80,Frontal,UTR,-0.00031409093733122983,0.9971481212593106,132
subject_618,80,Horizontal,MTL,0.03974278185558823,0.6509479197282517,132
subject_618,80,Horizontal,MTR,0.20000286436514939,0.021488758872166704,132
subject_618,80,Horizontal,SCML,0.0406020852470604,0.6439118604531563,132
subject_618,80,Horizontal,SCMR,-0.007518904675381556,0.9318120548935743,132
subject_618,80,Horizontal,STL,0.029001489462186007,0.7413228572149337,132
subject_618,80,Horizontal,STR,0.18281679653570584,0.035892427966205946,132
subject_618,80,Horizontal,UTL,0.14543709900666613,0.09613010057845259,132
subject_618,80,Horizontal,UTR,0.0715370073400588,0.4150005107439829,132
subject_618,90,Sagittal,MTL,0.6999200788311166,1.386081866906576e-20,131
subject_618,90,Sagittal,MTR,0.730302147908803,4.2649102165582166e-23,131
subject_618,90,Sagittal,SCML,0.6662422438234435,3.815438410829086e-18,131
subject_618,90,Sagittal,SCMR,0.7557419424726306,1.773956447998181e-25,131
subject_618,90,Sagittal,STL,0.6368057489575298,2.9433532782269664e-16,131
subject_618,90,Sagittal,STR,-0.11724570473533251,0.18230812955221595,131
subject_618,90,Sagittal,UTL,0.14387296458836307,0.10111742591718212,131
subject_618,90,Sagittal,UTR,0.8148183406104785,2.4428017883776554e-32,131
subject_618,90,Frontal,MTL,0.04737828472013813,0.5910093050613211,131
subject_618,90,Frontal,MTR,0.08005296383747476,0.36338896103023977,131
subject_618,90,Frontal,SCML,0.09965777130787676,0.25741368147885757,131
subject_618,90,Frontal,SCMR,0.05881442241120595,0.5045881051121337,131
subject_618,90,Frontal,STL,-0.01797107351453515,0.838561807962786,131
subject_618,90,Frontal,STR,0.045744550764271294,0.6038834300102185,131
subject_618,90,Frontal,UTL,-0.0359421470290703,0.6835925347611945,131
subject_618,90,Frontal,UTR,0.03757588098493714,0.6700318811505094,131
subject_618,90,Horizontal,MTL,0.13374932318884739,0.12775601789256427,131
subject_618,90,Horizontal,MTR,0.16606185080939462,0.058008672680287636,131
subject_618,90,Horizontal,SCML,0.1296591298191579,0.13993536443649005,131
subject_618,90,Horizontal,SCMR,0.0744415193283493,0.3980943514520292,131
subject_618,90,Horizontal,STL,0.12270580109068567,0.1626379702852591,131
subject_618,90,Horizontal,STR,0.05235447513202589,0.5525864762939782,131
subject_618,90,Horizontal,UTL,0.26872570438860166,0.0019123189765504237,131
subject_618,90,Horizontal,UTR,0.07198740330653561,0.41387263917493117,131
subject_619,10,Sagittal,MTL,0.2699199903620326,0.003117183486859201,118
subject_619,10,Sagittal,MTR,0.1992998979168854,0.030490461349891623,118
subject_619,10,Sagittal,SCML,0.20629471651083084,0.025010236740602508,118
subject_619,10,Sagittal,SCMR,0.45974328785180696,1.63043889756834e-07,118
subject_619,10,Sagittal,STL,-0.1340705929278161,0.147779526145984,118
subject_619,10,Sagittal,STR,-0.12291616816279038,0.18482907738399756,118
subject_619,10,Sagittal,UTL,0.32779716231482275,0.00029060631286099715,118
subject_619,10,Sagittal,UTR,0.16135077382946675,0.08089503766915336,118
subject_619,10,Frontal,MTL,-0.315136291276686,0.0005386956862057733,117
subject_619,10,Frontal,MTR,-0.2195173550891607,0.01740531394786996,117
subject_619,10,Frontal,SCML,0.6327108361458158,1.9692277262393514e-14,117
subject_619,10,Frontal,SCMR,0.05462113942898553,0.5586072486532359,117
subject_619,10,Frontal,STL,0.2921325930824709,0.0013935293162539784,117
subject_619,10,Frontal,STR,0.3503152863397207,0.00010794849000666418,117
subject_619,10,Frontal,UTL,-0.09508124270971555,0.30785602232148923,117
subject_619,10,Frontal,UTR,0.08877266081660172,0.3412012877356482,117
subject_619,10,Horizontal,MTL,-0.32604173096251,0.0003547229170212533,116
subject_619,10,Horizontal,MTR,-0.21511063137152597,0.02039834722541479,116
subject_619,10,Horizontal,SCML,0.3069778380349674,0.000803005562988289,116
subject_619,10,Horizontal,SCMR,-0.08473326850774787,0.36580995290290746,116
subject_619,10,Horizontal,STL,0.32450132471449644,0.00037969407266535916,116
subject_619,10,Horizontal,STR,0.29317973100488937,0.0014034764251046143,116
subject_619,10,Horizontal,UTL,-0.3285326006401488,0.00031752994233586184,116
subject_619,10,Horizontal,UTR,-0.04785091749148217,0.6099945654344587,116
subject_619,20,Sagittal,MTL,-0.2508890409397894,0.009484896149443377,106
subject_619,20,Sagittal,MTR,-0.03471403279004899,0.7238847967696601,106
subject_619,20,Sagittal,SCML,0.34136480768992666,0.0003421614337366314,106
subject_619,20,Sagittal,SCMR,0.6029742773235324,7.941970487128935e-12,106
subject_619,20,Sagittal,STL,-0.2515535303216375,0.009290819125034272,106
subject_619,20,Sagittal,STR,-0.2285234358290847,0.01846474972194206,106
subject_619,20,Sagittal,UTL,-0.003466419608641038,0.9718677029128082,106
subject_619,20,Sagittal,UTR,-0.10039327077422049,0.3058607143810593,106
subject_619,20,Frontal,MTL,-0.10386117038423101,0.2893694580984945,106
subject_619,20,Frontal,MTR,0.06156476615535865,0.5307066430468306,106
subject_619,20,Frontal,SCML,0.35200007519361554,0.00021538901598888634,106
subject_619,20,Frontal,SCMR,0.34636055462976584,0.0002758646418627309,106
subject_619,20,Frontal,STL,0.05404540540355912,0.5821572870686401,106
subject_619,20,Frontal,STR,-0.07002404700113313,0.4756788456034157,106
subject_619,20,Frontal,UTL,-0.003289720328912295,0.973301193151432,106
subject_619,20,Frontal,UTR,-0.03054740305418559,0.7559159802080659,106
subject_619,20,Horizontal,MTL,,,106
subject_619,20,Horizontal,MTR,,,106
subject_619,20,Horizontal,SCML,,,106
subject_619,20,Horizontal,SCMR,,,106
subject_619,20,Horizontal,STL,,,106
subject_619,20,Horizontal,STR,,,106
subject_619,20,Horizontal,UTL,,,106
subject_619,20,Horizontal,UTR,,,106
subject_619,30,Sagittal,MTL,-0.14057146257906453,0.15064450059636034,106
subject_619,30,Sagittal,MTR,-0.12018355924842031,0.21976711204929106,106
subject_619,30,Sagittal,SCML,0.3737906097624284,7.919001206652164e-05,106
subject_619,30,Sagittal,SCMR,0.5423755397237081,1.9103308358166627e-09,106
subject_619,30,Sagittal,STL,-0.462251398029435,6.092574683643427e-07,106
subject_619,30,Sagittal,STR,-0.35535553007199155,0.00018548956044388265,106
subject_619,30,Sagittal,UTL,-0.31750365228503546,0.0009118864030348186,106
subject_619,30,Sagittal,UTR,-0.37124875507857136,8.932506118401353e-05,106
subject_619,30,Frontal,MTL,-0.039946603993935,0.6843301943731549,106
subject_619,30,Frontal,MTR,0.07754340775293266,0.4294794100256706,106
subject_619,30,Frontal,SCML,0.18187453818415114,0.06205467890842388,106
subject_619,30,Frontal,SCMR,0.23357014335277296,0.015966997063014,106
subject_619,30,Frontal,STL,0.05404540540355912,0.5821572870686401,106
subject_619,30,Frontal,STR,-0.013628841362636649,0.8897186680779615,106
subject_619,30,Frontal,UTL,-0.02208812220841112,0.8221798728162032,106
subject_619,30,Frontal,UTR,-0.03336716333611042,0.7341899625020913,106
subject_619,30,Horizontal,MTL,,,106
subject_619,30,Horizontal,MTR,,,106
subject_619,30,Horizontal,SCML,,,106
subject_619,30,Horizontal,SCMR,,,106
subject_619,30,Horizontal,STL,,,106
subject_619,30,Horizontal,STR,,,106
subject_619,30,Horizontal,UTL,,,106
subject_619,30,Horizontal,UTR,,,106
subject_619,40,Sagittal,MTL,-0.25250128013531326,0.009020054274190519,106
subject_619,40,Sagittal,MTR,-0.19660601954096035,0.0433893720680528,106
subject_619,40,Sagittal,SCML,0.5705826177020145,1.7094118514457118e-10,106
subject_619,40,Sagittal,SCMR,0.5921399331975565,2.3028894676834683e-11,106
subject_619,40,Sagittal,STL,-0.5836779903031839,5.147645286273385e-11,106
subject_619,40,Sagittal,STR,-0.30845329766371377,0.0012959066093945306,106
subject_619,40,Sagittal,UTL,0.4126332299687613,1.1054321986597435e-05,106
subject_619,40,Sagittal,UTR,-0.24757374631572432,0.010507377038017475,106
subject_619,40,Frontal,MTL,-0.25893123630077164,0.007359539684094899,106
subject_619,40,Frontal,MTR,-0.26025231403700005,0.007053965804464772,106
subject_619,40,Frontal,SCML,0.5396602552493124,2.38215462267306e-09,106
subject_619,40,Frontal,SCMR,0.4445426582408656,1.8070810396809914e-06,106
subject_619,40,Frontal,STL,-0.4009470929453275,2.0518237128200748e-05,106
subject_619,40,Frontal,STR,-0.22986752610374625,0.017768631883092138,106
subject_619,40,Frontal,UTL,0.4603955910756067,6.84758038383472e-07,106
subject_619,40,Frontal,UTR,-0.21599620987334778,0.026163957504120476,106
subject_619,40,Horizontal,MTL,,,106
subject_619,40,Horizontal,MTR,,,106
subject_619,40,Horizontal,SCML,,,106
subject_619,40,Horizontal,SCMR,,,106
subject_619,40,Horizontal,STL,,,106
subject_619,40,Horizontal,STR,,,106
subject_619,40,Horizontal,UTL,,,106
subject_619,40,Horizontal,UTR,,,106
subject_619,50,Sagittal,MTL,0.014871564036649597,0.880313083118893,105
subject_619,50,Sagittal,MTR,0.15604250239098322,0.11193106348621668,105
subject_619,50,Sagittal,SCML,0.5952079175440054,2.138431082637062e-11,105
subject_619,50,Sagittal,SCMR,0.48149013080716674,1.995602252054632e-07,105
subject_619,50,Sagittal,STL,-0.6145478579132103,3.1005677603940263e-12,105
subject_619,50,Sagittal,STR,-0.45666168538263535,9.760321827189399e-07,105
subject_619,50,Sagittal,UTL,0.7331271955945058,6.028889150794327e-19,105
subject_619,50,Sagittal,UTR,0.3485917988140563,0.00026817554901366976,105
subject_619,50,Frontal,MTL,-0.15130867763172387,0.12337074856598197,105
subject_619,50,Frontal,MTR,0.06798892122658959,0.4907367008973863,105
subject_619,50,Frontal,SCML,0.3339455836717783,0.0004986762679798399,105
subject_619,50,Frontal,SCMR,0.3339455836717783,0.0004986762679798399,105
subject_619,50,Frontal,STL,-0.4419279879728322,2.3637782983895877e-06,105
subject_619,50,Frontal,STR,-0.3772718570024481,7.270641875839201e-05,105
subject_619,50,Frontal,UTL,0.6498940999600475,6.329888781680098e-14,105
subject_619,50,Frontal,UTR,0.28595340398242086,0.0031056439915389932,105
subject_619,50,Horizontal,MTL,,,105
subject_619,50,Horizontal,MTR,,,105
subject_619,50,Horizontal,SCML,,,105
subject_619,50,Horizontal,SCMR,,,105
subject_619,50,Horizontal,STL,,,105
subject_619,50,Horizontal,STR,,,105
subject_619,50,Horizontal,UTL,,,105
subject_619,50,Horizontal,UTR,,,105
subject_619,60,Sagittal,MTL,0.02664361282064485,0.7873175427546785,105
subject_619,60,Sagittal,MTR,0.06811254301130731,0.4899467514023174,105
subject_619,60,Sagittal,SCML,0.7145361870743139,1.1376154012536304e-17,105
subject_619,60,Sagittal,SCMR,0.49882674348298367,6.100747250340982e-08,105
subject_619,60,Sagittal,STL,-0.43444204696566113,3.6476127213198095e-06,105
subject_619,60,Sagittal,STR,-0.32056252275547503,0.0008563560310399276,105
subject_619,60,Sagittal,UTL,0.300632261196725,0.0018325627862971565,105
subject_619,60,Sagittal,UTR,0.1871292871374465,0.05594388678202725,105
subject_619,60,Frontal,MTL,-0.06101464289262823,0.5363733820145251,105
subject_619,60,Frontal,MTR,0.19267781966093128,0.04892789331225489,105
subject_619,60,Frontal,SCML,0.26439678586805565,0.006420218500478481,105
subject_619,60,Frontal,SCMR,0.23870640991326483,0.014194872278268822,105
subject_619,60,Frontal,STL,-0.2890167294913969,0.00278815957078932,105
subject_619,60,Frontal,STR,-0.02140864662899236,0.8283858946816302,105
subject_619,60,Frontal,UTL,0.2932984588171954,0.002393307402286617,105
subject_619,60,Frontal,UTR,0.22050906027862135,0.02379657996092764,105
subject_619,60,Horizontal,MTL,,,105
subject_619,60,Horizontal,MTR,,,105
subject_619,60,Horizontal,SCML,,,105
subject_619,60,Horizontal,SCMR,,,105
subject_619,60,Horizontal,STL,,,105
subject_619,60,Horizontal,STR,,,105
subject_619,60,Horizontal,UTL,,,105
subject_619,60,Horizontal,UTR,,,105
subject_619,70,Sagittal,MTL,-0.13512392758900435,0.32530771324635455,55
subject_619,70,Sagittal,MTR,-0.22839192852738355,0.09351453016178427,55
subject_619,70,Sagittal,SCML,0.6675924739298333,2.591584760748743e-08,55
subject_619,70,Sagittal,SCMR,0.6459955802699217,1.0027473827942307e-07,55
subject_619,70,Sagittal,STL,-0.18653600187675845,0.17268844133826727,55
subject_619,70,Sagittal,STR,-0.28744892092484087,0.03334129993842883,55
subject_619,70,Sagittal,UTL,-0.09919281247339921,0.47120688160069957,55
subject_619,70,Sagittal,UTR,-0.11658500117297403,0.3966305969240678,55
subject_619,70,Frontal,MTL,-0.035283741601664205,0.798151187083227,55
subject_619,70,Frontal,MTR,0.08820935400416054,0.5219109413170141,55
subject_619,70,Frontal,SCML,0.28226993281331364,0.036801995909429924,55
subject_619,70,Frontal,SCMR,0.31314320671476986,0.019918833680497326,55
subject_619,70,Frontal,STL,-0.27344899741289763,0.04337794062025087,55
subject_619,70,Frontal,STR,-0.008820935400416051,0.9490367591360206,55
subject_619,70,Frontal,UTL,0.12790356330603278,0.35206012286945415,55
subject_619,70,Frontal,UTR,0.052925612402496325,0.7011559114275355,55
subject_619,70,Horizontal,MTL,,,55
subject_619,70,Horizontal,MTR,,,55
subject_619,70,Horizontal,SCML,,,55
subject_619,70,Horizontal,SCMR,,,55
subject_619,70,Horizontal,STL,,,55
subject_619,70,Horizontal,STR,,,55
subject_619,70,Horizontal,UTL,,,55
subject_619,70,Horizontal,UTR,,,55
subject_620,10,Sagittal,MTL,-0.503416705172287,5.3642366067881405e-09,119
subject_620,10,Sagittal,MTR,-0.5874928068792381,2.1658424937223577e-12,119
subject_620,10,Sagittal,SCML,-0.17726141477306373,0.053782428883481725,119
subject_620,10,Sagittal,SCMR,0.32069244145085785,0.0003768165767854912,119
subject_620,10,Sagittal,STL,-0.24170428729385504,0.008091254358449155,119
subject_620,10,Sagittal,STR,-0.12688627091669064,0.169094099040371,119
subject_620,10,Sagittal,UTL,-0.5676721269938697,1.670933154652834e-11,119
subject_620,10,Sagittal,UTR,-0.551524588190613,8.006804574157392e-11,119
subject_620,10,Frontal,MTL,0.21173768072890703,0.020795300924565167,119
subject_620,10,Frontal,MTR,0.24467465328673701,0.007322668857590658,119
subject_620,10,Frontal,SCML,-0.22663773974316348,0.013190997693523304,119
subject_620,10,Frontal,SCMR,-0.2038955444056142,0.0261363238749572,119
subject_620,10,Frontal,STL,-0.08155821776224569,0.37789888940005234,119
subject_620,10,Frontal,STR,0.014115845381927138,0.8788967667304302,119
subject_620,10,Frontal,UTL,0.22820616700782206,0.01255356894286643,119
subject_620,10,Frontal,UTR,0.21487453525822423,0.018938254243272685,119
subject_620,10,Horizontal,MTL,-0.11791543817577008,0.20153554812526647,119
subject_620,10,Horizontal,MTR,-0.13935460875318284,0.13065632352732814,119
subject_620,10,Horizontal,SCML,-0.13667471243100623,0.1382944360437889,119
subject_620,10,Horizontal,SCMR,-0.040198444832648894,0.6642447713634805,119
subject_620,10,Horizontal,STL,0.13667471243100623,0.1382944360437889,119
subject_620,10,Horizontal,STR,-0.05627782276570845,0.5432401691546674,119
subject_620,10,Horizontal,UTL,-0.158113883008419,0.08589995933904974,119
subject_620,10,Horizontal,UTR,-0.13131491978665305,0.15458299407232295,119
subject_620,20,Sagittal,MTL,-0.3233559004087863,0.00035480624469845685,118
subject_620,20,Sagittal,MTR,-0.49569386270768145,1.1482890621645653e-08,118
subject_620,20,Sagittal,SCML,-0.3103570662592884,0.0006254829792457242,118
subject_620,20,Sagittal,SCMR,0.3094813831192241,0.0006492422168884743,118
subject_620,20,Sagittal,STL,-0.3871223545930701,1.4873504050002718e-05,118
subject_620,20,Sagittal,STR,-0.2071716695187412,0.02438656382617457,118
subject_620,20,Sagittal,UTL,-0.38346120699239905,1.818052873507208e-05,118
subject_620,20,Sagittal,UTR,-0.3885788928813178,1.3722545300339024e-05,118
subject_620,20,Frontal,MTL,-0.5154830738624935,2.327019879416165e-09,118
subject_620,20,Frontal,MTR,-0.5781623574768008,7.094196962061058e-12,118
subject_620,20,Frontal,SCML,-0.34419572122684305,0.00013540593784989262,118
subject_620,20,Frontal,SCMR,0.015669820903576843,0.8662559019261424,118
subject_620,20,Frontal,STL,-0.561411859269529,3.759604089069957e-11,118
subject_620,20,Frontal,STR,-0.48144173879610236,3.40989912025022e-08,118
subject_620,20,Frontal,UTL,-0.6575921392983799,6.016645488620366e-16,118
subject_620,20,Frontal,UTR,-0.6883914424536861,7.075054262861807e-18,118
subject_620,20,Horizontal,MTL,,,118
subject_620,20,Horizontal,MTR,,,118
subject_620,20,Horizontal,SCML,,,118
subject_620,20,Horizontal,SCMR,,,118
subject_620,20,Horizontal,STL,,,118
subject_620,20,Horizontal,STR,,,118
subject_620,20,Horizontal,UTL,,,118
subject_620,20,Horizontal,UTR,,,118
subject_620,30,Sagittal,MTL,0.09742383976944145,0.29393561805649143,118
subject_620,30,Sagittal,MTR,-0.04775731520039194,0.6075680984780274,118
subject_620,30,Sagittal,SCML,0.055845502407565396,0.5480740088993631,118
subject_620,30,Sagittal,SCMR,0.2871532133412849,0.0016173904328398306,118
subject_620,30,Sagittal,STL,0.1552597944975222,0.09319186408916279,118
subject_620,30,Sagittal,STR,0.043099385960546514,0.6430699830731207,118
subject_620,30,Sagittal,UTL,0.09131256439080704,0.32540786510177083,118
subject_620,30,Sagittal,UTR,0.11471053452584455,0.2161249076282451,118
subject_620,30,Frontal,MTL,-0.3004916692453408,0.0009457669406119264,118
subject_620,30,Frontal,MTR,-0.3257615353975998,0.0003185671003707237,118
subject_620,30,Frontal,SCML,-0.17963578764758034,0.05160242419095473,118
subject_620,30,Frontal,SCMR,-0.18787596139288218,0.04161903711123562,118
subject_620,30,Frontal,STL,-0.33894581339008284,0.00017371181261696794,118
subject_620,30,Frontal,STR,-0.28456066667109053,0.0017899081957116207,118
subject_620,30,Frontal,UTL,-0.5290191544483788,7.352434155289378e-10,118
subject_620,30,Frontal,UTR,-0.4493641415771276,3.3197401594469556e-07,118
subject_620,30,Horizontal,MTL,,,118
subject_620,30,Horizontal,MTR,,,118
subject_620,30,Horizontal,SCML,,,118
subject_620,30,Horizontal,SCMR,,,118
subject_620,30,Horizontal,STL,,,118
subject_620,30,Horizontal,STR,,,118
subject_620,30,Horizontal,UTL,,,118
subject_620,30,Horizontal,UTR,,,118
subject_620,40,Sagittal,MTL,0.048033753539417655,0.6054885024743261,118
subject_620,40,Sagittal,MTR,-0.17562288963543074,0.05713754223016863,118
subject_620,40,Sagittal,SCML,-0.06486727178971931,0.4852563713515112,118
subject_620,40,Sagittal,SCMR,0.07025166022088447,0.44968555814369937,118
subject_620,40,Sagittal,STL,-0.055304764893750774,0.5519612668245026,118
subject_620,40,Sagittal,STR,-0.044773902869076565,0.6302086924503372,118
subject_620,40,Sagittal,UTL,-0.10923630204032841,0.23899373597428025,118
subject_620,40,Sagittal,UTR,-0.22189941253180923,0.01573637911941258,118
subject_620,40,Frontal,MTL,0.09679323847009362,0.29708656464514105,118
subject_620,40,Frontal,MTR,-0.14013349450147883,0.13014928318937094,118
subject_620,40,Frontal,SCML,-0.007801246085649336,0.9331817493226007,118
subject_620,40,Frontal,SCMR,-0.06558825412749628,0.48040785085648036,118
subject_620,40,Frontal,STL,-0.1349326637777126,0.14516828912553012,118
subject_620,40,Frontal,STR,-0.03611688002615434,0.697808810969555,118
subject_620,40,Frontal,UTL,-0.42906853471071354,1.2478729151018365e-06,118
subject_620,40,Frontal,UTR,-0.24357223889638485,0.007863849285117209,118
subject_620,40,Horizontal,MTL,,,118
subject_620,40,Horizontal,MTR,,,118
subject_620,40,Horizontal,SCML,,,118
subject_620,40,Horizontal,SCMR,,,118
subject_620,40,Horizontal,STL,,,118
subject_620,40,Horizontal,STR,,,118
subject_620,40,Horizontal,UTL,,,118
subject_620,40,Horizontal,UTR,,,118
subject_620,50,Sagittal,MTL,-0.09115473398502173,0.32624831733128934,118
subject_620,50,Sagittal,MTR,0.20657127494799876,0.024812098298091074,118
subject_620,50,Sagittal,SCML,0.19702877466168398,0.0324757039258166,118
subject_620,50,Sagittal,SCMR,0.16071956107225632,0.08210561073361805,118
subject_620,50,Sagittal,STL,0.25955600778776144,0.004535467889495226,118
subject_620,50,Sagittal,STR,0.2904259962139897,0.0014212176977705696,118
subject_620,50,Sagittal,UTL,0.5037008776131245,6.093376614275426e-09,118
subject_620,50,Sagittal,UTR,0.42375858146452267,1.7400796046577446e-06,118
subject_620,50,Frontal,MTL,-0.006374639346284333,0.9453797737661956,118
subject_620,50,Frontal,MTR,-0.28242423886364065,0.0019444387380816725,118
subject_620,50,Frontal,SCML,-0.13663900859644246,0.1401027828948711,118
subject_620,50,Frontal,SCMR,-0.1333131098070767,0.15010306798801606,118
subject_620,50,Frontal,STL,-0.22477532651463455,0.014401383770198608,118
subject_620,50,Frontal,STR,-0.17266957881457126,0.061515113579868996,118
subject_620,50,Frontal,UTL,-0.3167918596870866,0.0004739271996141855,118
subject_620,50,Frontal,UTR,-0.21091741489227728,0.02187020449505177,118
subject_620,50,Horizontal,MTL,,,118
subject_620,50,Horizontal,MTR,,,118
subject_620,50,Horizontal,SCML,,,118
subject_620,50,Horizontal,SCMR,,,118
subject_620,50,Horizontal,STL,,,118
subject_620,50,Horizontal,STR,,,118
subject_620,50,Horizontal,UTL,,,118
subject_620,50,Horizontal,UTR,,,118
subject_620,60,Sagittal,MTL,-0.01567290176648436,0.8662298508811794,118
subject_620,60,Sagittal,MTR,0.12789950569988845,0.1675158145560257,118
subject_620,60,Sagittal,SCML,0.11513831274781976,0.21440572607582814,118
subject_620,60,Sagittal,SCMR,0.11105832570539781,0.23120230528451083,118
subject_620,60,Sagittal,STL,0.14317699021997068,0.12192979349147677,118
subject_620,60,Sagittal,STR,0.08143797924763838,0.3806588150938372,118
subject_620,60,Sagittal,UTL,0.355569972071514,7.773083273755208e-05,118
subject_620,60,Sagittal,UTR,0.39942533939975006,7.442041166108663e-06,118
subject_620,60,Frontal,MTL,-0.05253800645194153,0.5720574647244369,118
subject_620,60,Frontal,MTR,-0.3368613354859781,0.00019153935987251686,118
subject_620,60,Frontal,SCML,-0.2113882141948706,0.02157028490190493,118
subject_620,60,Frontal,SCMR,-0.19902633032382555,0.030724006632634717,118
subject_620,60,Frontal,STL,-0.30781090838902214,0.0006968777395452712,118
subject_620,60,Frontal,STR,-0.19037301161409398,0.0389333933133308,118
subject_620,60,Frontal,UTL,-0.2997756838728428,0.0009740369462448419,118
subject_620,60,Frontal,UTR,-0.30348424903415633,0.0008355444499332698,118
subject_620,60,Horizontal,MTL,,,118
subject_620,60,Horizontal,MTR,,,118
subject_620,60,Horizontal,SCML,,,118
subject_620,60,Horizontal,SCMR,,,118
subject_620,60,Horizontal,STL,,,118
subject_620,60,Horizontal,STR,,,118
subject_620,60,Horizontal,UTL,,,118
subject_620,60,Horizontal,UTR,,,118
subject_620,70,Sagittal,MTL,-0.22999809243337813,0.012227575415363177,118
subject_620,70,Sagittal,MTR,0.22069777457639478,0.01632523928000981,118
subject_620,70,Sagittal,SCML,0.2553481310071313,0.005259697132054076,118
subject_620,70,Sagittal,SCMR,0.5834717625077323,4.098908171163322e-12,118
subject_620,70,Sagittal,STL,0.16949983273124633,0.06651454535496237,118
subject_620,70,Sagittal,STR,-0.28765287747062646,0.001585931026288812,118
subject_620,70,Sagittal,UTL,0.33479604497415416,0.0002108637397065009,118
subject_620,70,Sagittal,UTR,0.2464276274555656,0.0071449988996705295,118
subject_620,70,Frontal,MTL,-0.1251193729063943,0.17702002112388185,118
subject_620,70,Frontal,MTR,-0.0928501429110712,0.3172930234605015,118
subject_620,70,Frontal,SCML,-0.08919702253424217,0.33678878762670217,118
subject_620,70,Frontal,SCMR,-0.06179861970802444,0.5061819455687495,118
subject_620,70,Frontal,STL,-0.19635522025456037,0.033085078821114534,118
subject_620,70,Frontal,STR,-0.15190892233647388,0.10056266432971117,118
subject_620,70,Frontal,UTL,-0.20366146100821844,0.02696549728316416,118
subject_620,70,Frontal,UTR,-0.15738860290171738,0.08873598124389599,118
subject_620,70,Horizontal,MTL,,,118
subject_620,70,Horizontal,MTR,,,118
subject_620,70,Horizontal,SCML,,,118
subject_620,70,Horizontal,SCMR,,,118
subject_620,70,Horizontal,STL,,,118
subject_620,70,Horizontal,STR,,,118
subject_620,70,Horizontal,UTL,,,118
subject_620,70,Horizontal,UTR,,,118
subject_620,80,Sagittal,MTL,-0.19410193592774602,0.03519432291984207,118
subject_620,80,Sagittal,MTR,0.20021662791433537,0.029718788577045237,118
subject_620,80,Sagittal,SCML,0.05257668705997674,0.5717741610254079,118
subject_620,80,Sagittal,SCMR,0.5486750018569968,1.2571115786130043e-10,118
subject_620,80,Sagittal,STL,-0.032238307822973454,0.7289220200082279,118
subject_620,80,Sagittal,STR,-0.39086587138413653,1.2083085554002646e-05,118
subject_620,80,Sagittal,UTL,0.20701658710631832,0.02449587732867845,118
subject_620,80,Sagittal,UTR,0.14804846553449713,0.10961454685325697,118
subject_620,80,Frontal,MTL,-0.14565054080781661,0.11554946765150882,118
subject_620,80,Frontal,MTR,-0.045994907623521035,0.6208996081495232,118
subject_620,80,Frontal,SCML,-0.02746918094182506,0.7677868931603031,118
subject_620,80,Frontal,SCMR,-0.06899236143528155,0.45787165015076664,118
subject_620,80,Frontal,STL,-0.1047661784757979,0.2588778344073572,118
subject_620,80,Frontal,STR,-0.11626490538167816,0.20992473226908887,118
subject_620,80,Frontal,UTL,-0.18142435784833297,0.04928218751662531,118
subject_620,80,Frontal,UTR,-0.034496180717640774,0.7107523642062894,118
subject_620,80,Horizontal,MTL,,,118
subject_620,80,Horizontal,MTR,,,118
subject_620,80,Horizontal,SCML,,,118
subject_620,80,Horizontal,SCMR,,,118
subject_620,80,Horizontal,STL,,,118
subject_620,80,Horizontal,STR,,,118
subject_620,80,Horizontal,UTL,,,118
subject_620,80,Horizontal,UTR,,,118
subject_620,90,Sagittal,MTL,-0.07592015647183685,0.413868406033488,118
subject_620,90,Sagittal,MTR,0.21207858758391632,0.02113688067898211,118
subject_620,90,Sagittal,SCML,0.27629064451882807,0.0024575771234171704,118
subject_620,90,Sagittal,SCMR,0.32411956392308633,0.0003429095481515889,118
subject_620,90,Sagittal,STL,-0.16176861731456535,0.08010157354865542,118
subject_620,90,Sagittal,STR,0.01218380515733956,0.8958180573719577,118
subject_620,90,Sagittal,UTL,0.2753597378306032,0.002545343177529787,118
subject_620,90,Sagittal,UTR,0.23054908856966433,0.012015906931997753,118
subject_620,90,Frontal,MTL,-0.05616508029343115,0.5457829198703698,118
subject_620,90,Frontal,MTR,-0.1654177022340781,0.07343437062410496,118
subject_620,90,Frontal,SCML,-0.0823241587862621,0.375480042437644,118
subject_620,90,Frontal,SCMR,-0.14618308569523178,0.11421032691408929,118
subject_620,90,Frontal,STL,-0.1315647771257086,0.1555708316931023,118
subject_620,90,Frontal,STR,-0.07001400420140048,0.45122414560091195,118
subject_620,90,Frontal,UTL,-0.1184852378792931,0.20129014733088327,118
subject_620,90,Frontal,UTR,-0.06847523487829278,0.4612569928736669,118
subject_620,90,Horizontal,MTL,0.1648850397341999,0.0743786957874154,118
subject_620,90,Horizontal,MTR,-0.014203580201822464,0.8786698664803747,118
subject_620,90,Horizontal,SCML,0.1006601553433505,0.2781136696798193,118
subject_620,90,Horizontal,SCMR,0.18711673048487856,0.0424656682435507,118
subject_620,90,Horizontal,STL,0.019143955924195495,0.8369770602949695,118
subject_620,90,Horizontal,STR,0.13771297326114826,0.13698410623865484,118
subject_620,90,Horizontal,UTL,0.1006601553433505,0.2781136696798193,118
subject_620,90,Horizontal,UTR,-0.09942506141275725,0.28408301164361494,118
subject_621,10,Sagittal,MTL,-0.2766316924856825,0.001066672132994815,137
subject_621,10,Sagittal,MTR,-0.22166001000455324,0.009236943785222856,137
subject_621,10,Sagittal,SCML,-0.2577167049652939,0.0023627375572532437,137
subject_621,10,Sagittal,SCMR,-0.16314176736335118,0.05680463803081835,137
subject_621,10,Sagittal,STL,0.00295546680006071,0.9726570916417004,137
subject_621,10,Sagittal,STR,-0.15663974040321763,0.06756112341124201,137
subject_621,10,Sagittal,UTL,-0.32451025464666594,0.00010940534316791196,137
subject_621,10,Sagittal,UTR,-0.16077739392330262,0.060540379615635534,137
subject_621,10,Frontal,MTL,-0.04461415191907019,0.6073881468457407,135
subject_621,10,Frontal,MTR,-0.06253795731286325,0.4711714701649566,135
subject_621,10,Frontal,SCML,-0.13258126084125657,0.12529907967243145,135
subject_621,10,Frontal,SCMR,-0.24350706309622097,0.004427835707996034,135
subject_621,10,Frontal,STL,0.13760378412420274,0.11149153245548563,135
subject_621,10,Frontal,STR,-0.10720404078729627,0.21586975248044205,135
subject_621,10,Frontal,UTL,-0.1865059987575165,0.030319251562267988,135
subject_621,10,Frontal,UTR,-0.15380890232860756,0.07489710811181688,135
subject_621,10,Horizontal,MTL,0.01809353875186611,0.8343900149627159,136
subject_621,10,Horizontal,MTR,0.05650489405025784,0.513501906803951,136
subject_621,10,Horizontal,SCML,-0.08854273235926102,0.3053345291417583,136
subject_621,10,Horizontal,SCMR,-0.20881025652309163,0.014703372233184731,136
subject_621,10,Horizontal,STL,0.17463326710045912,0.04201098286439784,136
subject_621,10,Horizontal,STR,0.010761660095395855,0.9010408306996428,136
subject_621,10,Horizontal,UTL,-0.12114350517185085,0.16004994869096587,136
subject_621,10,Horizontal,UTR,-0.07897559182025639,0.3607519796182308,136
subject_621,20,Sagittal,MTL,,,137
subject_621,20,Sagittal,MTR,,,137
subject_621,20,Sagittal,SCML,,,137
subject_621,20,Sagittal,SCMR,,,137
subject_621,20,Sagittal,STL,,,137
subject_621,20,Sagittal,STR,,,137
subject_621,20,Sagittal,UTL,,,137
subject_621,20,Sagittal,UTR,,,137
subject_621,20,Frontal,MTL,0.33693461896733956,5.674572556119356e-05,137
subject_621,20,Frontal,MTR,0.30543351530230256,0.00028410676445363256,137
subject_621,20,Frontal,SCML,0.34342562507318164,3.9817815096632864e-05,137
subject_621,20,Frontal,SCMR,0.2777720270354174,0.0010148804074891539,137
subject_621,20,Frontal,STL,0.4055456293634561,8.823009265169497e-07,137
subject_621,20,Frontal,STR,0.3955066847452496,1.723678231359445e-06,137
subject_621,20,Frontal,UTL,0.40771647044784093,7.61142583461833e-07,137
subject_621,20,Frontal,UTR,0.31235725514853413,0.0002024265485000546,137
subject_621,20,Horizontal,MTL,0.15804920530799976,0.06509869301393763,137
subject_621,20,Horizontal,MTR,0.19552440432295412,0.022036855610132435,137
subject_621,20,Horizontal,SCML,0.13219074233178246,0.12359893421230198,137
subject_621,20,Horizontal,SCMR,0.05958614208967623,0.4891493193189512,137
subject_621,20,Horizontal,STL,0.1971160928832667,0.02095774818470514,137
subject_621,20,Horizontal,STR,0.14704266452204084,0.08640872783039776,137
subject_621,20,Horizontal,UTL,0.2072361235850009,0.015105040537643085,137
subject_621,20,Horizontal,UTR,0.10877306036667735,0.20578232904482968,137
subject_621,30,Sagittal,MTL,-0.008985813960448995,0.916998996149862,137
subject_621,30,Sagittal,MTR,0.07258291226552675,0.39929024715487954,137
subject_621,30,Sagittal,SCML,0.20467437748412695,0.016432842709265445,137
subject_621,30,Sagittal,SCMR,0.10266292449812976,0.23256180385296507,137
subject_621,30,Sagittal,STL,0.11326618497145957,0.18755567216087216,137
subject_621,30,Sagittal,STR,0.20314678911085063,0.017271947086179223,137
subject_621,30,Sagittal,UTL,0.17549294664756887,0.040245657595273605,137
subject_621,30,Sagittal,UTR,0.08098464831854657,0.3468267782516805,137
subject_621,30,Frontal,MTL,-0.10395091459918446,0.2267228161501632,137
subject_621,30,Frontal,MTR,-0.024422719810774773,0.7769594209975077,137
subject_621,30,Frontal,SCML,0.26085228819660505,0.0020790162049932177,137
subject_621,30,Frontal,SCMR,-0.11931732278856992,0.16491072444068092,137
subject_621,30,Frontal,STL,0.31879694904975314,0.00014658246429873246,137
subject_621,30,Frontal,STR,0.1112383967330584,0.19563002710386726,137
subject_621,30,Frontal,UTL,0.22170442048235,0.009222540904190538,137
subject_621,30,Frontal,UTR,0.20898172105530216,0.014254701512998553,137
subject_621,30,Horizontal,MTL,0.010910340961194526,0.8993077010496057,137
subject_621,30,Horizontal,MTR,-0.008792387681173932,0.9187794715235844,137
subject_621,30,Horizontal,SCML,0.03702095886403346,0.6675621853928912,137
subject_621,30,Horizontal,SCMR,-0.18393775883933963,0.03142865516077179,137
subject_621,30,Horizontal,STL,0.052938026116433126,0.5389659946846969,137
subject_621,30,Horizontal,STR,-0.06885869533019338,0.4239801578406668,137
subject_621,30,Horizontal,UTL,0.23310813337260686,0.00611904967972522,137
subject_621,30,Horizontal,UTR,0.026996700397541425,0.7541666392060228,137
subject_621,40,Sagittal,MTL,0.03896410994197747,0.651228484352419,137
subject_621,40,Sagittal,MTR,0.11631242457520136,0.1758873913316947,137
subject_621,40,Sagittal,SCML,0.2535106430219706,0.002798318647422693,137
subject_621,40,Sagittal,SCMR,0.12489134034792118,0.14591266461420357,137
subject_621,40,Sagittal,STL,0.14477380608727183,0.09142810056221425,137
subject_621,40,Sagittal,STR,0.24976427100534296,0.0032460023797086426,137
subject_621,40,Sagittal,UTL,0.032732429707931,0.7041572542880493,137
subject_621,40,Sagittal,UTR,0.0460150214032472,0.5933830028026873,137
subject_621,40,Frontal,MTL,-0.2828317753834271,0.0008116990207156281,137
subject_621,40,Frontal,MTR,-0.168118762366551,0.04955907135021766,137
subject_621,40,Frontal,SCML,0.010797369885224822,0.9003449127981731,137
subject_621,40,Frontal,SCMR,-0.12896563771351827,0.13310934567950516,137
subject_621,40,Frontal,STL,-0.0864344167654431,0.3152339555502859,137
subject_621,40,Frontal,STR,0.11264902270384511,0.18998693608652406,137
subject_621,40,Frontal,UTL,0.16887105790120716,0.04853366580569424,137
subject_621,40,Frontal,UTR,-0.12042997683953528,0.1609783949203181,137
subject_621,40,Horizontal,MTL,0.007582442915966652,0.9299257199186773,137
subject_621,40,Horizontal,MTR,-0.14236611002221022,0.09700525088179142,137
subject_621,40,Horizontal,SCML,-0.012637404859944421,0.8834733510929826,137
subject_621,40,Horizontal,SCMR,-0.1288555753719424,0.13344351998274914,137
subject_621,40,Horizontal,STL,-0.056385802775097464,0.5128201780514592,137
subject_621,40,Horizontal,STR,0.06304916170124998,0.4642061536978589,137
subject_621,40,Horizontal,UTL,0.2829859604637736,0.0008061391937783892,137
subject_621,40,Horizontal,UTR,0.009420610895594931,0.9129982364704161,137
subject_621,50,Sagittal,MTL,-0.10526841351681436,0.22085782438920315,137
subject_621,50,Sagittal,MTR,0.13905774256376727,0.10510352809962256,137
subject_621,50,Sagittal,SCML,0.1643638238206582,0.054949403632100165,137
subject_621,50,Sagittal,SCMR,-0.0020112695861281486,0.9813905280893243,137
subject_621,50,Sagittal,STL,0.045504974386149366,0.5974885756953662,137
subject_621,50,Sagittal,STR,0.24622967908173865,0.0037264957875593496,137
subject_621,50,Sagittal,UTL,0.1482880333429625,0.08374862726601497,137
subject_621,50,Sagittal,UTR,0.12642265969948366,0.14099542852655797,137
subject_621,50,Frontal,MTL,-0.27424127407964033,0.0011831703018046864,137
subject_621,50,Frontal,MTR,-0.19544569155987887,0.022091438030987627,137
subject_621,50,Frontal,SCML,-0.24860526324272944,0.0033970240245814504,137
subject_621,50,Frontal,SCMR,-0.2510634119152019,0.0030839325711752726,137
subject_621,50,Frontal,STL,-0.10498293130573816,0.22211946024421061,137
subject_621,50,Frontal,STR,0.04314159261707424,0.6166767358551862,137
subject_621,50,Frontal,UTL,0.3174069425896869,0.0001572568459152408,137
subject_621,50,Frontal,UTR,-0.1963268692426653,0.021486983617826225,137
subject_621,50,Horizontal,MTL,-0.15696394859782384,0.06698810241276126,137
subject_621,50,Horizontal,MTR,-0.10156490791623896,0.23762222364667132,137
subject_621,50,Horizontal,SCML,-0.04924359171696434,0.5676965697099812,137
subject_621,50,Horizontal,SCMR,-0.10156490791623896,0.23762222364667132,137
subject_621,50,Horizontal,STL,0.09387059671046327,0.2752415846575124,137
subject_621,50,Horizontal,STR,0.04154928051118866,0.6297532782871078,137
subject_621,50,Horizontal,UTL,0.18774119342092654,0.028028083909728427,137
subject_621,50,Horizontal,UTR,0.0215440713761719,0.8026759856008976,137
subject_621,60,Sagittal,MTL,0.0633942178748742,0.46342956612147274,136
subject_621,60,Sagittal,MTR,0.21560470038662796,0.011706351309180244,136
subject_621,60,Sagittal,SCML,0.1378234275668003,0.10957780946641528,136
subject_621,60,Sagittal,SCMR,0.17324132657620814,0.043700411528446455,136
subject_621,60,Sagittal,STL,0.16232030490550484,0.05902161937370782,136
subject_621,60,Sagittal,STR,0.09367675617233684,0.27803105720504484,136
subject_621,60,Sagittal,UTL,0.20502558915497068,0.01664698417835329,136
subject_621,60,Sagittal,UTR,0.14781927981420276,0.08590787674808993,136
subject_621,60,Frontal,MTL,-0.03666178695565857,0.6717537119481339,136
subject_621,60,Frontal,MTR,-0.31115723608654144,0.00022677499789896141,136
subject_621,60,Frontal,SCML,0.18799603311749422,0.02839856048890538,136
subject_621,60,Frontal,SCMR,-0.03768346339665779,0.6631564747977845,136
subject_621,60,Frontal,STL,-0.2380405201213031,0.005260841947901893,136
subject_621,60,Frontal,STR,-0.21837640195441682,0.010646827013050388,136
subject_621,60,Frontal,UTL,-0.12650876997449403,0.14220781736811228,136
subject_621,60,Frontal,UTR,-0.08405748318650651,0.33058048146900104,136
subject_621,60,Horizontal,MTL,,,136
subject_621,60,Horizontal,MTR,,,136
subject_621,60,Horizontal,SCML,,,136
subject_621,60,Horizontal,SCMR,,,136
subject_621,60,Horizontal,STL,,,136
subject_621,60,Horizontal,STR,,,136
subject_621,60,Horizontal,UTL,,,136
subject_621,60,Horizontal,UTR,,,136
subject_621,70,Sagittal,MTL,-0.2661129709752496,0.0016716374953932463,137
subject_621,70,Sagittal,MTR,-0.41829009030498937,3.6514546703968554e-07,137
subject_621,70,Sagittal,SCML,0.4435173475527484,5.700572433869472e-08,137
subject_621,70,Sagittal,SCMR,0.5802749625159681,1.0736953929280043e-13,137
subject_621,70,Sagittal,STL,0.2230479032129185,0.008796097448927436,137
subject_621,70,Sagittal,STR,-0.5185168686873696,8.570726371570435e-11,137
subject_621,70,Sagittal,UTL,0.6431989681828327,2.350104666436641e-17,137
subject_621,70,Sagittal,UTR,0.5373220016611626,1.2917908941532144e-11,137
subject_621,70,Frontal,MTL,-0.170885370580589,0.045874517184138756,137
subject_621,70,Frontal,MTR,-0.32593709308887736,0.00010160494184171798,137
subject_621,70,Frontal,SCML,0.3146770532765609,0.00018035690779333554,137
subject_621,70,Frontal,SCMR,0.18605928331654373,0.02949107694174718,137
subject_621,70,Frontal,STL,-0.012462595362111438,0.8850740827536155,137
subject_621,70,Frontal,STR,-0.44912109352759866,3.69574651335091e-08,137
subject_621,70,Frontal,UTL,0.03568973311092936,0.6788433476710575,137
subject_621,70,Frontal,UTR,0.0454660643398182,0.5978023017417233,137
subject_621,70,Horizontal,MTL,-0.14310542803269427,0.09526480225004401,137
subject_621,70,Horizontal,MTR,-0.1474419561548971,0.08554859239152669,137
subject_621,70,Horizontal,SCML,-0.004336528122202856,0.9598889655326887,137
subject_621,70,Horizontal,SCMR,-0.11058146711617285,0.19829908912308367,137
subject_621,70,Horizontal,STL,0.05203833746643428,0.5458957455568397,137
subject_621,70,Horizontal,STR,0.04119701716092714,0.632661929180602,137
subject_621,70,Horizontal,UTL,-0.10624493899396997,0.21658068603149133,137
subject_621,70,Horizontal,UTR,-0.1474419561548971,0.08554859239152669,137
subject_621,80,Sagittal,MTL,-0.12902745667374196,0.13292193038916283,137
subject_621,80,Sagittal,MTR,-0.429526353744225,1.626706808471911e-07,137
subject_621,80,Sagittal,SCML,0.5639937706779025,7.157527069839376e-13,137
subject_621,80,Sagittal,SCMR,0.5955322220154001,1.645373542327672e-14,137
subject_621,80,Sagittal,STL,0.1435058443147095,0.09433254875243141,137
subject_621,80,Sagittal,STR,-0.03144368743466453,0.7152928458475554,137
subject_621,80,Sagittal,UTL,0.5769661806197918,1.5922406207751079e-13,137
subject_621,80,Sagittal,UTR,0.6072291610488866,3.6475122089044856e-15,137
subject_621,80,Frontal,MTL,-0.07098629832811897,0.40976860857005926,137
subject_621,80,Frontal,MTR,-0.05390293444916427,0.531582675658979,137
subject_621,80,Frontal,SCML,-0.08833258690765741,0.30468369769848563,137
subject_621,80,Frontal,SCMR,-0.008015832538309838,0.925931573294057,137
subject_621,80,Frontal,STL,0.009249556133356686,0.9145719327971118,137
subject_621,80,Frontal,STR,-0.06935481685270181,0.42064102355731203,137
subject_621,80,Frontal,UTL,-0.0018573270515595968,0.9828146698529655,137
subject_621,80,Frontal,UTR,0.09523941654222294,0.2682708678139407,137
subject_621,80,Horizontal,MTL,-0.14527369209379568,0.09030276227514179,137
subject_621,80,Horizontal,MTR,-0.1474419561548971,0.08554859239152669,137
subject_621,80,Horizontal,SCML,0.08889882650515855,0.30158188191967844,137
subject_621,80,Horizontal,SCMR,0.01300958436660857,0.8800668756545535,137
subject_621,80,Horizontal,STL,0.07155271401634714,0.406032929788722,137
subject_621,80,Horizontal,STR,-0.03469222497762285,0.6873435471569777,137
subject_621,80,Horizontal,UTL,0.03902875309982571,0.650687888757121,137
subject_621,80,Horizontal,UTR,-0.1474419561548971,0.08554859239152669,137
subject_621,90,Sagittal,MTL,0.49197625483682045,1.1814672012847101e-09,136
subject_621,90,Sagittal,MTR,0.0004409789313373604,0.9959346475800482,136
subject_621,90,Sagittal,SCML,0.7010708249197433,2.0419646567896624e-21,136
subject_621,90,Sagittal,SCMR,0.7864141074713645,8.01941370734843e-30,136
subject_621,90,Sagittal,STL,0.1222998368772997,0.15606971985600626,136
subject_621,90,Sagittal,STR,0.048142299904001554,0.5778201731160899,136
subject_621,90,Sagittal,UTL,0.6687407695536957,5.751311912549481e-19,136
subject_621,90,Sagittal,UTR,0.7515162947851296,5.66137610653684e-26,136
subject_621,90,Frontal,MTL,-0.08959565236343901,0.2995963426481045,136
subject_621,90,Frontal,MTR,0.05717648581413058,0.5085012233400469,136
subject_621,90,Frontal,SCML,-0.14193641459398282,0.09928566722490685,136
subject_621,90,Frontal,SCMR,-0.13869013786041104,0.10734241103482532,136
subject_621,90,Frontal,STL,-0.041821081582314845,0.628795215263944,136
subject_621,90,Frontal,STR,0.14709716222171232,0.0874680076058377,136
subject_621,90,Frontal,UTL,-0.1858344790925267,0.030304704839139357,136
subject_621,90,Frontal,UTR,-0.03865804271370646,0.6549962090251686,136
subject_621,90,Horizontal,MTL,,,136
subject_621,90,Horizontal,MTR,,,136
subject_621,90,Horizontal,SCML,,,136
subject_621,90,Horizontal,SCMR,,,136
subject_621,90,Horizontal,STL,,,136
subject_621,90,Horizontal,STR,,,136
subject_621,90,Horizontal,UTL,,,136
subject_621,90,Horizontal,UTR,,,136
subject_623,10,Sagittal,MTL,-0.3524180984822246,4.2044958441353e-05,129
subject_623,10,Sagittal,MTR,-0.4993993906144384,1.6966016615914492e-09,129
subject_623,10,Sagittal,SCML,0.02769198795756613,0.755406159026604,129
subject_623,10,Sagittal,SCMR,-0.17833216584217046,0.04317762749757387,129
subject_623,10,Sagittal,STL,-0.3820358157831541,7.913159419382001e-06,129
subject_623,10,Sagittal,STR,-0.3652819704958923,2.0768423671252664e-05,129
subject_623,10,Sagittal,UTL,0.4563785970836994,5.45915231572515e-08,129
subject_623,10,Sagittal,UTR,-0.06732349784398553,0.4484114997741645,129
subject_623,10,Frontal,MTL,,,129
subject_623,10,Frontal,MTR,,,129
subject_623,10,Frontal,SCML,,,129
subject_623,10,Frontal,SCMR,,,129
subject_623,10,Frontal,STL,,,129
subject_623,10,Frontal,STR,,,129
subject_623,10,Frontal,UTL,,,129
subject_623,10,Frontal,UTR,,,129
subject_623,10,Horizontal,MTL,,,129
subject_623,10,Horizontal,MTR,,,129
subject_623,10,Horizontal,SCML,,,129
subject_623,10,Horizontal,SCMR,,,129
subject_623,10,Horizontal,STL,,,129
subject_623,10,Horizontal,STR,,,129
subject_623,10,Horizontal,UTL,,,129
subject_623,10,Horizontal,UTR,,,129
subject_623,20,Sagittal,MTL,0.22129094304276473,0.012064083690670569,128
subject_623,20,Sagittal,MTR,0.24102948107432948,0.0061305624399580205,128
subject_623,20,Sagittal,SCML,0.1892706480137819,0.032376864433998544,128
subject_623,20,Sagittal,SCMR,0.3511266598726128,4.829195815858168e-05,128
subject_623,20,Sagittal,STL,0.09364839710531273,0.29306125880798956,128
subject_623,20,Sagittal,STR,0.07785756668006093,0.3823667594929041,128
subject_623,20,Sagittal,UTL,0.3511266598726128,4.829195815858168e-05,128
subject_623,20,Sagittal,UTR,0.05899629700545461,0.5082944596274033,128
subject_623,20,Frontal,MTL,,,128
subject_623,20,Frontal,MTR,,,128
subject_623,20,Frontal,SCML,,,128
subject_623,20,Frontal,SCMR,,,128
subject_623,20,Frontal,STL,,,128
subject_623,20,Frontal,STR,,,128
subject_623,20,Frontal,UTL,,,128
subject_623,20,Frontal,UTR,,,128
subject_623,20,Horizontal,MTL,,,128
subject_623,20,Horizontal,MTR,,,128
subject_623,20,Horizontal,SCML,,,128
subject_623,20,Horizontal,SCMR,,,128
subject_623,20,Horizontal,STL,,,128
subject_623,20,Horizontal,STR,,,128
subject_623,20,Horizontal,UTL,,,128
subject_623,20,Horizontal,UTR,,,128
subject_623,30,Sagittal,MTL,-0.3118182770131266,0.0003397043316023622,128
subject_623,30,Sagittal,MTR,-0.4705098490942454,2.0923444070910823e-08,128
subject_623,30,Sagittal,SCML,-0.11943902882910484,0.17931900236671222,128
subject_623,30,Sagittal,SCMR,-0.1311126476401127,0.14016018191996485,128
subject_623,30,Sagittal,STL,-0.394936432768891,3.962780733312239e-06,128
subject_623,30,Sagittal,STR,-0.5377425974338941,5.938722021637757e-11,128
subject_623,30,Sagittal,UTL,-0.04396178720418197,0.6222033267472469,128
subject_623,30,Sagittal,UTR,-0.285662074864712,0.001080886305989342,128
subject_623,30,Frontal,MTL,,,128
subject_623,30,Frontal,MTR,,,128
subject_623,30,Frontal,SCML,,,128
subject_623,30,Frontal,SCMR,,,128
subject_623,30,Frontal,STL,,,128
subject_623,30,Frontal,STR,,,128
subject_623,30,Frontal,UTL,,,128
subject_623,30,Frontal,UTR,,,128
subject_623,30,Horizontal,MTL,,,128
subject_623,30,Horizontal,MTR,,,128
subject_623,30,Horizontal,SCML,,,128
subject_623,30,Horizontal,SCMR,,,128
subject_623,30,Horizontal,STL,,,128
subject_623,30,Horizontal,STR,,,128
subject_623,30,Horizontal,UTL,,,128
subject_623,30,Horizontal,UTR,,,128
subject_623,40,Sagittal,MTL,-0.30707756197872893,0.00040057684938683217,129
subject_623,40,Sagittal,MTR,-0.27376539421435886,0.0016934464700180591,129
subject_623,40,Sagittal,SCML,-0.17878652715189045,0.04263952143086516,129
subject_623,40,Sagittal,SCMR,-0.14608186655737046,0.09855580773989595,129
subject_623,40,Sagittal,STL,-0.2931048970721771,0.0007490108742317766,129
subject_623,40,Sagittal,STR,-0.3996893544726623,2.6986182135618943e-06,129
subject_623,40,Sagittal,UTL,0.22424254290217568,0.010626802090099844,129
subject_623,40,Sagittal,UTR,-0.0890895099910202,0.31537305084606887,129
subject_623,40,Frontal,MTL,,,129
subject_623,40,Frontal,MTR,,,129
subject_623,40,Frontal,SCML,,,129
subject_623,40,Frontal,SCMR,,,129
subject_623,40,Frontal,STL,,,129
subject_623,40,Frontal,STR,,,129
subject_623,40,Frontal,UTL,,,129
subject_623,40,Frontal,UTR,,,129
subject_623,40,Horizontal,MTL,,,129
subject_623,40,Horizontal,MTR,,,129
subject_623,40,Horizontal,SCML,,,129
subject_623,40,Horizontal,SCMR,,,129
subject_623,40,Horizontal,STL,,,129
subject_623,40,Horizontal,STR,,,129
subject_623,40,Horizontal,UTL,,,129
subject_623,40,Horizontal,UTR,,,129
subject_623,50,Sagittal,MTL,0.4378832898255973,2.1089129179759484e-07,129
subject_623,50,Sagittal,MTR,0.3545289212665777,3.7527597625048924e-05,129
subject_623,50,Sagittal,SCML,0.33235165982413845,0.0001190752281068587,129
subject_623,50,Sagittal,SCMR,0.5285735341568887,1.2071287336072942e-10,129
subject_623,50,Sagittal,STL,-0.08574204889327558,0.33397197509871973,129
subject_623,50,Sagittal,STR,-0.2381311052935383,0.006577074286732097,129
subject_623,50,Sagittal,UTL,0.13743564819430565,0.1203860719681268,129
subject_623,50,Sagittal,UTR,0.354196054303089,3.8208354417646155e-05,129
subject_623,50,Frontal,MTL,,,129
subject_623,50,Frontal,MTR,,,129
subject_623,50,Frontal,SCML,,,129
subject_623,50,Frontal,SCMR,,,129
subject_623,50,Frontal,STL,,,129
subject_623,50,Frontal,STR,,,129
subject_623,50,Frontal,UTL,,,129
subject_623,50,Frontal,UTR,,,129
subject_623,50,Horizontal,MTL,,,129
subject_623,50,Horizontal,MTR,,,129
subject_623,50,Horizontal,SCML,,,129
subject_623,50,Horizontal,SCMR,,,129
subject_623,50,Horizontal,STL,,,129
subject_623,50,Horizontal,STR,,,129
subject_623,50,Horizontal,UTL,,,129
subject_623,50,Horizontal,UTR,,,129
subject_623,60,Sagittal,MTL,0.024293228739647562,0.785475547779677,128
subject_623,60,Sagittal,MTR,-0.026110130437777233,0.7698627304694182,128
subject_623,60,Sagittal,SCML,0.267366482647185,0.0022809835644888215,128
subject_623,60,Sagittal,SCMR,0.35605791252355784,3.710021218717711e-05,128
subject_623,60,Sagittal,STL,-0.09821450084588011,0.2700537118317331,128
subject_623,60,Sagittal,STR,-0.2810950545300354,0.001308580152389442,128
subject_623,60,Sagittal,UTL,0.07541708341805481,0.39750669564771096,128
subject_623,60,Sagittal,UTR,0.039149532710992314,0.6608429381047841,128
subject_623,60,Frontal,MTL,,,128
subject_623,60,Frontal,MTR,,,128
subject_623,60,Frontal,SCML,,,128
subject_623,60,Frontal,SCMR,,,128
subject_623,60,Frontal,STL,,,128
subject_623,60,Frontal,STR,,,128
subject_623,60,Frontal,UTL,,,128
subject_623,60,Frontal,UTR,,,128
subject_623,60,Horizontal,MTL,,,128
subject_623,60,Horizontal,MTR,,,128
subject_623,60,Horizontal,SCML,,,128
subject_623,60,Horizontal,SCMR,,,128
subject_623,60,Horizontal,STL,,,128
subject_623,60,Horizontal,STR,,,128
subject_623,60,Horizontal,UTL,,,128
subject_623,60,Horizontal,UTR,,,128
subject_623,70,Sagittal,MTL,0.16477302649351228,0.06307933624784749,128
subject_623,70,Sagittal,MTR,0.0543147490217238,0.5425755763113348,128
subject_623,70,Sagittal,SCML,0.5350224844713235,7.724560508192179e-11,128
subject_623,70,Sagittal,SCMR,0.5145140294535009,5.210476202437677e-10,128
subject_623,70,Sagittal,STL,0.08407160286287022,0.34542389102477405,128
subject_623,70,Sagittal,STR,-0.1745178083045286,0.048812976009070995,128
subject_623,70,Sagittal,UTL,-0.20801059726357138,0.018467059013383635,128
subject_623,70,Sagittal,UTR,-0.07150527564812796,0.4225059596757868,128
subject_623,70,Frontal,MTL,,,128
subject_623,70,Frontal,MTR,,,128
subject_623,70,Frontal,SCML,,,128
subject_623,70,Frontal,SCMR,,,128
subject_623,70,Frontal,STL,,,128
subject_623,70,Frontal,STR,,,128
subject_623,70,Frontal,UTL,,,128
subject_623,70,Frontal,UTR,,,128
subject_623,70,Horizontal,MTL,,,128
subject_623,70,Horizontal,MTR,,,128
subject_623,70,Horizontal,SCML,,,128
subject_623,70,Horizontal,SCMR,,,128
subject_623,70,Horizontal,STL,,,128
subject_623,70,Horizontal,STR,,,128
subject_623,70,Horizontal,UTL,,,128
subject_623,70,Horizontal,UTR,,,128
subject_623,80,Sagittal,MTL,-0.18731197973772296,0.03424448574293117,128
subject_623,80,Sagittal,MTR,-0.22313677739154125,0.011349655886791543,128
subject_623,80,Sagittal,SCML,0.7088496766326554,7.884470830469319e-21,128
subject_623,80,Sagittal,SCMR,0.6745379450829264,2.575250456877973e-18,128
subject_623,80,Sagittal,STL,0.39806714417460737,3.2678232346535944e-06,128
subject_623,80,Sagittal,STR,0.2917042010056626,0.000835229886297575,128
subject_623,80,Sagittal,UTL,0.08339920739988568,0.3493092097296701,128
subject_623,80,Sagittal,UTR,-0.08421177993726697,0.3446173444822461,128
subject_623,80,Frontal,MTL,,,128
subject_623,80,Frontal,MTR,,,128
subject_623,80,Frontal,SCML,,,128
subject_623,80,Frontal,SCMR,,,128
subject_623,80,Frontal,STL,,,128
subject_623,80,Frontal,STR,,,128
subject_623,80,Frontal,UTL,,,128
subject_623,80,Frontal,UTR,,,128
subject_623,80,Horizontal,MTL,,,128
subject_623,80,Horizontal,MTR,,,128
subject_623,80,Horizontal,SCML,,,128
subject_623,80,Horizontal,SCMR,,,128
subject_623,80,Horizontal,STL,,,128
subject_623,80,Horizontal,STR,,,128
subject_623,80,Horizontal,UTL,,,128
subject_623,80,Horizontal,UTR,,,128
subject_623,90,Sagittal,MTL,-0.18399483582323323,0.037614797327205914,128
subject_623,90,Sagittal,MTR,-0.20442228898730633,0.020635671499174897,128
subject_623,90,Sagittal,SCML,0.3097825119298514,0.0003731834079096021,128
subject_623,90,Sagittal,SCMR,0.34023283843663416,8.514917189032499e-05,128
subject_623,90,Sagittal,STL,0.17207882147752396,0.0521049928484916,128
subject_623,90,Sagittal,STR,0.18191391985896058,0.039868192732424736,128
subject_623,90,Sagittal,UTL,0.16623009317557416,0.06075159296740451,128
subject_623,90,Sagittal,UTR,0.013098073118313883,0.8833369455234786,128
subject_623,90,Frontal,MTL,-0.18412696408137325,0.03747540779043505,128
subject_623,90,Frontal,MTR,-0.0426219824262438,0.6328641282988559,128
subject_623,90,Frontal,SCML,-0.06819517188199009,0.4443533279774484,128
subject_623,90,Frontal,SCMR,-0.05455613750559207,0.5407805397289877,128
subject_623,90,Frontal,STL,-0.05285125820854232,0.5535209430232575,128
subject_623,90,Frontal,STR,-0.09206348204068662,0.30134256883253036,128
subject_623,90,Frontal,UTL,-0.14491474024922896,0.10266538996751641,128
subject_623,90,Frontal,UTR,-0.13639034376398018,0.12475280248473829,128
subject_623,90,Horizontal,MTL,0.07477080485634681,0.4015750005853724,128
subject_623,90,Horizontal,MTR,-0.03424083586879434,0.7011984633358712,128
subject_623,90,Horizontal,SCML,0.09573458191887398,0.2823929684560443,128
subject_623,90,Horizontal,SCMR,0.10691526301888846,0.22967808784198457,128
subject_623,90,Horizontal,STL,0.06778287916883778,0.44711844646087673,128
subject_623,90,Horizontal,STR,0.10971043329389206,0.2176575961439334,128
subject_623,90,Horizontal,UTL,0.12648145494391377,0.15483561222951173,128
subject_623,90,Horizontal,UTR,0.02585532504378348,0.7720469084181735,128
subject_624,10,Sagittal,MTL,-0.14134398504030266,0.05700624458679205,182
subject_624,10,Sagittal,MTR,0.04563995903346076,0.5406744677877797,182
subject_624,10,Sagittal,SCML,0.1514152590764105,0.04130961345189717,182
subject_624,10,Sagittal,SCMR,0.017910714185981676,0.8103432878330935,182
subject_624,10,Sagittal,STL,0.0024790828396573203,0.973503714691237,182
subject_624,10,Sagittal,STR,-0.11552020546053891,0.12044255301657698,182
subject_624,10,Sagittal,UTL,0.23918204423624673,0.0011466031164095683,182
subject_624,10,Sagittal,UTR,-0.03927522153022708,0.5986073715859083,182
subject_624,10,Frontal,MTL,-0.07824305240466113,0.2937667436525367,182
subject_624,10,Frontal,MTR,-0.05331517697305004,0.4747239778497709,182
subject_624,10,Frontal,SCML,0.11014910444449597,0.13880326983080976,182
subject_624,10,Frontal,SCMR,0.04272519200201004,0.5668582440303369,182
subject_624,10,Frontal,STL,-0.05063743692435342,0.4972232139077771,182
subject_624,10,Frontal,STR,-0.0822073174289696,0.26991224878930253,182
subject_624,10,Frontal,UTL,0.2201516427525298,0.0028240249492408635,182
subject_624,10,Frontal,UTR,-0.027331094780267566,0.71418254372212,182
subject_624,10,Horizontal,MTL,0.052671016393074054,0.48008525337611035,182
subject_624,10,Horizontal,MTR,0.20212740225934192,0.006212257327524224,182
subject_624,10,Horizontal,SCML,0.11922284216049613,0.10892468599850383,182
subject_624,10,Horizontal,SCMR,0.009317255607439092,0.9006555108821706,182
subject_624,10,Horizontal,STL,0.2515659014008555,0.0006132472239800345,182
subject_624,10,Horizontal,STR,0.12492728436913231,0.09289147726559739,182
subject_624,10,Horizontal,UTL,-0.17854904113031236,0.015883874411297783,182
subject_624,10,Horizontal,UTR,-0.030613839853014156,0.6816197058033049,182
subject_624,20,Sagittal,MTL,-0.37932392695308115,1.2861866191326188e-07,182
subject_624,20,Sagittal,MTR,-0.41248361477463186,7.205210341921859e-09,182
subject_624,20,Sagittal,SCML,-0.3752388868443294,1.7954326397488922e-07,182
subject_624,20,Sagittal,SCMR,0.23954493749359784,0.0011262697906166744,182
subject_624,20,Sagittal,STL,-0.2849499376219349,9.665480550683844e-05,182
subject_624,20,Sagittal,STR,-0.36287955631121843,4.792068489443324e-07,182
subject_624,20,Sagittal,UTL,0.09358076575660774,0.2089222502577201,182
subject_624,20,Sagittal,UTR,-0.22662164584103128,0.0020954890902435638,182
subject_624,20,Frontal,MTL,-0.13160625006585888,0.07657010455054115,182
subject_624,20,Frontal,MTR,-0.20849472991582615,0.004735800623539938,182
subject_624,20,Frontal,SCML,-0.15023194035344678,0.04294147483477901,182
subject_624,20,Frontal,SCMR,0.11556641037903093,0.12029321546759547,182
subject_624,20,Frontal,STL,-0.1324677934939554,0.07464498161513562,182
subject_624,20,Frontal,STR,-0.22473836245320955,0.00228756578620541,182
subject_624,20,Frontal,UTL,0.15839707785683735,0.03270617928975761,182
subject_624,20,Frontal,UTR,-0.09426212543893332,0.20561187417167945,182
subject_624,20,Horizontal,MTL,0.19862937191871566,0.0071874656991446585,182
subject_624,20,Horizontal,MTR,0.2747294217409622,0.00017455982214779154,182
subject_624,20,Horizontal,SCML,0.12280405151821012,0.09862432819014177,182
subject_624,20,Horizontal,SCMR,-0.18434344198818564,0.012731891610942585,182
subject_624,20,Horizontal,STL,0.21538786664491436,0.0034994868969118144,182
subject_624,20,Horizontal,STR,0.22610231409281187,0.0021469352250901266,182
subject_624,20,Horizontal,UTL,-0.057967907987343026,0.43698438407888435,182
subject_624,20,Horizontal,UTR,0.10412245083982467,0.16186830182641232,182
subject_624,30,Sagittal,MTL,-0.263222908909024,0.00033051806790823835,182
subject_624,30,Sagittal,MTR,-0.009416549801550303,0.8996023238460081,182
subject_624,30,Sagittal,SCML,-0.3321635810565274,4.627549685776741e-06,182
subject_624,30,Sagittal,SCMR,0.38503121721531836,8.008758841724878e-08,182
subject_624,30,Sagittal,STL,-0.454044522615832,1.2133729468437343e-10,182
subject_624,30,Sagittal,STR,0.19849730844427474,0.007226815588044273,182
subject_624,30,Sagittal,UTL,0.40780994256258685,1.1027197491084345e-08,182
subject_624,30,Sagittal,UTR,0.5450422735968249,1.7939976596131083e-15,182
subject_624,30,Frontal,MTL,-0.11433934267559721,0.12430822949571539,182
subject_624,30,Frontal,MTR,0.0625418791258241,0.4016128256461674,182
subject_624,30,Frontal,SCML,-0.23272522741410653,0.0015694391433112448,182
subject_624,30,Frontal,SCMR,0.305442224431671,2.7541922630696414e-05,182
subject_624,30,Frontal,STL,-0.35735613523505316,7.334424978053669e-07,182
subject_624,30,Frontal,STR,0.16635137107229797,0.024806553084634926,182
subject_624,30,Frontal,UTL,0.3988544861322985,2.4477327953137995e-08,182
subject_624,30,Frontal,UTR,0.48929195178934093,2.402052293553003e-12,182
subject_624,30,Horizontal,MTL,0.00011643272428814475,0.9987553477891494,182
subject_624,30,Horizontal,MTR,0.10839886631226277,0.14522667586928573,182
subject_624,30,Horizontal,SCML,-0.004308010798661356,0.9539731927621263,182
subject_624,30,Horizontal,SCMR,-0.11561769521812774,0.12012762763038205,182
subject_624,30,Horizontal,STL,-0.03760776994507076,0.6142337824252493,182
subject_624,30,Horizontal,STR,-0.12726096764694222,0.08689977542062277,182
subject_624,30,Horizontal,UTL,0.06392156563419148,0.3912875715989054,182
subject_624,30,Horizontal,UTR,-0.04808671513100379,0.5191678702646553,182
subject_624,40,Sagittal,MTL,-0.05529628579190521,0.45844162145329714,182
subject_624,40,Sagittal,MTR,-0.01412424201345466,0.8499023445558819,182
subject_624,40,Sagittal,SCML,-0.023186148003706733,0.756040212616078,182
subject_624,40,Sagittal,SCMR,0.29819917500778453,4.339437555886057e-05,182
subject_624,40,Sagittal,STL,-0.1233701024116054,0.09706925252650898,182
subject_624,40,Sagittal,STR,0.04525274092535904,0.5441180843389745,182
subject_624,40,Sagittal,UTL,0.2538063821889311,0.000545757621244982,182
subject_624,40,Sagittal,UTR,0.156129257638676,0.0353164529812068,182
subject_624,40,Frontal,MTL,0.0383902622210191,0.6068784808212488,182
subject_624,40,Frontal,MTR,0.06968022177301485,0.3499442289054752,182
subject_624,40,Frontal,SCML,0.026458240538575248,0.7229312645927425,182
subject_624,40,Frontal,SCMR,0.2703524054578642,0.00022328737323190834,182
subject_624,40,Frontal,STL,-0.11252303463442165,0.130440560161949,182
subject_624,40,Frontal,STR,0.11274903612230278,0.1296650783643875,182
subject_624,40,Frontal,UTL,0.2730376458849636,0.0001920805868371395,182
subject_624,40,Frontal,UTR,0.1122209852525142,0.13148255148975274,182
subject_624,40,Horizontal,MTL,-0.06404081255551566,0.3904027226188433,182
subject_624,40,Horizontal,MTR,0.0838984288517996,0.26014866586822,182
subject_624,40,Horizontal,SCML,-0.03524726892590398,0.6366539780498489,182
subject_624,40,Horizontal,SCMR,0.052126242777745316,0.48464476795340605,182
subject_624,40,Horizontal,STL,-0.19807972255543216,0.007352504869291962,182
subject_624,40,Horizontal,STR,-0.0062055050925887275,0.9337395556277489,182
subject_624,40,Horizontal,UTL,0.16680397688878498,0.024411178830959956,182
subject_624,40,Horizontal,UTR,0.06379259235181212,0.39224595106985544,182
subject_624,50,Sagittal,MTL,-0.27050271539242826,0.0002305691104898432,181
subject_624,50,Sagittal,MTR,-0.17816688785630933,0.016412324574941104,181
subject_624,50,Sagittal,SCML,0.2266241889685224,0.002156348950942799,181
subject_624,50,Sagittal,SCMR,0.185949127619586,0.012201752730387512,181
subject_624,50,Sagittal,STL,0.052646125208933615,0.4815184474662598,181
subject_624,50,Sagittal,STR,0.050906023106692344,0.49614547248511687,181
subject_624,50,Sagittal,UTL,-0.28055896810377445,0.00013050432182611248,181
subject_624,50,Sagittal,UTR,-0.14863546832357355,0.0458319138350104,181
subject_624,50,Frontal,MTL,-0.09022203857664256,0.22709767651902066,181
subject_624,50,Frontal,MTR,-0.039771365807968105,0.5950222058368565,181
subject_624,50,Frontal,SCML,0.17311730380183962,0.01977742744423932,181
subject_624,50,Frontal,SCMR,0.3526265934183451,1.1242377172276605e-06,181
subject_624,50,Frontal,STL,0.05172751009543185,0.4892110428510432,181
subject_624,50,Frontal,STR,0.07319308421175617,0.3274791263536063,181
subject_624,50,Frontal,UTL,-0.03913183297589242,0.6009617604426052,181
subject_624,50,Frontal,UTR,-0.06609471544319487,0.376685415083104,181
subject_624,50,Horizontal,MTL,0.03436932515012951,0.6460013603886964,181
subject_624,50,Horizontal,MTR,0.0777832095502931,0.2979712695648299,181
subject_624,50,Horizontal,SCML,0.07718023893362416,0.3017436814988888,181
subject_624,50,Horizontal,SCMR,0.13114610912549418,0.07844594916458662,181
subject_624,50,Horizontal,STL,-0.04190645785849125,0.5753881453749091,181
subject_624,50,Horizontal,STR,-0.03436932515012951,0.6460013603886964,181
subject_624,50,Horizontal,UTL,0.021706942200081798,0.7717795523993172,181
subject_624,50,Horizontal,UTR,-0.12451343234213587,0.09490814565621247,181
subject_624,60,Sagittal,MTL,0.12625363672835863,0.0903442134553242,181
subject_624,60,Sagittal,MTR,0.05075840506501151,0.4973970507199057,181
subject_624,60,Sagittal,SCML,-0.12163745189030811,0.10285031970169971,181
subject_624,60,Sagittal,SCMR,0.16136483466354218,0.029995972519734702,181
subject_624,60,Sagittal,STL,0.1397114125492233,0.060680948559224776,181
subject_624,60,Sagittal,STR,0.19382801624786877,0.00893673360317644,181
subject_624,60,Sagittal,UTL,0.12357350158079315,0.09744836923840865,181
subject_624,60,Sagittal,UTR,0.2104851810964198,0.004453669959189015,181
subject_624,60,Frontal,MTL,0.03874233584226869,0.6045921100571771,181
subject_624,60,Frontal,MTR,0.038874952966129,0.6033549426043745,181
subject_624,60,Frontal,SCML,0.06249553624924888,0.4032765879989552,181
subject_624,60,Frontal,SCMR,0.2834050606488673,0.00011064639441737209,181
subject_624,60,Frontal,STL,0.007314344446757164,0.9221514670281085,181
subject_624,60,Frontal,STR,0.13977278115031241,0.06056673258763746,181
subject_624,60,Frontal,UTL,0.09139246749450336,0.22110170906367652,181
subject_624,60,Frontal,UTR,0.09593545409648734,0.1988961404256438,181
subject_624,60,Horizontal,MTL,0.0670795438963521,0.36960064327187653,181
subject_624,60,Horizontal,MTR,0.19394127544928577,0.008896074776181997,181
subject_624,60,Horizontal,SCML,-0.03368010572201779,0.6526326041714644,181
subject_624,60,Horizontal,SCMR,0.12377438852841537,0.09690098021408715,181
subject_624,60,Horizontal,STL,-0.012068704550389706,0.8718974620762425,181
subject_624,60,Horizontal,STR,0.10974101114424129,0.14139094644586264,181
subject_624,60,Horizontal,UTL,0.08279692656662706,0.2678164110214473,181
subject_624,60,Horizontal,UTR,0.06483420351488424,0.38587370371727947,181
subject_624,70,Sagittal,MTL,-0.018335788490181075,0.8059302266914908,182
subject_624,70,Sagittal,MTR,0.18752134024547248,0.011247980574903562,182
subject_624,70,Sagittal,SCML,0.09529947445587841,0.20064477525807223,182
subject_624,70,Sagittal,SCMR,0.35871273557482414,6.611325487090554e-07,182
subject_624,70,Sagittal,STL,0.25577634810413447,0.0004921559424446237,182
subject_624,70,Sagittal,STR,0.24148197455295312,0.0010232178995022091,182
subject_624,70,Sagittal,UTL,0.11869681049838783,0.11050627907644356,182
subject_624,70,Sagittal,UTR,0.0706629589198778,0.34317382654972883,182
subject_624,70,Frontal,MTL,-0.057396617914130296,0.4415239009819504,182
subject_624,70,Frontal,MTR,0.053461906127056265,0.47350734258577254,182
subject_624,70,Frontal,SCML,0.013795698094612487,0.8533540435941108,182
subject_624,70,Frontal,SCMR,0.28709752190450377,8.511558457185456e-05,182
subject_624,70,Frontal,STL,0.09851303571597105,0.18580965524521156,182
subject_624,70,Frontal,STR,0.15610660928163556,0.035343385473980776,182
subject_624,70,Frontal,UTL,0.01851713217692084,0.8040493969360606,182
subject_624,70,Frontal,UTR,0.04123965262291242,0.5804309626801161,182
subject_624,70,Horizontal,MTL,0.01572730380101594,0.8331025647402843,182
subject_624,70,Horizontal,MTR,0.17113181608275557,0.020896241366532415,182
subject_624,70,Horizontal,SCML,0.06666852660300779,0.3712116347390998,182
subject_624,70,Horizontal,SCMR,0.28992658005273064,7.187756276438216e-05,182
subject_624,70,Horizontal,STL,0.018198157374616563,0.8073584298614379,182
subject_624,70,Horizontal,STR,0.2302856481129526,0.0017632305341316354,182
subject_624,70,Horizontal,UTL,0.09468200903735423,0.20359079247370224,182
subject_624,70,Horizontal,UTR,0.07469519984422232,0.31627059584979905,182
subject_624,80,Sagittal,MTL,0.0865606752307223,0.2452745675793232,182
subject_624,80,Sagittal,MTR,0.09808251342839919,0.1877491027071079,182
subject_624,80,Sagittal,SCML,0.45846340036887573,7.60234596110639e-11,182
subject_624,80,Sagittal,SCMR,0.03433049259599779,0.6454528418690773,182
subject_624,80,Sagittal,STL,0.2973777107064643,4.565587862715388e-05,182
subject_624,80,Sagittal,STR,0.3592725969348606,6.333218079975016e-07,182
subject_624,80,Sagittal,UTL,0.03886273051917156,0.602456336903221,182
subject_624,80,Sagittal,UTR,0.1010721314788913,0.17458362257308382,182
subject_624,80,Frontal,MTL,0.05332179851044203,0.4746690373486707,182
subject_624,80,Frontal,MTR,0.053274503589675615,0.47506153071840335,182
subject_624,80,Frontal,SCML,0.4246621684461851,2.3043306902457996e-09,182
subject_624,80,Frontal,SCMR,0.14858021824137504,0.045309357949837564,182
subject_624,80,Frontal,STL,0.36128697461919174,5.422207202805401e-07,182
subject_624,80,Frontal,STR,0.3248139916317843,7.687939489435842e-06,182
subject_624,80,Frontal,UTL,-0.06677290393023504,0.370461517908232,182
subject_624,80,Frontal,UTR,0.016332870932855577,0.8267755214432249,182
subject_624,80,Horizontal,MTL,-0.05363465281754583,0.47207715973978187,182
subject_624,80,Horizontal,MTR,-0.060724505984622236,0.4154583023980483,182
subject_624,80,Horizontal,SCML,-0.0449235212861055,0.5470543886023325,182
subject_624,80,Horizontal,SCMR,0.12376286128676918,0.09600172264167126,182
subject_624,80,Horizontal,STL,-0.17499727339970164,0.01813555307687566,182
subject_624,80,Horizontal,STR,-0.10584096803522575,0.15501690296305765,182
subject_624,80,Horizontal,UTL,-0.10089218141149675,0.17535621406911522,182
subject_624,80,Horizontal,UTR,-0.08105239936658497,0.2767216153621557,182
subject_624,90,Sagittal,MTL,0.21753905042201016,0.003263902120397377,181
subject_624,90,Sagittal,MTR,0.10255101615929854,0.16951966871757798,181
subject_624,90,Sagittal,SCML,0.4712314206234423,2.154560548413383e-11,181
subject_624,90,Sagittal,SCMR,-0.15789428255657517,0.03376491172635876,181
subject_624,90,Sagittal,STL,0.4092042505346998,1.0679893697368571e-08,181
subject_624,90,Sagittal,STR,0.3608502703790233,6.029236011894074e-07,181
subject_624,90,Sagittal,UTL,0.1256356361220161,0.09194452778809865,181
subject_624,90,Sagittal,UTR,0.18762306464601522,0.011431497153334691,181
subject_624,90,Frontal,MTL,0.07229461299900866,0.3334679071007227,181
subject_624,90,Frontal,MTR,-0.002667930197753405,0.9715656501800676,181
subject_624,90,Frontal,SCML,0.29892323528140075,4.35868377977389e-05,181
subject_624,90,Frontal,SCMR,-0.11605604900918838,0.11975112789905148,181
subject_624,90,Frontal,STL,0.20999259049192573,0.004549768785935949,181
subject_624,90,Frontal,STR,0.13586146899226664,0.06820792669390806,181
subject_624,90,Frontal,UTL,-0.12251204934126211,0.10038147948223139,181
subject_624,90,Frontal,UTR,0.008333754295504736,0.9113432849436562,181
subject_624,90,Horizontal,MTL,-0.06342688486223645,0.39629092399356985,181
subject_624,90,Horizontal,MTR,-0.12567565908112255,0.09184020891820413,181
subject_624,90,Horizontal,SCML,-0.1199446243717921,0.1077647191310844,181
subject_624,90,Horizontal,SCMR,0.021426991179129155,0.7746434681212772,181
subject_624,90,Horizontal,STL,-0.07952496090282607,0.2872503672806049,181
subject_624,90,Horizontal,STR,-0.03174750627905713,0.6713712058528568,181
subject_624,90,Horizontal,UTL,-0.07700423615534731,0.3028507392860231,181
subject_624,90,Horizontal,UTR,0.051122358326257285,0.4943142903061823,181
subject_625,10,Sagittal,MTL,-0.043478571770171406,0.5600330961030303,182
subject_625,10,Sagittal,MTR,0.04874386670013712,0.5134671573731485,182
subject_625,10,Sagittal,SCML,0.1740552632214008,0.01877737619458358,182
subject_625,10,Sagittal,SCMR,0.02746084080535044,0.7128852262693393,182
subject_625,10,Sagittal,STL,-0.06665767211566181,0.3712896950780887,182
subject_625,10,Sagittal,STR,-0.04317366988443865,0.5627905531439125,182
subject_625,10,Sagittal,UTL,0.3182257702877907,1.1984364972803337e-05,182
subject_625,10,Sagittal,UTR,0.06495940139727933,0.38362701331701393,182
subject_625,10,Frontal,MTL,0.38789740432855396,0.11170509136648933,18
subject_625,10,Frontal,MTR,0.6177625328195491,0.0062951502281803065,18
subject_625,10,Frontal,SCML,0.24423169902168215,0.32871938854117083,18
subject_625,10,Frontal,SCMR,0.10056599371481031,0.6913352262608287,18
subject_625,10,Frontal,STL,0.30169798114443086,0.2237160326628958,18
subject_625,10,Frontal,STR,0.531563109635426,0.02318946620105529,18
subject_625,10,Frontal,UTL,0.5602962506968003,0.015586034433634249,18
subject_625,10,Frontal,UTR,0.531563109635426,0.02318946620105529,18
subject_625,10,Horizontal,MTL,-0.04893779507190902,0.5117910483969282,182
subject_625,10,Horizontal,MTR,0.1268454554539448,0.08794334904899206,182
subject_625,10,Horizontal,SCML,-0.1068775256921625,0.15099127868488613,182
subject_625,10,Horizontal,SCMR,-0.06988775416623796,0.3485075144080141,182
subject_625,10,Horizontal,STL,0.061376833284166835,0.41045674606920307,182
subject_625,10,Horizontal,STR,0.012275366656833367,0.8693619908287146,182
subject_625,10,Horizontal,UTL,-0.25778269979350066,0.00044260286679036263,182
subject_625,10,Horizontal,UTR,-0.23257728025813615,0.0015806133907597991,182
subject_625,20,Sagittal,MTL,-0.372339203352692,2.268818013807287e-07,182
subject_625,20,Sagittal,MTR,-0.4219878445039398,2.9713979733049213e-09,182
subject_625,20,Sagittal,SCML,-0.39808403380422475,2.6186748515332463e-08,182
subject_625,20,Sagittal,SCMR,0.18825771239624503,0.010926692951836155,182
subject_625,20,Sagittal,STL,-0.3411430084343718,2.444437929913686e-06,182
subject_625,20,Sagittal,STR,-0.417654150581893,4.46531948749455e-09,182
subject_625,20,Sagittal,UTL,0.11773052457417339,0.11345836853334813,182
subject_625,20,Sagittal,UTR,-0.2652003035398459,0.0002967735985933415,182
subject_625,20,Horizontal,MTL,0.19994206678165885,0.006806580364341127,182
subject_625,20,Horizontal,MTR,0.22297539287490598,0.0024817227494599663,182
subject_625,20,Horizontal,SCML,0.21913650519269814,0.0029571701922632954,182
subject_625,20,Horizontal,SCMR,-0.15259578536776205,0.0397338232593784,182
subject_625,20,Horizontal,STL,0.20761984214607454,0.004917971444167625,182
subject_625,20,Horizontal,STR,0.24025038744484128,0.0010876855595472238,182
subject_625,20,Horizontal,UTL,-0.06558099790438411,0.3790827495429509,182
subject_625,20,Horizontal,UTR,0.21529761751049029,0.0035135838980807858,182
subject_625,30,Sagittal,MTL,-0.3091190797523449,2.1764807379262422e-05,182
subject_625,30,Sagittal,MTR,-0.06371872773346889,0.3927954622250607,182
subject_625,30,Sagittal,SCML,-0.4010747876305538,2.0130647922303465e-08,182
subject_625,30,Sagittal,SCMR,0.3814563801015154,1.0786762486762847e-07,182
subject_625,30,Sagittal,STL,-0.4882585773738565,2.712311908911362e-12,182
subject_625,30,Sagittal,STR,0.16722614097860855,0.024047290500368048,182
subject_625,30,Sagittal,UTL,0.31982419235961346,1.0770886635800859e-05,182
subject_625,30,Sagittal,UTR,0.49383246895515565,1.4017368520291149e-12,182
subject_625,30,Horizontal,MTL,-0.11388915839334945,0.12580697166547122,182
subject_625,30,Horizontal,MTR,-0.12520733562498665,0.09215553896582013,182
subject_625,30,Horizontal,SCML,-0.08983803177612038,0.227790034224887,182
subject_625,30,Horizontal,SCMR,0.07569031023657387,0.30984835508278896,182
subject_625,30,Horizontal,STL,-0.09125280393007502,0.22052115648738987,182
subject_625,30,Horizontal,STR,-0.09266757608402967,0.2134187797098986,182
subject_625,30,Horizontal,UTL,-0.11954824700916807,0.10795523116493164,182
subject_625,30,Horizontal,UTR,-0.12237779131707738,0.09980833368315645,182
subject_625,40,Sagittal,MTL,-0.08687124956132486,0.24357871113284432,182
subject_625,40,Sagittal,MTR,-0.038118585908538685,0.6094277730366955,182
subject_625,40,Sagittal,SCML,-0.07541670196331593,0.31160559296550167,182
subject_625,40,Sagittal,SCMR,0.2483867767641812,0.0007222868956122942,182
subject_625,40,Sagittal,STL,-0.14355019405360228,0.0532017500334019,182
subject_625,40,Sagittal,STR,0.06235570888587014,0.40301839011670004,182
subject_625,40,Sagittal,UTL,0.16676973730239475,0.024440898340751263,182
subject_625,40,Sagittal,UTR,0.13529498611057605,0.0686014428604072,182
subject_625,40,Horizontal,MTL,-0.020063400199716693,0.7880587885806598,182
subject_625,40,Horizontal,MTR,-0.11034870109844183,0.13808475242511692,182
subject_625,40,Horizontal,SCML,-0.06520605064907925,0.38181990730547655,182
subject_625,40,Horizontal,SCMR,0.0491553304893059,0.5099142803976934,182
subject_625,40,Horizontal,STL,0.019060230189730857,0.7984233512823388,182
subject_625,40,Horizontal,STR,-0.04514265044936256,0.5450991139958097,182
subject_625,40,Horizontal,UTL,-0.01705389016975919,0.8192567701778425,182
subject_625,40,Horizontal,UTR,-0.032101440319546704,0.6670507622567923,182
subject_625,50,Sagittal,MTL,-0.32412191377676264,8.540670085728583e-06,181
subject_625,50,Sagittal,MTR,-0.23466672439721462,0.0014739376259624082,181
subject_625,50,Sagittal,SCML,0.17760765381486204,0.016758634512799606,181
subject_625,50,Sagittal,SCMR,0.18628684727449887,0.012042779076503194,181
subject_625,50,Sagittal,STL,0.1257157768695415,0.09173573753572954,181
subject_625,50,Sagittal,STR,0.061345092043901615,0.412005821708361,181
subject_625,50,Sagittal,UTL,-0.2817114494396386,0.00012209247019082057,181
subject_625,50,Sagittal,UTR,-0.13335025259792574,0.07351565958291555,181
subject_625,50,Horizontal,MTL,-0.04075426993645421,0.5859458494627895,181
subject_625,50,Horizontal,MTR,-0.07323955756696118,0.32717125186946616,181
subject_625,50,Horizontal,SCML,0.10631548679075009,0.15431351108931746,181
subject_625,50,Horizontal,SCMR,0.12816922574218206,0.08552460008842461,181
subject_625,50,Horizontal,STL,0.039572986749890314,0.5968617739248419,181
subject_625,50,Horizontal,STR,0.030122721257379196,0.687284117111302,181
subject_625,50,Horizontal,UTL,-0.11871896024967095,0.11143658163057311,181
subject_625,50,Horizontal,UTR,-0.08623367261916395,0.24838981004293484,181
subject_625,60,Sagittal,MTL,0.08934429532539387,0.2316690570885945,181
subject_625,60,Sagittal,MTR,-0.026726135144774073,0.7209899310011649,181
subject_625,60,Sagittal,SCML,-0.1707508882198841,0.021550013211153192,181
subject_625,60,Sagittal,SCMR,0.1841624565121441,0.013073841024096136,181
subject_625,60,Sagittal,STL,0.2643602622344155,0.0003229563039829946,181
subject_625,60,Sagittal,STR,0.18910206828997658,0.01078689004358787,181
subject_625,60,Sagittal,UTL,0.1563648285406378,0.035549186165601154,181
subject_625,60,Sagittal,UTR,0.1951639121091777,0.008467482157102375,181
subject_625,60,Horizontal,MTL,0.025397588511123635,0.7343256699538856,181
subject_625,60,Horizontal,MTR,-0.00945026549251112,0.8995243029466682,181
subject_625,60,Horizontal,SCML,-0.06674250004085978,0.3720160094011305,181
subject_625,60,Horizontal,SCMR,0.10159035404449454,0.1735728857990279,181
subject_625,60,Horizontal,STL,0.0655612168542959,0.3805578106061596,181
subject_625,60,Horizontal,STR,0.06615185844757784,0.37627207698473647,181
subject_625,60,Horizontal,UTL,0.019491172578304187,0.7945283157715589,181
subject_625,60,Horizontal,UTR,0.01890053098502224,0.8006225313849622,181
subject_625,70,Sagittal,MTL,0.0019426289178567637,0.9792358403296992,182
subject_625,70,Sagittal,MTR,0.16646168189169255,0.024709687531292057,182
subject_625,70,Sagittal,SCML,0.06746582420433739,0.3655054856422459,182
subject_625,70,Sagittal,SCMR,0.3289300241045112,5.7949375386339345e-06,182
subject_625,70,Sagittal,STL,0.23098512012893946,0.0017055484071937857,182
subject_625,70,Sagittal,STR,0.2509262201920343,0.0006338837252067648,182
subject_625,70,Sagittal,UTL,0.11497774917994254,0.12220659090287737,182
subject_625,70,Sagittal,UTR,0.04424387134951814,0.5531406662149132,182
subject_625,70,Horizontal,MTL,0.027192121082305606,0.7155730369291052,182
subject_625,70,Horizontal,MTR,0.17882818452951568,0.01571771739149796,182
subject_625,70,Horizontal,SCML,0.1174059816141901,0.1144635787213029,182
subject_625,70,Horizontal,SCMR,0.18586614528023007,0.012000690129876089,182
subject_625,70,Horizontal,STL,0.24536890435445177,0.0008420574817838073,182
subject_625,70,Horizontal,STR,0.22425502210230858,0.002339374868254622,182
subject_625,70,Horizontal,UTL,0.11420690854568355,0.12474768478405053,182
subject_625,70,Horizontal,UTR,0.09309302629354037,0.21131532755444812,182
subject_625,80,Sagittal,MTL,0.09282809317902543,0.21262341994560252,182
subject_625,80,Sagittal,MTR,0.11896567926281883,0.10969565227591338,182
subject_625,80,Sagittal,SCML,0.46141759381480973,5.540810372870287e-11,182
subject_625,80,Sagittal,SCMR,0.011227985883870048,0.8804215029149715,182
subject_625,80,Sagittal,STL,0.2712457204937363,0.00021241663878010622,182
subject_625,80,Sagittal,STR,0.333175614531201,4.3106744931683255e-06,182
subject_625,80,Sagittal,UTL,0.0272695418189659,0.7147982924938162,182
subject_625,80,Sagittal,UTR,0.0699252967789804,0.3482480103065637,182
subject_625,80,Horizontal,MTL,0.07921521389013043,0.2877910379359345,182
subject_625,80,Horizontal,MTR,0.23018492900483886,0.0017716812821977406,182
subject_625,80,Horizontal,SCML,-0.02742909068217813,0.713202616618821,182
subject_625,80,Horizontal,SCMR,0.1647939768185262,0.02620931641959724,182
subject_625,80,Horizontal,STL,-0.02479589797668903,0.7396919868422739,182
subject_625,80,Horizontal,STR,0.03488980334773058,0.6400788411004212,182
subject_625,80,Horizontal,UTL,0.20560846375360725,0.0053608299826673495,182
subject_625,80,Horizontal,UTR,0.1551389368983995,0.03651044655653407,182
subject_625,90,Sagittal,MTL,0.23133167452934683,0.0017285269378525556,181
subject_625,90,Sagittal,MTR,0.1443188341535461,0.05258430219525725,181
subject_625,90,Sagittal,SCML,0.4766635325046399,1.176197025329891e-11,181
subject_625,90,Sagittal,SCMR,-0.15689038513588782,0.034927276471876864,181
subject_625,90,Sagittal,STL,0.40413607150582065,1.6812631968609232e-08,181
subject_625,90,Sagittal,STR,0.3337982126573154,4.388438365735063e-06,181
subject_625,90,Sagittal,UTL,0.13627681527097765,0.06736092646435596,181
subject_625,90,Sagittal,UTR,0.209718683985979,0.004604006828108156,181
subject_625,90,Horizontal,MTL,-0.1075106276127641,0.14970749453105484,181
subject_625,90,Horizontal,MTR,-0.009577021238528357,0.8981838587574968,181
subject_625,90,Horizontal,SCML,-0.24964672975782803,0.0007009450402997571,181
subject_625,90,Horizontal,SCMR,0.19619116331136108,0.008121642041146897,181
subject_625,90,Horizontal,STL,-0.1503465733079547,0.043363644873712415,181
subject_625,90,Horizontal,STR,-0.09324563213655798,0.21183978742036952,181
subject_625,90,Horizontal,UTL,0.06316291262408885,0.39826347708615356,181
subject_625,90,Horizontal,UTR,0.046872295237400836,0.5309359799280122,181
subject_626,10,Sagittal,MTL,0.18608434915767677,0.024030573790894662,147
subject_626,10,Sagittal,MTR,-0.2661449190337607,0.0011209764202966812,147
subject_626,10,Sagittal,SCML,0.22034959966163717,0.00732194347154623,147
subject_626,10,Sagittal,SCMR,0.32472706520500844,6.000416246426163e-05,147
subject_626,10,Sagittal,STL,-0.4083797702887459,2.8252357645971577e-07,147
subject_626,10,Sagittal,STR,-0.3982552344337137,5.865172660580755e-07,147
subject_626,10,Sagittal,UTL,0.3502889734020328,1.3651822306710615e-05,147
subject_626,10,Sagittal,UTR,0.3651077546128978,5.444743980194914e-06,147
subject_626,10,Frontal,MTL,-0.18360503574554338,0.026010961563855867,147
subject_626,10,Frontal,MTR,0.3341284918918527,3.533856329091069e-05,147
subject_626,10,Frontal,SCML,-0.24857017889268126,0.0023988210603794282,147
subject_626,10,Frontal,SCMR,-0.28996526381781346,0.0003673670523327998,147
subject_626,10,Frontal,STL,0.41303418545447024,2.0029548177497022e-07,147
subject_626,10,Frontal,STR,0.39630734013172997,6.731597887940454e-07,147
subject_626,10,Frontal,UTL,-0.4293526162142571,5.75102396256685e-08,147
subject_626,10,Frontal,UTR,-0.380315641022306,2.01908571329247e-06,147
subject_626,10,Horizontal,MTL,0.006366827066274955,0.938993105890873,147
subject_626,10,Horizontal,MTR,-0.09804913682063432,0.23741077518086684,147
subject_626,10,Horizontal,SCML,-0.14070687816467653,0.08915271028982126,147
subject_626,10,Horizontal,SCMR,-0.2661333713702932,0.0011215560801724794,147
subject_626,10,Horizontal,STL,-0.04647783758380718,0.5761580167323492,147
subject_626,10,Horizontal,STR,0.05666476088984711,0.4954244213405181,147
subject_626,10,Horizontal,UTL,0.1731776962026788,0.03593877448965197,147
subject_626,10,Horizontal,UTR,0.20692187965393607,0.011914918936066218,147
subject_626,20,Sagittal,MTL,-0.061970785949697606,0.4574367946587477,146
subject_626,20,Sagittal,MTR,-0.04335902720545628,0.6033073213412212,146
subject_626,20,Sagittal,SCML,0.2944018516180749,0.0003097935670302271,146
subject_626,20,Sagittal,SCMR,0.35688998716760095,9.790176771545594e-06,146
subject_626,20,Sagittal,STL,-0.006845262060539937,0.9346454243185568,146
subject_626,20,Sagittal,STR,-0.23540475696325894,0.004232853396567591,146
subject_626,20,Sagittal,UTL,0.2755613473896119,0.0007615048861944195,146
subject_626,20,Sagittal,UTR,0.3174666649757156,9.442497929614827e-05,146
subject_626,20,Frontal,MTL,-0.2440773481626192,0.002988829418890181,146
subject_626,20,Frontal,MTR,0.042761929058050804,0.6083097979734086,146
subject_626,20,Frontal,SCML,0.03994632879085404,0.6321409438367209,146
subject_626,20,Frontal,SCMR,-0.24302149806242038,0.0031201974397167746,146
subject_626,20,Frontal,STL,0.12300653667315849,0.13910255955656753,146
subject_626,20,Frontal,STR,0.2497085486970127,0.0023688641187137186,146
subject_626,20,Frontal,UTL,-0.22472009632564147,0.006392620863236542,146
subject_626,20,Frontal,UTR,-0.14693913894433094,0.07675534603028702,146
subject_626,20,Horizontal,MTL,0.0710428743967008,0.3941513141458512,146
subject_626,20,Horizontal,MTR,-0.07551097970466941,0.36501304583930483,146
subject_626,20,Horizontal,SCML,-0.2604905394545696,0.0014959347298902645,146
subject_626,20,Horizontal,SCMR,0.11751116959957429,0.15777712935326135,146
subject_626,20,Horizontal,STL,-0.20151154938938404,0.014727206341525925,146
subject_626,20,Horizontal,STR,0.10946858004523079,0.18840877795144337,146
subject_626,20,Horizontal,UTL,-0.2515543288386324,0.0021925905594015293,146
subject_626,20,Horizontal,UTR,-0.25870329733138214,0.0016165263846118863,146
subject_626,30,Sagittal,MTL,0.16953790927697424,0.04077997852117473,146
subject_626,30,Sagittal,MTR,0.21075292242185847,0.010667856110637287,146
subject_626,30,Sagittal,SCML,0.37161443940524036,3.872392457044899e-06,146
subject_626,30,Sagittal,SCMR,0.2675084806337346,0.0010976055390197956,146
subject_626,30,Sagittal,STL,0.2602917688077709,0.0015089289150733794,146
subject_626,30,Sagittal,STR,-0.3930130540956314,9.253067389909228e-07,146
subject_626,30,Sagittal,UTL,0.3440331427930525,2.1209499382862055e-05,146
subject_626,30,Sagittal,UTR,0.24673759303693343,0.002679696757038861,146
subject_626,30,Frontal,MTL,0.01604896837926625,0.8475338900201767,146
subject_626,30,Frontal,MTR,-0.12020349786103497,0.14840579660912953,146
subject_626,30,Frontal,SCML,-0.26071385367134564,0.0014814578065512117,146
subject_626,30,Frontal,SCMR,-0.2309086266812797,0.005045797834382665,146
subject_626,30,Frontal,STL,-0.20601634919507084,0.012605314079662306,146
subject_626,30,Frontal,STR,-0.03602829636161811,0.6659377632540211,146
subject_626,30,Frontal,UTL,-0.33637327603074363,3.308842250964073e-05,146
subject_626,30,Frontal,UTR,0.027512517221599288,0.7416720246922222,146
subject_626,30,Horizontal,MTL,-0.13717083295463614,0.09873681136435782,146
subject_626,30,Horizontal,MTR,-0.2694267500705068,0.0010070747411856046,146
subject_626,30,Horizontal,SCML,-0.26406502370094453,0.0012790125801578323,146
subject_626,30,Horizontal,SCMR,0.07193649545829453,0.38821487820502,146
subject_626,30,Horizontal,STL,-0.2694267500705068,0.0010070747411856046,146
subject_626,30,Horizontal,STR,0.2551288130850073,0.0018846456618762746,146
subject_626,30,Horizontal,UTL,-0.30517159253425563,0.00018006587788423032,146
subject_626,30,Horizontal,UTR,-0.29802262404150587,0.00025874371139515895,146
subject_626,40,Sagittal,MTL,-0.04289241121362312,0.6072150601228065,146
subject_626,40,Sagittal,MTR,0.08196477775339533,0.3253479723932234,146
subject_626,40,Sagittal,SCML,0.07820732138211035,0.34809122845241075,146
subject_626,40,Sagittal,SCMR,-0.13770721494900057,0.09741303129629121,146
subject_626,40,Sagittal,STL,0.022775667482004866,0.7849536520947712,146
subject_626,40,Sagittal,STR,0.072047769122692,0.3874794658901955,146
subject_626,40,Sagittal,UTL,0.2352651129106291,0.004256218311618437,146
subject_626,40,Sagittal,UTR,0.08636322467164853,0.2999693623000574,146
subject_626,40,Frontal,MTL,0.3455490229730386,1.939561293113926e-05,146
subject_626,40,Frontal,MTR,0.15006580828084107,0.07061924076429543,146
subject_626,40,Frontal,SCML,-0.3417816805057371,2.4200730517635118e-05,146
subject_626,40,Frontal,SCMR,-0.1287175342994662,0.1215309245774002,146
subject_626,40,Frontal,STL,-0.2605745206550169,0.0014904753675513249,146
subject_626,40,Frontal,STR,-0.40917525130968524,2.930099460829318e-07,146
subject_626,40,Frontal,UTL,-0.46610398192668495,3.048834282593498e-09,146
subject_626,40,Frontal,UTR,0.20322719643053933,0.013884928970764534,146
subject_626,40,Horizontal,MTL,,,146
subject_626,40,Horizontal,MTR,,,146
subject_626,40,Horizontal,SCML,,,146
subject_626,40,Horizontal,SCMR,,,146
subject_626,40,Horizontal,STL,,,146
subject_626,40,Horizontal,STR,,,146
subject_626,40,Horizontal,UTL,,,146
subject_626,40,Horizontal,UTR,,,146
subject_626,50,Sagittal,MTL,0.15090815505733063,0.06903603815492138,146
subject_626,50,Sagittal,MTR,0.2797132545698744,0.0006279396340944745,146
subject_626,50,Sagittal,SCML,-0.06815247179249066,0.41372157651049357,146
subject_626,50,Sagittal,SCMR,-0.049310488774080646,0.5544807420702876,146
subject_626,50,Sagittal,STL,0.06147464218246257,0.461053213244437,146
subject_626,50,Sagittal,STR,-0.06918414145869645,0.40667194813004015,146
subject_626,50,Sagittal,UTL,0.36404446555433245,6.27406919286435e-06,146
subject_626,50,Sagittal,UTR,0.38787250599372086,1.3172393452585976e-06,146
subject_626,50,Frontal,MTL,0.21362200823766528,0.009626222832599944,146
subject_626,50,Frontal,MTR,-0.14365705198002343,0.08365190468061558,146
subject_626,50,Frontal,SCML,-0.13717586857582095,0.09872431780238108,146
subject_626,50,Frontal,SCMR,0.03971331360705372,0.6341306807195215,146
subject_626,50,Frontal,STL,0.13366293252859504,0.10774786531545205,146
subject_626,50,Frontal,STR,-0.2636293260806667,0.001303820947695104,146
subject_626,50,Frontal,UTL,-0.19130201213273001,0.020720036516555917,146
subject_626,50,Frontal,UTR,-0.052020829967630855,0.5328971395788958,146
subject_626,50,Horizontal,MTL,,,146
subject_626,50,Horizontal,MTR,,,146
subject_626,50,Horizontal,SCML,,,146
subject_626,50,Horizontal,SCMR,,,146
subject_626,50,Horizontal,STL,,,146
subject_626,50,Horizontal,STR,,,146
subject_626,50,Horizontal,UTL,,,146
subject_626,50,Horizontal,UTR,,,146
subject_626,60,Sagittal,MTL,0.11539283583682922,0.16545705478944947,146
subject_626,60,Sagittal,MTR,0.16200486523614152,0.05074715896689565,146
subject_626,60,Sagittal,SCML,-0.1596336931804716,0.05427410259557894,146
subject_626,60,Sagittal,SCMR,-0.011944148599571238,0.886222047457909,146
subject_626,60,Sagittal,STL,0.013651056143191767,0.8700963131728192,146
subject_626,60,Sagittal,STR,-0.3619190539225942,7.168726555107739e-06,146
subject_626,60,Sagittal,UTL,0.10645889857034244,0.20092217320132105,146
subject_626,60,Sagittal,UTR,0.4482229900197425,1.4012479897194042e-08,146
subject_626,60,Frontal,MTL,0.10486075348476849,0.20780569247821443,146
subject_626,60,Frontal,MTR,0.02237029407675061,0.7886905100018455,146
subject_626,60,Frontal,SCML,-0.128629190941316,0.12178899557013237,146
subject_626,60,Frontal,SCMR,-0.13002733432111294,0.11775416009143498,146
subject_626,60,Frontal,STL,0.023768437456547522,0.7758228428681359,146
subject_626,60,Frontal,STR,0.12163847404233144,0.14358604564919433,146
subject_626,60,Frontal,UTL,-0.005592573519187653,0.9465856865035522,146
subject_626,60,Frontal,UTR,-0.1356199078403006,0.10264452044305791,146
subject_626,60,Horizontal,MTL,,,146
subject_626,60,Horizontal,MTR,,,146
subject_626,60,Horizontal,SCML,,,146
subject_626,60,Horizontal,SCMR,,,146
subject_626,60,Horizontal,STL,,,146
subject_626,60,Horizontal,STR,,,146
subject_626,60,Horizontal,UTL,,,146
subject_626,60,Horizontal,UTR,,,146
subject_626,70,Sagittal,MTL,0.07435826646699473,0.3723998372937587,146
subject_626,70,Sagittal,MTR,0.07500536807884263,0.36824187653667134,146
subject_626,70,Sagittal,SCML,-0.006601335193087281,0.9369694074036207,146
subject_626,70,Sagittal,SCMR,0.20349548188139174,0.013757095905292178,146
subject_626,70,Sagittal,STL,0.09894588083661832,0.23475097195504882,146
subject_626,70,Sagittal,STR,-0.17512861434812865,0.03449254258035534,146
subject_626,70,Sagittal,UTL,0.40061881039055897,5.426940158536556e-07,146
subject_626,70,Sagittal,UTR,0.4136372365678046,2.1101363476702048e-07,146
subject_626,70,Frontal,MTL,0.009787003658578394,0.9066673852032654,146
subject_626,70,Frontal,MTR,-0.01677772055756296,0.8407004733219958,146
subject_626,70,Frontal,SCML,-0.1691753489554265,0.041218934796013254,146
subject_626,70,Frontal,SCMR,-0.15519391515745737,0.06142193229429707,146
subject_626,70,Frontal,STL,-0.04613873153329814,0.5802640578980168,146
subject_626,70,Frontal,STR,-0.04613873153329814,0.5802640578980168,146
subject_626,70,Frontal,UTL,-0.05872202195147036,0.48140172165477646,146
subject_626,70,Frontal,UTR,-0.12163847404233144,0.14358604564919433,146
subject_626,70,Horizontal,MTL,,,146
subject_626,70,Horizontal,MTR,,,146
subject_626,70,Horizontal,SCML,,,146
subject_626,70,Horizontal,SCMR,,,146
subject_626,70,Horizontal,STL,,,146
subject_626,70,Horizontal,STR,,,146
subject_626,70,Horizontal,UTL,,,146
subject_626,70,Horizontal,UTR,,,146
subject_626,80,Sagittal,MTL,0.6735053547438844,1.2313426082372642e-20,146
subject_626,80,Sagittal,MTR,0.5085665387650165,5.618367282880917e-11,146
subject_626,80,Sagittal,SCML,0.328922764539096,5.043370575387548e-05,146
subject_626,80,Sagittal,SCMR,0.4808214128573225,8.121414017805007e-10,146
subject_626,80,Sagittal,STL,0.15704455338520037,0.058353933809789316,146
subject_626,80,Sagittal,STR,-0.18200188159021344,0.02790415702334409,146
subject_626,80,Sagittal,UTL,0.48763003271197136,4.310287611657289e-10,146
subject_626,80,Sagittal,UTR,0.5795380975547858,1.8018207939499347e-14,146
subject_626,80,Frontal,MTL,-0.4678588202669143,2.61247491041143e-09,146
subject_626,80,Frontal,MTR,-0.44758278102989724,1.4775143018156997e-08,146
subject_626,80,Frontal,SCML,-0.2948653791170456,0.00030277373717278814,146
subject_626,80,Frontal,SCMR,-0.4022852465642209,4.819564366508114e-07,146
subject_626,80,Frontal,STL,-0.033002489396421336,0.6925103004037928,146
subject_626,80,Frontal,STR,0.15207029427762772,0.06689926870119331,146
subject_626,80,Frontal,UTL,-0.34102572376302054,2.529113367446689e-05,146
subject_626,80,Frontal,UTR,-0.37812656151586016,2.5317363091879106e-06,146
subject_626,80,Horizontal,MTL,-0.22898967322195865,0.005433381721617615,146
subject_626,80,Horizontal,MTR,-0.3745490003863045,3.2011396239356093e-06,146
subject_626,80,Horizontal,SCML,-0.25384126566465187,0.0019907227227274507,146
subject_626,80,Horizontal,SCMR,-0.3076863826238205,0.00015815499102615117,146
subject_626,80,Horizontal,STL,-0.04970318488538639,0.5513275037228785,146
subject_626,80,Horizontal,STR,0.15384319131191024,0.06374360194161303,146
subject_626,80,Horizontal,UTL,-0.10650682475439939,0.2007183196595913,146
subject_626,80,Horizontal,UTR,-0.3118283146976027,0.00012739948602595976,146
subject_626,90,Sagittal,MTL,0.46390565829771213,3.6951852022669117e-09,146
subject_626,90,Sagittal,MTR,0.2649954381768838,0.0012274726757806925,146
subject_626,90,Sagittal,SCML,0.08233960733784852,0.3231328818204692,146
subject_626,90,Sagittal,SCMR,0.14361735777206994,0.08373825524781697,146
subject_626,90,Sagittal,STL,-0.12290872700753155,0.13941952302778457,146
subject_626,90,Sagittal,STR,-0.15634547254668935,0.05949773022962865,146
subject_626,90,Sagittal,UTL,0.14435973135252753,0.08213507783296627,146
subject_626,90,Sagittal,UTR,0.27665988327842833,0.0007238332402778575,146
subject_626,90,Frontal,MTL,0.26136649340505497,0.0014398778523226619,146
subject_626,90,Frontal,MTR,0.0536932523896314,0.5197920577704558,146
subject_626,90,Frontal,SCML,-0.39553047078942793,7.766472076850776e-07,146
subject_626,90,Frontal,SCMR,-0.5795010683767935,1.8103348751490737e-14,146
subject_626,90,Frontal,STL,-0.45707115227173145,6.660460499269564e-09,146
subject_626,90,Frontal,STR,-0.3057610935441358,0.00017468996306952236,146
subject_626,90,Frontal,UTL,-0.38186010899836187,1.9760325755104923e-06,146
subject_626,90,Frontal,UTR,-0.4276097186052962,7.315907047417385e-08,146
subject_626,90,Horizontal,MTL,0.31585656070151197,0.00010291950025477589,146
subject_626,90,Horizontal,MTR,-0.010320817400388684,0.9016016862915928,146
subject_626,90,Horizontal,SCML,-0.3258244206053072,5.990472428515689e-05,146
subject_626,90,Horizontal,SCMR,-0.5161174150186953,2.6028983886213934e-11,146
subject_626,90,Horizontal,STL,-0.4363766620383129,3.6713247249961754e-08,146
subject_626,90,Horizontal,STR,-0.26959786614797754,0.000999340885278443,146
subject_626,90,Horizontal,UTL,-0.2883003609674705,0.00041739355573550965,146
subject_626,90,Horizontal,UTR,-0.4248204933998471,9.073464216445626e-08,146
subject_627,10,Sagittal,MTL,-0.001483095426631445,0.9858747716371569,145
subject_627,10,Sagittal,MTR,0.011636594885877495,0.8895172538795018,145
subject_627,10,Sagittal,SCML,0.08527228281812875,0.30783001242248137,145
subject_627,10,Sagittal,SCMR,0.14363208785607615,0.0847912138807592,145
subject_627,10,Sagittal,STL,0.0818896844027732,0.32748437952188936,145
subject_627,10,Sagittal,STR,0.20963553855435482,0.011384063867365018,145
subject_627,10,Sagittal,UTL,0.02208100921727048,0.7920716646063595,145
subject_627,10,Sagittal,UTR,0.049803485268919805,0.5519155578986747,145
subject_627,10,Frontal,MTL,-0.3676775655950191,5.377342552245154e-06,145
subject_627,10,Frontal,MTR,-0.09425068031104203,0.259481393006163,145
subject_627,10,Frontal,SCML,-0.09391763903785814,0.26117618778855406,145
subject_627,10,Frontal,SCMR,0.03563541623067667,0.6704514632326372,145
subject_627,10,Frontal,STL,-0.1978265162712331,0.01707212459316747,145
subject_627,10,Frontal,STR,-0.22646806576504802,0.006160468692968058,145
subject_627,10,Frontal,UTL,-0.31172663170012493,0.0001352218520316572,145
subject_627,10,Frontal,UTR,-0.2790885869281033,0.000675365780128829,145
subject_627,10,Horizontal,MTL,0.26457667205301943,0.001300559372525993,145
subject_627,10,Horizontal,MTR,0.19143431561515398,0.021077225262020945,145
subject_627,10,Horizontal,SCML,-0.17066549835501937,0.040132718510830584,145
subject_627,10,Horizontal,SCMR,-0.07043338027350005,0.39987991230360076,145
subject_627,10,Horizontal,STL,0.2221360454779617,0.007245234587531599,145
subject_627,10,Horizontal,STR,0.30792029068286564,0.00016474158619677522,145
subject_627,10,Horizontal,UTL,0.26547966410780793,0.0012498950985477973,145
subject_627,10,Horizontal,UTR,0.27902454492963485,0.0006773752211477123,145
subject_627,20,Sagittal,MTL,-0.1357920539171892,0.10462599771635109,144
subject_627,20,Sagittal,MTR,-0.12774511738876318,0.12704980289620413,144
subject_627,20,Sagittal,SCML,0.1297568515208697,0.12112416620980133,144
subject_627,20,Sagittal,SCMR,0.09756910540716558,0.24466598317510227,144
subject_627,20,Sagittal,STL,-0.07745176408610051,0.3561594722903942,144
subject_627,20,Sagittal,STR,-0.05733442276503545,0.49487320094219656,144
subject_627,20,Sagittal,UTL,-0.14383899044561524,0.08543600413365295,144
subject_627,20,Sagittal,UTR,-0.1317685856529762,0.11541473739780062,144
subject_627,20,Frontal,MTL,0.01838384767145427,0.8268822087042383,144
subject_627,20,Frontal,MTR,0.28143999526117264,0.0006327183673906533,144
subject_627,20,Frontal,SCML,-0.05749130544527516,0.49369146224057586,144
subject_627,20,Frontal,SCMR,-0.12835268192433524,0.12523713922947854,144
subject_627,20,Frontal,STL,-0.2099101152304233,0.011564342792281433,144
subject_627,20,Frontal,STR,0.0608338232037214,0.46887250329355257,144
subject_627,20,Frontal,UTL,0.006350783741047838,0.9397803260558106,144
subject_627,20,Frontal,UTR,0.07086137647906009,0.3986766124862202,144
subject_627,20,Horizontal,MTL,,,144
subject_627,20,Horizontal,MTR,,,144
subject_627,20,Horizontal,SCML,,,144
subject_627,20,Horizontal,SCMR,,,144
subject_627,20,Horizontal,STL,,,144
subject_627,20,Horizontal,STR,,,144
subject_627,20,Horizontal,UTL,,,144
subject_627,20,Horizontal,UTR,,,144
subject_627,30,Sagittal,MTL,-0.0150880059907988,0.8575542993040774,144
subject_627,30,Sagittal,MTR,-0.07141656168978099,0.3949824441618529,144
subject_627,30,Sagittal,SCML,0.041240549708183395,0.6235804065769871,144
subject_627,30,Sagittal,SCMR,-0.03721708144397038,0.6578625795453601,144
subject_627,30,Sagittal,STL,-0.1257333832566567,0.13319617347780557,144
subject_627,30,Sagittal,STR,0.051299220368715925,0.5414460386122821,144
subject_627,30,Sagittal,UTL,-0.04727575210450291,0.5736531809575574,144
subject_627,30,Sagittal,UTR,0.11567471259612415,0.16739029990922963,144
subject_627,30,Frontal,MTL,0.08240896989000598,0.32611939437905363,144
subject_627,30,Frontal,MTR,0.049803681803090576,0.5533126555939734,144
subject_627,30,Frontal,SCML,0.08205067002091901,0.3282343779401311,144
subject_627,30,Frontal,SCMR,-0.09494946530805037,0.2576248099273261,144
subject_627,30,Frontal,STL,-0.13400415103853147,0.10931808220293214,144
subject_627,30,Frontal,STR,0.0308137887414805,0.7138951102314516,144
subject_627,30,Frontal,UTL,-0.06736037538835273,0.42244231293740536,144
subject_627,30,Frontal,UTR,0.06807697512652669,0.4175121252170885,144
subject_627,30,Horizontal,MTL,,,144
subject_627,30,Horizontal,MTR,,,144
subject_627,30,Horizontal,SCML,,,144
subject_627,30,Horizontal,SCMR,,,144
subject_627,30,Horizontal,STL,,,144
subject_627,30,Horizontal,STR,,,144
subject_627,30,Horizontal,UTL,,,144
subject_627,30,Horizontal,UTR,,,144
subject_627,40,Sagittal,MTL,-0.09354563714295257,0.26475977413686086,144
subject_627,40,Sagittal,MTR,-0.06336962516135497,0.4505089403861073,144
subject_627,40,Sagittal,SCML,-0.0010058670660532535,0.9904533725888474,144
subject_627,40,Sagittal,SCMR,0.059346156897141955,0.47983357316660225,144
subject_627,40,Sagittal,STL,-0.1036043078034851,0.2165534955627111,144
subject_627,40,Sagittal,STR,0.09958083953927209,0.23502667710571068,144
subject_627,40,Sagittal,UTL,-0.08348696648242004,0.31980914283777934,144
subject_627,40,Sagittal,UTR,0.08751043474663306,0.2969597154334982,144
subject_627,40,Frontal,MTL,0.15799661075028565,0.05857996519908924,144
subject_627,40,Frontal,MTR,-0.13392748615285363,0.10952289918166049,144
subject_627,40,Frontal,SCML,-0.05621859816685897,0.5033212602000396,144
subject_627,40,Frontal,SCMR,-0.10951451691831551,0.19133008331012802,144
subject_627,40,Frontal,STL,-0.08922768332905141,0.2875447114616013,144
subject_627,40,Frontal,STR,0.07856849957876011,0.34924595824757354,144
subject_627,40,Frontal,UTL,-0.004985747238039482,0.9527068703411565,144
subject_627,40,Frontal,UTR,0.20407179212251259,0.01415151648691487,144
subject_627,40,Horizontal,MTL,,,144
subject_627,40,Horizontal,MTR,,,144
subject_627,40,Horizontal,SCML,,,144
subject_627,40,Horizontal,SCMR,,,144
subject_627,40,Horizontal,STL,,,144
subject_627,40,Horizontal,STR,,,144
subject_627,40,Horizontal,UTL,,,144
subject_627,40,Horizontal,UTR,,,144
subject_627,50,Sagittal,MTL,0.021444408081880258,0.7986308255357512,144
subject_627,50,Sagittal,MTR,0.18113680869162688,0.029802640733478974,144
subject_627,50,Sagittal,SCML,0.2048625367822178,0.013773875223568726,144
subject_627,50,Sagittal,SCMR,0.16927394464633141,0.042535267339222166,144
subject_627,50,Sagittal,STL,-0.03513232813414425,0.675915883750042,144
subject_627,50,Sagittal,STR,-0.03330727212717572,0.6918735337221766,144
subject_627,50,Sagittal,UTL,0.1911746167299538,0.021715140188151266,144
subject_627,50,Sagittal,UTR,0.1072220404094013,0.2008471926857709,144
subject_627,50,Frontal,MTL,0.014884411163483314,0.8594565070350293,144
subject_627,50,Frontal,MTR,-0.2806774676542568,0.0006555199165705959,144
subject_627,50,Frontal,SCML,-0.041109326070572966,0.6246863871040451,144
subject_627,50,Frontal,SCMR,0.019845881551311086,0.8133564329442033,144
subject_627,50,Frontal,STL,0.21724152483845885,0.00890992707170525,144
subject_627,50,Frontal,STR,0.14778093940887002,0.07712204930140933,144
subject_627,50,Frontal,UTL,-0.4203074199974098,1.5652025693109e-07,144
subject_627,50,Frontal,UTR,-0.10879795779022326,0.19426889257923663,144
subject_627,50,Horizontal,MTL,,,144
subject_627,50,Horizontal,MTR,,,144
subject_627,50,Horizontal,SCML,,,144
subject_627,50,Horizontal,SCMR,,,144
subject_627,50,Horizontal,STL,,,144
subject_627,50,Horizontal,STR,,,144
subject_627,50,Horizontal,UTL,,,144
subject_627,50,Horizontal,UTR,,,144
subject_627,60,Sagittal,MTL,0.09844263011954463,0.24044725419849994,144
subject_627,60,Sagittal,MTR,0.22892555023082783,0.005781652757545982,144
subject_627,60,Sagittal,SCML,0.1629875621318876,0.050952804158492085,144
subject_627,60,Sagittal,SCMR,0.0013930560865973295,0.9867788700374415,144
subject_627,60,Sagittal,STL,0.058972707665953625,0.48260668360587916,144
subject_627,60,Sagittal,STR,-0.01903843318349684,0.8208198773823636,144
subject_627,60,Sagittal,UTL,0.20710100487413632,0.012752175004918575,144
subject_627,60,Sagittal,UTR,0.25214315167411666,0.0022978495783081265,144
subject_627,60,Frontal,MTL,0.04820964176184235,0.5660980761295463,144
subject_627,60,Frontal,MTR,0.03778593543495753,0.652970028220082,144
subject_627,60,Frontal,SCML,0.09555064132977764,0.2546100622227662,144
subject_627,60,Frontal,SCMR,-0.1702538700057856,0.041334363444097647,144
subject_627,60,Frontal,STL,0.05993631137958779,0.4754688691717687,144
subject_627,60,Frontal,STR,0.06558248563998374,0.4348188769661316,144
subject_627,60,Frontal,UTL,0.04951260505270296,0.5556368294324876,144
subject_627,60,Frontal,UTR,-0.05819902699177365,0.48837909084334324,144
subject_627,60,Horizontal,MTL,,,144
subject_627,60,Horizontal,MTR,,,144
subject_627,60,Horizontal,SCML,,,144
subject_627,60,Horizontal,SCMR,,,144
subject_627,60,Horizontal,STL,,,144
subject_627,60,Horizontal,STR,,,144
subject_627,60,Horizontal,UTL,,,144
subject_627,60,Horizontal,UTR,,,144
subject_627,70,Sagittal,MTL,0.2737772774842353,0.0008989889704600604,144
subject_627,70,Sagittal,MTR,0.08678404067363676,0.301002951134642,144
subject_627,70,Sagittal,SCML,0.2192341586299205,0.008288656825564443,144
subject_627,70,Sagittal,SCMR,0.29903848837645103,0.0002717268161110902,144
subject_627,70,Sagittal,STL,-0.021240513822332094,0.8005052756351708,144
subject_627,70,Sagittal,STR,-0.06798197345586779,0.41816379858190494,144
subject_627,70,Sagittal,UTL,0.052234814062916655,0.5340868849405211,144
subject_627,70,Sagittal,UTR,-0.18554797772755696,0.025977938858168716,144
subject_627,70,Frontal,MTL,-0.1833706863523179,0.02780978310644788,144
subject_627,70,Frontal,MTR,-0.032499156026729786,0.6989834060374133,144
subject_627,70,Frontal,SCML,-0.07549404535782078,0.36848371427317844,144
subject_627,70,Frontal,SCMR,-0.20295283188130275,0.014701339637882916,144
subject_627,70,Frontal,STL,0.10991114962088515,0.1897173634081661,144
subject_627,70,Frontal,STR,0.2149479556577156,0.009675666822225728,144
subject_627,70,Frontal,UTL,0.07965843020245882,0.3425802774834039,144
subject_627,70,Frontal,UTR,0.19575787689527427,0.018701970204548658,144
subject_627,70,Horizontal,MTL,,,144
subject_627,70,Horizontal,MTR,,,144
subject_627,70,Horizontal,SCML,,,144
subject_627,70,Horizontal,SCMR,,,144
subject_627,70,Horizontal,STL,,,144
subject_627,70,Horizontal,STR,,,144
subject_627,70,Horizontal,UTL,,,144
subject_627,70,Horizontal,UTR,,,144
subject_627,80,Sagittal,MTL,-0.12924168360194177,0.12262083598459118,144
subject_627,80,Sagittal,MTR,-0.11904436071110057,0.1552758038332145,144
subject_627,80,Sagittal,SCML,0.26434839187269554,0.0013662609485555596,144
subject_627,80,Sagittal,SCMR,0.22429418340115526,0.00688003871868408,144
subject_627,80,Sagittal,STL,-0.16575341717351952,0.04709311293054267,144
subject_627,80,Sagittal,STR,-0.21952396333718818,0.008201570197585757,144
subject_627,80,Sagittal,UTL,-0.1505199931003918,0.07173887836325944,144
subject_627,80,Sagittal,UTR,-0.13583397132968647,0.10451792066523145,144
subject_627,80,Frontal,MTL,0.16044101893414228,0.056475004669794736,142
subject_627,80,Frontal,MTR,0.21909551087936455,0.008801835749006108,142
subject_627,80,Frontal,SCML,-0.01720667116105367,0.8389443993434123,142
subject_627,80,Frontal,SCMR,-0.019677621122636997,0.8161994851011481,142
subject_627,80,Frontal,STL,0.24938137469421456,0.002763491448686707,142
subject_627,80,Frontal,STR,0.3069122880854768,0.00020318193615777058,142
subject_627,80,Frontal,UTL,0.19390381841388515,0.020766778986423273,142
subject_627,80,Frontal,UTR,0.2558898245930255,0.0021144328699776896,142
subject_627,80,Horizontal,MTL,0.3383866660148989,3.349507314973957e-05,144
subject_627,80,Horizontal,MTR,0.4564156395866895,8.95540231887859e-09,144
subject_627,80,Horizontal,SCML,-0.0627230947436357,0.4551522714117481,144
subject_627,80,Horizontal,SCMR,-0.04856111867466131,0.5632669413815862,144
subject_627,80,Horizontal,STL,0.32232276570923124,8.153587368419847e-05,144
subject_627,80,Horizontal,STR,0.44479341060161515,2.3328179067332525e-08,144
subject_627,80,Horizontal,UTL,0.38809644302977864,1.5373148434867115e-06,144
subject_627,80,Horizontal,UTR,0.5067516951438491,9.131033643734765e-11,144
subject_627,90,Sagittal,MTL,0.014349463672187214,0.8644583972540361,144
subject_627,90,Sagittal,MTR,-0.16479643949322112,0.04840006162851599,144
subject_627,90,Sagittal,SCML,-0.08073198493298273,0.3360939703989802,144
subject_627,90,Sagittal,SCMR,0.08236058405266825,0.3264044948098069,144
subject_627,90,Sagittal,STL,-0.42646715519395506,9.833696592749017e-08,144
subject_627,90,Sagittal,STR,-0.3538393896898837,1.3572595916806655e-05,144
subject_627,90,Sagittal,UTL,0.12595412239360643,0.13251083946675116,144
subject_627,90,Sagittal,UTR,-0.3539260658335084,1.3502177293373127e-05,144
subject_627,90,Frontal,MTL,0.2729005714596501,0.0010167796294693616,142
subject_627,90,Frontal,MTR,0.09736617565916889,0.24901793453612073,142
subject_627,90,Frontal,SCML,-0.05293425552673631,0.5315458359338363,142
subject_627,90,Frontal,SCMR,-0.033322261565092874,0.6938171078163718,142
subject_627,90,Frontal,STL,0.07690820044481508,0.3629728706878162,142
subject_627,90,Frontal,STR,0.04034748683561652,0.6335469865083302,142
subject_627,90,Frontal,UTL,0.30969404181562615,0.00017651953185391367,142
subject_627,90,Frontal,UTR,0.08874298580019227,0.29361627125652656,142
subject_627,90,Horizontal,MTL,0.24344884222181387,0.004011155919698772,138
subject_627,90,Horizontal,MTR,0.009670333135694369,0.9103714590120239,138
subject_627,90,Horizontal,SCML,0.060596134074243545,0.48017714824697444,138
subject_627,90,Horizontal,SCMR,-0.31335889070343337,0.0001823029991714721,138
subject_627,90,Horizontal,STL,-0.14451789381288016,0.09080844104114694,138
subject_627,90,Horizontal,STR,-0.11356144218039245,0.18477180286429806,138
subject_627,90,Horizontal,UTL,0.5017756912208631,3.622426324504842e-10,138
subject_627,90,Horizontal,UTR,0.15867811287336328,0.06304331869337775,138
subject_628,10,Sagittal,MTL,-0.06839607964365246,0.44666642683824836,126
subject_628,10,Sagittal,MTR,-0.3977963943713392,3.977102297731692e-06,126
subject_628,10,Sagittal,SCML,0.13714963008683623,0.12566959844003767,126
subject_628,10,Sagittal,SCMR,0.5211165985773186,3.9530739835042774e-10,126
subject_628,10,Sagittal,STL,-0.2879950858567246,0.0010751370559827357,126
subject_628,10,Sagittal,STR,-0.4714534331555682,2.5178518404700287e-08,126
subject_628,10,Sagittal,UTL,-0.3202938363800311,0.00025591547070948095,126
subject_628,10,Sagittal,UTR,-0.0997199098046009,0.26658159432921114,126
subject_628,10,Frontal,MTL,-0.1020558014091556,0.25548462274563427,126
subject_628,10,Frontal,MTR,0.27754199651514266,0.0016529039728246184,126
subject_628,10,Frontal,SCML,-0.20908993459436756,0.01878998499395264,126
subject_628,10,Frontal,SCMR,-0.0846316401929583,0.34608421955668117,126
subject_628,10,Frontal,STL,-0.2339815934746494,0.008364987685796566,126
subject_628,10,Frontal,STR,-0.17797536099401526,0.046173276745001594,126
subject_628,10,Frontal,UTL,-0.11823537968133882,0.18730551334376672,126
subject_628,10,Frontal,UTR,0.02738082476831004,0.7608666174253834,126
subject_628,10,Horizontal,MTL,,,126
subject_628,10,Horizontal,MTR,,,126
subject_628,10,Horizontal,SCML,,,126
subject_628,10,Horizontal,SCMR,,,126
subject_628,10,Horizontal,STL,,,126
subject_628,10,Horizontal,STR,,,126
subject_628,10,Horizontal,UTL,,,126
subject_628,10,Horizontal,UTR,,,126
subject_628,20,Sagittal,MTL,-0.16714897358383365,0.062442873093545834,125
subject_628,20,Sagittal,MTR,-0.2663556618592953,0.0026780302585017153,125
subject_628,20,Sagittal,SCML,0.24844127332843552,0.0052109776680907835,125
subject_628,20,Sagittal,SCMR,0.4826557010543987,1.197060927221473e-08,125
subject_628,20,Sagittal,STL,-0.2673226021572465,0.0025801640741191225,125
subject_628,20,Sagittal,STR,-0.525242662994272,3.2018984928075096e-10,125
subject_628,20,Sagittal,UTL,-0.15649530162719547,0.08136012157723922,125
subject_628,20,Sagittal,UTR,0.029628575652992886,0.7429104093558208,125
subject_628,20,Frontal,MTL,0.18181542374495974,0.04242948256721977,125
subject_628,20,Frontal,MTR,0.3591276790999514,3.907140394681791e-05,125
subject_628,20,Frontal,SCML,0.27300458364181257,0.0020675373476842923,125
subject_628,20,Frontal,SCMR,-0.047283268094664446,0.600539308763133,125
subject_628,20,Frontal,STL,0.15198193316142145,0.09064927917037659,125
subject_628,20,Frontal,STR,0.13171767540656523,0.14312801591006716,125
subject_628,20,Frontal,UTL,0.42160914051075793,9.749326364734366e-07,125
subject_628,20,Frontal,UTR,0.37939193685480754,1.280586414671078e-05,125
subject_628,20,Horizontal,MTL,0.2173361981849196,0.014905893932496365,125
subject_628,20,Horizontal,MTR,0.19966658857638955,0.025585690514556017,125
subject_628,20,Horizontal,SCML,0.19789962761553656,0.026946986759725122,125
subject_628,20,Horizontal,SCMR,0.16962825224188846,0.05860060235866626,125
subject_628,20,Horizontal,STL,0.2155692372240666,0.015761903002900143,125
subject_628,20,Horizontal,STR,0.19436570569383055,0.02985555716542909,125
subject_628,20,Horizontal,UTL,0.2120353153023606,0.017602781698613332,125
subject_628,20,Horizontal,UTR,0.20496747145894856,0.02184885921463696,125
subject_628,30,Sagittal,MTL,0.13649140926643777,0.12906429048262977,125
subject_628,30,Sagittal,MTR,0.14728822569742256,0.10118378909502929,125
subject_628,30,Sagittal,SCML,0.32481729251164015,0.00021918097772826489,125
subject_628,30,Sagittal,SCMR,0.3225213576849157,0.0002442663631217717,125
subject_628,30,Sagittal,STL,0.04260544308954916,0.6370894250836351,125
subject_628,30,Sagittal,STR,-0.30664143213072764,0.0005049948018661848,125
subject_628,30,Sagittal,UTL,0.259329148448,0.0034958984380482187,125
subject_628,30,Sagittal,UTR,0.21681428852308637,0.015154421348551139,125
subject_628,30,Frontal,MTL,-0.32805796935211945,0.00018781950513717914,125
subject_628,30,Frontal,MTR,-0.24437495056589809,0.006023166102760075,125
subject_628,30,Frontal,SCML,-0.15196425497375174,0.0906872536364952,125
subject_628,30,Frontal,SCMR,-0.3208704708060637,0.00026392026691485676,125
subject_628,30,Frontal,STL,-0.18276782017113385,0.041340855518349914,125
subject_628,30,Frontal,STR,-0.1976562100165352,0.027139274999882713,125
subject_628,30,Frontal,UTL,-0.2176785273948336,0.014744813611896453,125
subject_628,30,Frontal,UTR,-0.3029017244409241,0.0005957301322430004,125
subject_628,30,Horizontal,MTL,0.2578540561909164,0.0036937677879300673,125
subject_628,30,Horizontal,MTR,0.2230872171539389,0.01239366124247573,125
subject_628,30,Horizontal,SCML,0.23322754520639064,0.008855865445570621,125
subject_628,30,Horizontal,SCMR,0.08401986100602894,0.3515526241188895,125
subject_628,30,Horizontal,STL,0.11299222687017683,0.2096159206680618,125
subject_628,30,Horizontal,STR,0.1289270280954582,0.15187082386256864,125
subject_628,30,Horizontal,UTL,0.2578540561909164,0.0036937677879300673,125
subject_628,30,Horizontal,UTR,0.24191925496563507,0.006566519435524688,125
subject_628,40,Sagittal,MTL,-0.17590703617399142,0.04973085619335532,125
subject_628,40,Sagittal,MTR,-0.06145004710891016,0.49601448023185385,125
subject_628,40,Sagittal,SCML,-0.10003496040985375,0.2670095172323434,125
subject_628,40,Sagittal,SCMR,0.15766513972550733,0.07908135636182252,125
subject_628,40,Sagittal,STL,-0.2931642316598119,0.0009067694218317476,125
subject_628,40,Sagittal,STR,-0.26313829412212064,0.0030282601249479795,125
subject_628,40,Sagittal,UTL,-0.16357454086168782,0.06834225538554822,125
subject_628,40,Sagittal,UTR,-0.1911594708712313,0.03272095056083651,125
subject_628,40,Frontal,MTL,-0.29121344847682484,0.000984669195857426,125
subject_628,40,Frontal,MTR,-0.15235670483224614,0.0898472021893131,125
subject_628,40,Frontal,SCML,-0.13499961187667378,0.13334038797717176,125
subject_628,40,Frontal,SCMR,-0.15042813894829363,0.09403553138052462,125
subject_628,40,Frontal,STL,-0.09932114302355285,0.27045486160587656,125
subject_628,40,Frontal,STR,-0.1427138754124837,0.11235462918063255,125
subject_628,40,Frontal,UTL,-0.21696366194465427,0.015082925913074785,125
subject_628,40,Frontal,UTR,-0.27964205317311,0.0015866932267357048,125
subject_628,40,Horizontal,MTL,0.1368820039986299,0.12796225928573096,125
subject_628,40,Horizontal,MTR,0.1443482951258279,0.10825790184195032,125
subject_628,40,Horizontal,SCML,0.1269269491623659,0.15837980144097447,125
subject_628,40,Horizontal,SCMR,0.07964043869011195,0.3773090706057453,125
subject_628,40,Horizontal,STL,-0.1368820039986299,0.12796225928573096,125
subject_628,40,Horizontal,STR,-0.06968538385384795,0.43998500872970575,125
subject_628,40,Horizontal,UTL,0.1493258225439599,0.09649803478871839,125
subject_628,40,Horizontal,UTR,0.1468370588348939,0.10224513347277085,125
subject_628,50,Sagittal,MTL,0.06697640308916912,0.45800860177302366,125
subject_628,50,Sagittal,MTR,0.027175237449964088,0.7635429067839451,125
subject_628,50,Sagittal,SCML,0.25070631139746674,0.004802284735055844,125
subject_628,50,Sagittal,SCMR,0.2622124043850892,0.0031364253163093285,125
subject_628,50,Sagittal,STL,-0.35022632221611466,6.231158656959936e-05,125
subject_628,50,Sagittal,STR,-0.2239242985221168,0.01206076136112289,125
subject_628,50,Sagittal,UTL,0.12472485121538252,0.16578507712525428,125
subject_628,50,Sagittal,UTR,0.02742313989917735,0.7614502301964785,125
subject_628,50,Frontal,MTL,0.20496747145894856,0.02184885921463696,125
subject_628,50,Frontal,MTR,0.1855309008895655,0.03831397267992613,125
subject_628,50,Frontal,SCML,-0.08481412612094423,0.34700206770460423,125
subject_628,50,Frontal,SCMR,0.09188196996435626,0.30815123120473387,125
subject_628,50,Frontal,STL,0.18906482281127152,0.03471588333353896,125
subject_628,50,Frontal,STR,0.16609433032018245,0.06413854704605543,125
subject_628,50,Frontal,UTL,0.12368726725971034,0.16936217344596946,125
subject_628,50,Frontal,UTR,0.09894981380776828,0.27225898836602425,125
subject_628,50,Horizontal,MTL,0.2607607205978511,0.0033130301535940713,125
subject_628,50,Horizontal,MTR,0.22800816631986018,0.010546455439404679,125
subject_628,50,Horizontal,SCML,0.07180367668636481,0.4261760198049129,125
subject_628,50,Horizontal,SCMR,0.22044988456340073,0.013495630258829553,125
subject_628,50,Horizontal,STL,0.16250305776387824,0.07019631009619919,125
subject_628,50,Horizontal,STR,-0.08062167206890083,0.3714405648170371,125
subject_628,50,Horizontal,UTL,0.22926787994593675,0.010114365706511625,125
subject_628,50,Horizontal,UTR,0.20407360742440528,0.022443974984780672,125
subject_628,60,Sagittal,MTL,0.08160224570831379,0.3636826888950479,126
subject_628,60,Sagittal,MTR,0.04716187816942948,0.5999956974596479,126
subject_628,60,Sagittal,SCML,0.37873316588044753,1.2258461001109969e-05,126
subject_628,60,Sagittal,SCMR,0.17108654504237167,0.05543517307451999,126
subject_628,60,Sagittal,STL,-0.44361580507689125,1.9655844320701305e-07,126
subject_628,60,Sagittal,STR,-0.45996038628178554,6.01374039950176e-08,126
subject_628,60,Sagittal,UTL,0.07300927454412857,0.41653661487280014,126
subject_628,60,Sagittal,UTR,0.25690864072656994,0.0036847776118978633,126
subject_628,60,Frontal,MTL,0.18964284032929735,0.03343168297440659,126
subject_628,60,Frontal,MTR,0.10949190403917922,0.2222875828532031,126
subject_628,60,Frontal,SCML,-0.09804177028344806,0.27475319010827476,126
subject_628,60,Frontal,SCMR,0.06941643589412017,0.43989873096687127,126
subject_628,60,Frontal,STL,0.22685577503542362,0.010635067559069197,126
subject_628,60,Frontal,STR,0.11235443747811202,0.21035986686800684,126
subject_628,60,Frontal,UTL,0.06226010229678819,0.48857619411806597,126
subject_628,60,Frontal,UTR,-0.020753367432262727,0.8175796323329757,126
subject_628,60,Horizontal,MTL,0.30348670363836644,0.0005512599822732475,126
subject_628,60,Horizontal,MTR,0.2678500073778007,0.0024273672399865135,126
subject_628,60,Horizontal,SCML,0.2517560155181903,0.004458695418651426,126
subject_628,60,Horizontal,SCMR,0.15404249351341326,0.08503604705228639,126
subject_628,60,Horizontal,STL,0.02126706067162795,0.81314577502159,126
subject_628,60,Horizontal,STR,-0.21841846095185463,0.014008345804959587,126
subject_628,60,Horizontal,UTL,0.2914162097436586,0.000930628784004864,126
subject_628,60,Horizontal,UTR,0.3155571975330742,0.0003191590483512593,126
subject_628,70,Sagittal,MTL,-0.02743165540989559,0.7613783767462591,125
subject_628,70,Sagittal,MTR,-0.22325923982966456,0.012324600519616423,125
subject_628,70,Sagittal,SCML,0.188057008129165,0.03571169940489006,125
subject_628,70,Sagittal,SCMR,0.02451243016452916,0.7861258446682892,125
subject_628,70,Sagittal,STL,-0.38547366083660023,9.028119455152703e-06,125
subject_628,70,Sagittal,STR,-0.19844582524404997,0.026519741037941927,125
subject_628,70,Sagittal,UTL,0.015243404551747074,0.8660136747818808,125
subject_628,70,Sagittal,UTR,0.007641120625620985,0.9326006302817571,125
subject_628,70,Frontal,MTL,0.0,1.0,125
subject_628,70,Frontal,MTR,-0.004977527418131997,0.9560654053086393,125
subject_628,70,Frontal,SCML,-0.039820219345055974,0.6592811358110774,125
subject_628,70,Frontal,SCMR,0.03484269192692398,0.6996768382431519,125
subject_628,70,Frontal,STL,0.1418595314167619,0.11454359787858705,125
subject_628,70,Frontal,STR,0.004977527418131997,0.9560654053086393,125
subject_628,70,Frontal,UTL,0.012443818545329992,0.8904508510237964,125
subject_628,70,Frontal,UTR,-0.08710672981730994,0.33407598363634977,125
subject_628,70,Horizontal,MTL,0.08729815428710669,0.3330107542720619,125
subject_628,70,Horizontal,MTR,0.030485069751053126,0.7357492205157075,125
subject_628,70,Horizontal,SCML,0.13995418385710753,0.11954471880786939,125
subject_628,70,Horizontal,SCMR,0.027713699773684663,0.7589996525595883,125
subject_628,70,Horizontal,STL,-0.031408859743509286,0.7280507282562715,125
subject_628,70,Horizontal,STR,-0.06097013950210625,0.4993915433583255,125
subject_628,70,Horizontal,UTL,0.18291041850631876,0.04117988884816605,125
subject_628,70,Horizontal,UTR,0.08960762926824707,0.32033008605634056,125
subject_628,80,Sagittal,MTL,0.01902608328047823,0.8331993309247469,125
subject_628,80,Sagittal,MTR,-0.10122422601914319,0.26133582092779045,125
subject_628,80,Sagittal,SCML,0.4021946864717056,3.3292546291676864e-06,125
subject_628,80,Sagittal,SCMR,-0.3304282092882918,0.00016757781301830803,125
subject_628,80,Sagittal,STL,-0.30331498378963734,0.0005850135257508968,125
subject_628,80,Sagittal,STR,-0.25030794506889287,0.004872018427953633,125
subject_628,80,Sagittal,UTL,0.1745678097469139,0.05152301287592842,125
subject_628,80,Sagittal,UTR,0.19122660732782143,0.03265864834232982,125
subject_628,80,Frontal,MTL,0.1413568768682404,0.11584688475403268,125
subject_628,80,Frontal,MTR,0.13605599398568138,0.130301347049106,125
subject_628,80,Frontal,SCML,0.08128020419923822,0.36753359776306627,125
subject_628,80,Frontal,SCMR,-0.01413568768682404,0.8756689753960399,125
subject_628,80,Frontal,STL,0.19966658857638955,0.025585690514556017,125
subject_628,80,Frontal,STR,0.09541589188606227,0.28983574041666854,125
subject_628,80,Frontal,UTL,0.12898815014226936,0.15167512784340914,125
subject_628,80,Frontal,UTR,0.12015334533800433,0.18197444945018176,125
subject_628,80,Horizontal,MTL,0.1308674871770369,0.1457501757401029,125
subject_628,80,Horizontal,MTR,0.0768232347933459,0.39446924723859766,125
subject_628,80,Horizontal,SCML,0.21841024310433801,0.014405583827154301,125
subject_628,80,Horizontal,SCMR,-0.15587970315626581,0.08258023352503498,125
subject_628,80,Horizontal,STL,0.06565706694547585,0.4669324968107818,125
subject_628,80,Horizontal,STR,-0.23225629123569685,0.00915104099529908,125
subject_628,80,Horizontal,UTL,0.3591039579875006,3.912075815280261e-05,125
subject_628,80,Horizontal,UTR,0.28942707061679157,0.0010613231506261857,125
subject_628,90,Sagittal,MTL,0.21141857903607875,0.017942438969421645,125
subject_628,90,Sagittal,MTR,0.026985819527647385,0.7651430360709903,125
subject_628,90,Sagittal,SCML,0.40467924794721905,2.857195367812578e-06,125
subject_628,90,Sagittal,SCMR,-0.029273830603943438,0.7458829379779455,125
subject_628,90,Sagittal,STL,-0.5564474715483626,1.609304479732552e-11,125
subject_628,90,Sagittal,STR,-0.3773565823444503,1.4372855353211276e-05,125
subject_628,90,Sagittal,UTL,0.30846520439580827,0.00046552725984878033,125
subject_628,90,Sagittal,UTR,0.2611351530480951,0.0032666423968125426,125
subject_628,90,Frontal,MTL,0.23025452163041166,0.009786892448631655,125
subject_628,90,Frontal,MTR,0.2768228518477983,0.0017769063603766749,125
subject_628,90,Frontal,SCML,0.18109906195650355,0.04326400555864718,125
subject_628,90,Frontal,SCMR,0.2037364447010665,0.022672038429492457,125
subject_628,90,Frontal,STL,0.3744869888314841,1.6891129280080695e-05,125
subject_628,90,Frontal,STR,0.1455260319293332,0.1053789537634741,125
subject_628,90,Frontal,UTL,0.29557954040757906,0.0008181475796680337,125
subject_628,90,Frontal,UTR,0.2962263227717094,0.0007958025182664558,125
subject_628,90,Horizontal,MTL,-0.02077856795556717,0.8180898985373317,125
subject_628,90,Horizontal,MTR,-0.14403325514654516,0.10903833903082426,125
subject_628,90,Horizontal,SCML,-0.004250161627275103,0.9624804885781212,125
subject_628,90,Horizontal,SCMR,-0.16103390165564557,0.07280453439551525,125
subject_628,90,Horizontal,STL,-0.09492027634247731,0.29235980588782273,125
subject_628,90,Horizontal,STR,-0.005194641988891792,0.9541510652402659,125
subject_628,90,Horizontal,UTL,0.03447353319900917,0.7027082359658179,125
subject_628,90,Horizontal,UTR,0.015583925966675377,0.8630494512113172,125
subject_629,10,Sagittal,MTL,-0.20117016798407,0.06820581896739965,83
subject_629,10,Sagittal,MTR,-0.26877767923627677,0.014012698943987562,83
subject_629,10,Sagittal,SCML,0.7481032386982406,4.3838010539762945e-16,83
subject_629,10,Sagittal,SCMR,0.1429189096777328,0.1974207479739078,83
subject_629,10,Sagittal,STL,-0.6624377300745905,9.063080443029333e-12,83
subject_629,10,Sagittal,STR,-0.5292398813704331,2.69025844024462e-07,83
subject_629,10,Sagittal,UTL,-0.036899259037666894,0.740506373319465,83
subject_629,10,Sagittal,UTR,0.1666421611264916,0.13214219333151253,83
subject_629,10,Frontal,MTL,-0.031371262389292436,0.7782957429839189,83
subject_629,10,Frontal,MTR,-0.08230478894988214,0.45947176282595387,83
subject_629,10,Frontal,SCML,-0.6266164122914655,2.349280290195575e-10,83
subject_629,10,Frontal,SCMR,-0.403008062472833,0.00015846576374310792,83
subject_629,10,Frontal,STL,0.411015533867227,0.00011348929785491576,83
subject_629,10,Frontal,STR,0.380903743890617,0.00038161018830076664,83
subject_629,10,Frontal,UTL,-0.1453592931334434,0.18979740777004186,83
subject_629,10,Frontal,UTR,-0.09507283496836026,0.3925744988069789,83
subject_629,10,Horizontal,MTL,0.12202564809374224,0.27178566556469896,83
subject_629,10,Horizontal,MTR,0.2525930915540464,0.021232346404964634,83
subject_629,10,Horizontal,SCML,-0.36485668780028935,0.0006956196868294626,83
subject_629,10,Horizontal,SCMR,0.010982308328436802,0.9215041754772483,83
subject_629,10,Horizontal,STL,0.2684564258062329,0.014132088977784946,83
subject_629,10,Horizontal,STR,0.12690667401749192,0.2529264326431807,83
subject_629,10,Horizontal,UTL,0.05857231108499627,0.5989032281719899,83
subject_629,10,Horizontal,UTR,-0.03172666850437298,0.7758495891131685,83
subject_629,20,Sagittal,MTL,-0.263623728674376,0.01670834929936954,82
subject_629,20,Sagittal,MTR,-0.35592414783345033,0.0010317569774595688,82
subject_629,20,Sagittal,SCML,0.8354765955459537,1.6745671739995656e-22,82
subject_629,20,Sagittal,SCMR,0.1308595144814375,0.24126189365014655,82
subject_629,20,Sagittal,STL,-0.5736025328856308,1.7725535327005186e-08,82
subject_629,20,Sagittal,STR,-0.6255831168727569,3.30711678675314e-10,82
subject_629,20,Sagittal,UTL,-0.10083834635423287,0.3673691659382258,82
subject_629,20,Sagittal,UTR,-0.07974268966580617,0.47637166092817385,82
subject_629,20,Frontal,MTL,-0.020147892112762876,0.8574161824238852,82
subject_629,20,Frontal,MTR,0.07406326809346782,0.5084299336176036,82
subject_629,20,Frontal,SCML,-0.6279266661374213,2.7156227421046277e-10,82
subject_629,20,Frontal,SCMR,-0.3192518552849918,0.0034614020059257245,82
subject_629,20,Frontal,STL,0.4839806378858926,4.093465726285879e-06,82
subject_629,20,Frontal,STR,0.4533515296026971,1.8933317797457075e-05,82
subject_629,20,Frontal,UTL,-0.1145507088432529,0.30547920932064676,82
subject_629,20,Frontal,UTR,-0.1469646185086134,0.1876518437764218,82
subject_629,20,Horizontal,MTL,0.27211815674419326,0.013392142483538835,82
subject_629,20,Horizontal,MTR,0.37570371788859186,0.000504676367031031,82
subject_629,20,Horizontal,SCML,-0.5789077906109844,1.2185326761034692e-08,82
subject_629,20,Horizontal,SCMR,-0.11862282335218942,0.2884909950283948,82
subject_629,20,Horizontal,STL,0.25996236634983827,0.018342710652960385,82
subject_629,20,Horizontal,STR,0.39155851395972957,0.00027511977333944,82
subject_629,20,Horizontal,UTL,0.19788340151339703,0.07473810990787597,82
subject_629,20,Horizontal,UTR,0.22246302619172892,0.044557233843469615,82
subject_629,30,Sagittal,MTL,-0.23085580726444532,0.03691786692766919,82
subject_629,30,Sagittal,MTR,-0.28551983479759135,0.009317854470775322,82
subject_629,30,Sagittal,SCML,0.716073065351427,3.970792221157538e-14,82
subject_629,30,Sagittal,SCMR,0.20664633502567,0.06250528417228235,82
subject_629,30,Sagittal,STL,-0.4130692323749323,0.00011487815078394675,82
subject_629,30,Sagittal,STR,-0.5549633287776481,6.283720009881123e-08,82
subject_629,30,Sagittal,UTL,-0.16825974221882553,0.13077281874563887,82
subject_629,30,Sagittal,UTR,-0.1917430420092758,0.08440088245106526,82
subject_629,30,Frontal,MTL,-0.06337242505244779,0.5716515484877742,82
subject_629,30,Frontal,MTR,0.07604691006293736,0.497108409240229,82
subject_629,30,Frontal,SCML,-0.17533037597843887,0.11513157531215086,82
subject_629,30,Frontal,SCMR,-0.2122976239257001,0.05551648119883464,82
subject_629,30,Frontal,STL,0.10773312258916125,0.33534896125163377,82
subject_629,30,Frontal,STR,0.1320258855259329,0.23705679830396112,82
subject_629,30,Frontal,UTL,0.03485483377884629,0.7558971835087103,82
subject_629,30,Frontal,UTR,-0.016899313347319412,0.8802192963552308,82
subject_629,30,Horizontal,MTL,0.14561089324096677,0.19179433492926165,82
subject_629,30,Horizontal,MTR,0.27201348675205456,0.013429246105211767,82
subject_629,30,Horizontal,SCML,-0.666248862097214,8.423666747566892e-12,82
subject_629,30,Horizontal,SCMR,-0.21631324135087943,0.05094949705155366,82
subject_629,30,Horizontal,STL,0.21247667982553534,0.05530594476777552,82
subject_629,30,Horizontal,STR,0.45307114943482174,1.9187801887433494e-05,82
subject_629,30,Horizontal,UTL,0.07255052558889906,0.5171521167370254,82
subject_629,30,Horizontal,UTR,0.19910607171893746,0.07292426654408345,82
subject_629,40,Sagittal,MTL,0.012239252845291903,0.9130964122624315,82
subject_629,40,Sagittal,MTR,0.03460410818013362,0.7575988924222963,82
subject_629,40,Sagittal,SCML,0.8550324331749358,1.5849743369072835e-24,82
subject_629,40,Sagittal,SCMR,0.7426437786570473,1.3924559619864355e-15,82
subject_629,40,Sagittal,STL,-0.6344049612250401,1.5614437326948081e-10,82
subject_629,40,Sagittal,STR,-0.6305981773382585,2.1648821656001513e-10,82
subject_629,40,Sagittal,UTL,0.4611630956797916,1.2990111370330997e-05,82
subject_629,40,Sagittal,UTR,0.1954296611644259,0.0784872807920166,82
subject_629,40,Frontal,MTL,-0.03054559189127334,0.7852996443757108,82
subject_629,40,Frontal,MTR,0.09411135527007508,0.4003478244400464,82
subject_629,40,Frontal,SCML,-0.48865213964799054,3.1981722695059533e-06,82
subject_629,40,Frontal,SCMR,-0.46529829470833345,1.0601475309377612e-05,82
subject_629,40,Frontal,STL,0.3902876006968521,0.00028915803684496824,82
subject_629,40,Frontal,STR,0.33731613121451726,0.001941749442573887,82
subject_629,40,Frontal,UTL,-0.29439764134196866,0.007258762457094256,82
subject_629,40,Frontal,UTR,-0.029926946992209578,0.7895465927353353,82
subject_629,40,Horizontal,MTL,-0.12214834714801327,0.27429754970221587,82
subject_629,40,Horizontal,MTR,-0.024155738375855836,0.8294454509000332,82
subject_629,40,Horizontal,SCML,-0.7645166681843032,6.388509412216385e-17,82
subject_629,40,Horizontal,SCMR,-0.6154732721229659,7.595961968379059e-10,82
subject_629,40,Horizontal,STL,0.4649357066775551,1.07931916384196e-05,82
subject_629,40,Horizontal,STR,0.5385235488431778,1.8023719353769894e-07,82
subject_629,40,Horizontal,UTL,-0.392593005665327,0.000264158557498128,82
subject_629,40,Horizontal,UTR,-0.13852195331515266,0.21456660096790847,82
subject_629,50,Sagittal,MTL,-0.10384417305526351,0.3531865910608909,82
subject_629,50,Sagittal,MTR,-0.12889284738648524,0.24846840334490142,82
subject_629,50,Sagittal,SCML,0.8714505683444904,1.807480887639265e-26,82
subject_629,50,Sagittal,SCMR,0.791040453085191,9.428234319542122e-19,82
subject_629,50,Sagittal,STL,-0.5275814824040895,3.525276019957377e-07,82
subject_629,50,Sagittal,STR,-0.7293864312765548,7.783976732599789e-15,82
subject_629,50,Sagittal,UTL,0.38619194539540547,0.00033899855086810896,82
subject_629,50,Sagittal,UTR,0.24495723462982819,0.026552224779636417,82
subject_629,50,Frontal,MTL,0.2112593813755255,0.05675021106015548,82
subject_629,50,Frontal,MTR,0.16175819840956482,0.14653606357943283,82
subject_629,50,Frontal,SCML,-0.6665072625000843,8.214482639789885e-12,82
subject_629,50,Frontal,SCMR,-0.5946147298736111,3.859623047578669e-09,82
subject_629,50,Frontal,STL,0.41994504439926794,8.579936523817304e-05,82
subject_629,50,Frontal,STR,0.5037195767498063,1.4067052550061174e-06,82
subject_629,50,Frontal,UTL,-0.23051937370803532,0.03720152790533509,82
subject_629,50,Frontal,UTR,-0.10873960036283394,0.33082690429209505,82
subject_629,50,Horizontal,MTL,0.16461557996460455,0.13944110389073272,82
subject_629,50,Horizontal,MTR,0.146882103668269,0.18790247516454853,82
subject_629,50,Horizontal,SCML,-0.7238805024164175,1.5447295520084027e-14,82
subject_629,50,Horizontal,SCMR,-0.6875696809517138,9.696021628966911e-13,82
subject_629,50,Horizontal,STL,0.5386940899480637,1.7832882838667347e-07,82
subject_629,50,Horizontal,STR,0.710488670316771,7.65347826394452e-14,82
subject_629,50,Horizontal,UTL,-0.21875771759486493,0.04832380840924142,82
subject_629,50,Horizontal,UTR,-0.10734256651926705,0.33711417892009443,82
subject_629,60,Sagittal,MTL,-0.19498866969590786,0.0791767410045313,82
subject_629,60,Sagittal,MTR,-0.1157415816080359,0.3004450914721937,82
subject_629,60,Sagittal,SCML,0.6876809761038858,9.582591497368393e-13,82
subject_629,60,Sagittal,SCMR,0.661261581433314,1.362041219801605e-11,82
subject_629,60,Sagittal,STL,-0.6076682692708356,1.4149399849424476e-09,82
subject_629,60,Sagittal,STR,-0.6781273856749223,2.5826581507045187e-12,82
subject_629,60,Sagittal,UTL,-0.12843531848461465,0.25016590053402915,82
subject_629,60,Sagittal,UTR,-0.10696470584809377,0.33882758365373067,82
subject_629,60,Frontal,MTL,0.14062672915979973,0.20761441131772154,82
subject_629,60,Frontal,MTR,-0.04472351306720218,0.6899145611505151,82
subject_629,60,Frontal,SCML,-0.5871344018083632,6.724226309575586e-09,82
subject_629,60,Frontal,SCMR,-0.5511555403981504,8.061320833260395e-08,82
subject_629,60,Frontal,STL,0.47751557089847724,5.7260927910523525e-06,82
subject_629,60,Frontal,STR,0.4038149798968492,0.00016848777622358927,82
subject_629,60,Frontal,UTL,0.11421090968296702,0.30692563229821374,82
subject_629,60,Frontal,UTR,0.265461557060357,0.01593637093832959,82
subject_629,60,Horizontal,MTL,0.2496266744409198,0.023716169728435776,82
subject_629,60,Horizontal,MTR,0.22534225561257926,0.041801093645524284,82
subject_629,60,Horizontal,SCML,-0.4088591799204885,0.00013693277736697538,82
subject_629,60,Horizontal,SCMR,-0.4539198350819037,1.8427145088415334e-05,82
subject_629,60,Horizontal,STL,0.38800498397640787,0.00031603576264097396,82
subject_629,60,Horizontal,STR,0.4780093548827295,5.5825073539940925e-06,82
subject_629,60,Horizontal,UTL,0.20214927133832142,0.06856283509650367,82
subject_629,60,Horizontal,UTR,0.09900870597750411,0.3761700581125697,82
subject_629,70,Sagittal,MTL,-0.04136404617071968,0.7121463423241443,82
subject_629,70,Sagittal,MTR,0.10436910497216699,0.35074508910116586,82
subject_629,70,Sagittal,SCML,0.7309385055040335,6.397075848030402e-15,82
subject_629,70,Sagittal,SCMR,0.558021049560663,5.132817124628601e-08,82
subject_629,70,Sagittal,STL,-0.7478233734531103,6.906419221912181e-16,82
subject_629,70,Sagittal,STR,-0.6256048676943289,3.301098892949287e-10,82
subject_629,70,Sagittal,UTL,-0.10188571008011629,0.3623883000527751,82
subject_629,70,Sagittal,UTR,0.07637547951489893,0.4952459240430411,82
subject_629,70,Frontal,MTL,0.09610638619587657,0.39038993507985337,82
subject_629,70,Frontal,MTR,-0.06488032418892793,0.5625166397716247,82
subject_629,70,Frontal,SCML,-0.5514975617045155,7.883943162114792e-08,82
subject_629,70,Frontal,SCMR,-0.4571827134426555,1.5757322342876937e-05,82
subject_629,70,Frontal,STL,0.4502090409887565,2.1974844164180436e-05,82
subject_629,70,Frontal,STR,0.136749126930383,0.22054881957477163,82
subject_629,70,Frontal,UTL,0.056811000436539576,0.6121846361780899,82
subject_629,70,Frontal,UTR,0.1250375029154487,0.2630208769796895,82
subject_629,70,Horizontal,MTL,0.02340584844179445,0.8346639232205605,82
subject_629,70,Horizontal,MTR,-0.013820229589809553,0.9019233008982116,82
subject_629,70,Horizontal,SCML,-0.5160065666345606,6.989507872311031e-07,82
subject_629,70,Horizontal,SCMR,-0.3727227378510754,0.0005637498415649822,82
subject_629,70,Horizontal,STL,0.5486130693158104,9.503820139637477e-08,82
subject_629,70,Horizontal,STR,0.5113869912842065,9.121072155559778e-07,82
subject_629,70,Horizontal,UTL,0.13616198345168912,0.2225556988758573,82
subject_629,70,Horizontal,UTR,-0.0754145675945318,0.500703098888641,82
subject_629,80,Sagittal,MTL,-0.022836333716079203,0.8386319582251698,82
subject_629,80,Sagittal,MTR,0.05791204234993878,0.6052963934161273,82
subject_629,80,Sagittal,SCML,0.5457546275378652,1.1417480093243931e-07,82
subject_629,80,Sagittal,SCMR,0.5994143870579134,2.6827146862929166e-09,82
subject_629,80,Sagittal,STL,-0.754116486202505,2.8786102886212047e-16,82
subject_629,80,Sagittal,STR,-0.6962719404054217,3.8020123777606683e-13,82
subject_629,80,Sagittal,UTL,-0.022667592333940684,0.8398084245312313,82
subject_629,80,Sagittal,UTR,0.05530217563952972,0.6216788089218007,82
subject_629,80,Frontal,MTL,0.12402917826344052,0.26692024786646923,82
subject_629,80,Frontal,MTR,-0.1668960083030302,0.13396737235903788,82
subject_629,80,Frontal,SCML,-0.6587864141697906,1.7230835122726363e-11,82
subject_629,80,Frontal,SCMR,-0.651110060299522,3.5239934022600397e-11,82
subject_629,80,Frontal,STL,0.47274264677462974,7.304463395920652e-06,82
subject_629,80,Frontal,STR,0.3300832164215486,0.0024576236867363487,82
subject_629,80,Frontal,UTL,-0.3209405927108917,0.0032840675576442735,82
subject_629,80,Frontal,UTR,-0.3864052285258787,0.000336219940795759,82
subject_629,80,Horizontal,MTL,0.10897668569631627,0.3297673502998355,82
subject_629,80,Horizontal,MTR,0.1422864500095704,0.2022464441165481,82
subject_629,80,Horizontal,SCML,-0.3910057564523411,0.00028114659101112743,82
subject_629,80,Horizontal,SCMR,-0.5366399817657292,2.0264365037355535e-07,82
subject_629,80,Horizontal,STL,0.6448127214213437,6.243156695116616e-11,82
subject_629,80,Horizontal,STR,0.6180065206015275,6.184433067961885e-10,82
subject_629,80,Horizontal,UTL,0.10607288059408013,0.34289325235306384,82
subject_629,80,Horizontal,UTR,0.12135985456205052,0.27743057372082564,82
subject_629,90,Sagittal,MTL,-0.07571652512122444,0.4989848704166723,82
subject_629,90,Sagittal,MTR,-0.0857781082053453,0.4435317534327219,82
subject_629,90,Sagittal,SCML,0.3617529585126602,0.0008396487396416955,82
subject_629,90,Sagittal,SCMR,0.7487108051336863,6.114158896652593e-16,82
subject_629,90,Sagittal,STL,-0.7034732937869697,1.7080660802992376e-13,82
subject_629,90,Sagittal,STR,-0.6343550846815409,1.5681883932003692e-10,82
subject_629,90,Sagittal,UTL,0.02707233603736456,0.8092209852909009,82
subject_629,90,Sagittal,UTR,-0.012223295535264933,0.9132092757578383,82
subject_629,90,Frontal,MTL,-0.04815405842024889,0.6674803391055719,82
subject_629,90,Frontal,MTR,-0.05399884449661969,0.6299300319109356,82
subject_629,90,Frontal,SCML,-0.3809579223210633,0.00041415191957225675,82
subject_629,90,Frontal,SCMR,-0.4542794551149386,1.8113404746595212e-05,82
subject_629,90,Frontal,STL,0.5088889489031195,1.0516026155272014e-06,82
subject_629,90,Frontal,STR,0.3805799013310492,0.0004201308426911202,82
subject_629,90,Frontal,UTL,-0.18776011788619998,0.09118162872555086,82
subject_629,90,Frontal,UTR,-0.11142895644105905,0.3189346565827017,82
subject_629,90,Horizontal,MTL,0.13182880826131202,0.23776372588962144,82
subject_629,90,Horizontal,MTR,0.24858717107916994,0.024324152512077913,82
subject_629,90,Horizontal,SCML,-0.1851247503974873,0.0958995442740329,82
subject_629,90,Horizontal,SCMR,-0.663226825068294,1.1283089023439348e-11,82
subject_629,90,Horizontal,STL,0.5389737203875364,1.7524114613877396e-07,82
subject_629,90,Horizontal,STR,0.45283045280285034,1.9408813126011637e-05,82
subject_629,90,Horizontal,UTL,-0.00879012934537613,0.9375277542516498,82
subject_629,90,Horizontal,UTR,0.05343473365215489,0.6335155207006936,82
subject_630,10,Sagittal,MTL,-0.06446754418356508,0.4975270080745405,113
subject_630,10,Sagittal,MTR,0.016892687749853114,0.8590467066903524,113
subject_630,10,Sagittal,SCML,-0.19947711687228928,0.03415546658819478,113
subject_630,10,Sagittal,SCMR,0.04351946416235503,0.6471740923358367,113
subject_630,10,Sagittal,STL,-0.24918578649545636,0.007778152249655216,113
subject_630,10,Sagittal,STR,0.11558728381911379,0.22279141110374157,113
subject_630,10,Sagittal,UTL,0.0697447165875939,0.4629196631288124,113
subject_630,10,Sagittal,UTR,-0.12039983560930963,0.20399066174562128,113
subject_630,10,Frontal,MTL,-0.05612624148157388,0.554880862707438,113
subject_630,10,Frontal,MTR,-0.1115722638255487,0.23938720344240738,113
subject_630,10,Frontal,SCML,-0.2272965852670021,0.015473183296694235,113
subject_630,10,Frontal,SCMR,0.04302250001486554,0.6509375682935111,113
subject_630,10,Frontal,STL,-0.17099076593310206,0.07017066264740923,113
subject_630,10,Frontal,STR,0.15783804868848655,0.09498477159216855,113
subject_630,10,Frontal,UTL,-0.07054144544557323,0.45781234383471703,113
subject_630,10,Frontal,UTR,-0.08852643944369247,0.3511205128111797,113
subject_630,10,Horizontal,MTL,-0.05686689683536109,0.5496620741381057,113
subject_630,10,Horizontal,MTR,-0.042347689132715714,0.6560619329152731,113
subject_630,10,Horizontal,SCML,0.03387815130617257,0.7216699600416334,113
subject_630,10,Horizontal,SCMR,-0.1633410866547606,0.08386929443932742,113
subject_630,10,Horizontal,STL,-0.13914240715035162,0.14161094131721216,113
subject_630,10,Horizontal,STR,-0.13188280329902893,0.16379042425839377,113
subject_630,10,Horizontal,UTL,-0.007259603851322693,0.9391695964604448,113
subject_630,10,Horizontal,UTR,-0.0895351141663132,0.3456375596555892,113
subject_630,20,Sagittal,MTL,-0.14226074365241992,0.13458133353549553,112
subject_630,20,Sagittal,MTR,0.08186677274521376,0.39082702916583506,112
subject_630,20,Sagittal,SCML,-0.27245367384538177,0.003658210523771121,112
subject_630,20,Sagittal,SCMR,-0.16902625348629538,0.07481770737157266,112
subject_630,20,Sagittal,STL,-0.27508904712133253,0.00333048908838273,112
subject_630,20,Sagittal,STR,-0.21488723884883112,0.022888578868138363,112
subject_630,20,Sagittal,UTL,-0.2557300342650772,0.006499842545152684,112
subject_630,20,Sagittal,UTR,-0.2442991026806405,0.00943511044953415,112
subject_630,20,Frontal,MTL,-0.03323549130326133,0.7279290776509695,112
subject_630,20,Frontal,MTR,0.20553640007576368,0.029700753536303866,112
subject_630,20,Frontal,SCML,-0.11518609100070812,0.22652089948408272,112
subject_630,20,Frontal,SCMR,-0.15442748137549128,0.1040048460217766,112
subject_630,20,Frontal,STL,-0.20048695646136147,0.03404640560278929,112
subject_630,20,Frontal,STR,-0.1372754030662519,0.1489272961652906,112
subject_630,20,Frontal,UTL,-0.13115729413663224,0.1680708360004315,112
subject_630,20,Frontal,UTR,-0.13378621081206707,0.1596329696862704,112
subject_630,20,Horizontal,MTL,-0.09098611108032464,0.34004063540926077,112
subject_630,20,Horizontal,MTR,0.007519513312423525,0.9372812671453009,112
subject_630,20,Horizontal,SCML,-0.12707977497995754,0.18180478019673718,112
subject_630,20,Horizontal,SCMR,-0.10677708903641404,0.26247845346792775,112
subject_630,20,Horizontal,STL,-0.25491150129115747,0.006679228379655545,112
subject_630,20,Horizontal,STR,-0.2308490586914022,0.01433163835631851,112
subject_630,20,Horizontal,UTL,-0.10376928371144463,0.27623619558136064,112
subject_630,20,Horizontal,UTR,-0.10752904036765641,0.25911324455315254,112
subject_630,30,Sagittal,MTL,0.0013520625659831562,0.9886601896994386,113
subject_630,30,Sagittal,MTR,0.06710645225451094,0.48005350326044977,113
subject_630,30,Sagittal,SCML,-0.28558872567195237,0.00216783764768954,113
subject_630,30,Sagittal,SCMR,-0.08160939275819964,0.3901702564319159,113
subject_630,30,Sagittal,STL,-0.26052865990815843,0.005320433997124708,113
subject_630,30,Sagittal,STR,-0.07348046149414582,0.43924452961872706,113
subject_630,30,Sagittal,UTL,-0.193929920943731,0.039574330159459985,113
subject_630,30,Sagittal,UTR,0.059617681225779734,0.5304910786605536,113
subject_630,30,Frontal,MTL,-0.010982540896781417,0.9080873202531029,113
subject_630,30,Frontal,MTR,0.2342776906989107,0.012504498863257454,113
subject_630,30,Frontal,SCML,0.05759916060301953,0.5445259889144188,113
subject_630,30,Frontal,SCMR,-0.27658386954190073,0.003021771833831171,113
subject_630,30,Frontal,STL,0.005185741115171977,0.9565267482230071,113
subject_630,30,Frontal,STR,0.03162090972988093,0.7395263281198615,113
subject_630,30,Frontal,UTL,0.018469385818898076,0.8460460088225203,113
subject_630,30,Frontal,UTR,-0.004668268010260973,0.9608612191799898,113
subject_630,30,Horizontal,MTL,-0.07596160351743977,0.4239071886503468,113
subject_630,30,Horizontal,MTR,-0.12153856562790365,0.1997138088416805,113
subject_630,30,Horizontal,SCML,-0.334231055476735,0.00029683387879763696,113
subject_630,30,Horizontal,SCMR,0.17910946513585801,0.05767369097709368,113
subject_630,30,Horizontal,STL,-0.34382620539472736,0.00019252581325021327,113
subject_630,30,Horizontal,STR,-0.1671155277383675,0.07686482452300172,113
subject_630,30,Horizontal,UTL,-0.16471674025886943,0.08125960468905205,113
subject_630,30,Horizontal,UTR,0.19350219001284658,0.040020498067941314,113
subject_630,40,Sagittal,MTL,0.10532363624498976,0.2668920207714017,113
subject_630,40,Sagittal,MTR,-0.001157975794690359,0.9902879183357964,113
subject_630,40,Sagittal,SCML,-0.449847515701288,5.773044821375243e-07,113
subject_630,40,Sagittal,SCMR,-0.13566573173018714,0.15193076457885252,113
subject_630,40,Sagittal,STL,-0.0910940958489749,0.33726978113819805,113
subject_630,40,Sagittal,STR,0.13269776674289518,0.1611790453366596,113
subject_630,40,Sagittal,UTL,-0.033127496721074186,0.7275921263047825,113
subject_630,40,Sagittal,UTR,-0.207992273933685,0.02706075089801488,113
subject_630,40,Frontal,MTL,-0.059564581810157564,0.530857948778333,113
subject_630,40,Frontal,MTR,-0.0750648610430784,0.42941447270114264,113
subject_630,40,Frontal,SCML,-0.272413328497733,0.0035114179719894184,113
subject_630,40,Frontal,SCMR,-0.22578740082621357,0.01618995807393204,113
subject_630,40,Frontal,STL,0.009680876152490912,0.9189413896201,113
subject_630,40,Frontal,STR,0.23537581917275374,0.012085969190049969,113
subject_630,40,Frontal,UTL,0.031876188275140015,0.7374997287993545,113
subject_630,40,Frontal,UTR,-0.2274407639443918,0.015406170911102595,113
subject_630,40,Horizontal,MTL,-0.024690730823115726,0.7951820773921591,113
subject_630,40,Horizontal,MTR,0.06995707066549456,0.46155534216004396,113
subject_630,40,Horizontal,SCML,-0.22838926011382046,0.014971571286924754,113
subject_630,40,Horizontal,SCMR,-0.1913531638791469,0.04232633676182907,113
subject_630,40,Horizontal,STL,-0.12551121501750495,0.18529965947100818,113
subject_630,40,Horizontal,STR,-0.1337414586252102,0.15788021565452245,113
subject_630,40,Horizontal,UTL,0.008230243607705244,0.9310551322451355,113
subject_630,40,Horizontal,UTR,-0.057611705253936704,0.5444382063311144,113
subject_630,50,Sagittal,MTL,-0.20460265484083598,0.030466899962818327,112
subject_630,50,Sagittal,MTR,-0.3418093201108612,0.00022555426371213163,112
subject_630,50,Sagittal,SCML,-0.42998210902128325,2.2292665026149237e-06,112
subject_630,50,Sagittal,SCMR,-0.14837196395505628,0.11846228288400765,112
subject_630,50,Sagittal,STL,-0.281421169630091,0.0026482497463739684,112
subject_630,50,Sagittal,STR,-0.013663973896161738,0.8862978269332953,112
subject_630,50,Sagittal,UTL,-0.11317528897473957,0.23478629265093942,112
subject_630,50,Sagittal,UTR,-0.25577825280997957,0.006489409767274003,112
subject_630,50,Frontal,MTL,-0.07684730083674311,0.42062144478961794,112
subject_630,50,Frontal,MTR,-0.23122883912866898,0.014167694618652938,112
subject_630,50,Frontal,SCML,-0.38531170932562114,2.7265559733194467e-05,112
subject_630,50,Frontal,SCMR,-0.11274720585258659,0.2365727801564819,112
subject_630,50,Frontal,STL,-0.0985306045318366,0.30133752689527354,112
subject_630,50,Frontal,STR,0.1474524384885351,0.12078736592993818,112
subject_630,50,Frontal,UTL,-0.022489707551522572,0.8139228335812478,112
subject_630,50,Frontal,UTR,-0.28779657631669525,0.0020912446328090117,112
subject_630,50,Horizontal,MTL,,,112
subject_630,50,Horizontal,MTR,,,112
subject_630,50,Horizontal,SCML,,,112
subject_630,50,Horizontal,SCMR,,,112
subject_630,50,Horizontal,STL,,,112
subject_630,50,Horizontal,STR,,,112
subject_630,50,Horizontal,UTL,,,112
subject_630,50,Horizontal,UTR,,,112
subject_630,60,Sagittal,MTL,-0.17243821124722086,0.06779471535842384,113
subject_630,60,Sagittal,MTR,0.02850730536342196,0.7643843523748992,113
subject_630,60,Sagittal,SCML,-0.3508670881142913,0.00013887272214483482,113
subject_630,60,Sagittal,SCMR,-0.025615259891770454,0.7876906787204403,113
subject_630,60,Sagittal,STL,-0.0061972402963960775,0.9480579804823867,113
subject_630,60,Sagittal,STR,0.0685311489443133,0.47075892901402755,113
subject_630,60,Sagittal,UTL,-0.09639290844352733,0.3097984396629197,113
subject_630,60,Sagittal,UTR,-0.12404809326619483,0.19051738894739442,113
subject_630,60,Frontal,MTL,-0.10530672859268733,0.2669692389936897,113
subject_630,60,Frontal,MTR,0.009730996878189771,0.9185231637278524,113
subject_630,60,Frontal,SCML,-0.3725719299798005,4.828675535179688e-05,113
subject_630,60,Frontal,SCMR,-0.01271773849426782,0.893644815074985,113
subject_630,60,Frontal,STL,0.1588753846746033,0.09280489170391339,113
subject_630,60,Frontal,STR,0.04923306341341557,0.6045630322447817,113
subject_630,60,Frontal,UTL,-0.15771922662966986,0.09523702835670726,113
subject_630,60,Frontal,UTR,-0.3104284350646282,0.0008190405902454441,113
subject_630,60,Horizontal,MTL,0.03206459929795675,0.7360051286646198,113
subject_630,60,Horizontal,MTR,0.26326723634111854,0.0048424396132333266,113
subject_630,60,Horizontal,SCML,-0.1670734384472483,0.07694025392802213,113
subject_630,60,Horizontal,SCMR,0.19913803774520505,0.034467731676150845,113
subject_630,60,Horizontal,STL,0.14175928110675615,0.13420040950427028,113
subject_630,60,Horizontal,STR,-0.06244158810654734,0.5111650949357416,113
subject_630,60,Horizontal,UTL,0.030376988808590598,0.7494268504050788,113
subject_630,60,Horizontal,UTR,-0.08100530348957494,0.39369990503950836,113
subject_630,70,Sagittal,MTL,-0.13831847940649622,0.14400721033259034,113
subject_630,70,Sagittal,MTR,0.07316542823695338,0.4412141640153909,113
subject_630,70,Sagittal,SCML,-0.7663517312956788,4.5626579024416823e-23,113
subject_630,70,Sagittal,SCMR,-0.7236333359148854,1.3819651664649447e-19,113
subject_630,70,Sagittal,STL,-0.3206236235049908,0.0005356713067780827,113
subject_630,70,Sagittal,STR,-0.19420802297189912,0.039286480734829154,113
subject_630,70,Sagittal,UTL,-0.5922689142519227,4.859503629082859e-12,113
subject_630,70,Sagittal,UTR,-0.538037547117048,7.958784357520656e-10,113
subject_630,70,Frontal,MTL,-0.11533518535592059,0.22380890638877873,113
subject_630,70,Frontal,MTR,0.10340058224737828,0.27577199737251556,113
subject_630,70,Frontal,SCML,-0.7602934236170346,1.5731319314498764e-22,113
subject_630,70,Frontal,SCMR,-0.7679055725598197,3.3016205412697867e-23,113
subject_630,70,Frontal,STL,-0.32985978752069606,0.00035989258283839766,113
subject_630,70,Frontal,STR,-0.24160782682436954,0.009934998148082377,113
subject_630,70,Frontal,UTL,-0.670572451721223,4.487143915570385e-16,113
subject_630,70,Frontal,UTR,-0.6307756028624507,7.002996852722268e-14,113
subject_630,70,Horizontal,MTL,-0.12866495018443339,0.17440897905151603,113
subject_630,70,Horizontal,MTR,0.17118980660132238,0.06984000007183504,113
subject_630,70,Horizontal,SCML,-0.6613160363293124,1.55517791903757e-15,113
subject_630,70,Horizontal,SCMR,-0.6853044168721728,5.646223186940318e-17,113
subject_630,70,Horizontal,STL,-0.4388783258409698,1.1590519672780673e-06,113
subject_630,70,Horizontal,STR,-0.32984023246433136,0.0003602005485503879,113
subject_630,70,Horizontal,UTL,-0.6193363703793066,2.6221255967785707e-13,113
subject_630,70,Horizontal,UTR,-0.5702692283598191,4.300739731636023e-11,113
subject_630,80,Sagittal,MTL,-0.012354134639143362,0.8971344723650273,112
subject_630,80,Sagittal,MTR,-0.24140914186780216,0.010340893226623368,112
subject_630,80,Sagittal,SCML,-0.21001129750107098,0.02625196843566736,112
subject_630,80,Sagittal,SCMR,-0.3715141842465535,5.507959009958322e-05,112
subject_630,80,Sagittal,STL,0.15435475207436256,0.10416988043219913,112
subject_630,80,Sagittal,STR,0.21203435448346347,0.024808537712310084,112
subject_630,80,Sagittal,UTL,0.27048721422805666,0.003921286429801974,112
subject_630,80,Sagittal,UTR,0.3565345712124831,0.00011409557217630255,112
subject_630,80,Frontal,MTL,-0.10573850780298513,0.26717518001402835,112
subject_630,80,Frontal,MTR,-0.15969718875456904,0.09258266377618347,112
subject_630,80,Frontal,SCML,-0.19853205889311995,0.035867082647503955,112
subject_630,80,Frontal,SCMR,-0.31965071328563016,0.0005914420900467517,112
subject_630,80,Frontal,STL,-0.12316934060444693,0.195730704554538,112
subject_630,80,Frontal,STR,0.003845036647381277,0.9679052271281094,112
subject_630,80,Frontal,UTL,0.21442487703562924,0.023190815394406965,112
subject_630,80,Frontal,UTR,0.1990447304461041,0.035381863970387006,112
subject_630,80,Horizontal,MTL,0.05769463220532525,0.545686454354331,112
subject_630,80,Horizontal,MTR,-0.12164530886664962,0.2013618175929196,112
subject_630,80,Horizontal,SCML,-0.008341392607998831,0.9304424478556963,112
subject_630,80,Horizontal,SCMR,-0.25302224244263116,0.00711012531111835,112
subject_630,80,Horizontal,STL,-0.08202369397865518,0.38991644531594616,112
subject_630,80,Horizontal,STR,0.0090365086586654,0.9246623508202156,112
subject_630,80,Horizontal,UTL,0.07785299767465576,0.4145487631077774,112
subject_630,80,Horizontal,UTR,0.16126692375464408,0.08937950162873944,112
subject_630,90,Sagittal,MTL,-0.29038861900786783,0.0018968600356074014,112
subject_630,90,Sagittal,MTR,-0.30035278028418966,0.0012926530626023185,112
subject_630,90,Sagittal,SCML,-0.2750898819783822,0.0033303895901816098,112
subject_630,90,Sagittal,SCMR,-0.17262830829514098,0.06874055608214345,112
subject_630,90,Sagittal,STL,0.23230101636230693,0.013713633880721264,112
subject_630,90,Sagittal,STR,-0.2628940000376475,0.005103398691194711,112
subject_630,90,Sagittal,UTL,-0.4110901309986438,6.7168351090609914e-06,112
subject_630,90,Sagittal,UTR,-0.33017341797506555,0.0003775890066650604,112
subject_630,90,Frontal,MTL,-0.4376077878536213,1.4011277541034599e-06,112
subject_630,90,Frontal,MTR,-0.4128961799607669,6.061978626540174e-06,112
subject_630,90,Frontal,SCML,-0.38867700393721505,2.2857501200862576e-05,112
subject_630,90,Frontal,SCMR,-0.08780113179329609,0.357282766830837,112
subject_630,90,Frontal,STL,0.20639249283384928,0.02901274123439675,112
subject_630,90,Frontal,STR,-0.3892541552679031,2.2172266435615568e-05,112
subject_630,90,Frontal,UTL,-0.45329147814259396,5.1994041809201e-07,112
subject_630,90,Frontal,UTR,-0.47455076798399326,1.2502330451832488e-07,112
subject_630,90,Horizontal,MTL,-0.05894032888835196,0.537033476875996,112
subject_630,90,Horizontal,MTR,-0.27681695097302017,0.0031301824379941154,112
subject_630,90,Horizontal,SCML,-0.11669997283653205,0.2204346983296212,112
subject_630,90,Horizontal,SCMR,-0.07883084506795174,0.40869356932993317,112
subject_630,90,Horizontal,STL,0.04541611957365613,0.6344359881597961,112
subject_630,90,Horizontal,STR,-0.2059557292512285,0.029362043453857307,112
subject_630,90,Horizontal,UTL,-0.25689960104478016,0.006250943149441831,112
subject_630,90,Horizontal,UTR,-0.23381586877698832,0.013093730259497203,112
subject_631,10,Sagittal,MTL,-0.1803093462987586,0.05489254649353224,114
subject_631,10,Sagittal,MTR,0.09046227893072384,0.33847002471982224,114
subject_631,10,Sagittal,SCML,0.5501387595263226,2.2943607235594398e-10,114
subject_631,10,Sagittal,SCMR,0.4408754407117185,9.141659702222922e-07,114
subject_631,10,Sagittal,STL,-0.3227504574728488,0.00046131674368326235,114
subject_631,10,Sagittal,STR,-0.05592753057126408,0.5545039320628337,114
subject_631,10,Sagittal,UTL,-0.1711640737072959,0.06862909002494698,114
subject_631,10,Sagittal,UTR,-0.063929644088794,0.49919871363447055,114
subject_631,10,Frontal,MTL,0.2213120035452401,0.017964627597302527,114
subject_631,10,Frontal,MTR,0.2274031596061183,0.014965553988566837,114
subject_631,10,Frontal,SCML,-0.17055236970458873,0.06963937453673483,114
subject_631,10,Frontal,SCMR,-0.04872924848702535,0.6066521475891864,114
subject_631,10,Frontal,STL,0.2274031596061183,0.014965553988566837,114
subject_631,10,Frontal,STR,-0.2274031596061183,0.014965553988566837,114
subject_631,10,Frontal,UTL,0.22334238889886618,0.016911843704661426,114
subject_631,10,Frontal,UTR,0.2274031596061183,0.014965553988566837,114
subject_631,10,Horizontal,MTL,0.1529385757174081,0.10426632776888119,114
subject_631,10,Horizontal,MTR,0.15865590565076912,0.09179397141594269,114
subject_631,10,Horizontal,SCML,-0.1557972406840886,0.09787363621153769,114
subject_631,10,Horizontal,SCMR,-0.12435192605060286,0.1874347483017787,114
subject_631,10,Horizontal,STL,0.16151457061744964,0.08601760181976988,114
subject_631,10,Horizontal,STR,-0.16151457061744964,0.08601760181976988,114
subject_631,10,Horizontal,UTL,0.1557972406840886,0.09787363621153769,114
subject_631,10,Horizontal,UTR,0.16151457061744964,0.08601760181976988,114
subject_631,20,Sagittal,MTL,-0.17582646037969407,0.06131330961936014,114
subject_631,20,Sagittal,MTR,0.16593860526679957,0.07765318280860031,114
subject_631,20,Sagittal,SCML,0.4204732791482829,3.1970690994280825e-06,114
subject_631,20,Sagittal,SCMR,0.3978642328609963,1.1673890277281463e-05,114
subject_631,20,Sagittal,STL,-0.11571894293108527,0.2201808579973542,114
subject_631,20,Sagittal,STR,-0.01814842644711978,0.8480144516650887,114
subject_631,20,Sagittal,UTL,0.08262788342098146,0.3821196153346732,114
subject_631,20,Sagittal,UTR,-0.10787960309270078,0.25325340527727325,114
subject_631,20,Frontal,MTL,,,114
subject_631,20,Frontal,MTR,,,114
subject_631,20,Frontal,SCML,,,114
subject_631,20,Frontal,SCMR,,,114
subject_631,20,Frontal,STL,,,114
subject_631,20,Frontal,STR,,,114
subject_631,20,Frontal,UTL,,,114
subject_631,20,Frontal,UTR,,,114
subject_631,20,Horizontal,MTL,,,114
subject_631,20,Horizontal,MTR,,,114
subject_631,20,Horizontal,SCML,,,114
subject_631,20,Horizontal,SCMR,,,114
subject_631,20,Horizontal,STL,,,114
subject_631,20,Horizontal,STR,,,114
subject_631,20,Horizontal,UTL,,,114
subject_631,20,Horizontal,UTR,,,114
subject_631,30,Sagittal,MTL,0.12466815571186203,0.1863065633026516,114
subject_631,30,Sagittal,MTR,-0.0926943100790964,0.32663659249743,114
subject_631,30,Sagittal,SCML,0.5298961489026982,1.3391291625899884e-09,114
subject_631,30,Sagittal,SCMR,0.4103182294155724,5.786919835775036e-06,114
subject_631,30,Sagittal,STL,-0.23907057538589743,0.010415982131801331,114
subject_631,30,Sagittal,STR,0.006838139785994141,0.9424367285595026,114
subject_631,30,Sagittal,UTL,0.04786697850195899,0.6130412114994087,114
subject_631,30,Sagittal,UTR,-0.009856470813727217,0.9171050388750716,114
subject_631,30,Frontal,MTL,,,114
subject_631,30,Frontal,MTR,,,114
subject_631,30,Frontal,SCML,,,114
subject_631,30,Frontal,SCMR,,,114
subject_631,30,Frontal,STL,,,114
subject_631,30,Frontal,STR,,,114
subject_631,30,Frontal,UTL,,,114
subject_631,30,Frontal,UTR,,,114
subject_631,30,Horizontal,MTL,,,114
subject_631,30,Horizontal,MTR,,,114
subject_631,30,Horizontal,SCML,,,114
subject_631,30,Horizontal,SCMR,,,114
subject_631,30,Horizontal,STL,,,114
subject_631,30,Horizontal,STR,,,114
subject_631,30,Horizontal,UTL,,,114
subject_631,30,Horizontal,UTR,,,114
subject_631,40,Sagittal,MTL,-0.30428901087793925,0.000996443487884934,114
subject_631,40,Sagittal,MTR,-0.5491713991854095,2.502909324079161e-10,114
subject_631,40,Sagittal,SCML,0.7257107341931875,6.639561288666779e-20,114
subject_631,40,Sagittal,SCMR,0.3596214884076005,8.505225157374728e-05,114
subject_631,40,Sagittal,STL,-0.2964409648525551,0.0013621834947874518,114
subject_631,40,Sagittal,STR,-0.4055838493490373,7.581352867853022e-06,114
subject_631,40,Sagittal,UTL,-0.409649654277172,6.013406208825512e-06,114
subject_631,40,Sagittal,UTR,-0.5419863921175366,4.73527241151841e-10,114
subject_631,40,Frontal,MTL,,,114
subject_631,40,Frontal,MTR,,,114
subject_631,40,Frontal,SCML,,,114
subject_631,40,Frontal,SCMR,,,114
subject_631,40,Frontal,STL,,,114
subject_631,40,Frontal,STR,,,114
subject_631,40,Frontal,UTL,,,114
subject_631,40,Frontal,UTR,,,114
subject_631,40,Horizontal,MTL,,,114
subject_631,40,Horizontal,MTR,,,114
subject_631,40,Horizontal,SCML,,,114
subject_631,40,Horizontal,SCMR,,,114
subject_631,40,Horizontal,STL,,,114
subject_631,40,Horizontal,STR,,,114
subject_631,40,Horizontal,UTL,,,114
subject_631,40,Horizontal,UTR,,,114
subject_631,50,Sagittal,MTL,0.024425306460917527,0.7973362725926927,113
subject_631,50,Sagittal,MTR,-0.07173752041846537,0.4502039766908337,113
subject_631,50,Sagittal,SCML,0.6494578979540412,7.180388730489884e-15,113
subject_631,50,Sagittal,SCMR,0.23274085559988636,0.013111464797481443,113
subject_631,50,Sagittal,STL,-0.00357957077444481,0.9699839670857616,113
subject_631,50,Sagittal,STR,-0.09075694448532337,0.3390684542746848,113
subject_631,50,Sagittal,UTL,0.11847820626916908,0.2113563007215377,113
subject_631,50,Sagittal,UTR,-0.09787741119991529,0.3023713076250838,113
subject_631,50,Frontal,MTL,,,113
subject_631,50,Frontal,MTR,,,113
subject_631,50,Frontal,SCML,,,113
subject_631,50,Frontal,SCMR,,,113
subject_631,50,Frontal,STL,,,113
subject_631,50,Frontal,STR,,,113
subject_631,50,Frontal,UTL,,,113
subject_631,50,Frontal,UTR,,,113
subject_631,50,Horizontal,MTL,,,113
subject_631,50,Horizontal,MTR,,,113
subject_631,50,Horizontal,SCML,,,113
subject_631,50,Horizontal,SCMR,,,113
subject_631,50,Horizontal,STL,,,113
subject_631,50,Horizontal,STR,,,113
subject_631,50,Horizontal,UTL,,,113
subject_631,50,Horizontal,UTR,,,113
subject_631,60,Sagittal,MTL,0.1789343174888559,0.05792260002353669,113
subject_631,60,Sagittal,MTR,0.2944142764783078,0.0015490516877081997,113
subject_631,60,Sagittal,SCML,0.770870803885304,1.7683489888955074e-23,113
subject_631,60,Sagittal,SCMR,0.19663490239826162,0.03684817486981106,113
subject_631,60,Sagittal,STL,0.03015814637045142,0.7511729182759885,113
subject_631,60,Sagittal,STR,-0.36135967932633245,8.412610093438151e-05,113
subject_631,60,Sagittal,UTL,0.34120976737085384,0.0002169518791526272,113
subject_631,60,Sagittal,UTR,0.3505593953920672,0.0001408921459035285,113
subject_631,60,Frontal,MTL,,,113
subject_631,60,Frontal,MTR,,,113
subject_631,60,Frontal,SCML,,,113
subject_631,60,Frontal,SCMR,,,113
subject_631,60,Frontal,STL,,,113
subject_631,60,Frontal,STR,,,113
subject_631,60,Frontal,UTL,,,113
subject_631,60,Frontal,UTR,,,113
subject_631,60,Horizontal,MTL,,,113
subject_631,60,Horizontal,MTR,,,113
subject_631,60,Horizontal,SCML,,,113
subject_631,60,Horizontal,SCMR,,,113
subject_631,60,Horizontal,STL,,,113
subject_631,60,Horizontal,STR,,,113
subject_631,60,Horizontal,UTL,,,113
subject_631,60,Horizontal,UTR,,,113
subject_631,70,Sagittal,MTL,0.17563964958400818,0.061593656351933396,114
subject_631,70,Sagittal,MTR,0.31006560014057105,0.0007872173679510781,114
subject_631,70,Sagittal,SCML,0.62432696314242,1.1541145320028734e-13,114
subject_631,70,Sagittal,SCMR,-0.17374794292416154,0.06449192920394131,114
subject_631,70,Sagittal,STL,-0.3083949468432233,0.0008431600702537298,114
subject_631,70,Sagittal,STR,-0.604342888967276,1.0844100121513353e-12,114
subject_631,70,Sagittal,UTL,0.4477733429250027,5.875461391140917e-07,114
subject_631,70,Sagittal,UTR,0.4397686605868201,9.804785478170676e-07,114
subject_631,70,Frontal,MTL,,,114
subject_631,70,Frontal,MTR,,,114
subject_631,70,Frontal,SCML,,,114
subject_631,70,Frontal,SCMR,,,114
subject_631,70,Frontal,STL,,,114
subject_631,70,Frontal,STR,,,114
subject_631,70,Frontal,UTL,,,114
subject_631,70,Frontal,UTR,,,114
subject_631,70,Horizontal,MTL,,,114
subject_631,70,Horizontal,MTR,,,114
subject_631,70,Horizontal,SCML,,,114
subject_631,70,Horizontal,SCMR,,,114
subject_631,70,Horizontal,STL,,,114
subject_631,70,Horizontal,STR,,,114
subject_631,70,Horizontal,UTL,,,114
subject_631,70,Horizontal,UTR,,,114
subject_631,80,Sagittal,MTL,0.08034872181463527,0.39543060639532285,114
subject_631,80,Sagittal,MTR,0.22757694654471575,0.01488679311695322,114
subject_631,80,Sagittal,SCML,0.609508994527054,6.168853610972499e-13,114
subject_631,80,Sagittal,SCMR,0.08510960758740237,0.36793812441076085,114
subject_631,80,Sagittal,STL,-0.424020260195534,2.58672385867553e-06,114
subject_631,80,Sagittal,STR,-0.5768930043110201,1.8453106601661087e-11,114
subject_631,80,Sagittal,UTL,0.2548498437946087,0.006211527400985674,114
subject_631,80,Sagittal,UTR,0.4403138033519425,9.472652549918658e-07,114
subject_631,80,Frontal,MTL,0.18351105162048215,0.050653988228217234,114
subject_631,80,Frontal,MTR,-0.5457032546680081,3.4112951134727025e-10,114
subject_631,80,Frontal,SCML,0.07568352980197157,0.4235241474182128,114
subject_631,80,Frontal,SCMR,0.24835749286342643,0.007712807824829844,114
subject_631,80,Frontal,STL,-0.11816149577405465,0.2105307641371652,114
subject_631,80,Frontal,STR,-0.00973023643136429,0.9181629916374086,114
subject_631,80,Frontal,UTL,0.4991701849918508,1.576155599566417e-08,114
subject_631,80,Frontal,UTR,0.29836708444965243,0.0012625766605555782,114
subject_631,80,Horizontal,MTL,-0.14779090424197514,0.11659783710677654,114
subject_631,80,Horizontal,MTR,0.5282844562212525,1.5334629928760426e-09,114
subject_631,80,Horizontal,SCML,0.08602964984053464,0.36276390238640904,114
subject_631,80,Horizontal,SCMR,-0.10233756932694184,0.27859901801693865,114
subject_631,80,Horizontal,STL,-0.14666071321165539,0.11945081087569348,114
subject_631,80,Horizontal,STR,-0.32257740401794643,0.00046476591658887686,114
subject_631,80,Horizontal,UTL,-0.3097153387055032,0.0007986564253656093,114
subject_631,80,Horizontal,UTR,0.04727761065419071,0.6174249730928624,114
subject_631,90,Sagittal,MTL,0.4586713859566965,3.236816176859941e-07,113
subject_631,90,Sagittal,MTR,0.4707784436752916,1.4244340876072902e-07,113
subject_631,90,Sagittal,SCML,0.3244440545107454,0.00045510609613279594,113
subject_631,90,Sagittal,SCMR,-0.10588970688595094,0.2643154879447484,113
subject_631,90,Sagittal,STL,-0.026781899008595175,0.7782651380809604,113
subject_631,90,Sagittal,STR,-0.41983679598264667,3.6733521867961168e-06,113
subject_631,90,Sagittal,UTL,0.5052093266449612,1.1515174302657918e-08,113
subject_631,90,Sagittal,UTR,0.6420169878361189,1.8124102705246063e-14,113
subject_631,90,Frontal,MTL,0.3137547018910385,0.0007142551817213806,113
subject_631,90,Frontal,MTR,0.03325427770831076,0.7265907703177242,113
subject_631,90,Frontal,SCML,-0.010740776671908488,0.9101020778880372,113
subject_631,90,Frontal,SCMR,0.16053413806718048,0.08940167609152896,113
subject_631,90,Frontal,STL,0.10318056814349462,0.27680047177058076,113
subject_631,90,Frontal,STR,0.09171553460477168,0.3339703441637551,113
subject_631,90,Frontal,UTL,0.44521442377538,7.772262967614277e-07,113
subject_631,90,Frontal,UTR,0.33029900090748643,0.00035303922686693196,113
subject_631,90,Horizontal,MTL,0.05113126627377244,0.5906864953294091,113
subject_631,90,Horizontal,MTR,0.2231295735736616,0.017522391665490782,113
subject_631,90,Horizontal,SCML,0.1600934143243104,0.09029607356519351,113
subject_631,90,Horizontal,SCMR,-0.06808204066536012,0.4736782443822039,113
subject_631,90,Horizontal,STL,-0.051196020921756756,0.5902156760692203,113
subject_631,90,Horizontal,STR,-0.35667358222440093,0.00010546000626346296,113
subject_631,90,Horizontal,UTL,0.10583400044021851,0.2645682888790872,113
subject_631,90,Horizontal,UTR,0.28073630464586596,0.0025961705596390613,113
subject_632,10,Sagittal,MTL,0.096214763552027,0.2897654247273424,123
subject_632,10,Sagittal,MTR,0.07831957253492072,0.3892045150159383,123
subject_632,10,Sagittal,SCML,0.11519426820796154,0.20453026195643828,123
subject_632,10,Sagittal,SCMR,0.07244821497948774,0.4258386273698844,123
subject_632,10,Sagittal,STL,0.03715581402384815,0.6832653348639556,123
subject_632,10,Sagittal,STR,0.16489599263069657,0.06836247392778716,123
subject_632,10,Sagittal,UTL,0.20120845160212275,0.025641429037357655,123
subject_632,10,Sagittal,UTR,0.05623170211434519,0.5367327672832858,123
subject_632,10,Frontal,MTL,-0.25702748890761923,0.004106729424330535,123
subject_632,10,Frontal,MTR,-0.3362637080039634,0.00014317753238920979,123
subject_632,10,Frontal,SCML,-0.29636284802153334,0.0008735777850976273,123
subject_632,10,Frontal,SCMR,-0.21934089531294967,0.014787964387380623,123
subject_632,10,Frontal,STL,0.038927757838555205,0.6690270764052344,123
subject_632,10,Frontal,STR,0.3160745925812319,0.00036888730502926203,123
subject_632,10,Frontal,UTL,0.057846332348906716,0.5250835387840382,123
subject_632,10,Frontal,UTR,-0.27423487247817574,0.0021447014223786843,123
subject_632,10,Horizontal,MTL,,,123
subject_632,10,Horizontal,MTR,,,123
subject_632,10,Horizontal,SCML,,,123
subject_632,10,Horizontal,SCMR,,,123
subject_632,10,Horizontal,STL,,,123
subject_632,10,Horizontal,STR,,,123
subject_632,10,Horizontal,UTL,,,123
subject_632,10,Horizontal,UTR,,,123
subject_632,20,Sagittal,MTL,0.09603565660127482,0.2926789106549905,122
subject_632,20,Sagittal,MTR,0.0072748383915435515,0.9366134052085223,122
subject_632,20,Sagittal,SCML,-0.0026095940214757654,0.9772416536940459,122
subject_632,20,Sagittal,SCMR,0.15080683725765506,0.09730430420242821,122
subject_632,20,Sagittal,STL,0.2883666309004887,0.0012772904109928874,122
subject_632,20,Sagittal,STR,0.16801371259660636,0.064336529358885,122
subject_632,20,Sagittal,UTL,-0.020370413033310827,0.8237647852046692,122
subject_632,20,Sagittal,UTR,-0.21435456298128713,0.017745914501291548,122
subject_632,20,Frontal,MTL,0.07044857472678072,0.4406605971156803,122
subject_632,20,Frontal,MTR,-0.19341183665666162,0.032801097284581825,122
subject_632,20,Frontal,SCML,0.05498583221432495,0.5474794061743951,122
subject_632,20,Frontal,SCMR,0.03905475251176034,0.6693093599168678,122
subject_632,20,Frontal,STL,0.30339492394360684,0.0006811747688606558,122
subject_632,20,Frontal,STR,0.03285975569625541,0.7193642786706685,122
subject_632,20,Frontal,UTL,-0.07213915775449073,0.4297439587582318,122
subject_632,20,Frontal,UTR,-0.4262058810962166,9.847655790267832e-07,122
subject_632,20,Horizontal,MTL,-0.14846523845951465,0.10267345979306784,122
subject_632,20,Horizontal,MTR,-0.15762975935207732,0.08291597552738902,122
subject_632,20,Horizontal,SCML,-0.1173058674248017,0.19816579560845418,122
subject_632,20,Horizontal,SCMR,-0.06965035878347603,0.4458689954053393,122
subject_632,20,Horizontal,STL,-0.20711817217191553,0.022077935008095878,122
subject_632,20,Horizontal,STR,-0.0018329041785125266,0.984014104023581,122
subject_632,20,Horizontal,UTL,-0.12463748413885184,0.17136406708001523,122
subject_632,20,Horizontal,UTR,-0.2126168847074531,0.01871276995580018,122
subject_632,30,Sagittal,MTL,0.13457644911527486,0.1394412766964848,122
subject_632,30,Sagittal,MTR,-0.0003682222060483091,0.9967883017704728,122
subject_632,30,Sagittal,SCML,0.07057592282592591,0.4398328422026815,122
subject_632,30,Sagittal,SCMR,0.3839189926604256,1.2691166668201724e-05,122
subject_632,30,Sagittal,STL,0.1479341479994464,0.10392300882814233,122
subject_632,30,Sagittal,STR,0.22983728725904887,0.010874966138604478,122
subject_632,30,Sagittal,UTL,-0.08192768740667235,0.3696578315513551,122
subject_632,30,Sagittal,UTR,-0.1342117337873794,0.1405265676231403,122
subject_632,30,Frontal,MTL,-0.007831805675758667,0.931771759361007,122
subject_632,30,Frontal,MTR,0.09577827386545845,0.29398035968140757,122
subject_632,30,Frontal,SCML,0.14097947927338944,0.12140927143839571,122
subject_632,30,Frontal,SCMR,0.31145120138992527,0.0004795128085954176,122
subject_632,30,Frontal,STL,0.12078423515001886,0.18509524566511443,122
subject_632,30,Frontal,STR,0.24733505149470544,0.006021812036973432,122
subject_632,30,Frontal,UTL,0.0923804214252852,0.31152042375432665,122
subject_632,30,Frontal,UTR,-0.13436517924611174,0.14006917775311878,122
subject_632,30,Horizontal,MTL,-0.17412589695869005,0.05509015823391968,122
subject_632,30,Horizontal,MTR,-0.10814134653223909,0.23576274627394297,122
subject_632,30,Horizontal,SCML,-0.09164520892562635,0.31540352373276515,122
subject_632,30,Horizontal,SCMR,-0.06415164624793844,0.48267467287867566,122
subject_632,30,Horizontal,STL,-0.20711817217191553,0.022077935008095878,122
subject_632,30,Horizontal,STR,-0.007331616714050106,0.9361197295075314,122
subject_632,30,Horizontal,UTL,-0.06415164624793844,0.48267467287867566,122
subject_632,30,Horizontal,UTR,-0.20345236381489049,0.024599581455909982,122
subject_632,40,Sagittal,MTL,0.04213091265996492,0.6435872422586482,123
subject_632,40,Sagittal,MTR,0.010716368691902437,0.9063528018925437,123
subject_632,40,Sagittal,SCML,0.2875604699436664,0.0012595623663542884,123
subject_632,40,Sagittal,SCMR,0.5222427657365459,5.822839747087496e-10,123
subject_632,40,Sagittal,STL,0.20308239503129907,0.024270143648422497,123
subject_632,40,Sagittal,STR,0.29079734876380225,0.001102463452769158,123
subject_632,40,Sagittal,UTL,-0.1020972678962031,0.26114402659608227,123
subject_632,40,Sagittal,UTR,-0.23211476094933586,0.009783851487678642,123
subject_632,40,Frontal,MTL,-0.0076150290202681775,0.9333795208060794,123
subject_632,40,Frontal,MTR,-0.05854376448960584,0.5200915327825327,123
subject_632,40,Frontal,SCML,0.21334135802915954,0.017823913262491362,123
subject_632,40,Frontal,SCMR,0.46888740426020337,4.5022573541640914e-08,123
subject_632,40,Frontal,STL,0.2428302221049335,0.006804768156629544,123
subject_632,40,Frontal,STR,0.3513004726541537,6.774170411383024e-05,123
subject_632,40,Frontal,UTL,-0.13572041319434094,0.13445101341034224,123
subject_632,40,Frontal,UTR,-0.24610217034973436,0.0060719411976571545,123
subject_632,40,Horizontal,MTL,,,123
subject_632,40,Horizontal,MTR,,,123
subject_632,40,Horizontal,SCML,,,123
subject_632,40,Horizontal,SCMR,,,123
subject_632,40,Horizontal,STL,,,123
subject_632,40,Horizontal,STR,,,123
subject_632,40,Horizontal,UTL,,,123
subject_632,40,Horizontal,UTR,,,123
subject_632,50,Sagittal,MTL,-0.034189028844427274,0.7073533959359037,123
subject_632,50,Sagittal,MTR,0.003969474096834891,0.9652437652287044,123
subject_632,50,Sagittal,SCML,0.24167739217621334,0.007081079522324289,123
subject_632,50,Sagittal,SCMR,0.4651948699561708,5.92307448359265e-08,123
subject_632,50,Sagittal,STL,0.24148836960017356,0.007127321704027245,123
subject_632,50,Sagittal,STR,0.28207667183707413,0.0015729104501232885,123
subject_632,50,Sagittal,UTL,-0.22336625971912563,0.01301280917168478,123
subject_632,50,Sagittal,UTR,-0.2016527208933223,0.025310481469220908,123
subject_632,50,Frontal,MTL,0.09631076240632885,0.28928221745320054,123
subject_632,50,Frontal,MTR,-0.18360865251485345,0.042068386987618084,123
subject_632,50,Frontal,SCML,0.08390505365461674,0.3561744876693134,123
subject_632,50,Frontal,SCMR,0.4624977275313214,7.222209119980853e-08,123
subject_632,50,Frontal,STL,0.26692048016372555,0.0028412694683313706,123
subject_632,50,Frontal,STR,0.18172489975976963,0.04425889868277517,123
subject_632,50,Frontal,UTL,-0.24108913022937195,0.007225871788626426,123
subject_632,50,Frontal,UTR,-0.25275590834234957,0.004794509591336264,123
subject_632,50,Horizontal,MTL,-0.1555427542095638,0.08581284466527313,123
subject_632,50,Horizontal,MTR,-0.11219477352820993,0.21664433715543605,123
subject_632,50,Horizontal,SCML,-0.10199524866200906,0.2616233382122872,123
subject_632,50,Horizontal,SCMR,0.07649643649650678,0.4003718687415895,123
subject_632,50,Horizontal,STL,-0.14789311055991314,0.10258329777603238,123
subject_632,50,Horizontal,STR,-0.15044299177646334,0.09672858618031092,123
subject_632,50,Horizontal,UTL,-0.15299287299301356,0.09114102516270511,123
subject_632,50,Horizontal,UTR,-0.14024346691026243,0.12182685421679175,123
subject_632,60,Sagittal,MTL,-0.07986226060456848,0.3818871774154673,122
subject_632,60,Sagittal,MTR,-0.07337952949086639,0.421834112590338,122
subject_632,60,Sagittal,SCML,0.4021038641179756,4.411872667735573e-06,122
subject_632,60,Sagittal,SCMR,0.34077794017038826,0.00012258994339563498,122
subject_632,60,Sagittal,STL,0.0050294595233776685,0.9561538745817375,122
subject_632,60,Sagittal,STR,0.3583276193996247,5.066674585563446e-05,122
subject_632,60,Sagittal,UTL,0.29422694405776595,0.0010035960544541873,122
subject_632,60,Sagittal,UTR,0.020701996281778334,0.8209437422289269,122
subject_632,60,Frontal,MTL,0.009138263683583026,0.9204249720711879,122
subject_632,60,Frontal,MTR,-0.2132371361069416,0.018362560040630267,122
subject_632,60,Frontal,SCML,0.15313913996671108,0.09217925005043462,122
subject_632,60,Frontal,SCMR,0.379120785641983,1.6600236687778247e-05,122
subject_632,60,Frontal,STL,-0.05213496588710829,0.5684678067281619,122
subject_632,60,Frontal,STR,0.19447367401625126,0.03183658717201702,122
subject_632,60,Frontal,UTL,0.06520898015556782,0.47547329664374527,122
subject_632,60,Frontal,UTR,-0.10023532977930132,0.2719830971465422,122
subject_632,60,Horizontal,MTL,-0.15617376188860604,0.08583407893623045,122
subject_632,60,Horizontal,MTR,-0.11745299447820787,0.1975997821364189,122
subject_632,60,Horizontal,SCML,-0.06066253560962384,0.5068480657980083,122
subject_632,60,Horizontal,SCMR,0.07873222706780966,0.3886805695082306,122
subject_632,60,Horizontal,STL,-0.13810407043042025,0.12927051795530545,122
subject_632,60,Horizontal,STR,-0.15101099290055298,0.09684689348738837,122
subject_632,60,Horizontal,UTL,-0.15617376188860604,0.08583407893623045,122
subject_632,60,Horizontal,UTR,-0.14842960840652641,0.1027569191256403,122
subject_632,70,Sagittal,MTL,0.01766333125655419,0.8468771372479452,122
subject_632,70,Sagittal,MTR,0.21437499922239606,0.017734805800426207,122
subject_632,70,Sagittal,SCML,0.30086097104704423,0.000759144079399889,122
subject_632,70,Sagittal,SCMR,0.1956317490531715,0.030812141350636923,122
subject_632,70,Sagittal,STL,0.20517349835005375,0.023386514362852228,122
subject_632,70,Sagittal,STR,0.4111902210565762,2.5410098933427583e-06,122
subject_632,70,Sagittal,UTL,0.2330072988184011,0.009799972755742853,122
subject_632,70,Sagittal,UTR,0.04040450041412364,0.6585843327989144,122
subject_632,70,Frontal,MTL,0.01658101262871455,0.8561553762713592,122
subject_632,70,Frontal,MTR,0.3061220294296683,0.0006055259453025261,122
subject_632,70,Frontal,SCML,0.18809212552351603,0.038013048820605175,122
subject_632,70,Frontal,SCMR,0.20386081188511776,0.024306936800366816,122
subject_632,70,Frontal,STL,0.05383775038190689,0.5558860514438406,122
subject_632,70,Frontal,STR,0.3371411306430849,0.00014627798895766912,122
subject_632,70,Frontal,UTL,0.07348060817127745,0.42119327046507193,122
subject_632,70,Frontal,UTR,-0.0341177032187383,0.7090951668134539,122
subject_632,70,Horizontal,MTL,,,122
subject_632,70,Horizontal,MTR,,,122
subject_632,70,Horizontal,SCML,,,122
subject_632,70,Horizontal,SCMR,,,122
subject_632,70,Horizontal,STL,,,122
subject_632,70,Horizontal,STR,,,122
subject_632,70,Horizontal,UTL,,,122
subject_632,70,Horizontal,UTR,,,122
subject_632,80,Sagittal,MTL,-0.07163582971675671,0.43297778522066493,122
subject_632,80,Sagittal,MTR,-0.14924590465685272,0.10085816783122069,122
subject_632,80,Sagittal,SCML,0.16724579847551155,0.06558282751254682,122
subject_632,80,Sagittal,SCMR,0.11971270471515447,0.18905274815248357,122
subject_632,80,Sagittal,STL,0.09460691282642296,0.29995166020022657,122
subject_632,80,Sagittal,STR,0.2878586815914767,0.0013039586313875235,122
subject_632,80,Sagittal,UTL,0.0768789096267845,0.39997815811990073,122
subject_632,80,Sagittal,UTR,-0.01441020280807918,0.8748228110272622,122
subject_632,80,Frontal,MTL,-0.07434030540167023,0.4157656069832569,122
subject_632,80,Frontal,MTR,-0.24508084299103064,0.006513146337713518,122
subject_632,80,Frontal,SCML,0.037216722861312265,0.6840216521502824,122
subject_632,80,Frontal,SCMR,0.08620494936323211,0.34510747114873447,122
subject_632,80,Frontal,STL,0.1195348549847211,0.18971551959953084,122
subject_632,80,Frontal,STR,0.3593711814420179,4.79941167673945e-05,122
subject_632,80,Frontal,UTL,-0.17797682406350138,0.04984765006597742,122
subject_632,80,Frontal,UTR,-0.030449720311979428,0.739177281215929,122
subject_632,80,Horizontal,MTL,-0.14068545492444678,0.12219576197589134,122
subject_632,80,Horizontal,MTR,-0.09938330302002205,0.2760997286625246,122
subject_632,80,Horizontal,SCML,-0.11229022549015479,0.21816706323732024,122
subject_632,80,Horizontal,SCMR,0.07873222706780966,0.3886805695082306,122
subject_632,80,Horizontal,STL,-0.10196468751404858,0.2637557006421338,122
subject_632,80,Horizontal,STR,0.1303599169483406,0.1523831331040151,122
subject_632,80,Horizontal,UTL,-0.14326683941847332,0.11542362100117547,122
subject_632,80,Horizontal,UTR,0.001290692247013273,0.9887426961676336,122
subject_632,90,Sagittal,MTL,-0.07955294361957913,0.383739502724765,122
subject_632,90,Sagittal,MTR,-0.035060815618775255,0.7014301494732731,122
subject_632,90,Sagittal,SCML,0.1667034421659358,0.06647484038750974,122
subject_632,90,Sagittal,SCMR,0.04255257684621136,0.6416586749829942,122
subject_632,90,Sagittal,STL,0.14511369092996665,0.11076001827997203,122
subject_632,90,Sagittal,STR,0.17717701840073533,0.05090107647528067,122
subject_632,90,Sagittal,UTL,0.20640350741508987,0.02255133578716266,122
subject_632,90,Sagittal,UTR,0.14710809807681027,0.1058902117663151,122
subject_632,90,Frontal,MTL,0.059789436692744766,0.512993875897314,122
subject_632,90,Frontal,MTR,2.9133095980037124e-05,0.999745895388214,122
subject_632,90,Frontal,SCML,0.11080564962464405,0.22435292394696388,122
subject_632,90,Frontal,SCMR,0.021208893873467024,0.8166355890085181,122
subject_632,90,Frontal,STL,0.1549922324846518,0.08826183379241623,122
subject_632,90,Frontal,STR,0.40535789746623657,3.6275856059655943e-06,122
subject_632,90,Frontal,UTL,0.22275581373421813,0.013657082337012643,122
subject_632,90,Frontal,UTR,0.08524343883758863,0.350534817240246,122
subject_632,90,Horizontal,MTL,-0.1355226859363937,0.13665525289389477,122
subject_632,90,Horizontal,MTR,-0.13294130144236713,0.1443571393055284,122
subject_632,90,Horizontal,SCML,-0.12261576346626095,0.1784715324629901,122
subject_632,90,Horizontal,SCMR,0.08389499605586276,0.35823572944574406,122
subject_632,90,Horizontal,STL,-0.01677899921117255,0.854456617941807,122
subject_632,90,Horizontal,STR,0.1200343789722344,0.18785828715537828,122
subject_632,90,Horizontal,UTL,-0.07098807358573002,0.4371599357530713,122
subject_632,90,Horizontal,UTR,-0.02968592168130528,0.7454930725547021,122
