subject,pct_center,angle,muscle,r,p,n
subject_541,10,Sagittal,MTL_IMF,0.09275296225961951,0.36367401784842934,98
subject_541,10,Sagittal,MTR_IMF,0.1604016581821735,0.11462165996396328,98
subject_541,10,Sagittal,SCML_IMF,-0.028216488833363147,0.7827017238282176,98
subject_541,10,Sagittal,SCMR_IMF,0.16576688620045968,0.10283540259821829,98
subject_541,10,Sagittal,STL_IMF,0.11033987655598301,0.27943001206309553,98
subject_541,10,Sagittal,STR_IMF,-0.10824875342218972,0.2886990085332252,98
subject_541,10,Sagittal,UTL_IMF,0.10483630961355375,0.30425813155616765,98
subject_541,10,Sagittal,UTR_IMF,0.24167858485986304,0.01650949105527241,98
subject_541,10,Frontal,MTL_IMF,0.009326701675154658,0.9273758171978511,98
subject_541,10,Frontal,MTR_IMF,0.06261106377786356,0.5402290637861005,98
subject_541,10,Frontal,SCML_IMF,0.3091910848986853,0.0019493396625394263,98
subject_541,10,Frontal,SCMR_IMF,0.2861165123028465,0.004289745923834644,98
subject_541,10,Frontal,STL_IMF,0.012706169302385315,0.9011761102862043,98
subject_541,10,Frontal,STR_IMF,0.29000135848885994,0.0037728856567289795,98
subject_541,10,Frontal,UTL_IMF,0.16458074994148864,0.10535575792699688,98
subject_541,10,Frontal,UTR_IMF,0.10473820819690662,0.3047133824972195,98
subject_541,10,Horizontal,MTL_IMF,-0.08673866820581423,0.3957400122486831,98
subject_541,10,Horizontal,MTR_IMF,-0.2387569123879758,0.017904062309557434,98
subject_541,10,Horizontal,SCML_IMF,0.04314726598415468,0.6731328385291658,98
subject_541,10,Horizontal,SCMR_IMF,0.1984879266455036,0.05008237619277322,98
subject_541,10,Horizontal,STL_IMF,-0.1589389224447903,0.11800991089197625,98
subject_541,10,Horizontal,STR_IMF,0.07215308245141423,0.4801660824043617,98
subject_541,10,Horizontal,UTL_IMF,0.08899634448542487,0.3835107932276685,98
subject_541,10,Horizontal,UTR_IMF,-0.13555720170214547,0.18322780938414945,98
subject_541,20,Sagittal,MTL_IMF,0.029789265788142647,0.7709139719613806,98
subject_541,20,Sagittal,MTR_IMF,-0.18764129008284616,0.0642860277211016,98
subject_541,20,Sagittal,SCML_IMF,-0.05465353776025993,0.592995453893672,98
subject_541,20,Sagittal,SCMR_IMF,0.0597564753034299,0.5588896365785633,98
subject_541,20,Sagittal,STL_IMF,0.2498709797755926,0.013088438097810996,98
subject_541,20,Sagittal,STR_IMF,0.08844297501951413,0.3864869711555883,98
subject_541,20,Sagittal,UTL_IMF,-0.3775816576154863,0.00012669290512352368,98
subject_541,20,Sagittal,UTR_IMF,-0.25993886927055354,0.00974236907652135,98
subject_541,20,Frontal,MTL_IMF,0.10486319591575506,0.3041334402248256,98
subject_541,20,Frontal,MTR_IMF,0.19711305333277312,0.05172508239550651,98
subject_541,20,Frontal,SCML_IMF,0.30788030974907005,0.0020421511844756018,98
subject_541,20,Frontal,SCMR_IMF,0.20035042985671184,0.04792592786672331,98
subject_541,20,Frontal,STL_IMF,0.037597993757074136,0.7132046302237282,98
subject_541,20,Frontal,STR_IMF,0.13443581661200252,0.1869115002816534,98
subject_541,20,Frontal,UTL_IMF,0.22154106696220782,0.028356092890788418,98
subject_541,20,Frontal,UTR_IMF,0.34881425127601373,0.0004315206202519479,98
subject_541,20,Horizontal,MTL_IMF,-0.013092547963499152,0.8981868693083486,98
subject_541,20,Horizontal,MTR_IMF,0.15065499627684045,0.1386763409914554,98
subject_541,20,Horizontal,SCML_IMF,0.05466038293622676,0.5929490814391714,98
subject_541,20,Horizontal,SCMR_IMF,0.0854257815283178,0.40295695160149503,98
subject_541,20,Horizontal,STL_IMF,-0.10937736260082291,0.28367136592527586,98
subject_541,20,Horizontal,STR_IMF,-0.2451001323591518,0.014996593448866277,98
subject_541,20,Horizontal,UTL_IMF,0.3118309916115665,0.0017738930386345317,98
subject_541,20,Horizontal,UTR_IMF,0.29182805806583156,0.003549697256709753,98
subject_541,30,Sagittal,MTL_IMF,0.0798142533193815,0.4370822587207263,97
subject_541,30,Sagittal,MTR_IMF,0.16778901599201557,0.10042927251144439,97
subject_541,30,Sagittal,SCML_IMF,0.047449815879823665,0.6444195948133131,97
subject_541,30,Sagittal,SCMR_IMF,-0.10772972907028935,0.2935707885541017,97
subject_541,30,Sagittal,STL_IMF,0.344829903838672,0.0005424240807876332,97
subject_541,30,Sagittal,STR_IMF,0.1736903519606454,0.08886160620351952,97
subject_541,30,Sagittal,UTL_IMF,-0.20989444957857245,0.03906820457051264,97
subject_541,30,Sagittal,UTR_IMF,-0.026052315849685464,0.8000346539000095,97
subject_541,30,Frontal,MTL_IMF,0.1234594735124396,0.2282854599210731,97
subject_541,30,Frontal,MTR_IMF,-0.17699647227041632,0.08285849647333272,97
subject_541,30,Frontal,SCML_IMF,0.26004289721197316,0.010101372436407328,97
subject_541,30,Frontal,SCMR_IMF,0.14660251061943044,0.15188527112469927,97
subject_541,30,Frontal,STL_IMF,0.1117255844929021,0.27592468597457603,97
subject_541,30,Frontal,STR_IMF,0.14243485462277014,0.1640005328169402,97
subject_541,30,Frontal,UTL_IMF,0.20268570617658238,0.04647409579755341,97
subject_541,30,Frontal,UTR_IMF,0.050873405366204584,0.6206917456557776,97
subject_541,30,Horizontal,MTL_IMF,,,97
subject_541,30,Horizontal,MTR_IMF,,,97
subject_541,30,Horizontal,SCML_IMF,,,97
subject_541,30,Horizontal,SCMR_IMF,,,97
subject_541,30,Horizontal,STL_IMF,,,97
subject_541,30,Horizontal,STR_IMF,,,97
subject_541,30,Horizontal,UTL_IMF,,,97
subject_541,30,Horizontal,UTR_IMF,,,97
subject_541,40,Sagittal,MTL_IMF,-0.007723950052187851,0.940145473166885,97
subject_541,40,Sagittal,MTR_IMF,0.4508038804159261,3.5919482246578993e-06,97
subject_541,40,Sagittal,SCML_IMF,-0.1328847676593758,0.19443868633845798,97
subject_541,40,Sagittal,SCMR_IMF,-0.25733068315768515,0.010941429921726958,97
subject_541,40,Sagittal,STL_IMF,-0.027692993356976354,0.787729435144098,97
subject_541,40,Sagittal,STR_IMF,-0.023705897864257468,0.8177174873581338,97
subject_541,40,Sagittal,UTL_IMF,0.05757958174466858,0.5753385166185488,97
subject_541,40,Sagittal,UTR_IMF,-0.1797588144961197,0.07809471963726272,97
subject_541,40,Frontal,MTL_IMF,0.13987279169519512,0.17179575819813503,97
subject_541,40,Frontal,MTR_IMF,-0.07589390892717152,0.4600011670252837,97
subject_541,40,Frontal,SCML_IMF,0.03435918560778751,0.7382961573914545,97
subject_541,40,Frontal,SCMR_IMF,0.12567787181807,0.21997017371642041,97
subject_541,40,Frontal,STL_IMF,0.0476486924406444,0.6430311390753898,97
subject_541,40,Frontal,STR_IMF,-0.07309120344642034,0.47678358923313563,97
subject_541,40,Frontal,UTL_IMF,0.1793311475747405,0.07881755097848828,97
subject_541,40,Frontal,UTR_IMF,-0.015896681740204,0.8771806137516206,97
subject_541,40,Horizontal,MTL_IMF,0.1643539120443844,0.10768769577621345,97
subject_541,40,Horizontal,MTR_IMF,-0.11989376143876689,0.2421081136931389,97
subject_541,40,Horizontal,SCML_IMF,0.15899934255641476,0.11980922559011149,97
subject_541,40,Horizontal,SCMR_IMF,-0.0911571222149595,0.3745377509722359,97
subject_541,40,Horizontal,STL_IMF,-0.023722477891745083,0.8175922066170183,97
subject_541,40,Horizontal,STR_IMF,-0.014604417290741493,0.887096013715928,97
subject_541,40,Horizontal,UTL_IMF,-0.02191870237699262,0.8312479879957617,97
subject_541,40,Horizontal,UTR_IMF,-0.10958338095441487,0.2852943111361626,97
subject_541,50,Sagittal,MTL_IMF,-0.08315466672064471,0.4156229741516429,98
subject_541,50,Sagittal,MTR_IMF,-0.164658723383158,0.10518860877219939,98
subject_541,50,Sagittal,SCML_IMF,0.06533475845627715,0.5227149679658742,98
subject_541,50,Sagittal,SCMR_IMF,0.1930822409837061,0.05679852558143922,98
subject_541,50,Sagittal,STL_IMF,-0.010682127971557825,0.9168568174485774,98
subject_541,50,Sagittal,STR_IMF,-0.04342943824115808,0.6711183088427164,98
subject_541,50,Sagittal,UTL_IMF,0.11114291680526871,0.2759240212432874,98
subject_541,50,Sagittal,UTR_IMF,0.029935401237056514,0.7698213002361141,98
subject_541,50,Frontal,MTL_IMF,0.022807779633212358,0.8235996972173065,98
subject_541,50,Frontal,MTR_IMF,-0.04882792633459064,0.6330382842611797,98
subject_541,50,Frontal,SCML_IMF,-0.07756692265613165,0.4477533285400396,98
subject_541,50,Frontal,SCMR_IMF,0.03176325053568362,0.7561928927187017,98
subject_541,50,Frontal,STL_IMF,-0.005836088398560199,0.954518488438569,98
subject_541,50,Frontal,STR_IMF,0.02370386082037955,0.8167881088141339,98
subject_541,50,Frontal,UTL_IMF,0.02661522770784865,0.7947536070529275,98
subject_541,50,Frontal,UTR_IMF,0.030781929624628536,0.7635006186185272,98
subject_541,50,Horizontal,MTL_IMF,0.05065189213265581,0.6203794307985309,98
subject_541,50,Horizontal,MTR_IMF,-0.045859478634342525,0.653866843155795,98
subject_541,50,Horizontal,SCML_IMF,0.0412943553399167,0.6864182728849517,98
subject_541,50,Horizontal,SCMR_IMF,-0.1518067936350102,0.13564895764491885,98
subject_541,50,Horizontal,STL_IMF,0.015633849700776088,0.8785632662581131,98
subject_541,50,Horizontal,STR_IMF,0.1614440528369002,0.11225341549826515,98
subject_541,50,Horizontal,UTL_IMF,-0.08013783435582758,0.43280074531031026,98
subject_541,50,Horizontal,UTR_IMF,-0.15080674905998898,0.13827456941055738,98
subject_541,60,Sagittal,MTL_IMF,0.12700115820850302,0.21511311979745856,97
subject_541,60,Sagittal,MTR_IMF,-0.1642755956919184,0.10785782239819522,97
subject_541,60,Sagittal,SCML_IMF,0.1282653783409191,0.21054436922537775,97
subject_541,60,Sagittal,SCMR_IMF,0.2441872422221174,0.0159351619520368,97
subject_541,60,Sagittal,STL_IMF,-0.009816216989693682,0.9239752706304394,97
subject_541,60,Sagittal,STR_IMF,-0.0816829322976281,0.4263896422409518,97
subject_541,60,Sagittal,UTL_IMF,-0.041588033472529116,0.6858745979710272,97
subject_541,60,Sagittal,UTR_IMF,-0.0578219012991096,0.5737289850344649,97
subject_541,60,Frontal,MTL_IMF,-0.11040763057487102,0.2816644339842429,97
subject_541,60,Frontal,MTR_IMF,0.0672278658582607,0.5129346393946141,97
subject_541,60,Frontal,SCML_IMF,0.07290588289161878,0.4779047853743634,97
subject_541,60,Frontal,SCMR_IMF,-0.10993923800999503,0.28372336718669355,97
subject_541,60,Frontal,STL_IMF,-0.05839498444044943,0.5699308390935772,97
subject_541,60,Frontal,STR_IMF,0.11388947459962151,0.2666722077826784,97
subject_541,60,Frontal,UTL_IMF,-0.009235412051665701,0.9284612386105993,97
subject_541,60,Frontal,UTR_IMF,0.09844345363270167,0.3373979062772292,97
subject_541,60,Horizontal,MTL_IMF,-0.14439197602015272,0.15822490200249478,97
subject_541,60,Horizontal,MTR_IMF,0.07379979351141909,0.472509695558631,97
subject_541,60,Horizontal,SCML_IMF,-0.043615046706146944,0.6714260123101873,97
subject_541,60,Horizontal,SCMR_IMF,-0.274905144155199,0.006427853588361839,97
subject_541,60,Horizontal,STL_IMF,0.04770717448743122,0.6426230800129447,97
subject_541,60,Horizontal,STR_IMF,0.09339125196235712,0.3628943165905261,97
subject_541,60,Horizontal,UTL_IMF,0.0024703331863165307,0.9808409725563254,97
subject_541,60,Horizontal,UTR_IMF,0.025920696835879616,0.8010239710936556,97
subject_541,70,Sagittal,MTL_IMF,0.36138152696314507,0.00027607875941556355,97
subject_541,70,Sagittal,MTR_IMF,-0.009229216324766316,0.9285091049141443,97
subject_541,70,Sagittal,SCML_IMF,0.14024512186879384,0.17064627959379194,97
subject_541,70,Sagittal,SCMR_IMF,-0.1663773699658958,0.1033642201855371,97
subject_541,70,Sagittal,STL_IMF,0.01502444619025277,0.8838711948682766,97
subject_541,70,Sagittal,STR_IMF,-0.058761407917247474,0.5675085453753438,97
subject_541,70,Sagittal,UTL_IMF,0.046807776756891815,0.6489103062425966,97
subject_541,70,Sagittal,UTR_IMF,0.009349596093888714,0.9275791331779438,97
subject_541,70,Frontal,MTL_IMF,-0.13321259345890854,0.19333049479421635,97
subject_541,70,Frontal,MTR_IMF,0.1830233804541809,0.07275048359421342,97
subject_541,70,Frontal,SCML_IMF,0.15889380416654245,0.12005829191360547,97
subject_541,70,Frontal,SCMR_IMF,-0.029169319575913684,0.7767011662631177,97
subject_541,70,Frontal,STL_IMF,-0.02007822635825475,0.8452334614360562,97
subject_541,70,Frontal,STR_IMF,0.11865462894667231,0.24704460011173382,97
subject_541,70,Frontal,UTL_IMF,-0.07852801626019042,0.4445295566724763,97
subject_541,70,Frontal,UTR_IMF,0.07299272077634342,0.47737923642594554,97
subject_541,70,Horizontal,MTL_IMF,-0.28658161442951235,0.004429158472242449,97
subject_541,70,Horizontal,MTR_IMF,0.0044581837367221175,0.96543128855799,97
subject_541,70,Horizontal,SCML_IMF,-0.031007866033214503,0.763028998479437,97
subject_541,70,Horizontal,SCMR_IMF,0.033228017624450434,0.7466158735052489,97
subject_541,70,Horizontal,STL_IMF,0.0697267379354637,0.4973578295621038,97
subject_541,70,Horizontal,STR_IMF,0.06244061215808583,0.543459572518302,97
subject_541,70,Horizontal,UTL_IMF,-0.09894438672365953,0.3349331828058477,97
subject_541,70,Horizontal,UTR_IMF,-0.03189281523720549,0.7564737190679395,97
subject_541,80,Sagittal,MTL_IMF,-0.11806259515741373,0.24693802574912183,98
subject_541,80,Sagittal,MTR_IMF,-0.07043613432777435,0.4907022548556952,98
subject_541,80,Sagittal,SCML_IMF,-0.009557958166577925,0.9255801799170162,98
subject_541,80,Sagittal,SCMR_IMF,0.2374604434472841,0.018554723515679095,98
subject_541,80,Sagittal,STL_IMF,0.09516304087543145,0.351286733046476,98
subject_541,80,Sagittal,STR_IMF,0.1800029722267371,0.07613061021126122,98
subject_541,80,Sagittal,UTL_IMF,0.030230645584183962,0.7676150979121504,98
subject_541,80,Sagittal,UTR_IMF,0.07504214078728902,0.46271467570183866,98
subject_541,80,Frontal,MTL_IMF,-0.035414877961835026,0.7291925869969883,98
subject_541,80,Frontal,MTR_IMF,0.009772175428856134,0.9239171798004769,98
subject_541,80,Frontal,SCML_IMF,-0.11758072613293531,0.24888577330809925,98
subject_541,80,Frontal,SCMR_IMF,-0.34161119834301823,0.0005762289594376139,98
subject_541,80,Frontal,STL_IMF,0.07539832167180868,0.46058753916925926,98
subject_541,80,Frontal,STR_IMF,-0.105423043344139,0.3015446110068957,98
subject_541,80,Frontal,UTL_IMF,-0.11902420316515386,0.2430826150260667,98
subject_541,80,Frontal,UTR_IMF,-0.1152646150078021,0.2583950500448888,98
subject_541,80,Horizontal,MTL_IMF,-0.14020586013475933,0.16852130110498628,98
subject_541,80,Horizontal,MTR_IMF,0.0,1.0,98
subject_541,80,Horizontal,SCML_IMF,0.048546617469870275,0.6350002225410022,98
subject_541,80,Horizontal,SCMR_IMF,0.03410464385415443,0.7388445065229844,98
subject_541,80,Horizontal,STL_IMF,0.080939005576699,0.4281998935966063,98
subject_541,80,Horizontal,STR_IMF,-0.1742460410685148,0.08616770118664925,98
subject_541,80,Horizontal,UTL_IMF,-0.1419675078840289,0.1631822606364934,98
subject_541,80,Horizontal,UTR_IMF,-0.13299029968770656,0.191738990927341,98
subject_541,90,Sagittal,MTL_IMF,0.017159006772974647,0.8675132011758312,97
subject_541,90,Sagittal,MTR_IMF,-0.031274680578821025,0.761050778847719,97
subject_541,90,Sagittal,SCML_IMF,0.13266862547535038,0.19517184422402872,97
subject_541,90,Sagittal,SCMR_IMF,0.05036895264174666,0.6241644175579809,97
subject_541,90,Sagittal,STL_IMF,-0.1895937822983449,0.06288788492375577,97
subject_541,90,Sagittal,STR_IMF,0.086555592260013,0.3992249791989186,97
subject_541,90,Sagittal,UTL_IMF,0.3596713124074558,0.0002965388055904995,97
subject_541,90,Sagittal,UTR_IMF,-0.10103215021464614,0.3247841627479147,97
subject_541,90,Frontal,MTL_IMF,-0.09244666105094343,0.36778968937056783,97
subject_541,90,Frontal,MTR_IMF,0.08628592858143859,0.4007009927509089,97
subject_541,90,Frontal,SCML_IMF,-0.24866428001655144,0.014048585140923399,97
subject_541,90,Frontal,SCMR_IMF,0.08117175688820477,0.4292995804220769,97
subject_541,90,Frontal,STL_IMF,0.21381724341858754,0.035470908589002266,97
subject_541,90,Frontal,STR_IMF,-0.05377640746647007,0.6008705937025369,97
subject_541,90,Frontal,UTL_IMF,-0.31094928205483163,0.0019350329365683961,97
subject_541,90,Frontal,UTR_IMF,0.05790960084898759,0.5731469862581519,97
subject_541,90,Horizontal,MTL_IMF,,,97
subject_541,90,Horizontal,MTR_IMF,,,97
subject_541,90,Horizontal,SCML_IMF,,,97
subject_541,90,Horizontal,SCMR_IMF,,,97
subject_541,90,Horizontal,STL_IMF,,,97
subject_541,90,Horizontal,STR_IMF,,,97
subject_541,90,Horizontal,UTL_IMF,,,97
subject_541,90,Horizontal,UTR_IMF,,,97
subject_560,10,Sagittal,MTL_IMF,0.00509432763303763,0.9609222044653498,95
subject_560,10,Sagittal,MTR_IMF,-0.13841767190613855,0.18098847021216136,95
subject_560,10,Sagittal,SCML_IMF,0.01627667494664856,0.8755951210052576,95
subject_560,10,Sagittal,SCMR_IMF,0.004569072304182598,0.9649486589616347,95
subject_560,10,Sagittal,STL_IMF,0.005054270047332351,0.9612292410033634,95
subject_560,10,Sagittal,STR_IMF,0.09819386213680352,0.34379383504617156,95
subject_560,10,Sagittal,UTL_IMF,0.04840987004201846,0.6413099897459508,95
subject_560,10,Sagittal,UTR_IMF,-0.14737709136884564,0.1540897255960107,95
subject_560,10,Frontal,MTL_IMF,0.00549100454608467,0.9578820389806174,95
subject_560,10,Frontal,MTR_IMF,0.03858345191675041,0.7104700940863514,95
subject_560,10,Frontal,SCML_IMF,0.06260315528574616,0.5467122823110149,95
subject_560,10,Frontal,SCMR_IMF,-0.08342673745186564,0.4215233353359859,95
subject_560,10,Frontal,STL_IMF,0.0647865899115236,0.5327865661749469,95
subject_560,10,Frontal,STR_IMF,-0.23600571834808723,0.02130843467487737,95
subject_560,10,Frontal,UTL_IMF,0.007688807405925639,0.9410499987788289,95
subject_560,10,Frontal,UTR_IMF,0.14498385783314457,0.16096320724286697,95
subject_560,10,Horizontal,MTL_IMF,,,95
subject_560,10,Horizontal,MTR_IMF,,,95
subject_560,10,Horizontal,SCML_IMF,,,95
subject_560,10,Horizontal,SCMR_IMF,,,95
subject_560,10,Horizontal,STL_IMF,,,95
subject_560,10,Horizontal,STR_IMF,,,95
subject_560,10,Horizontal,UTL_IMF,,,95
subject_560,10,Horizontal,UTR_IMF,,,95
subject_560,20,Sagittal,MTL_IMF,0.2526082456323872,0.014036223077255043,94
subject_560,20,Sagittal,MTR_IMF,0.01753383269486238,0.866791648384319,94
subject_560,20,Sagittal,SCML_IMF,0.14244289457162584,0.17082690025820907,94
subject_560,20,Sagittal,SCMR_IMF,0.0029251769991815407,0.9776771181164869,94
subject_560,20,Sagittal,STL_IMF,0.1367449975233803,0.18876681660051609,94
subject_560,20,Sagittal,STR_IMF,-0.20226514684205515,0.05057684431101684,94
subject_560,20,Sagittal,UTL_IMF,-0.016217118537736698,0.8767131235401395,94
subject_560,20,Sagittal,UTR_IMF,-0.05221437100432402,0.617212504296112,94
subject_560,20,Frontal,MTL_IMF,0.005436098891096579,0.9585285975056177,94
subject_560,20,Frontal,MTR_IMF,0.19992268937470334,0.05336695911458891,94
subject_560,20,Frontal,SCML_IMF,0.07071864699128834,0.49820447421576075,94
subject_560,20,Frontal,SCMR_IMF,-0.1358842967661894,0.19159133249254323,94
subject_560,20,Frontal,STL_IMF,0.03261506050942207,0.7549897241069775,94
subject_560,20,Frontal,STR_IMF,-0.19837673379387383,0.05527670244846571,94
subject_560,20,Frontal,UTL_IMF,0.01495143426539416,0.8862681004185347,94
subject_560,20,Frontal,UTR_IMF,0.20252397323124818,0.05027606866284886,94
subject_560,20,Horizontal,MTL_IMF,,,94
subject_560,20,Horizontal,MTR_IMF,,,94
subject_560,20,Horizontal,SCML_IMF,,,94
subject_560,20,Horizontal,SCMR_IMF,,,94
subject_560,20,Horizontal,STL_IMF,,,94
subject_560,20,Horizontal,STR_IMF,,,94
subject_560,20,Horizontal,UTL_IMF,,,94
subject_560,20,Horizontal,UTR_IMF,,,94
subject_560,30,Sagittal,MTL_IMF,0.13082045648229432,0.2088297350705971,94
subject_560,30,Sagittal,MTR_IMF,0.1672783864154236,0.10707057902342734,94
subject_560,30,Sagittal,SCML_IMF,0.09822268423122042,0.34627330184430444,94
subject_560,30,Sagittal,SCMR_IMF,0.12084100551214408,0.24597619937991294,94
subject_560,30,Sagittal,STL_IMF,0.11168707619943201,0.2838479696999357,94
subject_560,30,Sagittal,STR_IMF,-0.33420857877754945,0.0009943505711314318,94
subject_560,30,Sagittal,UTL_IMF,0.13018459727030385,0.21107004932787787,94
subject_560,30,Sagittal,UTR_IMF,-0.04115615564586098,0.6936904861986352,94
subject_560,30,Frontal,MTL_IMF,0.06898969003993702,0.508793072593356,94
subject_560,30,Frontal,MTR_IMF,-0.08455348003119456,0.41779061798383926,94
subject_560,30,Frontal,SCML_IMF,-0.015554736241514298,0.8817115033990974,94
subject_560,30,Frontal,SCMR_IMF,-0.13892795916655787,0.1817387984092944,94
subject_560,30,Frontal,STL_IMF,0.05442148821058898,0.6023929009524199,94
subject_560,30,Frontal,STR_IMF,-0.02525442599111344,0.809079909502823,94
subject_560,30,Frontal,UTL_IMF,0.08453207756976151,0.4179089033326178,94
subject_560,30,Frontal,UTR_IMF,0.05149971853167363,0.6220444553716808,94
subject_560,30,Horizontal,MTL_IMF,,,94
subject_560,30,Horizontal,MTR_IMF,,,94
subject_560,30,Horizontal,SCML_IMF,,,94
subject_560,30,Horizontal,SCMR_IMF,,,94
subject_560,30,Horizontal,STL_IMF,,,94
subject_560,30,Horizontal,STR_IMF,,,94
subject_560,30,Horizontal,UTL_IMF,,,94
subject_560,30,Horizontal,UTR_IMF,,,94
subject_560,40,Sagittal,MTL_IMF,-0.10020609954299974,0.33394750158372416,95
subject_560,40,Sagittal,MTR_IMF,-0.07985700955081514,0.4417297340114973,95
subject_560,40,Sagittal,SCML_IMF,-0.09438968402338793,0.3629009761817148,95
subject_560,40,Sagittal,SCMR_IMF,0.23083753093823048,0.02440902172035362,95
subject_560,40,Sagittal,STL_IMF,0.03724227921434645,0.7201099929574967,95
subject_560,40,Sagittal,STR_IMF,-0.171753565067821,0.09605705643334378,95
subject_560,40,Sagittal,UTL_IMF,0.1868907527454459,0.06975704149566159,95
subject_560,40,Sagittal,UTR_IMF,-0.08915959711611474,0.3902142290246961,95
subject_560,40,Frontal,MTL_IMF,0.14449963743572194,0.16238120550707283,95
subject_560,40,Frontal,MTR_IMF,-0.1050023555581252,0.31120796941163065,95
subject_560,40,Frontal,SCML_IMF,-0.16775101278738944,0.10417821610187387,95
subject_560,40,Frontal,SCMR_IMF,-0.1831086720169078,0.07570894303785694,95
subject_560,40,Frontal,STL_IMF,0.086873328012732,0.4025299822122397,95
subject_560,40,Frontal,STR_IMF,-0.05673313211628806,0.5850068213460041,95
subject_560,40,Frontal,UTL_IMF,0.09371727880017533,0.3663449961335615,95
subject_560,40,Frontal,UTR_IMF,0.02149960746601339,0.836164465910237,95
subject_560,40,Horizontal,MTL_IMF,,,95
subject_560,40,Horizontal,MTR_IMF,,,95
subject_560,40,Horizontal,SCML_IMF,,,95
subject_560,40,Horizontal,SCMR_IMF,,,95
subject_560,40,Horizontal,STL_IMF,,,95
subject_560,40,Horizontal,STR_IMF,,,95
subject_560,40,Horizontal,UTL_IMF,,,95
subject_560,40,Horizontal,UTR_IMF,,,95
subject_560,50,Sagittal,MTL_IMF,-0.12820835930017646,0.2156437996588514,95
subject_560,50,Sagittal,MTR_IMF,-0.24301905711456984,0.017644688082957723,95
subject_560,50,Sagittal,SCML_IMF,-0.18768732412218023,0.0685529668578018,95
subject_560,50,Sagittal,SCMR_IMF,0.1455883999197344,0.15920579978299637,95
subject_560,50,Sagittal,STL_IMF,-0.034552964188721516,0.7395709760903486,95
subject_560,50,Sagittal,STR_IMF,0.004419407473639148,0.9660961113997288,95
subject_560,50,Sagittal,UTL_IMF,-0.022574339796811706,0.828097428793106,95
subject_560,50,Sagittal,UTR_IMF,-0.15052881975922683,0.14537568669464046,95
subject_560,50,Frontal,MTL_IMF,-0.023032673742419636,0.8246625001848379,95
subject_560,50,Frontal,MTR_IMF,0.14105420070872052,0.1727395957666468,95
subject_560,50,Frontal,SCML_IMF,-0.22173195671034532,0.030809558707890712,95
subject_560,50,Frontal,SCMR_IMF,-0.047008894201533764,0.6510019711143761,95
subject_560,50,Frontal,STL_IMF,0.1841820437103336,0.0739797655607393,95
subject_560,50,Frontal,STR_IMF,-0.11126349169294775,0.28307236404250274,95
subject_560,50,Frontal,UTL_IMF,0.13605368049122915,0.18862607856025668,95
subject_560,50,Frontal,UTR_IMF,0.06485481213346839,0.5323543138807683,95
subject_560,50,Horizontal,MTL_IMF,,,95
subject_560,50,Horizontal,MTR_IMF,,,95
subject_560,50,Horizontal,SCML_IMF,,,95
subject_560,50,Horizontal,SCMR_IMF,,,95
subject_560,50,Horizontal,STL_IMF,,,95
subject_560,50,Horizontal,STR_IMF,,,95
subject_560,50,Horizontal,UTL_IMF,,,95
subject_560,50,Horizontal,UTR_IMF,,,95
subject_560,60,Sagittal,MTL_IMF,-0.21792631751267624,0.034855329131053894,94
subject_560,60,Sagittal,MTR_IMF,0.08675291030313265,0.4057387528089348,94
subject_560,60,Sagittal,SCML_IMF,-0.08565007703278779,0.41175604092425017,94
subject_560,60,Sagittal,SCMR_IMF,-0.12651776843554044,0.22432315176019438,94
subject_560,60,Sagittal,STL_IMF,0.046956947125354184,0.6531278961008906,94
subject_560,60,Sagittal,STR_IMF,-0.002080757187386242,0.9841201260792358,94
subject_560,60,Sagittal,UTL_IMF,-0.054307023608213094,0.6031575813850305,94
subject_560,60,Sagittal,UTR_IMF,-0.02670250752451407,0.7983585505966255,94
subject_560,60,Frontal,MTL_IMF,-0.1050427125671824,0.3136507652646474,94
subject_560,60,Frontal,MTR_IMF,0.07909096602320016,0.4486045354358495,94
subject_560,60,Frontal,SCML_IMF,-0.21574026516708256,0.03676597518279678,94
subject_560,60,Frontal,SCMR_IMF,0.09424299954468825,0.36625669774493813,94
subject_560,60,Frontal,STL_IMF,0.07196697424455191,0.4906316876423303,94
subject_560,60,Frontal,STR_IMF,-0.018826858875661694,0.8570687012646457,94
subject_560,60,Frontal,UTL_IMF,0.05153343835685181,0.6218161041977791,94
subject_560,60,Frontal,UTR_IMF,0.05405283720606848,0.604857206699057,94
subject_560,60,Horizontal,MTL_IMF,,,94
subject_560,60,Horizontal,MTR_IMF,,,94
subject_560,60,Horizontal,SCML_IMF,,,94
subject_560,60,Horizontal,SCMR_IMF,,,94
subject_560,60,Horizontal,STL_IMF,,,94
subject_560,60,Horizontal,STR_IMF,,,94
subject_560,60,Horizontal,UTL_IMF,,,94
subject_560,60,Horizontal,UTR_IMF,,,94
subject_560,70,Sagittal,MTL_IMF,-0.06471653857510917,0.5354520128049959,94
subject_560,70,Sagittal,MTR_IMF,0.11964066160572465,0.25073332054798697,94
subject_560,70,Sagittal,SCML_IMF,0.29888941297917204,0.0034305102788410886,94
subject_560,70,Sagittal,SCMR_IMF,0.24495450932607582,0.01733528126574549,94
subject_560,70,Sagittal,STL_IMF,0.2646097167577027,0.00995831718619714,94
subject_560,70,Sagittal,STR_IMF,0.17998939286891485,0.08257794975148673,94
subject_560,70,Sagittal,UTL_IMF,0.13376497201626025,0.19867627847620525,94
subject_560,70,Sagittal,UTR_IMF,-0.20910333107554294,0.04311186628137113,94
subject_560,70,Frontal,MTL_IMF,0.0673148428178469,0.5191598010757781,94
subject_560,70,Frontal,MTR_IMF,-0.052190728627360024,0.6173720976687394,94
subject_560,70,Frontal,SCML_IMF,-0.17330957449538648,0.09482383672677087,94
subject_560,70,Frontal,SCMR_IMF,-0.16642644423890968,0.10889560869091025,94
subject_560,70,Frontal,STL_IMF,0.018789749549777714,0.8573474559782637,94
subject_560,70,Frontal,STR_IMF,-0.08088597698565249,0.43834149186399496,94
subject_560,70,Frontal,UTL_IMF,-0.08559867673223794,0.4120377557316398,94
subject_560,70,Frontal,UTR_IMF,-0.004175167697340515,0.968142314107853,94
subject_560,70,Horizontal,MTL_IMF,0.08984311518508314,0.389155509222514,94
subject_560,70,Horizontal,MTR_IMF,-0.011471241655676749,0.9126208745297884,94
subject_560,70,Horizontal,SCML_IMF,-0.047806868762458425,0.6472650704160973,94
subject_560,70,Horizontal,SCMR_IMF,-0.16627108178460542,0.10923101978676264,94
subject_560,70,Horizontal,STL_IMF,-0.1433988182783224,0.16794454722421367,94
subject_560,70,Horizontal,STR_IMF,-0.14146176599396906,0.17382298214310687,94
subject_560,70,Horizontal,UTL_IMF,0.10707227942908838,0.30434000186049914,94
subject_560,70,Horizontal,UTR_IMF,0.01338282488423086,0.898132393025212,94
subject_560,80,Sagittal,MTL_IMF,0.07174606184308392,0.4919673714499658,94
subject_560,80,Sagittal,MTR_IMF,0.13042829573487014,0.21020941792222655,94
subject_560,80,Sagittal,SCML_IMF,0.21904260430310823,0.03391229051179017,94
subject_560,80,Sagittal,SCMR_IMF,0.14088725925322834,0.17559518678201685,94
subject_560,80,Sagittal,STL_IMF,-0.005320286133509304,0.9594113621589736,94
subject_560,80,Sagittal,STR_IMF,0.0450569408014768,0.6663102891904723,94
subject_560,80,Sagittal,UTL_IMF,-0.002282568112979951,0.9825801802673194,94
subject_560,80,Sagittal,UTR_IMF,-0.05032975010092807,0.6299895362028968,94
subject_560,80,Frontal,MTL_IMF,0.14426099174323323,0.16537582514622232,94
subject_560,80,Frontal,MTR_IMF,-0.08074450289183563,0.4391455234905668,94
subject_560,80,Frontal,SCML_IMF,-0.02505835067157527,0.8105343802145862,94
subject_560,80,Frontal,SCMR_IMF,-0.04955492452873302,0.6352746048934084,94
subject_560,80,Frontal,STL_IMF,-0.03663699812580511,0.7259080154816479,94
subject_560,80,Frontal,STR_IMF,0.1183750117055024,0.25581726662665055,94
subject_560,80,Frontal,UTL_IMF,-0.1583442713313907,0.12743436807165864,94
subject_560,80,Frontal,UTR_IMF,-0.10545396121555754,0.3117493996871984,94
subject_560,80,Horizontal,MTL_IMF,0.10139861953181842,0.33082594415974154,94
subject_560,80,Horizontal,MTR_IMF,-0.06557558415548718,0.5300376037986677,94
subject_560,80,Horizontal,SCML_IMF,-0.0533209163594036,0.6097629728517509,94
subject_560,80,Horizontal,SCMR_IMF,-0.14592099679913648,0.1605121735954356,94
subject_560,80,Horizontal,STL_IMF,-0.17569361244051787,0.09029874814847548,94
subject_560,80,Horizontal,STR_IMF,-0.12058534514866753,0.24698416155207778,94
subject_560,80,Horizontal,UTL_IMF,-0.07079115008463344,0.4977629788549277,94
subject_560,80,Horizontal,UTR_IMF,-0.11448028427968114,0.2719017716978004,94
subject_560,90,Sagittal,MTL_IMF,-0.10532099826649387,0.312363320813965,94
subject_560,90,Sagittal,MTR_IMF,-0.11641186001503168,0.263841550197154,94
subject_560,90,Sagittal,SCML_IMF,0.020147615704627725,0.847159219070934,94
subject_560,90,Sagittal,SCMR_IMF,0.07651463524315658,0.4635665553468962,94
subject_560,90,Sagittal,STL_IMF,-0.15585061586833576,0.13361640742310962,94
subject_560,90,Sagittal,STR_IMF,0.07517381290435256,0.4714602351582792,94
subject_560,90,Sagittal,UTL_IMF,-0.006761943433653805,0.9484263822640709,94
subject_560,90,Sagittal,UTR_IMF,0.06903445764980741,0.5085174483505615,94
subject_560,90,Frontal,MTL_IMF,0.15453137211814058,0.1369779384310856,94
subject_560,90,Frontal,MTR_IMF,0.057478838668132956,0.5821294474482883,94
subject_560,90,Frontal,SCML_IMF,-0.04761079572596741,0.6486157052287436,94
subject_560,90,Frontal,SCMR_IMF,0.06663834743845114,0.5233772772126857,94
subject_560,90,Frontal,STL_IMF,0.1688350150432885,0.10379762738930286,94
subject_560,90,Frontal,STR_IMF,0.13832537626672492,0.18365943804459045,94
subject_560,90,Frontal,UTL_IMF,-0.0628764128249485,0.5471414783845586,94
subject_560,90,Frontal,UTR_IMF,-0.12954189322717014,0.21335179902160964,94
subject_560,90,Horizontal,MTL_IMF,-0.035717602465254475,0.7325234774529581,94
subject_560,90,Horizontal,MTR_IMF,0.05275925581915321,0.6135393018852846,94
subject_560,90,Horizontal,SCML_IMF,0.019051126444944236,0.8553844413614413,94
subject_560,90,Horizontal,SCMR_IMF,-0.12796134806240447,0.21903743978980775,94
subject_560,90,Horizontal,STL_IMF,-0.0268677507386729,0.7971374505761402,94
subject_560,90,Horizontal,STR_IMF,-0.04248161230548837,0.6843405332270229,94
subject_560,90,Horizontal,UTL_IMF,0.10794584059151226,0.30038863935190113,94
subject_560,90,Horizontal,UTR_IMF,-0.23443469957484325,0.022947319828914344,94
subject_570,10,Sagittal,SCML_IMF,-0.004009366468148806,0.9727662544157705,75
subject_570,10,Sagittal,STL_IMF,-0.30431112381047787,0.00794449081228641,75
subject_570,10,Frontal,SCML_IMF,-0.02616546077888745,0.8236664872615119,75
subject_570,10,Frontal,STL_IMF,-0.0474556181136062,0.6859900154762067,75
subject_570,10,Horizontal,SCML_IMF,,,75
subject_570,10,Horizontal,STL_IMF,,,75
subject_570,20,Sagittal,SCML_IMF,-0.006852917340492982,0.953789998202779,74
subject_570,20,Sagittal,STL_IMF,-0.16664374452330738,0.1558808242614516,74
subject_570,20,Frontal,SCML_IMF,-0.12036028436597383,0.30703158742033476,74
subject_570,20,Frontal,STL_IMF,-0.08491961644609276,0.4719126993541484,74
subject_570,20,Horizontal,SCML_IMF,,,74
subject_570,20,Horizontal,STL_IMF,,,74
subject_570,30,Sagittal,SCML_IMF,-0.022833626014335966,0.8468779974132811,74
subject_570,30,Sagittal,STL_IMF,-0.06700667554092667,0.5705524476547854,74
subject_570,30,Frontal,SCML_IMF,-0.004814819092989862,0.9675241208325743,74
subject_570,30,Frontal,STL_IMF,-0.02249619226317532,0.8491140210841582,74
subject_570,30,Horizontal,SCML_IMF,,,74
subject_570,30,Horizontal,STL_IMF,,,74
subject_570,40,Sagittal,SCML_IMF,-0.14711411298331883,0.21100867008694252,74
subject_570,40,Sagittal,STL_IMF,0.13514678405365962,0.25094367474255325,74
subject_570,40,Frontal,SCML_IMF,-0.031236425434765604,0.7916291160703901,74
subject_570,40,Frontal,STL_IMF,-0.1641825239078134,0.16216946853628647,74
subject_570,40,Horizontal,SCML_IMF,,,74
subject_570,40,Horizontal,STL_IMF,,,74
subject_570,50,Sagittal,SCML_IMF,-0.13215554353770775,0.26168309076415913,74
subject_570,50,Sagittal,STL_IMF,0.227605258555024,0.05114261016135364,74
subject_570,50,Frontal,SCML_IMF,-0.20708635909425074,0.0766703517490132,74
subject_570,50,Frontal,STL_IMF,0.07713152180515441,0.513634767308704,74
subject_570,50,Horizontal,SCML_IMF,,,74
subject_570,50,Horizontal,STL_IMF,,,74
subject_570,60,Sagittal,SCML_IMF,-0.28064218314165323,0.015436904244387071,74
subject_570,60,Sagittal,STL_IMF,0.05198600803155151,0.6600205876136834,74
subject_570,60,Frontal,SCML_IMF,-0.016221784453208273,0.8908898261791374,74
subject_570,60,Frontal,STL_IMF,-0.024901474570824866,0.833202269947351,74
subject_570,60,Horizontal,SCML_IMF,,,74
subject_570,60,Horizontal,STL_IMF,,,74
subject_570,70,Sagittal,SCML_IMF,0.1036726965689766,0.37939312309234696,74
subject_570,70,Sagittal,STL_IMF,-0.16187940250964,0.16822210436872842,74
subject_570,70,Frontal,SCML_IMF,0.04589340158071606,0.697813663411614,74
subject_570,70,Frontal,STL_IMF,-0.04489487657906603,0.7040812703821632,74
subject_570,70,Horizontal,SCML_IMF,,,74
subject_570,70,Horizontal,STL_IMF,,,74
subject_570,80,Sagittal,SCML_IMF,0.11912594626129533,0.31205508969947304,74
subject_570,80,Sagittal,STL_IMF,-0.06324316345802652,0.592433763041792,74
subject_570,80,Frontal,SCML_IMF,-0.03640508289797954,0.7581288558138762,74
subject_570,80,Frontal,STL_IMF,0.01822526926879332,0.8775124904986749,74
subject_570,80,Horizontal,SCML_IMF,,,74
subject_570,80,Horizontal,STL_IMF,,,74
subject_570,90,Sagittal,SCML_IMF,0.09270028017002088,0.432127982644467,74
subject_570,90,Sagittal,STL_IMF,-0.01996832089107907,0.8659017341363244,74
subject_570,90,Frontal,SCML_IMF,,,74
subject_570,90,Frontal,STL_IMF,,,74
subject_570,90,Horizontal,SCML_IMF,-0.13528201823027763,0.2504653676938862,74
subject_570,90,Horizontal,STL_IMF,0.042646541633597636,0.7182654428644769,74
subject_571,10,Sagittal,MTL_IMF,0.009105107706776255,0.9203827985452832,123
subject_571,10,Sagittal,MTR_IMF,-0.08884434610036279,0.3284677392272839,123
subject_571,10,Sagittal,SCML_IMF,-0.04973319702543955,0.5848773910478197,123
subject_571,10,Sagittal,SCMR_IMF,-0.14591254033443482,0.1073200902246019,123
subject_571,10,Sagittal,STL_IMF,-0.06283437303777079,0.48992112293332735,123
subject_571,10,Sagittal,STR_IMF,0.02412775295627565,0.7910895164769991,123
subject_571,10,Sagittal,UTL_IMF,-0.1359528746617121,0.13377875840983963,123
subject_571,10,Sagittal,UTR_IMF,0.043516903496984796,0.632703945919039,123
subject_571,10,Frontal,MTL_IMF,-0.04208131809383233,0.6439780971756421,123
subject_571,10,Frontal,MTR_IMF,-0.1441096515444694,0.11177912187461415,123
subject_571,10,Frontal,SCML_IMF,0.005103252196895667,0.9553256536516732,123
subject_571,10,Frontal,SCMR_IMF,0.06386059305684516,0.48284540369355416,123
subject_571,10,Frontal,STL_IMF,0.14045649347760286,0.12125566545745348,123
subject_571,10,Frontal,STR_IMF,-0.10716725803272005,0.2380765875157969,123
subject_571,10,Frontal,UTL_IMF,0.016591463683292056,0.8554713202257912,123
subject_571,10,Frontal,UTR_IMF,-0.15033453449083645,0.09697211732376047,123
subject_571,10,Horizontal,MTL_IMF,,,123
subject_571,10,Horizontal,MTR_IMF,,,123
subject_571,10,Horizontal,SCML_IMF,,,123
subject_571,10,Horizontal,SCMR_IMF,,,123
subject_571,10,Horizontal,STL_IMF,,,123
subject_571,10,Horizontal,STR_IMF,,,123
subject_571,10,Horizontal,UTL_IMF,,,123
subject_571,10,Horizontal,UTR_IMF,,,123
subject_571,20,Sagittal,MTL_IMF,-0.18630040130982495,0.03991809029733698,122
subject_571,20,Sagittal,MTR_IMF,-0.13408589697214557,0.1409025074272674,122
subject_571,20,Sagittal,SCML_IMF,-0.1382708301555918,0.12880419482322428,122
subject_571,20,Sagittal,SCMR_IMF,-0.23234176570763931,0.010017570981763122,122
subject_571,20,Sagittal,STL_IMF,-0.24525709877384308,0.006473484414990417,122
subject_571,20,Sagittal,STR_IMF,-0.013271829974089005,0.8846402564622455,122
subject_571,20,Sagittal,UTL_IMF,-0.3383994409986733,0.00013763847715483695,122
subject_571,20,Sagittal,UTR_IMF,0.0727368167048382,0.42592211882971187,122
subject_571,20,Frontal,MTL_IMF,,,122
subject_571,20,Frontal,MTR_IMF,,,122
subject_571,20,Frontal,SCML_IMF,,,122
subject_571,20,Frontal,SCMR_IMF,,,122
subject_571,20,Frontal,STL_IMF,,,122
subject_571,20,Frontal,STR_IMF,,,122
subject_571,20,Frontal,UTL_IMF,,,122
subject_571,20,Frontal,UTR_IMF,,,122
subject_571,20,Horizontal,MTL_IMF,0.051670307744308336,0.5719243310476775,122
subject_571,20,Horizontal,MTR_IMF,-0.13556973254681765,0.13651784763329383,122
subject_571,20,Horizontal,SCML_IMF,0.10973948751997124,0.22887105732214835,122
subject_571,20,Horizontal,SCMR_IMF,0.1279352600622372,0.16022301454687107,122
subject_571,20,Horizontal,STL_IMF,0.04907039076659138,0.5914444145976762,122
subject_571,20,Horizontal,STR_IMF,0.06586329422957506,0.4710461624412378,122
subject_571,20,Horizontal,UTL_IMF,0.14730743567172008,0.10541284866490427,122
subject_571,20,Horizontal,UTR_IMF,0.05859012201825126,0.5214980064741845,122
subject_571,30,Sagittal,MTL_IMF,-0.05046584750908361,0.580929761698262,122
subject_571,30,Sagittal,MTR_IMF,-0.04394127621747848,0.6308128462542437,122
subject_571,30,Sagittal,SCML_IMF,-0.1207325932456344,0.18528457664192552,122
subject_571,30,Sagittal,SCMR_IMF,-0.06220466311161604,0.4960869935914943,122
subject_571,30,Sagittal,STL_IMF,-0.05065383468449291,0.5795199235676467,122
subject_571,30,Sagittal,STR_IMF,0.05873307029861311,0.5204806385401081,122
subject_571,30,Sagittal,UTL_IMF,-0.18193884339930483,0.04489200730862598,122
subject_571,30,Sagittal,UTR_IMF,0.0009441924767042043,0.9917647111573863,122
subject_571,30,Frontal,MTL_IMF,,,122
subject_571,30,Frontal,MTR_IMF,,,122
subject_571,30,Frontal,SCML_IMF,,,122
subject_571,30,Frontal,SCMR_IMF,,,122
subject_571,30,Frontal,STL_IMF,,,122
subject_571,30,Frontal,STR_IMF,,,122
subject_571,30,Frontal,UTL_IMF,,,122
subject_571,30,Frontal,UTR_IMF,,,122
subject_571,30,Horizontal,MTL_IMF,0.06238309176215059,0.4948497225665809,122
subject_571,30,Horizontal,MTR_IMF,-0.0027505699380596816,0.9760125550201938,122
subject_571,30,Horizontal,SCML_IMF,0.12007823995863695,0.18769584681862533,122
subject_571,30,Horizontal,SCMR_IMF,0.09634438080246402,0.29112290123862683,122
subject_571,30,Horizontal,STL_IMF,-0.002751726008854327,0.9760024760443251,122
subject_571,30,Horizontal,STR_IMF,-0.0073365640371398245,0.9360767147084839,122
subject_571,30,Horizontal,UTL_IMF,0.1322346047886109,0.14652188045204478,122
subject_571,30,Horizontal,UTR_IMF,0.11504474832710557,0.20701226119932448,122
subject_571,40,Sagittal,MTL_IMF,-0.015719817512910694,0.8635521369755083,122
subject_571,40,Sagittal,MTR_IMF,0.100098032095283,0.272643641626064,122
subject_571,40,Sagittal,SCML_IMF,-0.01972121790156728,0.8292944891498146,122
subject_571,40,Sagittal,SCMR_IMF,0.008044562985330293,0.9299229352054559,122
subject_571,40,Sagittal,STL_IMF,0.014618316888447723,0.8730300235733361,122
subject_571,40,Sagittal,STR_IMF,0.07051260645042773,0.440244284619585,122
subject_571,40,Sagittal,UTL_IMF,-0.042430007218451755,0.6426196313877335,122
subject_571,40,Sagittal,UTR_IMF,-0.1793266703846536,0.04811073225783154,122
subject_571,40,Frontal,MTL_IMF,,,122
subject_571,40,Frontal,MTR_IMF,,,122
subject_571,40,Frontal,SCML_IMF,,,122
subject_571,40,Frontal,SCMR_IMF,,,122
subject_571,40,Frontal,STL_IMF,,,122
subject_571,40,Frontal,STR_IMF,,,122
subject_571,40,Frontal,UTL_IMF,,,122
subject_571,40,Frontal,UTR_IMF,,,122
subject_571,40,Horizontal,MTL_IMF,0.0930453666111308,0.3080353709691592,122
subject_571,40,Horizontal,MTR_IMF,0.14334454347268444,0.11522438115747892,122
subject_571,40,Horizontal,SCML_IMF,0.0658405360941383,0.47119976761835886,122
subject_571,40,Horizontal,SCMR_IMF,0.06592242306785229,0.4706472021227949,122
subject_571,40,Horizontal,STL_IMF,-0.03746438338410542,0.682032213479938,122
subject_571,40,Horizontal,STR_IMF,-0.05940876188000593,0.5156854247751714,122
subject_571,40,Horizontal,UTL_IMF,0.03878998231237047,0.6714211332994243,122
subject_571,40,Horizontal,UTR_IMF,0.11483889832725258,0.20783146950196732,122
subject_571,50,Sagittal,MTL_IMF,0.016035169657582136,0.860842187688749,122
subject_571,50,Sagittal,MTR_IMF,0.038654044543647154,0.6725063529404245,122
subject_571,50,Sagittal,SCML_IMF,0.0895761125927457,0.3264994228489687,122
subject_571,50,Sagittal,SCMR_IMF,0.08997405448122044,0.32434616726675114,122
subject_571,50,Sagittal,STL_IMF,-0.07623684074269624,0.4039371448429079,122
subject_571,50,Sagittal,STR_IMF,-0.03178147616696745,0.728206764142717,122
subject_571,50,Sagittal,UTL_IMF,-0.02183800116877164,0.8112963811032641,122
subject_571,50,Sagittal,UTR_IMF,-0.0714249896817994,0.43433652990337546,122
subject_571,50,Frontal,MTL_IMF,,,122
subject_571,50,Frontal,MTR_IMF,,,122
subject_571,50,Frontal,SCML_IMF,,,122
subject_571,50,Frontal,SCMR_IMF,,,122
subject_571,50,Frontal,STL_IMF,,,122
subject_571,50,Frontal,STR_IMF,,,122
subject_571,50,Frontal,UTL_IMF,,,122
subject_571,50,Frontal,UTR_IMF,,,122
subject_571,50,Horizontal,MTL_IMF,,,122
subject_571,50,Horizontal,MTR_IMF,,,122
subject_571,50,Horizontal,SCML_IMF,,,122
subject_571,50,Horizontal,SCMR_IMF,,,122
subject_571,50,Horizontal,STL_IMF,,,122
subject_571,50,Horizontal,STR_IMF,,,122
subject_571,50,Horizontal,UTL_IMF,,,122
subject_571,50,Horizontal,UTR_IMF,,,122
subject_571,60,Sagittal,MTL_IMF,-0.1446972179122147,0.11179863478991586,122
subject_571,60,Sagittal,MTR_IMF,-0.152333401398104,0.09392502561754953,122
subject_571,60,Sagittal,SCML_IMF,0.016781744441344452,0.8544330680666091,122
subject_571,60,Sagittal,SCMR_IMF,0.09039895508078524,0.32205714177777284,122
subject_571,60,Sagittal,STL_IMF,-0.1279352600622372,0.16022301454687107,122
subject_571,60,Sagittal,STR_IMF,0.05426639781331387,0.5527400829230276,122
subject_571,60,Sagittal,UTL_IMF,-0.012930229948262265,0.8875897351960609,122
subject_571,60,Sagittal,UTR_IMF,0.03139537985774597,0.7313817425647757,122
subject_571,60,Frontal,MTL_IMF,,,122
subject_571,60,Frontal,MTR_IMF,,,122
subject_571,60,Frontal,SCML_IMF,,,122
subject_571,60,Frontal,SCMR_IMF,,,122
subject_571,60,Frontal,STL_IMF,,,122
subject_571,60,Frontal,STR_IMF,,,122
subject_571,60,Frontal,UTL_IMF,,,122
subject_571,60,Frontal,UTR_IMF,,,122
subject_571,60,Horizontal,MTL_IMF,,,122
subject_571,60,Horizontal,MTR_IMF,,,122
subject_571,60,Horizontal,SCML_IMF,,,122
subject_571,60,Horizontal,SCMR_IMF,,,122
subject_571,60,Horizontal,STL_IMF,,,122
subject_571,60,Horizontal,STR_IMF,,,122
subject_571,60,Horizontal,UTL_IMF,,,122
subject_571,60,Horizontal,UTR_IMF,,,122
subject_571,70,Sagittal,MTL_IMF,,,122
subject_571,70,Sagittal,MTR_IMF,,,122
subject_571,70,Sagittal,SCML_IMF,,,122
subject_571,70,Sagittal,SCMR_IMF,,,122
subject_571,70,Sagittal,STL_IMF,,,122
subject_571,70,Sagittal,STR_IMF,,,122
subject_571,70,Sagittal,UTL_IMF,,,122
subject_571,70,Sagittal,UTR_IMF,,,122
subject_571,70,Frontal,MTL_IMF,,,122
subject_571,70,Frontal,MTR_IMF,,,122
subject_571,70,Frontal,SCML_IMF,,,122
subject_571,70,Frontal,SCMR_IMF,,,122
subject_571,70,Frontal,STL_IMF,,,122
subject_571,70,Frontal,STR_IMF,,,122
subject_571,70,Frontal,UTL_IMF,,,122
subject_571,70,Frontal,UTR_IMF,,,122
subject_571,70,Horizontal,MTL_IMF,,,122
subject_571,70,Horizontal,MTR_IMF,,,122
subject_571,70,Horizontal,SCML_IMF,,,122
subject_571,70,Horizontal,SCMR_IMF,,,122
subject_571,70,Horizontal,STL_IMF,,,122
subject_571,70,Horizontal,STR_IMF,,,122
subject_571,70,Horizontal,UTL_IMF,,,122
subject_571,70,Horizontal,UTR_IMF,,,122
subject_571,80,Sagittal,MTL_IMF,0.04798889830645637,0.5996522782627896,122
subject_571,80,Sagittal,MTR_IMF,0.1433148936461112,0.11530037431425134,122
subject_571,80,Sagittal,SCML_IMF,0.06298187910101916,0.4907095050654901,122
subject_571,80,Sagittal,SCMR_IMF,0.09758751853836097,0.2849130008235195,122
subject_571,80,Sagittal,STL_IMF,0.11710258199041844,0.19894978167391733,122
subject_571,80,Sagittal,STR_IMF,0.0981158429624937,0.28230082751669133,122
subject_571,80,Sagittal,UTL_IMF,-0.06279028629423879,0.49203223888474606,122
subject_571,80,Sagittal,UTR_IMF,,,122
subject_571,80,Frontal,MTL_IMF,,,122
subject_571,80,Frontal,MTR_IMF,,,122
subject_571,80,Frontal,SCML_IMF,,,122
subject_571,80,Frontal,SCMR_IMF,,,122
subject_571,80,Frontal,STL_IMF,,,122
subject_571,80,Frontal,STR_IMF,,,122
subject_571,80,Frontal,UTL_IMF,,,122
subject_571,80,Frontal,UTR_IMF,,,122
subject_571,80,Horizontal,MTL_IMF,,,122
subject_571,80,Horizontal,MTR_IMF,,,122
subject_571,80,Horizontal,SCML_IMF,,,122
subject_571,80,Horizontal,SCMR_IMF,,,122
subject_571,80,Horizontal,STL_IMF,,,122
subject_571,80,Horizontal,STR_IMF,,,122
subject_571,80,Horizontal,UTL_IMF,,,122
subject_571,80,Horizontal,UTR_IMF,,,122
subject_571,90,Sagittal,MTL_IMF,-0.01420202202901091,0.876616808029571,122
subject_571,90,Sagittal,MTR_IMF,-0.17586123814893093,0.05267411296764777,122
subject_571,90,Sagittal,SCML_IMF,-0.027520907420083257,0.7634861367799305,122
subject_571,90,Sagittal,SCMR_IMF,0.02722983906346,0.7659150449981903,122
subject_571,90,Sagittal,STL_IMF,-0.16721074893049276,0.06564017742800565,122
subject_571,90,Sagittal,STR_IMF,-0.07775419033937922,0.3946184583752848,122
subject_571,90,Sagittal,UTL_IMF,-0.01761217314789521,0.8473152319144636,122
subject_571,90,Sagittal,UTR_IMF,,,122
subject_571,90,Frontal,MTL_IMF,,,122
subject_571,90,Frontal,MTR_IMF,,,122
subject_571,90,Frontal,SCML_IMF,,,122
subject_571,90,Frontal,SCMR_IMF,,,122
subject_571,90,Frontal,STL_IMF,,,122
subject_571,90,Frontal,STR_IMF,,,122
subject_571,90,Frontal,UTL_IMF,,,122
subject_571,90,Frontal,UTR_IMF,,,122
subject_571,90,Horizontal,MTL_IMF,,,122
subject_571,90,Horizontal,MTR_IMF,,,122
subject_571,90,Horizontal,SCML_IMF,,,122
subject_571,90,Horizontal,SCMR_IMF,,,122
subject_571,90,Horizontal,STL_IMF,,,122
subject_571,90,Horizontal,STR_IMF,,,122
subject_571,90,Horizontal,UTL_IMF,,,122
subject_571,90,Horizontal,UTR_IMF,,,122
subject_572,10,Sagittal,MTL_IMF,0.028370377843005026,0.7101844067107891,174
subject_572,10,Sagittal,MTR_IMF,0.09743614796055297,0.2008784641061676,174
subject_572,10,Sagittal,SCML_IMF,-0.034861963536632956,0.6478973463279422,174
subject_572,10,Sagittal,SCMR_IMF,-0.23868331588794295,0.0015153613034612613,174
subject_572,10,Sagittal,STL_IMF,-0.007435597137987643,0.9224272849054297,174
subject_572,10,Sagittal,STR_IMF,-0.02600833400607176,0.7333608090381913,174
subject_572,10,Sagittal,UTL_IMF,0.0757078176743102,0.3207672639979248,174
subject_572,10,Sagittal,UTR_IMF,-0.1296207909876523,0.08825208104916027,174
subject_572,10,Frontal,MTL_IMF,-0.047600806901296366,0.5328077203762849,174
subject_572,10,Frontal,MTR_IMF,-0.03977822537637816,0.602272612811029,174
subject_572,10,Frontal,SCML_IMF,-0.0384957316624924,0.6140361604469162,174
subject_572,10,Frontal,SCMR_IMF,-0.0868266014894398,0.2546117448837004,174
subject_572,10,Frontal,STL_IMF,-0.05531425169387989,0.46848807405639503,174
subject_572,10,Frontal,STR_IMF,-0.03571418774315099,0.6398874274062821,174
subject_572,10,Frontal,UTL_IMF,-0.0531701699962169,0.4859276163300072,174
subject_572,10,Frontal,UTR_IMF,0.06342934487999734,0.40569260524054146,174
subject_572,10,Horizontal,MTL_IMF,-0.018891694987169104,0.8045797227654847,174
subject_572,10,Horizontal,MTR_IMF,-0.01901580046845976,0.803321956163063,174
subject_572,10,Horizontal,SCML_IMF,-0.10399668474990169,0.1720555317784988,174
subject_572,10,Horizontal,SCMR_IMF,0.047676670710507095,0.5321542352953811,174
subject_572,10,Horizontal,STL_IMF,0.122957070681967,0.10601561579121721,174
subject_572,10,Horizontal,STR_IMF,0.020965403660369943,0.7836316134562092,174
subject_572,10,Horizontal,UTL_IMF,-0.07116192252129669,0.35076421444991884,174
subject_572,10,Horizontal,UTR_IMF,-0.02177406980893663,0.7755037055334928,174
subject_572,20,Sagittal,MTL_IMF,-0.014740324834324744,0.8473633952524594,173
subject_572,20,Sagittal,MTR_IMF,0.16591236316707506,0.029142115780733162,173
subject_572,20,Sagittal,SCML_IMF,0.04268434948366373,0.5771113385248735,173
subject_572,20,Sagittal,SCMR_IMF,0.041800113245931816,0.5850332027240255,173
subject_572,20,Sagittal,STL_IMF,0.03628827097585062,0.6355044353759775,173
subject_572,20,Sagittal,STR_IMF,-0.025064450314655463,0.7434161614493611,173
subject_572,20,Sagittal,UTL_IMF,0.02921217814096473,0.7028158133713912,173
subject_572,20,Sagittal,UTR_IMF,-0.2522661765743652,0.0008130613755540719,173
subject_572,20,Frontal,MTL_IMF,-0.006283668350895023,0.9346066400848093,173
subject_572,20,Frontal,MTR_IMF,0.13612644001047344,0.07413070855610998,173
subject_572,20,Frontal,SCML_IMF,0.07174379145424953,0.348238933286174,173
subject_572,20,Frontal,SCMR_IMF,0.09329248278081675,0.22214670762788905,173
subject_572,20,Frontal,STL_IMF,0.03438753794437832,0.6533224698474172,173
subject_572,20,Frontal,STR_IMF,-0.06930300684028244,0.3649250574404013,173
subject_572,20,Frontal,UTL_IMF,0.03092387380955109,0.6862950896317913,173
subject_572,20,Frontal,UTR_IMF,-0.01668692740520859,0.8275021315348148,173
subject_572,20,Horizontal,MTL_IMF,-0.07181804551127989,0.34773895780824987,173
subject_572,20,Horizontal,MTR_IMF,-0.09289531145915214,0.22412984996761173,173
subject_572,20,Horizontal,SCML_IMF,-0.009390374289797932,0.9024092916817773,173
subject_572,20,Horizontal,SCMR_IMF,0.17912970100040887,0.018368318169529912,173
subject_572,20,Horizontal,STL_IMF,0.06104786675467514,0.42493852739050114,173
subject_572,20,Horizontal,STR_IMF,0.14096059454283288,0.06433466730312151,173
subject_572,20,Horizontal,UTL_IMF,-0.17942256392584813,0.018175285343284307,173
subject_572,20,Horizontal,UTR_IMF,0.010670680078953155,0.8891835647105685,173
subject_572,30,Sagittal,MTL_IMF,-0.10532529704060421,0.1678534408458258,173
subject_572,30,Sagittal,MTR_IMF,-0.08223984291889559,0.2820714284085221,173
subject_572,30,Sagittal,SCML_IMF,-0.17971125136124022,0.01798673032196629,173
subject_572,30,Sagittal,SCMR_IMF,-0.27698211038969295,0.00022499208513209072,173
subject_572,30,Sagittal,STL_IMF,0.08112970325391582,0.2886404042724941,173
subject_572,30,Sagittal,STR_IMF,-0.10035639574650985,0.18893636237914035,173
subject_572,30,Sagittal,UTL_IMF,-0.02718291284576717,0.7225828212531826,173
subject_572,30,Sagittal,UTR_IMF,-0.07949473086936444,0.2984996652365192,173
subject_572,30,Frontal,MTL_IMF,-0.03103506782400278,0.6852269016656244,173
subject_572,30,Frontal,MTR_IMF,0.03290683412052426,0.6673407752359506,173
subject_572,30,Frontal,SCML_IMF,0.013203887818939252,0.8631085202215019,173
subject_572,30,Frontal,SCMR_IMF,-0.12042009783360105,0.11453230636799341,173
subject_572,30,Frontal,STL_IMF,0.1713300952553319,0.02420557173215817,173
subject_572,30,Frontal,STR_IMF,-0.013084941805551515,0.8643297910606746,173
subject_572,30,Frontal,UTL_IMF,0.04520397353762835,0.554817217177367,173
subject_572,30,Frontal,UTR_IMF,0.09267249863014623,0.2252478685509076,173
subject_572,30,Horizontal,MTL_IMF,-0.09292548307896124,0.22397875920944058,173
subject_572,30,Horizontal,MTR_IMF,-0.004082151386665286,0.9574902562952455,173
subject_572,30,Horizontal,SCML_IMF,0.11953767115874682,0.11723242396163512,173
subject_572,30,Horizontal,SCMR_IMF,0.24009095950810133,0.0014642385785615792,173
subject_572,30,Horizontal,STL_IMF,-0.03984105112625813,0.6027604578413589,173
subject_572,30,Horizontal,STR_IMF,0.18340815462061658,0.015718171176854888,173
subject_572,30,Horizontal,UTL_IMF,-0.1497774231754022,0.0492014548626388,173
subject_572,30,Horizontal,UTR_IMF,0.08123647339463418,0.2880042126541891,173
subject_572,40,Sagittal,MTL_IMF,-0.13685391950735515,0.07258362650302841,173
subject_572,40,Sagittal,MTR_IMF,-0.0344424854468671,0.6528045522598983,173
subject_572,40,Sagittal,SCML_IMF,-0.01133089646800845,0.8823751369714145,173
subject_572,40,Sagittal,SCMR_IMF,-0.1098215114859119,0.15033221923513695,173
subject_572,40,Sagittal,STL_IMF,-0.12491866469890985,0.10151394766273751,173
subject_572,40,Sagittal,STR_IMF,-0.005605565363022876,0.941650335646697,173
subject_572,40,Sagittal,UTL_IMF,-0.1456147143503057,0.05593019650531205,173
subject_572,40,Sagittal,UTR_IMF,0.0184339481954293,0.8097694599630484,173
subject_572,40,Frontal,MTL_IMF,-0.15900449760808172,0.03666019144127003,173
subject_572,40,Frontal,MTR_IMF,-0.053459690247307415,0.48483039913363885,173
subject_572,40,Frontal,SCML_IMF,0.09001762750776765,0.23887381215732126,173
subject_572,40,Frontal,SCMR_IMF,-0.10810771292974689,0.1568401093918564,173
subject_572,40,Frontal,STL_IMF,0.016351959599220953,0.8309124112503908,173
subject_572,40,Frontal,STR_IMF,-0.004546358883624197,0.952661540738993,173
subject_572,40,Frontal,UTL_IMF,-0.048884346384477056,0.5230220706975767,173
subject_572,40,Frontal,UTR_IMF,0.085030650126979,0.266004276078665,173
subject_572,40,Horizontal,MTL_IMF,0.13480126738707393,0.0770174567862266,173
subject_572,40,Horizontal,MTR_IMF,0.11547993224938949,0.13029077697938557,173
subject_572,40,Horizontal,SCML_IMF,-0.006507336252286394,0.9322844079324731,173
subject_572,40,Horizontal,SCMR_IMF,0.06718273270807354,0.3798148161689541,173
subject_572,40,Horizontal,STL_IMF,-0.0038322931103809714,0.9600899492486622,173
subject_572,40,Horizontal,STR_IMF,-0.1050858829359736,0.16882732745321294,173
subject_572,40,Horizontal,UTL_IMF,-0.03672534843939774,0.6314360739720701,173
subject_572,40,Horizontal,UTR_IMF,0.07095418995780814,0.35358355056090063,173
subject_572,50,Sagittal,MTL_IMF,-0.0026070235522295273,0.9728440495371367,173
subject_572,50,Sagittal,MTR_IMF,-0.08885201150522966,0.2450347767219269,173
subject_572,50,Sagittal,SCML_IMF,0.037202489056355745,0.6270074043438651,173
subject_572,50,Sagittal,SCMR_IMF,0.024583303547204723,0.7481745401702438,173
subject_572,50,Sagittal,STL_IMF,0.17293634594571197,0.022887731625634136,173
subject_572,50,Sagittal,STR_IMF,-0.13267430199126284,0.08184005118543654,173
subject_572,50,Sagittal,UTL_IMF,-0.0930766013067749,0.22322308893932508,173
subject_572,50,Sagittal,UTR_IMF,-0.09538235006235402,0.21191679108807143,173
subject_572,50,Frontal,MTL_IMF,-0.009827250126214583,0.8978931018213304,173
subject_572,50,Frontal,MTR_IMF,-0.08991158261010855,0.2394298000975506,173
subject_572,50,Frontal,SCML_IMF,-0.00401602158436959,0.958178272595273,173
subject_572,50,Frontal,SCMR_IMF,-0.04980237767918928,0.5152381324620715,173
subject_572,50,Frontal,STL_IMF,0.03933725169312381,0.607357712283583,173
subject_572,50,Frontal,STR_IMF,-0.06337468762144528,0.4074700514563125,173
subject_572,50,Frontal,UTL_IMF,-0.08582261415170056,0.26156086386000327,173
subject_572,50,Frontal,UTR_IMF,-0.2426645382358674,0.0012961311517854326,173
subject_572,50,Horizontal,MTL_IMF,0.10957369736920543,0.15126042554986552,173
subject_572,50,Horizontal,MTR_IMF,0.049726173010712124,0.5158819908323813,173
subject_572,50,Horizontal,SCML_IMF,0.030675700394525985,0.6886814122820182,173
subject_572,50,Horizontal,SCMR_IMF,-0.030619831383391534,0.6892190480732578,173
subject_572,50,Horizontal,STL_IMF,0.10212372736207151,0.18122642969812622,173
subject_572,50,Horizontal,STR_IMF,-0.10565858779182484,0.16650465468424244,173
subject_572,50,Horizontal,UTL_IMF,-0.00044272785944593046,0.9953874866010277,173
subject_572,50,Horizontal,UTR_IMF,0.03125417206737285,0.6831238976884425,173
subject_572,60,Sagittal,MTL_IMF,0.24353976709724853,0.0012026394738615111,174
subject_572,60,Sagittal,MTR_IMF,0.0690062089743808,0.3655858629601836,174
subject_572,60,Sagittal,SCML_IMF,0.23878180737861854,0.0015083430230665754,174
subject_572,60,Sagittal,SCMR_IMF,0.2609964473910821,0.0005043163637938816,174
subject_572,60,Sagittal,STL_IMF,0.1945983887478861,0.010079983085343863,174
subject_572,60,Sagittal,STR_IMF,-0.09918010544963075,0.1928964047510199,174
subject_572,60,Sagittal,UTL_IMF,-0.4115827750691912,1.6799298085948615e-08,174
subject_572,60,Sagittal,UTR_IMF,-0.34550534570328434,3.0224979236853827e-06,174
subject_572,60,Frontal,MTL_IMF,0.0883458453389501,0.24636233519995818,174
subject_572,60,Frontal,MTR_IMF,-0.03357152228258538,0.6601030342978733,174
subject_572,60,Frontal,SCML_IMF,0.02619586414549792,0.7315116063243841,174
subject_572,60,Frontal,SCMR_IMF,0.07316732667931838,0.33732024519612563,174
subject_572,60,Frontal,STL_IMF,0.10284566314306588,0.17687714292124235,174
subject_572,60,Frontal,STR_IMF,-0.08923610828235198,0.24161547143006734,174
subject_572,60,Frontal,UTL_IMF,-0.10498901020660789,0.16797753413342917,174
subject_572,60,Frontal,UTR_IMF,-0.08234235669810307,0.28006341607778706,174
subject_572,60,Horizontal,MTL_IMF,-0.016985481496099655,0.8239596927570637,174
subject_572,60,Horizontal,MTR_IMF,0.0332193658583243,0.6634497257858648,174
subject_572,60,Horizontal,SCML_IMF,0.05773688500003916,0.44920328690312733,174
subject_572,60,Horizontal,SCMR_IMF,-0.027177606771261225,0.7218562456516819,174
subject_572,60,Horizontal,STL_IMF,0.12310216207339282,0.1056009612749321,174
subject_572,60,Horizontal,STR_IMF,-0.03438111553964312,0.6524347300656828,174
subject_572,60,Horizontal,UTL_IMF,0.03132720595294153,0.6815444657716042,174
subject_572,60,Horizontal,UTR_IMF,-0.00415187881983573,0.9566383658163693,174
subject_572,70,Sagittal,MTL_IMF,0.2274873786022191,0.0026124438687712063,173
subject_572,70,Sagittal,MTR_IMF,0.12964864249040492,0.08911548003833794,173
subject_572,70,Sagittal,SCML_IMF,0.047512785313905605,0.5347619252290645,173
subject_572,70,Sagittal,SCMR_IMF,-0.03200995418643542,0.6758885314332213,173
subject_572,70,Sagittal,STL_IMF,-0.07119427721417221,0.3519530483858779,173
subject_572,70,Sagittal,STR_IMF,0.03534828803167323,0.6442908013575865,173
subject_572,70,Sagittal,UTL_IMF,-0.40395383868896473,3.560640689464151e-08,173
subject_572,70,Sagittal,UTR_IMF,-0.28627374916033693,0.0001343901448857298,173
subject_572,70,Frontal,MTL_IMF,0.07884083339113984,0.3025044920418937,173
subject_572,70,Frontal,MTR_IMF,0.09458708250269655,0.2157691169111579,173
subject_572,70,Frontal,SCML_IMF,0.0911809210760492,0.2328339583621569,173
subject_572,70,Frontal,SCMR_IMF,0.018740780409117606,0.8066647365111265,173
subject_572,70,Frontal,STL_IMF,0.06225752178378803,0.41580356740818386,173
subject_572,70,Frontal,STR_IMF,-0.044130844088742495,0.5642613268320381,173
subject_572,70,Frontal,UTL_IMF,-0.12167369757044023,0.11078015149664469,173
subject_572,70,Frontal,UTR_IMF,-0.0645928486272128,0.39849659452432473,173
subject_572,70,Horizontal,MTL_IMF,0.014081616180358879,0.8541067065837143,173
subject_572,70,Horizontal,MTR_IMF,-0.021664728429370454,0.7772363049348866,173
subject_572,70,Horizontal,SCML_IMF,0.018949880114962587,0.8045506583297333,173
subject_572,70,Horizontal,SCMR_IMF,-0.01949648056899713,0.7990310429275862,173
subject_572,70,Horizontal,STL_IMF,0.07749181473470904,0.31087805647762934,173
subject_572,70,Horizontal,STR_IMF,0.07369936480713468,0.33522265347495916,173
subject_572,70,Horizontal,UTL_IMF,-0.06660397793599736,0.38394259312203466,173
subject_572,70,Horizontal,UTR_IMF,-0.0704035494029932,0.35734095052408127,173
subject_572,80,Sagittal,MTL_IMF,0.2329064244399467,0.00204430594012424,173
subject_572,80,Sagittal,MTR_IMF,0.1328196793742743,0.08150287797007451,173
subject_572,80,Sagittal,SCML_IMF,0.11068341723142955,0.14713739487686087,173
subject_572,80,Sagittal,SCMR_IMF,-0.0067903417278171,0.9293469244005566,173
subject_572,80,Sagittal,STL_IMF,-0.012196451648416835,0.8734622796152479,173
subject_572,80,Sagittal,STR_IMF,-0.22360343598029955,0.003103867196115762,173
subject_572,80,Sagittal,UTL_IMF,-0.2270069541892962,0.002669149047065837,173
subject_572,80,Sagittal,UTR_IMF,-0.20439007247571858,0.006988780924714384,173
subject_572,80,Frontal,MTL_IMF,0.03133163878234826,0.6823809393670235,173
subject_572,80,Frontal,MTR_IMF,0.13550089156937292,0.07548228507742392,173
subject_572,80,Frontal,SCML_IMF,0.1603426960067076,0.03508775924553239,173
subject_572,80,Frontal,SCMR_IMF,0.051366472246115256,0.5021149367774592,173
subject_572,80,Frontal,STL_IMF,-0.013209415867805423,0.8630517691825618,173
subject_572,80,Frontal,STR_IMF,-0.1626985500180762,0.032458134206973785,173
subject_572,80,Frontal,UTL_IMF,-0.08686924793166208,0.25576700012324455,173
subject_572,80,Frontal,UTR_IMF,-0.01226257377050149,0.8727820414809053,173
subject_572,80,Horizontal,MTL_IMF,0.02715843548648464,0.7228224096016058,173
subject_572,80,Horizontal,MTR_IMF,-0.21378239610836652,0.004739745121238334,173
subject_572,80,Horizontal,SCML_IMF,-0.06115969171798793,0.4240892146213956,173
subject_572,80,Horizontal,SCMR_IMF,-0.10053824408225195,0.1881321649818081,173
subject_572,80,Horizontal,STL_IMF,0.10092276399678414,0.18643993119837443,173
subject_572,80,Horizontal,STR_IMF,0.11428587994174327,0.13433901195194417,173
subject_572,80,Horizontal,UTL_IMF,-0.05924696089637897,0.4387515015217378,173
subject_572,80,Horizontal,UTR_IMF,-0.03948702930517094,0.60598934626646,173
subject_572,90,Sagittal,MTL_IMF,0.18737549324505395,0.01356513002994403,173
subject_572,90,Sagittal,MTR_IMF,0.1077779357024741,0.15811632062923067,173
subject_572,90,Sagittal,SCML_IMF,0.10721426756310712,0.16031569581447716,173
subject_572,90,Sagittal,SCMR_IMF,0.07823721240177946,0.30623269971993594,173
subject_572,90,Sagittal,STL_IMF,0.08275142306456734,0.27907837308421873,173
subject_572,90,Sagittal,STR_IMF,-0.21147146370923786,0.005222709130954645,173
subject_572,90,Sagittal,UTL_IMF,-0.21611278161076788,0.00429367525102297,173
subject_572,90,Sagittal,UTR_IMF,-0.3192877540435885,1.8543402690914836e-05,173
subject_572,90,Frontal,MTL_IMF,0.02153734613303459,0.7785121114319583,173
subject_572,90,Frontal,MTR_IMF,0.02934862921831015,0.7014935926052586,173
subject_572,90,Frontal,SCML_IMF,0.07797892300640231,0.3078371822452542,173
subject_572,90,Frontal,SCMR_IMF,0.05376710529711885,0.4823191372610358,173
subject_572,90,Frontal,STL_IMF,0.05632209229226371,0.4617212810235169,173
subject_572,90,Frontal,STR_IMF,-0.14771650008078177,0.0524435045612776,173
subject_572,90,Frontal,UTL_IMF,-0.11133198293497512,0.14476748493427735,173
subject_572,90,Frontal,UTR_IMF,-0.1928773664566964,0.011008360719471913,173
subject_572,90,Horizontal,MTL_IMF,0.01937073532674098,0.8002999580555832,173
subject_572,90,Horizontal,MTR_IMF,-0.1852678646209857,0.014674389471443935,173
subject_572,90,Horizontal,SCML_IMF,-0.04852190428538015,0.5261115906512966,173
subject_572,90,Horizontal,SCMR_IMF,-0.05719022773123561,0.4548349909548838,173
subject_572,90,Horizontal,STL_IMF,0.026449181470964842,0.7297763150300681,173
subject_572,90,Horizontal,STR_IMF,0.1481735032143392,0.05170971735552238,173
subject_572,90,Horizontal,UTL_IMF,-0.018226914881886498,0.8118660357307096,173
subject_572,90,Horizontal,UTR_IMF,-0.01913858237615464,0.8026440210276184,173
subject_573,10,Sagittal,MTL_IMF,0.0719665439311148,0.3847294609672139,148
subject_573,10,Sagittal,MTR_IMF,0.09416344546841565,0.2549676534118408,148
subject_573,10,Sagittal,SCML_IMF,0.05927843409929845,0.47419616905307915,148
subject_573,10,Sagittal,SCMR_IMF,-0.019894615987994854,0.8103302127268641,148
subject_573,10,Sagittal,STL_IMF,0.06243564955038538,0.4509344509549265,148
subject_573,10,Sagittal,STR_IMF,-0.030305878886077876,0.7146300939133873,148
subject_573,10,Sagittal,UTL_IMF,0.05312235451729607,0.52137019985809,148
subject_573,10,Sagittal,UTR_IMF,-0.2963299106736141,0.000255256105010103,148
subject_573,10,Frontal,MTL_IMF,-0.1838688658727115,0.02528615750245722,148
subject_573,10,Frontal,MTR_IMF,-0.14599422974104115,0.0766378661768239,148
subject_573,10,Frontal,SCML_IMF,-0.06808986565237908,0.41091737882770923,148
subject_573,10,Frontal,SCMR_IMF,0.13369953868474307,0.10522889383227177,148
subject_573,10,Frontal,STL_IMF,0.0876079860027929,0.2896919632110019,148
subject_573,10,Frontal,STR_IMF,0.038363326450631945,0.6434193623806256,148
subject_573,10,Frontal,UTL_IMF,-0.12940790684152134,0.11698258681998233,148
subject_573,10,Frontal,UTR_IMF,0.15344966982685573,0.06260155117254818,148
subject_573,10,Horizontal,MTL_IMF,,,148
subject_573,10,Horizontal,MTR_IMF,,,148
subject_573,10,Horizontal,SCML_IMF,,,148
subject_573,10,Horizontal,SCMR_IMF,,,148
subject_573,10,Horizontal,STL_IMF,,,148
subject_573,10,Horizontal,STR_IMF,,,148
subject_573,10,Horizontal,UTL_IMF,,,148
subject_573,10,Horizontal,UTR_IMF,,,148
subject_573,20,Sagittal,MTL_IMF,-0.031235063010741908,0.7062769054042592,148
subject_573,20,Sagittal,MTR_IMF,0.057921666944969794,0.4843894393047563,148
subject_573,20,Sagittal,SCML_IMF,-0.06090183358748295,0.4621546030822219,148
subject_573,20,Sagittal,SCMR_IMF,0.002844737100877802,0.9726264808244226,148
subject_573,20,Sagittal,STL_IMF,-0.07244969850835124,0.3815379654735772,148
subject_573,20,Sagittal,STR_IMF,0.11261465552382695,0.17296471354175136,148
subject_573,20,Sagittal,UTL_IMF,0.1459523484003167,0.07672335350823865,148
subject_573,20,Sagittal,UTR_IMF,0.08975045286654894,0.27801270257143895,148
subject_573,20,Frontal,MTL_IMF,-0.09555857868475484,0.24796380188249137,148
subject_573,20,Frontal,MTR_IMF,-0.018374060706135283,0.8245836258618388,148
subject_573,20,Frontal,SCML_IMF,-0.052250221617501195,0.5282414404740623,148
subject_573,20,Frontal,SCMR_IMF,0.0985307447276192,0.2334902313069736,148
subject_573,20,Frontal,STL_IMF,0.014993748108990587,0.856469330711785,148
subject_573,20,Frontal,STR_IMF,0.012174653693619322,0.883241997794155,148
subject_573,20,Frontal,UTL_IMF,0.06790945630001813,0.41216106037451716,148
subject_573,20,Frontal,UTR_IMF,0.1043536275250474,0.20687623667768135,148
subject_573,20,Horizontal,MTL_IMF,-0.15684439157925856,0.05694725085102659,148
subject_573,20,Horizontal,MTR_IMF,0.0861793059756647,0.2976593170935681,148
subject_573,20,Horizontal,SCML_IMF,-0.08249509665072381,0.3188679443152373,148
subject_573,20,Horizontal,SCMR_IMF,0.0844076443104452,0.3077388343922444,148
subject_573,20,Horizontal,STL_IMF,-0.1193641591584644,0.14846165630890648,148
subject_573,20,Horizontal,STR_IMF,-0.20232940200113494,0.013657993744296092,148
subject_573,20,Horizontal,UTL_IMF,-0.06941382932677632,0.4018581087784858,148
subject_573,20,Horizontal,UTR_IMF,0.010015207971811727,0.9038413610062341,148
subject_573,30,Sagittal,MTL_IMF,0.012442153614445789,0.8806954092998682,148
subject_573,30,Sagittal,MTR_IMF,0.09157877765677847,0.2683002171232016,148
subject_573,30,Sagittal,SCML_IMF,-0.1850542469925354,0.02434262826808593,148
subject_573,30,Sagittal,SCMR_IMF,0.07972845458388812,0.3354226343850734,148
subject_573,30,Sagittal,STL_IMF,-0.1282014916999595,0.12046393106488047,148
subject_573,30,Sagittal,STR_IMF,0.16447646225578977,0.04575976635873183,148
subject_573,30,Sagittal,UTL_IMF,0.09892479044869511,0.2316167981899879,148
subject_573,30,Sagittal,UTR_IMF,0.15440770917612281,0.060961150828769795,148
subject_573,30,Frontal,MTL_IMF,-0.04871557448048004,0.5565492397181209,148
subject_573,30,Frontal,MTR_IMF,-0.0401735644266555,0.6278293244275438,148
subject_573,30,Frontal,SCML_IMF,0.11784515922714654,0.15373332130590905,148
subject_573,30,Frontal,SCMR_IMF,-0.02554245059705389,0.7579660025385934,148
subject_573,30,Frontal,STL_IMF,-0.11875476646660676,0.15055988944747453,148
subject_573,30,Frontal,STR_IMF,-0.00834220819985892,0.9198453047193486,148
subject_573,30,Frontal,UTL_IMF,-0.10127508602632064,0.22066200813885262,148
subject_573,30,Frontal,UTR_IMF,-0.12017055578299418,0.1457191790556996,148
subject_573,30,Horizontal,MTL_IMF,-0.17196211453549937,0.03662988858656299,148
subject_573,30,Horizontal,MTR_IMF,-0.21476195102904505,0.008762147260076182,148
subject_573,30,Horizontal,SCML_IMF,0.013902669800340783,0.8668135471912812,148
subject_573,30,Horizontal,SCMR_IMF,-0.03609287276323961,0.6631939601747674,148
subject_573,30,Horizontal,STL_IMF,0.025196446687351718,0.7611452325229611,148
subject_573,30,Horizontal,STR_IMF,-0.18837700139198266,0.02185715792620889,148
subject_573,30,Horizontal,UTL_IMF,-0.29016883557578455,0.00034701668031877854,148
subject_573,30,Horizontal,UTR_IMF,-0.13086897471107994,0.11287165728851288,148
subject_573,40,Sagittal,MTL_IMF,-0.15122177568255424,0.06655620155215915,148
subject_573,40,Sagittal,MTR_IMF,-0.3028238988172206,0.0001832867006252132,148
subject_573,40,Sagittal,SCML_IMF,-0.1772910415126467,0.03111039898636337,148
subject_573,40,Sagittal,SCMR_IMF,0.12063610220974996,0.14415347337531148,148
subject_573,40,Sagittal,STL_IMF,-0.17108051627854606,0.03761826166842076,148
subject_573,40,Sagittal,STR_IMF,-0.022226593575833266,0.7885926210581382,148
subject_573,40,Sagittal,UTL_IMF,-0.11451932310218521,0.16576552436316427,148
subject_573,40,Sagittal,UTR_IMF,-0.3199321309293831,7.375430971455462e-05,148
subject_573,40,Frontal,MTL_IMF,-0.005077931636372954,0.951158275277392,148
subject_573,40,Frontal,MTR_IMF,-0.13827642837113502,0.09373757479999036,148
subject_573,40,Frontal,SCML_IMF,0.02949159744441277,0.7219782901487541,148
subject_573,40,Frontal,SCMR_IMF,-0.1624754207706214,0.048499073416672686,148
subject_573,40,Frontal,STL_IMF,-0.22496713495475876,0.005978338653668168,148
subject_573,40,Frontal,STR_IMF,0.08497179040242776,0.3045052612827663,148
subject_573,40,Frontal,UTL_IMF,-0.06692283194641618,0.41900148871942705,148
subject_573,40,Frontal,UTR_IMF,0.0946795403569336,0.25236105322354524,148
subject_573,40,Horizontal,MTL_IMF,-0.22056568644173338,0.00706414778271393,148
subject_573,40,Horizontal,MTR_IMF,-0.2872153461460631,0.0004010788171417912,148
subject_573,40,Horizontal,SCML_IMF,-0.06906158406534385,0.40425670565321303,148
subject_573,40,Horizontal,SCMR_IMF,-0.09530756170364027,0.24921402603237747,148
subject_573,40,Horizontal,STL_IMF,0.12270367920843848,0.1373537489217776,148
subject_573,40,Horizontal,STR_IMF,-0.0024226164883795805,0.9766870979709873,148
subject_573,40,Horizontal,UTL_IMF,-0.2982299662523847,0.0002318662908818186,148
subject_573,40,Horizontal,UTR_IMF,-0.07670523432207454,0.35412734400828916,148
subject_573,50,Sagittal,MTL_IMF,0.07536886721108982,0.3625993470125354,148
subject_573,50,Sagittal,MTR_IMF,0.06598817311966321,0.42554218571323504,148
subject_573,50,Sagittal,SCML_IMF,0.043490995335387854,0.5996853129098173,148
subject_573,50,Sagittal,SCMR_IMF,0.07925941149343506,0.33828259153449275,148
subject_573,50,Sagittal,STL_IMF,0.10269987479363807,0.21420282353775907,148
subject_573,50,Sagittal,STR_IMF,-0.021680075752092534,0.7936730765915654,148
subject_573,50,Sagittal,UTL_IMF,0.17491658195762155,0.03347576437613722,148
subject_573,50,Sagittal,UTR_IMF,-0.05328467259857093,0.5200963942577458,148
subject_573,50,Frontal,MTL_IMF,0.12405517492913583,0.13304314341090054,148
subject_573,50,Frontal,MTR_IMF,0.0948579914319924,0.2514640563978503,148
subject_573,50,Frontal,SCML_IMF,0.05389036693832543,0.5153572134709137,148
subject_573,50,Frontal,SCMR_IMF,0.02188862349877615,0.7917333716717017,148
subject_573,50,Frontal,STL_IMF,-0.32497604234921873,5.5795541362798906e-05,148
subject_573,50,Frontal,STR_IMF,0.06576061290806234,0.4271435242655509,148
subject_573,50,Frontal,UTL_IMF,0.13984110091635626,0.09004591187498259,148
subject_573,50,Frontal,UTR_IMF,0.21614705088692582,0.008327058863291126,148
subject_573,50,Horizontal,MTL_IMF,-0.07821225858876933,0.34472326222050725,148
subject_573,50,Horizontal,MTR_IMF,0.11583538343902283,0.1609230747262839,148
subject_573,50,Horizontal,SCML_IMF,-0.13149251192661005,0.11115192622907266,148
subject_573,50,Horizontal,SCMR_IMF,0.060746569697487394,0.46329891844360677,148
subject_573,50,Horizontal,STL_IMF,0.10665774632721396,0.19697104814742547,148
subject_573,50,Horizontal,STR_IMF,0.04517167424786863,0.5856462062250292,148
subject_573,50,Horizontal,UTL_IMF,0.009979787280017804,0.904179818679351,148
subject_573,50,Horizontal,UTR_IMF,0.0310629196053658,0.7078218367672002,148
subject_573,60,Sagittal,MTL_IMF,0.016417181069630846,0.8430110092112136,148
subject_573,60,Sagittal,MTR_IMF,0.029441606120297944,0.7224302555997832,148
subject_573,60,Sagittal,SCML_IMF,-0.12385800069077553,0.13366549390235463,148
subject_573,60,Sagittal,SCMR_IMF,-0.24242608892242976,0.0029911228569302053,148
subject_573,60,Sagittal,STL_IMF,0.12183848756655175,0.14016873565778898,148
subject_573,60,Sagittal,STR_IMF,0.2539456461330357,0.001843158222352511,148
subject_573,60,Sagittal,UTL_IMF,-0.10549599507029055,0.2019214803172544,148
subject_573,60,Sagittal,UTR_IMF,-0.13922677169898456,0.09148129738875115,148
subject_573,60,Frontal,MTL_IMF,,,148
subject_573,60,Frontal,MTR_IMF,,,148
subject_573,60,Frontal,SCML_IMF,,,148
subject_573,60,Frontal,SCMR_IMF,,,148
subject_573,60,Frontal,STL_IMF,,,148
subject_573,60,Frontal,STR_IMF,,,148
subject_573,60,Frontal,UTL_IMF,,,148
subject_573,60,Frontal,UTR_IMF,,,148
subject_573,60,Horizontal,MTL_IMF,0.012592273827642551,0.8792668038819782,148
subject_573,60,Horizontal,MTR_IMF,0.11806065700730613,0.1529769829933814,148
subject_573,60,Horizontal,SCML_IMF,-0.0975968097927064,0.23797288021028368,148
subject_573,60,Horizontal,SCMR_IMF,0.024596995278757864,0.7666626754418088,148
subject_573,60,Horizontal,STL_IMF,0.0363018451962367,0.6613639038890621,148
subject_573,60,Horizontal,STR_IMF,-0.04412811388430163,0.5943455694880441,148
subject_573,60,Horizontal,UTL_IMF,0.019113574223811887,0.8176440993089186,148
subject_573,60,Horizontal,UTR_IMF,0.0011808996939156346,0.9886349509279754,148
subject_573,70,Sagittal,MTL_IMF,0.061102995173235954,0.4606743400951712,148
subject_573,70,Sagittal,MTR_IMF,0.029246088389893565,0.7241988270047269,148
subject_573,70,Sagittal,SCML_IMF,0.01047131159444308,0.899484690111806,148
subject_573,70,Sagittal,SCMR_IMF,-0.11397028644274704,0.16781747242272355,148
subject_573,70,Sagittal,STL_IMF,0.03986209868318565,0.6305002848518937,148
subject_573,70,Sagittal,STR_IMF,0.15214943022817082,0.06488549440669876,148
subject_573,70,Sagittal,UTL_IMF,-0.0854884306813785,0.3015636367132585,148
subject_573,70,Sagittal,UTR_IMF,-0.15958774789235744,0.05269122848531163,148
subject_573,70,Frontal,MTL_IMF,0.002245698208736141,0.9783891588987134,148
subject_573,70,Frontal,MTR_IMF,0.04603630149167656,0.5784831004892849,148
subject_573,70,Frontal,SCML_IMF,-0.00842000330538142,0.9191003522206548,148
subject_573,70,Frontal,SCMR_IMF,0.17575552136184258,0.03262320847253534,148
subject_573,70,Frontal,STL_IMF,0.06454482845740771,0.43575765501154534,148
subject_573,70,Frontal,STR_IMF,-0.19327352102161455,0.018593918746588608,148
subject_573,70,Frontal,UTL_IMF,0.06073120825897802,0.46341221916441133,148
subject_573,70,Frontal,UTR_IMF,0.0297742916627753,0.7194242972920968,148
subject_573,70,Horizontal,MTL_IMF,0.08408199598734208,0.3096155867238102,148
subject_573,70,Horizontal,MTR_IMF,0.15797047872114708,0.05516719434444946,148
subject_573,70,Horizontal,SCML_IMF,-0.1189694777260337,0.14981806756949165,148
subject_573,70,Horizontal,SCMR_IMF,-0.03516749202735316,0.6713216979283847,148
subject_573,70,Horizontal,STL_IMF,0.08123836870242361,0.326321049263003,148
subject_573,70,Horizontal,STR_IMF,-0.02345845550454286,0.7771740626177646,148
subject_573,70,Horizontal,UTL_IMF,0.029603552245148563,0.7209664690193409,148
subject_573,70,Horizontal,UTR_IMF,0.07801617732805786,0.3459378391689996,148
subject_573,80,Sagittal,MTL_IMF,-0.12146688463012759,0.1413911803614216,148
subject_573,80,Sagittal,MTR_IMF,0.013327185712747188,0.8722787782424737,148
subject_573,80,Sagittal,SCML_IMF,0.13865956469068444,0.09282268613184663,148
subject_573,80,Sagittal,SCMR_IMF,0.10887648176349003,0.18776212067978768,148
subject_573,80,Sagittal,STL_IMF,0.20131800028699642,0.0141454786064775,148
subject_573,80,Sagittal,STR_IMF,0.13125295909353787,0.11181018142675724,148
subject_573,80,Sagittal,UTL_IMF,0.057726474730390165,0.48586551172727116,148
subject_573,80,Sagittal,UTR_IMF,-0.013758325773548538,0.8681837655291991,148
subject_573,80,Frontal,MTL_IMF,0.1739745194521282,0.03445552656350958,148
subject_573,80,Frontal,MTR_IMF,0.12130398620453006,0.14192960891075626,148
subject_573,80,Frontal,SCML_IMF,-0.03503484011469859,0.6724899485881102,148
subject_573,80,Frontal,SCMR_IMF,0.044694474616881356,0.5896169948303697,148
subject_573,80,Frontal,STL_IMF,-0.1808149081659328,0.027862484270904448,148
subject_573,80,Frontal,STR_IMF,-0.19043384838589802,0.0204307505594055,148
subject_573,80,Frontal,UTL_IMF,-0.02917685167286136,0.7248254633531737,148
subject_573,80,Frontal,UTR_IMF,-0.023034048797661733,0.7811027961034843,148
subject_573,80,Horizontal,MTL_IMF,0.13634706160747742,0.09845397023181503,148
subject_573,80,Horizontal,MTR_IMF,0.08209188222660707,0.32124712110101034,148
subject_573,80,Horizontal,SCML_IMF,-0.13695965151586406,0.0969365777920462,148
subject_573,80,Horizontal,SCMR_IMF,-0.06801116727701391,0.4114596276023382,148
subject_573,80,Horizontal,STL_IMF,-0.1210525432210876,0.14276376173170996,148
subject_573,80,Horizontal,STR_IMF,-0.11367175229885212,0.16894109523950152,148
subject_573,80,Horizontal,UTL_IMF,-0.025823350577227202,0.7553879483898547,148
subject_573,80,Horizontal,UTR_IMF,-0.10072514802133777,0.22319171947593072,148
subject_573,90,Sagittal,MTL_IMF,-0.029891059792593436,0.7192986205922415,147
subject_573,90,Sagittal,MTR_IMF,-0.053246149754529244,0.5218354511095586,147
subject_573,90,Sagittal,SCML_IMF,0.026719065872133452,0.7480260237869473,147
subject_573,90,Sagittal,SCMR_IMF,0.04692916014034758,0.5724549911022191,147
subject_573,90,Sagittal,STL_IMF,0.04527220410350226,0.5861044982444111,147
subject_573,90,Sagittal,STR_IMF,-0.04871097646812501,0.5579458144915662,147
subject_573,90,Sagittal,UTL_IMF,-0.07884494391923898,0.3424872951637883,147
subject_573,90,Sagittal,UTR_IMF,-0.047879131119539786,0.5646974017553656,147
subject_573,90,Frontal,MTL_IMF,-0.009443976179879847,0.9096126270854319,147
subject_573,90,Frontal,MTR_IMF,0.1576624693647703,0.05649689531991946,147
subject_573,90,Frontal,SCML_IMF,-0.025799660055012663,0.7564198717182589,147
subject_573,90,Frontal,SCMR_IMF,0.07051112074201467,0.39607012917829537,147
subject_573,90,Frontal,STL_IMF,-0.08703192835140987,0.2945518573087873,147
subject_573,90,Frontal,STR_IMF,0.207456669508203,0.011692269375507802,147
subject_573,90,Frontal,UTL_IMF,0.011098131347186709,0.8938666882618543,147
subject_573,90,Frontal,UTR_IMF,0.10271519056960447,0.21571555021038968,147
subject_573,90,Horizontal,MTL_IMF,0.0660890580056035,0.42642925189121966,147
subject_573,90,Horizontal,MTR_IMF,0.09128742983478341,0.2714844347703809,147
subject_573,90,Horizontal,SCML_IMF,-0.17516591189169062,0.033831109531915406,147
subject_573,90,Horizontal,SCMR_IMF,-0.11935806717214723,0.1498848049428101,147
subject_573,90,Horizontal,STL_IMF,-0.08182778163990086,0.3244801183872071,147
subject_573,90,Horizontal,STR_IMF,-0.07120666422398664,0.3914153975639851,147
subject_573,90,Horizontal,UTL_IMF,0.06862828104339495,0.40883541877322016,147
subject_573,90,Horizontal,UTR_IMF,-0.12363768980737569,0.13570941073830356,147
subject_574,10,Sagittal,MTL_IMF,0.13083412167662425,0.1791928294068116,107
subject_574,10,Sagittal,MTR_IMF,0.14946939537364867,0.12438905823871069,107
subject_574,10,Sagittal,SCML_IMF,0.005459689201675652,0.9554911447381396,107
subject_574,10,Sagittal,SCMR_IMF,-0.13955214841384336,0.15168391879178214,107
subject_574,10,Sagittal,STL_IMF,-0.2074735181887042,0.03200838211468687,107
subject_574,10,Sagittal,STR_IMF,0.06508919823894559,0.5053557285508047,107
subject_574,10,Sagittal,UTL_IMF,0.09541621387287623,0.32825586806962737,107
subject_574,10,Sagittal,UTR_IMF,-0.05483531649886418,0.5748105120222526,107
subject_574,10,Frontal,MTL_IMF,0.1415212657756266,0.1459346206072892,107
subject_574,10,Frontal,MTR_IMF,0.10593039003212723,0.27750507928633794,107
subject_574,10,Frontal,SCML_IMF,0.05462507880794459,0.5762798279346063,107
subject_574,10,Frontal,SCMR_IMF,-0.09605285693427837,0.3250239277732832,107
subject_574,10,Frontal,STL_IMF,-0.330856951933983,0.0004999533744204249,107
subject_574,10,Frontal,STR_IMF,-0.049443529275454916,0.6130320723069921,107
subject_574,10,Frontal,UTL_IMF,0.049358436935108274,0.6136440572942155,107
subject_574,10,Frontal,UTR_IMF,-0.14798676420165707,0.1282106543428302,107
subject_574,10,Horizontal,MTL_IMF,-0.010032469526926609,0.9183119274145203,107
subject_574,10,Horizontal,MTR_IMF,-0.15826981300026274,0.10348114738582441,107
subject_574,10,Horizontal,SCML_IMF,0.026167486177302142,0.7890494671600878,107
subject_574,10,Horizontal,SCMR_IMF,-0.04577659642456,0.6396410969757905,107
subject_574,10,Horizontal,STL_IMF,0.0335629227567555,0.7314506293088415,107
subject_574,10,Horizontal,STR_IMF,-0.14329096659480475,0.14090922721309035,107
subject_574,10,Horizontal,UTL_IMF,0.10553882862510248,0.2792950376322949,107
subject_574,10,Horizontal,UTR_IMF,0.13598522338594768,0.16252874981677276,107
subject_574,20,Sagittal,MTL_IMF,-0.003536414858425928,0.9711616327856714,107
subject_574,20,Sagittal,MTR_IMF,0.15634867027201096,0.10779266772802437,107
subject_574,20,Sagittal,SCML_IMF,-0.02539788340052214,0.7951153428499018,107
subject_574,20,Sagittal,SCMR_IMF,-0.04698668779856585,0.6308072570669823,107
subject_574,20,Sagittal,STL_IMF,0.07414425782256527,0.4478576841783856,107
subject_574,20,Sagittal,STR_IMF,-0.08177530341542179,0.4023910559050281,107
subject_574,20,Sagittal,UTL_IMF,0.10975100688823193,0.26044405425059647,107
subject_574,20,Sagittal,UTR_IMF,0.054696201419182716,0.5757825684883819,107
subject_574,20,Frontal,MTL_IMF,0.11928118680366515,0.2210517183750407,107
subject_574,20,Frontal,MTR_IMF,-0.05410702340549382,0.5799078649554676,107
subject_574,20,Frontal,SCML_IMF,-0.06329555814128468,0.5171828398752,107
subject_574,20,Frontal,SCMR_IMF,0.17241178000946286,0.07576300919295573,107
subject_574,20,Frontal,STL_IMF,-0.0018335923879709984,0.9850452752297195,107
subject_574,20,Frontal,STR_IMF,-0.13312547308265502,0.17163184246874516,107
subject_574,20,Frontal,UTL_IMF,-0.20816120797358095,0.03143099668778884,107
subject_574,20,Frontal,UTR_IMF,0.032088574595337545,0.7428264811568753,107
subject_574,20,Horizontal,MTL_IMF,-0.0062401757706145155,0.9491363785955338,107
subject_574,20,Horizontal,MTR_IMF,-0.0782013241435674,0.42333618040608184,107
subject_574,20,Horizontal,SCML_IMF,-0.012957248221118893,0.8946187943785152,107
subject_574,20,Horizontal,SCMR_IMF,-0.1540064783793228,0.1132373083168595,107
subject_574,20,Horizontal,STL_IMF,-0.17985766080142226,0.063773860502656,107
subject_574,20,Horizontal,STR_IMF,-0.04755029633551848,0.6267104177637828,107
subject_574,20,Horizontal,UTL_IMF,0.059486785127279555,0.5427577702058678,107
subject_574,20,Horizontal,UTR_IMF,0.17842273514183196,0.06595564946018075,107
subject_574,30,Sagittal,MTL_IMF,,,107
subject_574,30,Sagittal,MTR_IMF,,,107
subject_574,30,Sagittal,SCML_IMF,,,107
subject_574,30,Sagittal,SCMR_IMF,,,107
subject_574,30,Sagittal,STL_IMF,,,107
subject_574,30,Sagittal,STR_IMF,,,107
subject_574,30,Sagittal,UTL_IMF,,,107
subject_574,30,Sagittal,UTR_IMF,,,107
subject_574,30,Frontal,MTL_IMF,-0.0031483496568656777,0.9743250410650804,107
subject_574,30,Frontal,MTR_IMF,0.047204390966835125,0.6292234497383258,107
subject_574,30,Frontal,SCML_IMF,-0.028327985048471605,0.7720891097668736,107
subject_574,30,Frontal,SCMR_IMF,0.09441711906793959,0.33336907540551736,107
subject_574,30,Frontal,STL_IMF,0.011036957696279786,0.910165610161031,107
subject_574,30,Frontal,STR_IMF,-0.06298137359389877,0.5192689885308649,107
subject_574,30,Frontal,UTL_IMF,-0.07078228554519442,0.46876664413972996,107
subject_574,30,Frontal,UTR_IMF,0.05976160175811001,0.5408918664976505,107
subject_574,30,Horizontal,MTL_IMF,0.14324990938738832,0.14102431136628032,107
subject_574,30,Horizontal,MTR_IMF,0.09755574133145926,0.31747573683952424,107
subject_574,30,Horizontal,SCML_IMF,-0.03934442367843278,0.6874209222972207,107
subject_574,30,Horizontal,SCMR_IMF,-0.02203066111585257,0.8217944328133314,107
subject_574,30,Horizontal,STL_IMF,-0.011036957696279786,0.910165610161031,107
subject_574,30,Horizontal,STR_IMF,-0.16060250266444184,0.098428974520778,107
subject_574,30,Horizontal,UTL_IMF,0.13841869173282464,0.15506951033103536,107
subject_574,30,Horizontal,UTR_IMF,0.09121507636764158,0.3500957661765932,107
subject_574,40,Sagittal,MTL_IMF,-0.04032829489937774,0.6800263071416748,107
subject_574,40,Sagittal,MTR_IMF,-0.2014159567638748,0.03749227460702021,107
subject_574,40,Sagittal,SCML_IMF,-0.11855116468720298,0.2239112727270142,107
subject_574,40,Sagittal,SCMR_IMF,-0.06752241778108231,0.48953861988161884,107
subject_574,40,Sagittal,STL_IMF,0.16146705324313418,0.09660660412910906,107
subject_574,40,Sagittal,STR_IMF,0.010949506911540709,0.9108744714313994,107
subject_574,40,Sagittal,UTL_IMF,-0.09724750551783837,0.31901453381041545,107
subject_574,40,Sagittal,UTR_IMF,0.08113131714344256,0.4061191863561751,107
subject_574,40,Frontal,MTL_IMF,0.04881835848426813,0.6175344818138367,107
subject_574,40,Frontal,MTR_IMF,0.10696566615402837,0.2728096500737537,107
subject_574,40,Frontal,SCML_IMF,-0.07393432644398143,0.44914781426046435,107
subject_574,40,Frontal,SCMR_IMF,-0.03943771914043712,0.6867184492936158,107
subject_574,40,Frontal,STL_IMF,-0.05653793022601182,0.5629760679031546,107
subject_574,40,Frontal,STR_IMF,-0.03938135255614581,0.6871428325611932,107
subject_574,40,Frontal,UTL_IMF,-0.11796758453920408,0.22621587777707836,107
subject_574,40,Frontal,UTR_IMF,0.08807792997194777,0.36698307205301356,107
subject_574,40,Horizontal,MTL_IMF,,,107
subject_574,40,Horizontal,MTR_IMF,,,107
subject_574,40,Horizontal,SCML_IMF,,,107
subject_574,40,Horizontal,SCMR_IMF,,,107
subject_574,40,Horizontal,STL_IMF,,,107
subject_574,40,Horizontal,STR_IMF,,,107
subject_574,40,Horizontal,UTL_IMF,,,107
subject_574,40,Horizontal,UTR_IMF,,,107
subject_574,50,Sagittal,MTL_IMF,-0.09852062012105882,0.31268985927194,107
subject_574,50,Sagittal,MTR_IMF,-0.1945183729121639,0.0446750823474473,107
subject_574,50,Sagittal,SCML_IMF,-0.009782605149381776,0.9203396538658928,107
subject_574,50,Sagittal,SCMR_IMF,0.07748116098568578,0.42763151082001316,107
subject_574,50,Sagittal,STL_IMF,0.21292150349364186,0.027670790107644623,107
subject_574,50,Sagittal,STR_IMF,-0.033989488368143826,0.7281700115786113,107
subject_574,50,Sagittal,UTL_IMF,0.023592069706337315,0.8093958656758796,107
subject_574,50,Sagittal,UTR_IMF,0.15418852842667902,0.11280660699266426,107
subject_574,50,Frontal,MTL_IMF,-0.019759618701125622,0.8399057230597653,107
subject_574,50,Frontal,MTR_IMF,0.14803101764152293,0.12809530000894928,107
subject_574,50,Frontal,SCML_IMF,-0.06052289720488306,0.5357395072871556,107
subject_574,50,Frontal,SCMR_IMF,-0.05949221097539457,0.5427209001274605,107
subject_574,50,Frontal,STL_IMF,-0.24198649106590053,0.012033278883655872,107
subject_574,50,Frontal,STR_IMF,-0.007903148464811485,0.9356074888492407,107
subject_574,50,Frontal,UTL_IMF,-0.20129356487268393,0.037610728748423,107
subject_574,50,Frontal,UTR_IMF,-0.05524879805202536,0.5719258655721287,107
subject_574,50,Horizontal,MTL_IMF,,,107
subject_574,50,Horizontal,MTR_IMF,,,107
subject_574,50,Horizontal,SCML_IMF,,,107
subject_574,50,Horizontal,SCMR_IMF,,,107
subject_574,50,Horizontal,STL_IMF,,,107
subject_574,50,Horizontal,STR_IMF,,,107
subject_574,50,Horizontal,UTL_IMF,,,107
subject_574,50,Horizontal,UTR_IMF,,,107
subject_574,60,Sagittal,MTL_IMF,0.0845110965792742,0.38906149098478376,106
subject_574,60,Sagittal,MTR_IMF,-0.16128475314465907,0.0986014964918333,106
subject_574,60,Sagittal,SCML_IMF,-0.21329255433026081,0.028144156434043496,106
subject_574,60,Sagittal,SCMR_IMF,0.1396175938340151,0.15346206186593087,106
subject_574,60,Sagittal,STL_IMF,0.22821184168158215,0.018629445205961742,106
subject_574,60,Sagittal,STR_IMF,-0.23629880572251086,0.014742654616463423,106
subject_574,60,Sagittal,UTL_IMF,0.1395526243407569,0.1536553971515392,106
subject_574,60,Sagittal,UTR_IMF,0.5174269806766633,1.3515769875974269e-08,106
subject_574,60,Frontal,MTL_IMF,-0.06344941843783443,0.5181772145498752,106
subject_574,60,Frontal,MTR_IMF,-0.056765780620145374,0.5632802028369617,106
subject_574,60,Frontal,SCML_IMF,-0.12047557924275772,0.21864048325147817,106
subject_574,60,Frontal,SCMR_IMF,0.09315325630835018,0.3422306454141006,106
subject_574,60,Frontal,STL_IMF,0.13895261104796316,0.1554495413201387,106
subject_574,60,Frontal,STR_IMF,-0.15044180172087582,0.12373040162006914,106
subject_574,60,Frontal,UTL_IMF,0.08253884711528141,0.40026386499330807,106
subject_574,60,Frontal,UTR_IMF,0.4277220126390285,4.803348624887581e-06,106
subject_574,60,Horizontal,MTL_IMF,-0.07539515266020531,0.4424093770460243,106
subject_574,60,Horizontal,MTR_IMF,0.19564340664624713,0.04444641341032732,106
subject_574,60,Horizontal,SCML_IMF,0.2212304975469091,0.02266602398529808,106
subject_574,60,Horizontal,SCMR_IMF,0.03338311599624958,0.7340676247937821,106
subject_574,60,Horizontal,STL_IMF,-0.1693471434602576,0.08266636003280527,106
subject_574,60,Horizontal,STR_IMF,0.15189246374635818,0.12010819398451532,106
subject_574,60,Horizontal,UTL_IMF,0.008757016235289931,0.9290090416786715,106
subject_574,60,Horizontal,UTR_IMF,-0.21830088677460965,0.024570891660845917,106
subject_574,70,Sagittal,MTL_IMF,0.21260634340358806,0.0279073370879743,107
subject_574,70,Sagittal,MTR_IMF,-0.21546545805435105,0.025823052523363862,107
subject_574,70,Sagittal,SCML_IMF,-0.01705023972479825,0.861621711428758,107
subject_574,70,Sagittal,SCMR_IMF,0.2631807448903671,0.006165511390335987,107
subject_574,70,Sagittal,STL_IMF,0.3240704003919878,0.0006611093730143104,107
subject_574,70,Sagittal,STR_IMF,-0.2562767559288723,0.007711119147453917,107
subject_574,70,Sagittal,UTL_IMF,0.106772208087556,0.2736829719448004,107
subject_574,70,Sagittal,UTR_IMF,0.5443418932193419,1.3578743692864291e-09,107
subject_574,70,Frontal,MTL_IMF,0.06940595690984508,0.4774775052627309,107
subject_574,70,Frontal,MTR_IMF,-0.11967392511054373,0.21952405069670047,107
subject_574,70,Frontal,SCML_IMF,0.007570028446801997,0.938316198502133,107
subject_574,70,Frontal,SCMR_IMF,0.27442312414044023,0.004230488481847075,107
subject_574,70,Frontal,STL_IMF,0.22790314359903976,0.018229775037124724,107
subject_574,70,Frontal,STR_IMF,-0.13557157171778048,0.1638227965213307,107
subject_574,70,Frontal,UTL_IMF,0.13263372463023798,0.17323433796561313,107
subject_574,70,Frontal,UTR_IMF,0.40569387411860036,1.456425250426763e-05,107
subject_574,70,Horizontal,MTL_IMF,-0.20855403122418037,0.03110515114416601,107
subject_574,70,Horizontal,MTR_IMF,0.11992701477521929,0.2185435526904899,107
subject_574,70,Horizontal,SCML_IMF,0.09651468840020956,0.32269224156092446,107
subject_574,70,Horizontal,SCMR_IMF,-0.20015342988019472,0.03872933692707342,107
subject_574,70,Horizontal,STL_IMF,-0.13530702387401913,0.16465439708174476,107
subject_574,70,Horizontal,STR_IMF,0.12947656182489367,0.1837861226650703,107
subject_574,70,Horizontal,UTL_IMF,0.02613348085681604,0.7893172281329315,107
subject_574,70,Horizontal,UTR_IMF,-0.19927178975582086,0.039613315087539916,107
subject_574,80,Sagittal,MTL_IMF,-0.00027957268351051627,0.9977196849974745,107
subject_574,80,Sagittal,MTR_IMF,0.12265353513651611,0.20817695521109686,107
subject_574,80,Sagittal,SCML_IMF,0.034539078436281775,0.7239504741221762,107
subject_574,80,Sagittal,SCMR_IMF,0.09141007715932202,0.3490623709671292,107
subject_574,80,Sagittal,STL_IMF,-0.1361479572615618,0.16202175016494566,107
subject_574,80,Sagittal,STR_IMF,-0.05155145361266224,0.5979575672486305,107
subject_574,80,Sagittal,UTL_IMF,0.21252805806380634,0.02796636073217836,107
subject_574,80,Sagittal,UTR_IMF,0.025734456592915435,0.7924610058472545,107
subject_574,80,Frontal,MTL_IMF,-0.04084882880599526,0.6761262390712836,107
subject_574,80,Frontal,MTR_IMF,0.0663245253997418,0.4972925082570658,107
subject_574,80,Frontal,SCML_IMF,0.04830858621524681,0.6212163278343961,107
subject_574,80,Frontal,SCMR_IMF,0.20363762574578015,0.03539588829155613,107
subject_574,80,Frontal,STL_IMF,-0.023991170715778755,0.8062341742407537,107
subject_574,80,Frontal,STR_IMF,-0.06042629031617973,0.5363919792014724,107
subject_574,80,Frontal,UTL_IMF,0.12884058126894288,0.1859672798328429,107
subject_574,80,Frontal,UTR_IMF,0.04044330742508024,0.6791638519816638,107
subject_574,80,Horizontal,MTL_IMF,-0.09787290883061751,0.3158973655868206,107
subject_574,80,Horizontal,MTR_IMF,-0.1076779311461291,0.26961050018265154,107
subject_574,80,Horizontal,SCML_IMF,0.03127184399187887,0.7491523422242563,107
subject_574,80,Horizontal,SCMR_IMF,-0.13417090027917675,0.1682614193698426,107
subject_574,80,Horizontal,STL_IMF,0.11078918578242798,0.25593438036296495,107
subject_574,80,Horizontal,STR_IMF,0.03072690081304319,0.7533824171905416,107
subject_574,80,Horizontal,UTL_IMF,-0.1018007595278107,0.2967721952891658,107
subject_574,80,Horizontal,UTR_IMF,-0.034030206902385916,0.7278571101217096,107
subject_574,90,Sagittal,MTL_IMF,0.11239212245174154,0.25135427898439994,106
subject_574,90,Sagittal,MTR_IMF,-0.08741001781260284,0.3729411728396581,106
subject_574,90,Sagittal,SCML_IMF,-0.027692292985890005,0.7781098111142795,106
subject_574,90,Sagittal,SCMR_IMF,0.2079762101431165,0.03241070168927389,106
subject_574,90,Sagittal,STL_IMF,-0.2695806619227527,0.005197561293682142,106
subject_574,90,Sagittal,STR_IMF,0.06588143129694035,0.5022346064055001,106
subject_574,90,Sagittal,UTL_IMF,0.19027294532827635,0.05074389822489986,106
subject_574,90,Sagittal,UTR_IMF,-0.45485858342517266,9.663860566865316e-07,106
subject_574,90,Frontal,MTL_IMF,0.017583158615098366,0.8580185320357374,106
subject_574,90,Frontal,MTR_IMF,-0.1125790791617274,0.25056156965470167,106
subject_574,90,Frontal,SCML_IMF,0.020646124796804596,0.8336154754288361,106
subject_574,90,Frontal,SCMR_IMF,0.06471327209307715,0.5098602009051493,106
subject_574,90,Frontal,STL_IMF,-0.17300547931582547,0.07614926760875423,106
subject_574,90,Frontal,STR_IMF,-0.0055915566376168605,0.9546356479767538,106
subject_574,90,Frontal,UTL_IMF,0.07082223303082402,0.47065082842229117,106
subject_574,90,Frontal,UTR_IMF,-0.22861770714205765,0.018415169982105788,106
subject_574,90,Horizontal,MTL_IMF,-0.10138016587229688,0.30110634277681153,106
subject_574,90,Horizontal,MTR_IMF,0.06128999429764003,0.5325459383201252,106
subject_574,90,Horizontal,SCML_IMF,0.015065773200906268,0.8781765512653532,106
subject_574,90,Horizontal,SCMR_IMF,-0.028382529077015654,0.7727272184887417,106
subject_574,90,Horizontal,STL_IMF,0.14836859638156344,0.1290521634759277,106
subject_574,90,Horizontal,STR_IMF,-0.04735095370278807,0.6298073187087974,106
subject_574,90,Horizontal,UTL_IMF,-0.19360059842363958,0.04676064943692646,106
subject_574,90,Horizontal,UTR_IMF,0.18821732317399556,0.05334158217666882,106
subject_575,10,Sagittal,MTL_IMF,0.04823501676472275,0.5828496126474183,132
subject_575,10,Sagittal,MTR_IMF,0.2885420948504483,0.0007930092900723299,132
subject_575,10,Sagittal,SCML_IMF,-0.23589517213128383,0.006469376432091183,132
subject_575,10,Sagittal,SCMR_IMF,0.05873111252714697,0.5035407753800113,132
subject_575,10,Sagittal,STL_IMF,0.08705389414506957,0.3209312339507202,132
subject_575,10,Sagittal,STR_IMF,0.11979579830536775,0.17125238575176538,132
subject_575,10,Sagittal,UTL_IMF,0.20735310415772745,0.017049631358677913,132
subject_575,10,Sagittal,UTR_IMF,0.2835100937533866,0.0009871541443416821,132
subject_575,10,Frontal,MTL_IMF,,,132
subject_575,10,Frontal,MTR_IMF,,,132
subject_575,10,Frontal,SCML_IMF,,,132
subject_575,10,Frontal,SCMR_IMF,,,132
subject_575,10,Frontal,STL_IMF,,,132
subject_575,10,Frontal,STR_IMF,,,132
subject_575,10,Frontal,UTL_IMF,,,132
subject_575,10,Frontal,UTR_IMF,,,132
subject_575,10,Horizontal,MTL_IMF,0.16790140658571534,0.054307325041497295,132
subject_575,10,Horizontal,MTR_IMF,-0.035838200212399626,0.6832997831629197,132
subject_575,10,Horizontal,SCML_IMF,-0.20195411737299118,0.0202227799198952,132
subject_575,10,Horizontal,SCMR_IMF,0.17905347665536012,0.03995308368463516,132
subject_575,10,Horizontal,STL_IMF,0.11746884927079437,0.1797818259546222,132
subject_575,10,Horizontal,STR_IMF,-0.017132603094321585,0.8454080129078742,132
subject_575,10,Horizontal,UTL_IMF,0.04237051761156532,0.629531159801517,132
subject_575,10,Horizontal,UTR_IMF,0.16458713805299643,0.059313966171224565,132
subject_575,20,Sagittal,MTL_IMF,,,132
subject_575,20,Sagittal,MTR_IMF,,,132
subject_575,20,Sagittal,SCML_IMF,,,132
subject_575,20,Sagittal,SCMR_IMF,,,132
subject_575,20,Sagittal,STL_IMF,,,132
subject_575,20,Sagittal,STR_IMF,,,132
subject_575,20,Sagittal,UTL_IMF,,,132
subject_575,20,Sagittal,UTR_IMF,,,132
subject_575,20,Frontal,MTL_IMF,,,132
subject_575,20,Frontal,MTR_IMF,,,132
subject_575,20,Frontal,SCML_IMF,,,132
subject_575,20,Frontal,SCMR_IMF,,,132
subject_575,20,Frontal,STL_IMF,,,132
subject_575,20,Frontal,STR_IMF,,,132
subject_575,20,Frontal,UTL_IMF,,,132
subject_575,20,Frontal,UTR_IMF,,,132
subject_575,20,Horizontal,MTL_IMF,,,132
subject_575,20,Horizontal,MTR_IMF,,,132
subject_575,20,Horizontal,SCML_IMF,,,132
subject_575,20,Horizontal,SCMR_IMF,,,132
subject_575,20,Horizontal,STL_IMF,,,132
subject_575,20,Horizontal,STR_IMF,,,132
subject_575,20,Horizontal,UTL_IMF,,,132
subject_575,20,Horizontal,UTR_IMF,,,132
subject_575,30,Sagittal,MTL_IMF,,,131
subject_575,30,Sagittal,MTR_IMF,,,131
subject_575,30,Sagittal,SCML_IMF,,,131
subject_575,30,Sagittal,SCMR_IMF,,,131
subject_575,30,Sagittal,STL_IMF,,,131
subject_575,30,Sagittal,STR_IMF,,,131
subject_575,30,Sagittal,UTL_IMF,,,131
subject_575,30,Sagittal,UTR_IMF,,,131
subject_575,30,Frontal,MTL_IMF,0.06960676529162022,0.42952242938564494,131
subject_575,30,Frontal,MTR_IMF,-0.021744494374102627,0.8052789591692391,131
subject_575,30,Frontal,SCML_IMF,-0.1627761835375735,0.06322413183163852,131
subject_575,30,Frontal,SCMR_IMF,0.025593013339561516,0.7716896091023494,131
subject_575,30,Frontal,STL_IMF,-0.020329677189957724,0.817720718252516,131
subject_575,30,Frontal,STR_IMF,-0.061973989280673984,0.481929358727603,131
subject_575,30,Frontal,UTL_IMF,-0.01692621514768688,0.8478311909727021,131
subject_575,30,Frontal,UTR_IMF,-0.0706207774316972,0.4228153901179624,131
subject_575,30,Horizontal,MTL_IMF,,,131
subject_575,30,Horizontal,MTR_IMF,,,131
subject_575,30,Horizontal,SCML_IMF,,,131
subject_575,30,Horizontal,SCMR_IMF,,,131
subject_575,30,Horizontal,STL_IMF,,,131
subject_575,30,Horizontal,STR_IMF,,,131
subject_575,30,Horizontal,UTL_IMF,,,131
subject_575,30,Horizontal,UTR_IMF,,,131
subject_575,40,Sagittal,MTL_IMF,-0.1463214337981321,0.09538268189459755,131
subject_575,40,Sagittal,MTR_IMF,0.03366013206196981,0.7027034490629004,131
subject_575,40,Sagittal,SCML_IMF,-0.12063915740749626,0.16988816845052518,131
subject_575,40,Sagittal,SCMR_IMF,0.042922222141617214,0.626411870033167,131
subject_575,40,Sagittal,STL_IMF,-0.09883211928486241,0.2613967333429158,131
subject_575,40,Sagittal,STR_IMF,-0.08139847419212848,0.35535411702438113,131
subject_575,40,Sagittal,UTL_IMF,-0.105694839604911,0.2295545064531572,131
subject_575,40,Sagittal,UTR_IMF,-0.10810119376210935,0.21906369915857368,131
subject_575,40,Frontal,MTL_IMF,-0.07424981501477784,0.3993138258598189,131
subject_575,40,Frontal,MTR_IMF,0.008864948452654406,0.9199525450932315,131
subject_575,40,Frontal,SCML_IMF,-0.188582583605165,0.030995252712783822,131
subject_575,40,Frontal,SCMR_IMF,0.10758698981063056,0.22127634030156892,131
subject_575,40,Frontal,STL_IMF,-0.13346127799355958,0.12858612707204256,131
subject_575,40,Frontal,STR_IMF,-0.19411987899394129,0.026304428219923046,131
subject_575,40,Frontal,UTL_IMF,-0.04384790493387742,0.618983448611332,131
subject_575,40,Frontal,UTR_IMF,-0.05681799605791589,0.5191864104983813,131
subject_575,40,Horizontal,MTL_IMF,,,131
subject_575,40,Horizontal,MTR_IMF,,,131
subject_575,40,Horizontal,SCML_IMF,,,131
subject_575,40,Horizontal,SCMR_IMF,,,131
subject_575,40,Horizontal,STL_IMF,,,131
subject_575,40,Horizontal,STR_IMF,,,131
subject_575,40,Horizontal,UTL_IMF,,,131
subject_575,40,Horizontal,UTR_IMF,,,131
subject_575,50,Sagittal,MTL_IMF,-0.10023613554328027,0.252808309236973,132
subject_575,50,Sagittal,MTR_IMF,0.09132989856532023,0.29764401915092653,132
subject_575,50,Sagittal,SCML_IMF,-0.11957621608274907,0.17204423154958098,132
subject_575,50,Sagittal,SCMR_IMF,-0.021003671240596974,0.8110706943079155,132
subject_575,50,Sagittal,STL_IMF,-0.14253166321772012,0.10303305982667872,132
subject_575,50,Sagittal,STR_IMF,-0.10115970629826197,0.24844046736442965,132
subject_575,50,Sagittal,UTL_IMF,-0.07442157664013722,0.3963916022347285,132
subject_575,50,Sagittal,UTR_IMF,0.00485532884439843,0.9559367179897601,132
subject_575,50,Frontal,MTL_IMF,-0.00045957883661388004,0.9958271321748394,132
subject_575,50,Frontal,MTR_IMF,0.04227462375199195,0.6303074722944336,132
subject_575,50,Frontal,SCML_IMF,-0.0016077130134734018,0.9854030828067216,132
subject_575,50,Frontal,SCMR_IMF,0.09461205512268304,0.2805459761792443,132
subject_575,50,Frontal,STL_IMF,-0.1291483739808418,0.13997682296104919,132
subject_575,50,Frontal,STR_IMF,-0.23189184452165879,0.007462541211017622,132
subject_575,50,Frontal,UTL_IMF,0.028514129681839296,0.7455197665319768,132
subject_575,50,Frontal,UTR_IMF,-0.10029546228150274,0.25252615603989864,132
subject_575,50,Horizontal,MTL_IMF,,,132
subject_575,50,Horizontal,MTR_IMF,,,132
subject_575,50,Horizontal,SCML_IMF,,,132
subject_575,50,Horizontal,SCMR_IMF,,,132
subject_575,50,Horizontal,STL_IMF,,,132
subject_575,50,Horizontal,STR_IMF,,,132
subject_575,50,Horizontal,UTL_IMF,,,132
subject_575,50,Horizontal,UTR_IMF,,,132
subject_575,60,Sagittal,MTL_IMF,-0.03018043012163579,0.7322017939124253,131
subject_575,60,Sagittal,MTR_IMF,0.0801062159609217,0.3630688415650774,131
subject_575,60,Sagittal,SCML_IMF,-0.047557762732164804,0.5896026231057621,131
subject_575,60,Sagittal,SCMR_IMF,-0.03363819297399607,0.7028881073706688,131
subject_575,60,Sagittal,STL_IMF,-0.12087196114742556,0.16905967865574287,131
subject_575,60,Sagittal,STR_IMF,-0.08833270712111815,0.31572235584598046,131
subject_575,60,Sagittal,UTL_IMF,-0.008129958699014202,0.9265698623451194,131
subject_575,60,Sagittal,UTR_IMF,0.12788717896601168,0.14547793285504748,131
subject_575,60,Frontal,MTL_IMF,0.0709021196337323,0.42096529253697995,131
subject_575,60,Frontal,MTR_IMF,0.09773740982683043,0.2667423773642954,131
subject_575,60,Frontal,SCML_IMF,0.07536188964936735,0.392270618524178,131
subject_575,60,Frontal,SCMR_IMF,-0.04006890622237345,0.649543272110832,131
subject_575,60,Frontal,STL_IMF,-0.06620449189410131,0.4524676137036313,131
subject_575,60,Frontal,STR_IMF,-0.14491065877949766,0.09865467127764535,131
subject_575,60,Frontal,UTL_IMF,-0.009830778336846698,0.9112653040387587,131
subject_575,60,Frontal,UTR_IMF,-0.09894028171224757,0.26087256043751955,131
subject_575,60,Horizontal,MTL_IMF,,,131
subject_575,60,Horizontal,MTR_IMF,,,131
subject_575,60,Horizontal,SCML_IMF,,,131
subject_575,60,Horizontal,SCMR_IMF,,,131
subject_575,60,Horizontal,STL_IMF,,,131
subject_575,60,Horizontal,STR_IMF,,,131
subject_575,60,Horizontal,UTL_IMF,,,131
subject_575,60,Horizontal,UTR_IMF,,,131
subject_575,70,Sagittal,MTL_IMF,0.09748997234920695,0.2679608803838986,131
subject_575,70,Sagittal,MTR_IMF,0.08125348312826497,0.3562145798082178,131
subject_575,70,Sagittal,SCML_IMF,0.06148030946355913,0.48543332543982676,131
subject_575,70,Sagittal,SCMR_IMF,0.13106910885368117,0.13564093486043494,131
subject_575,70,Sagittal,STL_IMF,0.13711837555029563,0.11835011126904112,131
subject_575,70,Sagittal,STR_IMF,0.04997389740067742,0.5708161972733576,131
subject_575,70,Sagittal,UTL_IMF,0.04763427306783173,0.5890034276631856,131
subject_575,70,Sagittal,UTR_IMF,0.00813875538218273,0.9264906327559436,131
subject_575,70,Frontal,MTL_IMF,0.013490946728121666,0.8784471676818978,131
subject_575,70,Frontal,MTR_IMF,0.11234915139616007,0.2013835368045896,131
subject_575,70,Frontal,SCML_IMF,0.06687012500788855,0.44792543405172447,131
subject_575,70,Frontal,SCMR_IMF,-0.0786961747025337,0.3716039446789743,131
subject_575,70,Frontal,STL_IMF,-0.043830503813526364,0.6191227381720582,131
subject_575,70,Frontal,STR_IMF,-0.13867827679858993,0.11418110916717909,131
subject_575,70,Frontal,UTL_IMF,-0.07358895450004449,0.4035347052129725,131
subject_575,70,Frontal,UTR_IMF,-0.09653697501840752,0.2726891863258663,131
subject_575,70,Horizontal,MTL_IMF,,,131
subject_575,70,Horizontal,MTR_IMF,,,131
subject_575,70,Horizontal,SCML_IMF,,,131
subject_575,70,Horizontal,SCMR_IMF,,,131
subject_575,70,Horizontal,STL_IMF,,,131
subject_575,70,Horizontal,STR_IMF,,,131
subject_575,70,Horizontal,UTL_IMF,,,131
subject_575,70,Horizontal,UTR_IMF,,,131
subject_575,80,Sagittal,MTL_IMF,0.021662696440068387,0.8052586998557361,132
subject_575,80,Sagittal,MTR_IMF,0.06079991010215497,0.4886014665604323,132
subject_575,80,Sagittal,SCML_IMF,0.10560573970956874,0.22814513923555876,132
subject_575,80,Sagittal,SCMR_IMF,0.1538366462833153,0.078215209033145,132
subject_575,80,Sagittal,STL_IMF,0.10078761576938208,0.2501938768328263,132
subject_575,80,Sagittal,STR_IMF,-0.07928390233049766,0.36617440928676026,132
subject_575,80,Sagittal,UTL_IMF,0.05317052952788808,0.5448460377374972,132
subject_575,80,Sagittal,UTR_IMF,-0.0473090084997744,0.5901137673766146,132
subject_575,80,Frontal,MTL_IMF,0.034332059372014695,0.6959384745382098,132
subject_575,80,Frontal,MTR_IMF,0.03766416229642226,0.6680944675973788,132
subject_575,80,Frontal,SCML_IMF,-0.007528975714298438,0.931720942525098,132
subject_575,80,Frontal,SCMR_IMF,0.12950124791306036,0.13888814623668813,132
subject_575,80,Frontal,STL_IMF,-0.08340178109450287,0.3417275179688761,132
subject_575,80,Frontal,STR_IMF,-0.18488593951854873,0.03381199353504813,132
subject_575,80,Frontal,UTL_IMF,-0.08644501063638699,0.3243404184233492,132
subject_575,80,Frontal,UTR_IMF,-0.040377788347315244,0.6457454178290745,132
subject_575,80,Horizontal,MTL_IMF,,,132
subject_575,80,Horizontal,MTR_IMF,,,132
subject_575,80,Horizontal,SCML_IMF,,,132
subject_575,80,Horizontal,SCMR_IMF,,,132
subject_575,80,Horizontal,STL_IMF,,,132
subject_575,80,Horizontal,STR_IMF,,,132
subject_575,80,Horizontal,UTL_IMF,,,132
subject_575,80,Horizontal,UTR_IMF,,,132
subject_575,90,Sagittal,MTL_IMF,-0.0794606186362812,0.3669615403743661,131
subject_575,90,Sagittal,MTR_IMF,0.21846324607917644,0.0121823159331128,131
subject_575,90,Sagittal,SCML_IMF,-0.37512867633318686,1.0114353333933435e-05,131
subject_575,90,Sagittal,SCMR_IMF,-0.1003882758395484,0.2539245038338981,131
subject_575,90,Sagittal,STL_IMF,0.08230979068310111,0.34997554360971245,131
subject_575,90,Sagittal,STR_IMF,0.2010604985816642,0.021292621838436995,131
subject_575,90,Sagittal,UTL_IMF,-0.13747023800808453,0.11739956620740813,131
subject_575,90,Sagittal,UTR_IMF,-0.05187836362537496,0.5562097014188346,131
subject_575,90,Frontal,MTL_IMF,0.01743957866701863,0.8432742425042886,131
subject_575,90,Frontal,MTR_IMF,0.04744026880932057,0.5905233243920001,131
subject_575,90,Frontal,SCML_IMF,-0.3053912171501908,0.00038966273940241704,131
subject_575,90,Frontal,SCMR_IMF,0.05876153821249635,0.5049720287512557,131
subject_575,90,Frontal,STL_IMF,-0.055434033848851504,0.5294312316998355,131
subject_575,90,Frontal,STR_IMF,0.012580578490601808,0.8865927435728324,131
subject_575,90,Frontal,UTL_IMF,-0.1594041333655111,0.06896870959286913,131
subject_575,90,Frontal,UTR_IMF,-0.12421575201776444,0.15748841566477084,131
subject_575,90,Horizontal,MTL_IMF,-0.12130687820614035,0.16751995000552217,131
subject_575,90,Horizontal,MTR_IMF,0.16717893352372742,0.05631809290949746,131
subject_575,90,Horizontal,SCML_IMF,-0.2796378936273073,0.0012176589276936163,131
subject_575,90,Horizontal,SCMR_IMF,-0.13135246577762855,0.13479017372495117,131
subject_575,90,Horizontal,STL_IMF,0.1316306141306857,0.1339590214175964,131
subject_575,90,Horizontal,STR_IMF,0.11993191570543917,0.17242350956473845,131
subject_575,90,Horizontal,UTL_IMF,-0.06186730098685464,0.482685441446444,131
subject_575,90,Horizontal,UTR_IMF,-0.11996404457189391,0.1723077299635838,131
subject_577,10,Sagittal,SCML_IMF,-0.20325751272330067,0.07429036494236144,78
subject_577,10,Sagittal,SCMR_IMF,-0.10235358782666405,0.372546879234744,78
subject_577,10,Sagittal,STL_IMF,0.05987323610584506,0.6025643971145014,78
subject_577,10,Sagittal,STR_IMF,0.16402876051187018,0.15128322302696293,78
subject_577,10,Sagittal,UTL_IMF,-0.00993285479814284,0.9312196841330272,78
subject_577,10,Sagittal,UTR_IMF,0.04810301723708522,0.6757880299748605,78
subject_577,10,Frontal,SCML_IMF,-0.18740248100093423,0.10039047253896895,78
subject_577,10,Frontal,SCMR_IMF,-0.009013043018701324,0.9375755409430081,78
subject_577,10,Frontal,STL_IMF,-0.025261646791268796,0.8262311500021217,78
subject_577,10,Frontal,STR_IMF,0.13519735747389863,0.23792838740233227,78
subject_577,10,Frontal,UTL_IMF,0.16575919098407405,0.14695695706946632,78
subject_577,10,Frontal,UTR_IMF,-0.0036046694408720277,0.975012998107736,78
subject_577,10,Horizontal,SCML_IMF,0.08957663688840553,0.4354400619405107,78
subject_577,10,Horizontal,SCMR_IMF,0.22037306449359872,0.052529820214205596,78
subject_577,10,Horizontal,STL_IMF,-0.24318327109433752,0.031922509015167,78
subject_577,10,Horizontal,STR_IMF,0.06637826970527853,0.5636628288020744,78
subject_577,10,Horizontal,UTL_IMF,0.10084453475348466,0.37967361982459247,78
subject_577,10,Horizontal,UTR_IMF,0.07300407824997165,0.5253023205806729,78
subject_577,20,Sagittal,SCML_IMF,-0.2616664744148275,0.020659930684652113,78
subject_577,20,Sagittal,SCMR_IMF,-0.017590686783563726,0.8785084542338776,78
subject_577,20,Sagittal,STL_IMF,0.02909136779855763,0.8003969773292747,78
subject_577,20,Sagittal,STR_IMF,-0.10758404373292119,0.3484803482059556,78
subject_577,20,Sagittal,UTL_IMF,-0.23730888379728632,0.036438344996983014,78
subject_577,20,Sagittal,UTR_IMF,-0.18935177786769228,0.09684052643306192,78
subject_577,20,Frontal,SCML_IMF,,,78
subject_577,20,Frontal,SCMR_IMF,,,78
subject_577,20,Frontal,STL_IMF,,,78
subject_577,20,Frontal,STR_IMF,,,78
subject_577,20,Frontal,UTL_IMF,,,78
subject_577,20,Frontal,UTR_IMF,,,78
subject_577,20,Horizontal,SCML_IMF,0.2565773787463658,0.023356750513320982,78
subject_577,20,Horizontal,SCMR_IMF,-0.23320397334047757,0.03990091277897463,78
subject_577,20,Horizontal,STL_IMF,0.06953109141921902,0.5452452142863399,78
subject_577,20,Horizontal,STR_IMF,-0.0770288191895535,0.5026579258005449,78
subject_577,20,Horizontal,UTL_IMF,0.13255574949026336,0.24730780252176643,78
subject_577,20,Horizontal,UTR_IMF,0.1817733794659083,0.11121401054159011,78
subject_577,30,Sagittal,SCML_IMF,-0.3869191325932376,0.000466388969839809,78
subject_577,30,Sagittal,SCMR_IMF,0.44510394077023,4.4425364165374446e-05,78
subject_577,30,Sagittal,STL_IMF,-0.053878871065732595,0.639424725326103,78
subject_577,30,Sagittal,STR_IMF,0.12506684041459512,0.2752651395644072,78
subject_577,30,Sagittal,UTL_IMF,-0.055749148399265695,0.627824464861952,78
subject_577,30,Sagittal,UTR_IMF,-0.30542646862668943,0.006543870358640385,78
subject_577,30,Frontal,SCML_IMF,,,78
subject_577,30,Frontal,SCMR_IMF,,,78
subject_577,30,Frontal,STL_IMF,,,78
subject_577,30,Frontal,STR_IMF,,,78
subject_577,30,Frontal,UTL_IMF,,,78
subject_577,30,Frontal,UTR_IMF,,,78
subject_577,30,Horizontal,SCML_IMF,0.47156455190839025,1.3127184805508637e-05,78
subject_577,30,Horizontal,SCMR_IMF,-0.5419439806562237,2.9864447163434626e-07,78
subject_577,30,Horizontal,STL_IMF,0.03104472573420181,0.7873003011043496,78
subject_577,30,Horizontal,STR_IMF,-0.1839337693797174,0.10695800349190046,78
subject_577,30,Horizontal,UTL_IMF,-0.1757641963836837,0.12374205451009375,78
subject_577,30,Horizontal,UTR_IMF,0.26208735367782465,0.020449324595567885,78
subject_577,40,Sagittal,SCML_IMF,-0.1663918388373405,0.14809183319958313,77
subject_577,40,Sagittal,SCMR_IMF,0.23502089948024132,0.039639799563589935,77
subject_577,40,Sagittal,STL_IMF,0.14952398689076357,0.19431578880208397,77
subject_577,40,Sagittal,STR_IMF,-0.04398133490460464,0.7040894043646895,77
subject_577,40,Sagittal,UTL_IMF,0.14120664628920274,0.22058838837398,77
subject_577,40,Sagittal,UTR_IMF,-0.025959875888786687,0.8226726452992275,77
subject_577,40,Frontal,SCML_IMF,,,77
subject_577,40,Frontal,SCMR_IMF,,,77
subject_577,40,Frontal,STL_IMF,,,77
subject_577,40,Frontal,STR_IMF,,,77
subject_577,40,Frontal,UTL_IMF,,,77
subject_577,40,Frontal,UTR_IMF,,,77
subject_577,40,Horizontal,SCML_IMF,0.0033324528742191364,0.9770528672443317,77
subject_577,40,Horizontal,SCMR_IMF,-0.019343753295264814,0.8673857880186522,77
subject_577,40,Horizontal,STL_IMF,0.024711397338349483,0.8310715719731537,77
subject_577,40,Horizontal,STR_IMF,-0.06871770926637691,0.5526223000439119,77
subject_577,40,Horizontal,UTL_IMF,-0.09930187123098028,0.39020568532932015,77
subject_577,40,Horizontal,UTR_IMF,-0.11470127095391915,0.320554018803502,77
subject_577,50,Sagittal,SCML_IMF,-0.15157300267136375,0.1882041103488667,77
subject_577,50,Sagittal,SCMR_IMF,0.01923879641627074,0.8680988603796365,77
subject_577,50,Sagittal,STL_IMF,0.15735459634879595,0.17171067625675906,77
subject_577,50,Sagittal,STR_IMF,0.14434519809751897,0.2103958493930932,77
subject_577,50,Sagittal,UTL_IMF,0.21405532558078802,0.061576159098918906,77
subject_577,50,Sagittal,UTR_IMF,0.00020526661236061527,0.9985863523352154,77
subject_577,50,Frontal,SCML_IMF,,,77
subject_577,50,Frontal,SCMR_IMF,,,77
subject_577,50,Frontal,STL_IMF,,,77
subject_577,50,Frontal,STR_IMF,,,77
subject_577,50,Frontal,UTL_IMF,,,77
subject_577,50,Frontal,UTR_IMF,,,77
subject_577,50,Horizontal,SCML_IMF,-0.16605887943423717,0.14891644959535566,77
subject_577,50,Horizontal,SCMR_IMF,0.0799611889756086,0.4893844874426544,77
subject_577,50,Horizontal,STL_IMF,0.026297978342112647,0.8204014982664032,77
subject_577,50,Horizontal,STR_IMF,-0.20624372238483282,0.07192683069152969,77
subject_577,50,Horizontal,UTL_IMF,-0.23904005471746265,0.03628529924537761,77
subject_577,50,Horizontal,UTR_IMF,-0.00624302040924178,0.9570253907120443,77
subject_577,60,Sagittal,SCML_IMF,0.06946148696971388,0.5456486355464355,78
subject_577,60,Sagittal,SCMR_IMF,-0.43998136560002976,5.5612531352056784e-05,78
subject_577,60,Sagittal,STL_IMF,0.08316077251131263,0.4691557397217883,78
subject_577,60,Sagittal,STR_IMF,-0.129661127318664,0.25787346059729305,78
subject_577,60,Sagittal,UTL_IMF,-0.2793618144993146,0.013250966916530034,78
subject_577,60,Sagittal,UTR_IMF,-0.02713339889546516,0.8135799962787618,78
subject_577,60,Frontal,SCML_IMF,,,78
subject_577,60,Frontal,SCMR_IMF,,,78
subject_577,60,Frontal,STL_IMF,,,78
subject_577,60,Frontal,STR_IMF,,,78
subject_577,60,Frontal,UTL_IMF,,,78
subject_577,60,Frontal,UTR_IMF,,,78
subject_577,60,Horizontal,SCML_IMF,0.024151655554452308,0.8337547296403468,78
subject_577,60,Horizontal,SCMR_IMF,-0.031738559468305304,0.7826623042765707,78
subject_577,60,Horizontal,STL_IMF,0.026938461439866595,0.8148954144158908,78
subject_577,60,Horizontal,STR_IMF,-0.0538947024630782,0.6393261634325463,78
subject_577,60,Horizontal,UTL_IMF,-0.3050453259738712,0.0066147437646134205,78
subject_577,60,Horizontal,UTR_IMF,0.0075900878841221155,0.9474156376261308,78
subject_577,70,Sagittal,SCML_IMF,0.023295273879540345,0.8395695801781564,78
subject_577,70,Sagittal,SCMR_IMF,-0.17499470436737505,0.1254213093092592,78
subject_577,70,Sagittal,STL_IMF,-0.047406466695644744,0.6802259878520895,78
subject_577,70,Sagittal,STR_IMF,-0.12234249811114205,0.28594044835904936,78
subject_577,70,Sagittal,UTL_IMF,-0.14945519746458832,0.191555767030468,78
subject_577,70,Sagittal,UTR_IMF,0.08244282478012901,0.4730146155495225,78
subject_577,70,Frontal,SCML_IMF,,,78
subject_577,70,Frontal,SCMR_IMF,,,78
subject_577,70,Frontal,STL_IMF,,,78
subject_577,70,Frontal,STR_IMF,,,78
subject_577,70,Frontal,UTL_IMF,,,78
subject_577,70,Frontal,UTR_IMF,,,78
subject_577,70,Horizontal,SCML_IMF,-0.15816030395796957,0.16666363758230426,78
subject_577,70,Horizontal,SCMR_IMF,-0.09185974060793169,0.4237813573086302,78
subject_577,70,Horizontal,STL_IMF,0.09197853384089669,0.42317967806990314,78
subject_577,70,Horizontal,STR_IMF,0.09082577208339201,0.429039008724559,78
subject_577,70,Horizontal,UTL_IMF,-0.06752640215654447,0.5569219504872864,78
subject_577,70,Horizontal,UTR_IMF,-0.001162884536442701,0.9919379098375635,78
subject_577,80,Sagittal,SCML_IMF,0.2797435182095493,0.013120626012876497,78
subject_577,80,Sagittal,SCMR_IMF,0.13754493978558452,0.22980207534679392,78
subject_577,80,Sagittal,STL_IMF,-0.24085158144692267,0.033655241980806584,78
subject_577,80,Sagittal,STR_IMF,-0.13243229161896578,0.24775227788021945,78
subject_577,80,Sagittal,UTL_IMF,0.05022483038531658,0.6623376844757314,78
subject_577,80,Sagittal,UTR_IMF,-0.1104441195168203,0.3357398419481319,78
subject_577,80,Frontal,SCML_IMF,,,78
subject_577,80,Frontal,SCMR_IMF,,,78
subject_577,80,Frontal,STL_IMF,,,78
subject_577,80,Frontal,STR_IMF,,,78
subject_577,80,Frontal,UTL_IMF,,,78
subject_577,80,Frontal,UTR_IMF,,,78
subject_577,80,Horizontal,SCML_IMF,0.16966389478170268,0.13753635597413552,78
subject_577,80,Horizontal,SCMR_IMF,0.010130342122714573,0.9298556025952441,78
subject_577,80,Horizontal,STL_IMF,0.09388655687759873,0.4135830428704595,78
subject_577,80,Horizontal,STR_IMF,-0.14702407456953348,0.19896338814772,78
subject_577,80,Horizontal,UTL_IMF,0.14183826164278826,0.21544524606504928,78
subject_577,80,Horizontal,UTR_IMF,-0.025324412215265855,0.8258061826194051,78
subject_577,90,Sagittal,SCML_IMF,0.18521265904789386,0.1068232745635691,77
subject_577,90,Sagittal,SCMR_IMF,0.2014068855116067,0.07900667347364,77
subject_577,90,Sagittal,STL_IMF,-0.19003412752940524,0.09784541921073649,77
subject_577,90,Sagittal,STR_IMF,0.016804289995262234,0.8846671339571105,77
subject_577,90,Sagittal,UTL_IMF,-0.20048078162946215,0.08042356068925803,77
subject_577,90,Sagittal,UTR_IMF,-0.11938515990134686,0.30105677539535797,77
subject_577,90,Frontal,SCML_IMF,,,77
subject_577,90,Frontal,SCMR_IMF,,,77
subject_577,90,Frontal,STL_IMF,,,77
subject_577,90,Frontal,STR_IMF,,,77
subject_577,90,Frontal,UTL_IMF,,,77
subject_577,90,Frontal,UTR_IMF,,,77
subject_577,90,Horizontal,SCML_IMF,0.06644243249438768,0.5658806929058857,77
subject_577,90,Horizontal,SCMR_IMF,0.04082520724113978,0.7244428743958264,77
subject_577,90,Horizontal,STL_IMF,-0.07111909443348302,0.5387930921586844,77
subject_577,90,Horizontal,STR_IMF,-0.13007186035868115,0.2595290503793203,77
subject_577,90,Horizontal,UTL_IMF,0.006040181426163131,0.9584203981738351,77
subject_577,90,Horizontal,UTR_IMF,-0.19337990593040943,0.09197059827833785,77
subject_578,10,Sagittal,MTL_IMF,0.13649200607813405,0.12297890781394592,129
subject_578,10,Sagittal,MTR_IMF,0.17225808805573792,0.05093224570185483,129
subject_578,10,Sagittal,SCML_IMF,0.20274621618204114,0.02120428783119708,129
subject_578,10,Sagittal,SCMR_IMF,0.0946815852549181,0.2858324066484994,129
subject_578,10,Sagittal,STL_IMF,0.093211521637545,0.2934128339404899,129
subject_578,10,Sagittal,STR_IMF,-0.005641714262003736,0.949404697293416,129
subject_578,10,Sagittal,UTL_IMF,0.0025759546902546634,0.9768865270340268,129
subject_578,10,Sagittal,UTR_IMF,0.18539553469308967,0.03542520366804041,129
subject_578,10,Horizontal,MTL_IMF,-0.04036143254770422,0.6497273997605952,129
subject_578,10,Horizontal,MTR_IMF,-0.035612032817357676,0.6886666631629395,129
subject_578,10,Horizontal,SCML_IMF,-0.0213648897604941,0.8100790596012759,129
subject_578,10,Horizontal,SCMR_IMF,0.08071282122539764,0.3632006298505959,129
subject_578,10,Horizontal,STL_IMF,0.11174557268686866,0.20738629443483075,129
subject_578,10,Horizontal,STR_IMF,-0.10092319886598283,0.25511278548087213,129
subject_578,10,Horizontal,UTL_IMF,0.037998336946389905,0.6689919641687514,129
subject_578,10,Horizontal,UTR_IMF,-0.09500793938663343,0.28416745344624816,129
subject_578,20,Sagittal,MTL_IMF,0.24151008848686878,0.0060262878144669045,128
subject_578,20,Sagittal,MTR_IMF,0.18369514415519053,0.037932575065353316,128
subject_578,20,Sagittal,SCML_IMF,0.23606316644362849,0.007305803779596858,128
subject_578,20,Sagittal,SCMR_IMF,0.1833930913908697,0.03825513610920308,128
subject_578,20,Sagittal,STL_IMF,0.16269447609496152,0.06652550138627279,128
subject_578,20,Sagittal,STR_IMF,0.0025579594231483556,0.9771388236300292,128
subject_578,20,Sagittal,UTL_IMF,0.1869299376007217,0.03461917547891908,128
subject_578,20,Sagittal,UTR_IMF,0.06756030594527863,0.4486151852303288,128
subject_578,20,Horizontal,MTL_IMF,,,128
subject_578,20,Horizontal,MTR_IMF,,,128
subject_578,20,Horizontal,SCML_IMF,,,128
subject_578,20,Horizontal,SCMR_IMF,,,128
subject_578,20,Horizontal,STL_IMF,,,128
subject_578,20,Horizontal,STR_IMF,,,128
subject_578,20,Horizontal,UTL_IMF,,,128
subject_578,20,Horizontal,UTR_IMF,,,128
subject_578,30,Sagittal,MTL_IMF,0.22561376172312542,0.010449390880271973,128
subject_578,30,Sagittal,MTR_IMF,-0.1534181301938461,0.0838176968585777,128
subject_578,30,Sagittal,SCML_IMF,0.2992898223118658,0.0005994229251116294,128
subject_578,30,Sagittal,SCMR_IMF,0.30269660642086915,0.0005149289328896809,128
subject_578,30,Sagittal,STL_IMF,0.1028384322991028,0.24803471609401295,128
subject_578,30,Sagittal,STR_IMF,0.2609308097878304,0.0029313259791056453,128
subject_578,30,Sagittal,UTL_IMF,0.0027622011956964865,0.9753140138768704,128
subject_578,30,Sagittal,UTR_IMF,-0.06964317909699212,0.43471876698530837,128
subject_578,30,Horizontal,MTL_IMF,,,128
subject_578,30,Horizontal,MTR_IMF,,,128
subject_578,30,Horizontal,SCML_IMF,,,128
subject_578,30,Horizontal,SCMR_IMF,,,128
subject_578,30,Horizontal,STL_IMF,,,128
subject_578,30,Horizontal,STR_IMF,,,128
subject_578,30,Horizontal,UTL_IMF,,,128
subject_578,30,Horizontal,UTR_IMF,,,128
subject_578,40,Sagittal,MTL_IMF,0.19173517013596,0.02950041711188791,129
subject_578,40,Sagittal,MTR_IMF,-0.2678520882846609,0.0021486078192288604,129
subject_578,40,Sagittal,SCML_IMF,0.04489860366933161,0.613389243315257,129
subject_578,40,Sagittal,SCMR_IMF,0.24456008758069556,0.005219298740937169,129
subject_578,40,Sagittal,STL_IMF,0.016332457169974723,0.8542427310825635,129
subject_578,40,Sagittal,STR_IMF,0.10704592743278318,0.2272600834297666,129
subject_578,40,Sagittal,UTL_IMF,-0.06321227919701246,0.47666448239098697,129
subject_578,40,Sagittal,UTR_IMF,0.09265558293219946,0.2963139681619405,129
subject_578,40,Horizontal,MTL_IMF,,,129
subject_578,40,Horizontal,MTR_IMF,,,129
subject_578,40,Horizontal,SCML_IMF,,,129
subject_578,40,Horizontal,SCMR_IMF,,,129
subject_578,40,Horizontal,STL_IMF,,,129
subject_578,40,Horizontal,STR_IMF,,,129
subject_578,40,Horizontal,UTL_IMF,,,129
subject_578,40,Horizontal,UTR_IMF,,,129
subject_578,50,Sagittal,MTL_IMF,0.006913979499807969,0.9380155487277102,129
subject_578,50,Sagittal,MTR_IMF,-0.177312947427176,0.04440535125323031,129
subject_578,50,Sagittal,SCML_IMF,0.08895625749755208,0.3161003146094347,129
subject_578,50,Sagittal,SCMR_IMF,0.0874212170730462,0.32455661360790217,129
subject_578,50,Sagittal,STL_IMF,0.0599002313172581,0.5001080645638422,129
subject_578,50,Sagittal,STR_IMF,0.05108645529033993,0.5653192895044087,129
subject_578,50,Sagittal,UTL_IMF,0.09966998028832207,0.261091194015693,129
subject_578,50,Sagittal,UTR_IMF,0.019535707068775013,0.8260703229848265,129
subject_578,50,Horizontal,MTL_IMF,,,129
subject_578,50,Horizontal,MTR_IMF,,,129
subject_578,50,Horizontal,SCML_IMF,,,129
subject_578,50,Horizontal,SCMR_IMF,,,129
subject_578,50,Horizontal,STL_IMF,,,129
subject_578,50,Horizontal,STR_IMF,,,129
subject_578,50,Horizontal,UTL_IMF,,,129
subject_578,50,Horizontal,UTR_IMF,,,129
subject_578,60,Sagittal,MTL_IMF,0.009129309611145902,0.9185381947286229,128
subject_578,60,Sagittal,MTR_IMF,-0.00030427240255334067,0.997280272575915,128
subject_578,60,Sagittal,SCML_IMF,-0.0663138167170033,0.45704920318235065,128
subject_578,60,Sagittal,SCMR_IMF,-0.09033346350319892,0.3105561404755181,128
subject_578,60,Sagittal,STL_IMF,0.02954248689802384,0.7406228961403712,128
subject_578,60,Sagittal,STR_IMF,-0.022840130033524378,0.7980241588668784,128
subject_578,60,Sagittal,UTL_IMF,0.14665883873399443,0.09855018001983523,128
subject_578,60,Sagittal,UTR_IMF,0.0499047479603313,0.5758765867654474,128
subject_578,60,Horizontal,MTL_IMF,,,128
subject_578,60,Horizontal,MTR_IMF,,,128
subject_578,60,Horizontal,SCML_IMF,,,128
subject_578,60,Horizontal,SCMR_IMF,,,128
subject_578,60,Horizontal,STL_IMF,,,128
subject_578,60,Horizontal,STR_IMF,,,128
subject_578,60,Horizontal,UTL_IMF,,,128
subject_578,60,Horizontal,UTR_IMF,,,128
subject_578,70,Sagittal,MTL_IMF,-0.06906429672153602,0.4385560821962761,128
subject_578,70,Sagittal,MTR_IMF,-0.06663737397392226,0.45485152679257,128
subject_578,70,Sagittal,SCML_IMF,0.0012166976196874323,0.9891249060011134,128
subject_578,70,Sagittal,SCMR_IMF,0.035894480602787174,0.6875032768990111,128
subject_578,70,Sagittal,STL_IMF,0.07123290456031404,0.42427983849678896,128
subject_578,70,Sagittal,STR_IMF,0.013109063667613673,0.8832397470786458,128
subject_578,70,Sagittal,UTL_IMF,0.026502003745699373,0.7665071369457953,128
subject_578,70,Sagittal,UTR_IMF,-0.013999999549267509,0.8753663733588521,128
subject_578,70,Horizontal,MTL_IMF,,,128
subject_578,70,Horizontal,MTR_IMF,,,128
subject_578,70,Horizontal,SCML_IMF,,,128
subject_578,70,Horizontal,SCMR_IMF,,,128
subject_578,70,Horizontal,STL_IMF,,,128
subject_578,70,Horizontal,STR_IMF,,,128
subject_578,70,Horizontal,UTL_IMF,,,128
subject_578,70,Horizontal,UTR_IMF,,,128
subject_578,80,Sagittal,MTL_IMF,0.011636629688349309,0.8962765865983932,128
subject_578,80,Sagittal,MTR_IMF,-0.015077373208421521,0.8658617400416551,128
subject_578,80,Sagittal,SCML_IMF,0.197395976560159,0.02552286208485395,128
subject_578,80,Sagittal,SCMR_IMF,0.04880091676184442,0.584358621457117,128
subject_578,80,Sagittal,STL_IMF,-0.22076698549906157,0.012273926578184019,128
subject_578,80,Sagittal,STR_IMF,0.28359762098860647,0.001178906925384189,128
subject_578,80,Sagittal,UTL_IMF,0.25126872986273924,0.004223838226783149,128
subject_578,80,Sagittal,UTR_IMF,0.19100997561449015,0.030791376389913857,128
subject_578,80,Horizontal,MTL_IMF,0.03428300562845965,0.7008480036808581,128
subject_578,80,Horizontal,MTR_IMF,0.15685218937416848,0.0770386543874503,128
subject_578,80,Horizontal,SCML_IMF,-0.06894260264053742,0.43936521191522176,128
subject_578,80,Horizontal,SCMR_IMF,-0.08156582339465633,0.36004170426607646,128
subject_578,80,Horizontal,STL_IMF,0.2179712376954739,0.013448483208300008,128
subject_578,80,Horizontal,STR_IMF,-0.1150870435064123,0.19580667501515167,128
subject_578,80,Horizontal,UTL_IMF,-0.13205881288725427,0.13729648787016313,128
subject_578,80,Horizontal,UTR_IMF,-0.12417630569172719,0.16255668726959854,128
subject_578,90,Sagittal,MTL_IMF,-0.003993894671008585,0.9643124195614877,128
subject_578,90,Sagittal,MTR_IMF,-0.13331214926040388,0.13357201800293297,128
subject_578,90,Sagittal,SCML_IMF,-0.10271857405959225,0.24858932291022487,128
subject_578,90,Sagittal,SCMR_IMF,-0.052042251981141964,0.5596169779493398,128
subject_578,90,Sagittal,STL_IMF,0.15344886061142912,0.08375498382581426,128
subject_578,90,Sagittal,STR_IMF,0.07016524337506164,0.4312745775838516,128
subject_578,90,Sagittal,UTL_IMF,0.046487655265728976,0.6023178712897781,128
subject_578,90,Sagittal,UTR_IMF,0.1415636249734922,0.110950308828122,128
subject_578,90,Horizontal,MTL_IMF,0.11219984888905762,0.20733424602636735,128
subject_578,90,Horizontal,MTR_IMF,0.09786322634454755,0.27177896806241125,128
subject_578,90,Horizontal,SCML_IMF,0.1597511659742603,0.07166592737976181,128
subject_578,90,Horizontal,SCMR_IMF,0.023146081083279434,0.7953776327616121,128
subject_578,90,Horizontal,STL_IMF,-0.15560934141394925,0.07943924326338761,128
subject_578,90,Horizontal,STR_IMF,-0.06524355199384597,0.46436051628742925,128
subject_578,90,Horizontal,UTL_IMF,-0.05312318068889913,0.5514791912588903,128
subject_578,90,Horizontal,UTR_IMF,-0.22483830802427301,0.010724233415694687,128
subject_579,10,Sagittal,MTL_IMF,0.0018613164427076377,0.9790259278630484,202
subject_579,10,Sagittal,MTR_IMF,-0.15492571760538287,0.027696888076014135,202
subject_579,10,Sagittal,SCML_IMF,0.23520972278730662,0.0007527405899169659,202
subject_579,10,Sagittal,SCMR_IMF,-0.16062928908029778,0.022391955741081365,202
subject_579,10,Sagittal,STL_IMF,-0.05076077396770407,0.4731077861638035,202
subject_579,10,Sagittal,STR_IMF,-0.08209171139740146,0.24545353675811007,202
subject_579,10,Sagittal,UTL_IMF,-0.00015154892694851325,0.9982920909886407,202
subject_579,10,Sagittal,UTR_IMF,-0.0947802585640225,0.1796792274424094,202
subject_579,10,Frontal,MTL_IMF,-0.03866689263236228,0.5848228155438103,202
subject_579,10,Frontal,MTR_IMF,-0.0012146860911760903,0.9863115237566568,202
subject_579,10,Frontal,SCML_IMF,0.052765853656840986,0.45578253997611606,202
subject_579,10,Frontal,SCMR_IMF,-0.16278277928037108,0.02063041067866132,202
subject_579,10,Frontal,STL_IMF,0.03314093978891746,0.6396223802940467,202
subject_579,10,Frontal,STR_IMF,-0.03646302126641228,0.6064187205685634,202
subject_579,10,Frontal,UTL_IMF,-0.03217526847140813,0.6494140747281041,202
subject_579,10,Frontal,UTR_IMF,0.01801111994845477,0.7991725300698821,202
subject_579,10,Horizontal,MTL_IMF,-0.1050842549057942,0.13664984211029454,202
subject_579,10,Horizontal,MTR_IMF,0.023512456870475824,0.7397783357370705,202
subject_579,10,Horizontal,SCML_IMF,0.11678598343140559,0.09788214519938143,202
subject_579,10,Horizontal,SCMR_IMF,0.240380503728953,0.0005691343321191551,202
subject_579,10,Horizontal,STL_IMF,-0.01701640738846419,0.8100472092453569,202
subject_579,10,Horizontal,STR_IMF,0.17435360761594637,0.013076082469265605,202
subject_579,10,Horizontal,UTL_IMF,0.04528873619327694,0.5221674877809448,202
subject_579,10,Horizontal,UTR_IMF,0.045051299146343905,0.5243534699537233,202
subject_579,20,Sagittal,MTL_IMF,0.15409575114368773,0.0285521193896424,202
subject_579,20,Sagittal,MTR_IMF,-0.10155848044608129,0.15038276682389992,202
subject_579,20,Sagittal,SCML_IMF,0.23172385450486715,0.0009058079072832823,202
subject_579,20,Sagittal,SCMR_IMF,0.04813772837191603,0.4963054085220134,202
subject_579,20,Sagittal,STL_IMF,-0.06205678576444114,0.3802883368163042,202
subject_579,20,Sagittal,STR_IMF,-0.13316441516766042,0.058851703464490895,202
subject_579,20,Sagittal,UTL_IMF,-0.07449374957567645,0.2920434607837843,202
subject_579,20,Sagittal,UTR_IMF,0.02829086306542963,0.6893970538234163,202
subject_579,20,Frontal,MTL_IMF,-0.08479157316511235,0.23021783420917216,202
subject_579,20,Frontal,MTR_IMF,-0.14370023666141024,0.04132135077680609,202
subject_579,20,Frontal,SCML_IMF,-0.18094778396561403,0.009963305139220209,202
subject_579,20,Frontal,SCMR_IMF,-0.25155143155539744,0.0003046953462970709,202
subject_579,20,Frontal,STL_IMF,-0.03264983663395721,0.6445944099144696,202
subject_579,20,Frontal,STR_IMF,-0.0021060855357697087,0.9762685304208562,202
subject_579,20,Frontal,UTL_IMF,-0.0017931433271027193,0.9797939642006572,202
subject_579,20,Frontal,UTR_IMF,-0.04659404121033905,0.5102336902128535,202
subject_579,20,Horizontal,MTL_IMF,0.009158668793986293,0.8970695940389748,202
subject_579,20,Horizontal,MTR_IMF,0.006835073726987452,0.9230893914260957,202
subject_579,20,Horizontal,SCML_IMF,0.3284915797190802,1.8160490159204918e-06,202
subject_579,20,Horizontal,SCMR_IMF,0.4005574365911302,3.4870700009535528e-09,202
subject_579,20,Horizontal,STL_IMF,-0.0014187304692498484,0.9840124011270838,202
subject_579,20,Horizontal,STR_IMF,-0.08885815989756875,0.2085496714710736,202
subject_579,20,Horizontal,UTL_IMF,-0.10795410404215716,0.1261982511014336,202
subject_579,20,Horizontal,UTR_IMF,0.19701056518065688,0.004950068647458465,202
subject_579,30,Sagittal,MTL_IMF,0.03543126532857424,0.6166491103181987,202
subject_579,30,Sagittal,MTR_IMF,0.15424135016811852,0.0284004756800206,202
subject_579,30,Sagittal,SCML_IMF,-0.16102440862211642,0.022059352427924377,202
subject_579,30,Sagittal,SCMR_IMF,0.16743351445757787,0.017230704740277766,202
subject_579,30,Sagittal,STL_IMF,-0.16981092284853788,0.015689368359016947,202
subject_579,30,Sagittal,STR_IMF,-0.074559656296662,0.29161553220012715,202
subject_579,30,Sagittal,UTL_IMF,0.12364779380266457,0.07956881147420466,202
subject_579,30,Sagittal,UTR_IMF,0.05293813276683905,0.45431064466164733,202
subject_579,30,Frontal,MTL_IMF,-0.06615088508111314,0.34959705983639416,202
subject_579,30,Frontal,MTR_IMF,-0.03879833659222729,0.5835460758559774,202
subject_579,30,Frontal,SCML_IMF,-0.09544265629923321,0.1766430994309654,202
subject_579,30,Frontal,SCMR_IMF,-0.1252576061849923,0.07570009617389518,202
subject_579,30,Frontal,STL_IMF,0.11093732583875977,0.11600010642491859,202
subject_579,30,Frontal,STR_IMF,-0.005853755716270876,0.9341044771553081,202
subject_579,30,Frontal,UTL_IMF,-0.040250522140667884,0.5695272917308288,202
subject_579,30,Frontal,UTR_IMF,-0.08643572492010353,0.22127332754831142,202
subject_579,30,Horizontal,MTL_IMF,-0.06471086478327565,0.360209460972315,202
subject_579,30,Horizontal,MTR_IMF,-0.03283795642003463,0.6426879659840706,202
subject_579,30,Horizontal,SCML_IMF,0.2336382419229728,0.0008185265250906063,202
subject_579,30,Horizontal,SCMR_IMF,0.17111693953727972,0.014894986778082264,202
subject_579,30,Horizontal,STL_IMF,0.1192731212114397,0.09089216188152419,202
subject_579,30,Horizontal,STR_IMF,-0.03521266578111779,0.6188262450394363,202
subject_579,30,Horizontal,UTL_IMF,-0.1235907498059131,0.07970877342389064,202
subject_579,30,Horizontal,UTR_IMF,0.09828446927330346,0.16404734672104124,202
subject_579,40,Sagittal,MTL_IMF,-0.07614873120505411,0.28142435270135924,202
subject_579,40,Sagittal,MTR_IMF,-0.11655882919135416,0.09854123405049184,202
subject_579,40,Sagittal,SCML_IMF,-0.1377761031741048,0.050541851133586335,202
subject_579,40,Sagittal,SCMR_IMF,-0.07947028427109039,0.2609050066931004,202
subject_579,40,Sagittal,STL_IMF,0.10265329549315466,0.14601103257816828,202
subject_579,40,Sagittal,STR_IMF,0.0070884068209461915,0.9202480720910526,202
subject_579,40,Sagittal,UTL_IMF,0.09100270581579528,0.19773231389267434,202
subject_579,40,Sagittal,UTR_IMF,-0.028732313862371156,0.6848068869122742,202
subject_579,40,Frontal,MTL_IMF,-0.09043434798498531,0.2005586706490237,202
subject_579,40,Frontal,MTR_IMF,-0.06202753209250768,0.38051338474805524,202
subject_579,40,Frontal,SCML_IMF,-0.02565607952640104,0.7170246122746934,202
subject_579,40,Frontal,SCMR_IMF,-0.03240703569126648,0.6470584352749802,202
subject_579,40,Frontal,STL_IMF,0.05925913204439798,0.40217657362269676,202
subject_579,40,Frontal,STR_IMF,0.003260965768070476,0.9632628000345814,202
subject_579,40,Frontal,UTL_IMF,-0.045142653638509125,0.5235118574101506,202
subject_579,40,Frontal,UTR_IMF,-0.013936999075562546,0.8439353148957748,202
subject_579,40,Horizontal,MTL_IMF,,,202
subject_579,40,Horizontal,MTR_IMF,,,202
subject_579,40,Horizontal,SCML_IMF,,,202
subject_579,40,Horizontal,SCMR_IMF,,,202
subject_579,40,Horizontal,STL_IMF,,,202
subject_579,40,Horizontal,STR_IMF,,,202
subject_579,40,Horizontal,UTL_IMF,,,202
subject_579,40,Horizontal,UTR_IMF,,,202
subject_579,50,Sagittal,MTL_IMF,0.05764181661821941,0.4163367005542222,201
subject_579,50,Sagittal,MTR_IMF,-0.11711923591338987,0.09776247927408495,201
subject_579,50,Sagittal,SCML_IMF,-0.08178789417785375,0.24839910170272025,201
subject_579,50,Sagittal,SCMR_IMF,-0.011177849540947981,0.8748587475513835,201
subject_579,50,Sagittal,STL_IMF,0.11179525707005675,0.1140969502475253,201
subject_579,50,Sagittal,STR_IMF,0.004385412759339104,0.9507328640545927,201
subject_579,50,Sagittal,UTL_IMF,0.06783602225656929,0.3386449129337885,201
subject_579,50,Sagittal,UTR_IMF,-0.014802107137924065,0.8347927625625071,201
subject_579,50,Frontal,MTL_IMF,0.09728944533814753,0.17052780388173963,200
subject_579,50,Frontal,MTR_IMF,-0.05417136113753187,0.4461457021025225,200
subject_579,50,Frontal,SCML_IMF,-0.015031576883121978,0.8326858902368668,200
subject_579,50,Frontal,SCMR_IMF,0.052210585221823404,0.4628012484570841,200
subject_579,50,Frontal,STL_IMF,-0.09216554414978584,0.19428313036666606,200
subject_579,50,Frontal,STR_IMF,0.10635803487058192,0.13388486501951366,200
subject_579,50,Frontal,UTL_IMF,0.00044344424334107773,0.9950276631866161,200
subject_579,50,Frontal,UTR_IMF,0.07307554599871668,0.30378890592653135,200
subject_579,50,Horizontal,MTL_IMF,,,201
subject_579,50,Horizontal,MTR_IMF,,,201
subject_579,50,Horizontal,SCML_IMF,,,201
subject_579,50,Horizontal,SCMR_IMF,,,201
subject_579,50,Horizontal,STL_IMF,,,201
subject_579,50,Horizontal,STR_IMF,,,201
subject_579,50,Horizontal,UTL_IMF,,,201
subject_579,50,Horizontal,UTR_IMF,,,201
subject_579,60,Sagittal,MTL_IMF,-0.021027553863110664,0.7670082364876378,201
subject_579,60,Sagittal,MTR_IMF,-0.1432373449433284,0.04250447236596449,201
subject_579,60,Sagittal,SCML_IMF,0.0021701803997274914,0.9756078720324315,201
subject_579,60,Sagittal,SCMR_IMF,-0.1414097167050818,0.04524187442655313,201
subject_579,60,Sagittal,STL_IMF,0.10002646987911944,0.1577082947185508,201
subject_579,60,Sagittal,STR_IMF,-0.01440281960010576,0.839188012808355,201
subject_579,60,Sagittal,UTL_IMF,-0.07506515622880859,0.289558841678819,201
subject_579,60,Sagittal,UTR_IMF,0.06389841256341366,0.36748852157881234,201
subject_579,60,Frontal,MTL_IMF,0.15627404487295576,0.12050705965602819,100
subject_579,60,Frontal,MTR_IMF,0.05232250334726521,0.6051553574962772,100
subject_579,60,Frontal,SCML_IMF,0.03749190634567896,0.7111324134709397,100
subject_579,60,Frontal,SCMR_IMF,0.03878483454329671,0.701633507055146,100
subject_579,60,Frontal,STL_IMF,-0.175270022667653,0.08112544592168834,100
subject_579,60,Frontal,STR_IMF,0.0851337350660178,0.39969599397282246,100
subject_579,60,Frontal,UTL_IMF,-0.024082096410636057,0.8120147106145751,100
subject_579,60,Frontal,UTR_IMF,0.09402673280986432,0.35210737152770666,100
subject_579,60,Horizontal,MTL_IMF,,,201
subject_579,60,Horizontal,MTR_IMF,,,201
subject_579,60,Horizontal,SCML_IMF,,,201
subject_579,60,Horizontal,SCMR_IMF,,,201
subject_579,60,Horizontal,STL_IMF,,,201
subject_579,60,Horizontal,STR_IMF,,,201
subject_579,60,Horizontal,UTL_IMF,,,201
subject_579,60,Horizontal,UTR_IMF,,,201
subject_579,70,Sagittal,MTL_IMF,0.04961524110000842,0.4831651231126487,202
subject_579,70,Sagittal,MTR_IMF,-0.11109991018635547,0.11546334994495407,202
subject_579,70,Sagittal,SCML_IMF,-0.06058617555489123,0.3917020590074107,202
subject_579,70,Sagittal,SCMR_IMF,-0.11581891054529209,0.10071252371510339,202
subject_579,70,Sagittal,STL_IMF,0.03095956362306527,0.6618268807925222,202
subject_579,70,Sagittal,STR_IMF,0.056811108264970274,0.4219310364997785,202
subject_579,70,Sagittal,UTL_IMF,-0.04039931535597388,0.5680999630818525,202
subject_579,70,Sagittal,UTR_IMF,0.04256760454594967,0.5474953198820572,202
subject_579,70,Frontal,MTL_IMF,-0.06477432511425367,0.6653290658729243,47
subject_579,70,Frontal,MTR_IMF,0.14077058393385647,0.3452727178434371,47
subject_579,70,Frontal,SCML_IMF,0.20097672526511562,0.17554712471289596,47
subject_579,70,Frontal,SCMR_IMF,0.07010366735843526,0.6396117213399063,47
subject_579,70,Frontal,STL_IMF,-0.016046320527915114,0.91474725792091,47
subject_579,70,Frontal,STR_IMF,0.3227868758220559,0.026902147540759123,47
subject_579,70,Frontal,UTL_IMF,0.12310519486897958,0.4097218941559051,47
subject_579,70,Frontal,UTR_IMF,0.1675555069761014,0.2602705802212484,47
subject_579,70,Horizontal,MTL_IMF,,,202
subject_579,70,Horizontal,MTR_IMF,,,202
subject_579,70,Horizontal,SCML_IMF,,,202
subject_579,70,Horizontal,SCMR_IMF,,,202
subject_579,70,Horizontal,STL_IMF,,,202
subject_579,70,Horizontal,STR_IMF,,,202
subject_579,70,Horizontal,UTL_IMF,,,202
subject_579,70,Horizontal,UTR_IMF,,,202
subject_579,80,Sagittal,MTL_IMF,0.13104873618623758,0.06302442917471811,202
subject_579,80,Sagittal,MTR_IMF,0.18444214256773817,0.00859565192787069,202
subject_579,80,Sagittal,SCML_IMF,-0.10888344173760467,0.12294959346439778,202
subject_579,80,Sagittal,SCMR_IMF,-0.27053782762074324,9.857632444578893e-05,202
subject_579,80,Sagittal,STL_IMF,-0.0382659974758901,0.5887247228926116,202
subject_579,80,Sagittal,STR_IMF,-0.05724034144227383,0.4184270692891277,202
subject_579,80,Sagittal,UTL_IMF,0.15206301896913235,0.0307425917523723,202
subject_579,80,Sagittal,UTR_IMF,0.11339987697752997,0.1080761465849182,202
subject_579,80,Frontal,MTL_IMF,-0.06819092519474385,0.4709736974593915,114
subject_579,80,Frontal,MTR_IMF,-0.01579349969586616,0.8675428148415819,114
subject_579,80,Frontal,SCML_IMF,-0.021561744505007602,0.8198749859870519,114
subject_579,80,Frontal,SCMR_IMF,0.11580177235113331,0.21984857029350297,114
subject_579,80,Frontal,STL_IMF,-0.09495079890961146,0.3149464662983956,114
subject_579,80,Frontal,STR_IMF,-0.006062162688654835,0.948959521549428,114
subject_579,80,Frontal,UTL_IMF,-0.21022879183749274,0.02476532771847282,114
subject_579,80,Frontal,UTR_IMF,-0.05833926276133958,0.5375291660013475,114
subject_579,80,Horizontal,MTL_IMF,-0.19209866587496172,0.006165506948427665,202
subject_579,80,Horizontal,MTR_IMF,-0.1923834358276154,0.006088354906639735,202
subject_579,80,Horizontal,SCML_IMF,0.14842693593049852,0.03501862775764216,202
subject_579,80,Horizontal,SCMR_IMF,0.2433366965376396,0.000483739730042185,202
subject_579,80,Horizontal,STL_IMF,0.09284057664290032,0.18879101762618075,202
subject_579,80,Horizontal,STR_IMF,0.05183455617047137,0.4637851731588867,202
subject_579,80,Horizontal,UTL_IMF,-0.1837322935553214,0.008859166541247708,202
subject_579,80,Horizontal,UTR_IMF,-0.023492395555154942,0.7399923861441815,202
subject_579,90,Sagittal,MTL_IMF,0.05521205829584277,0.4362871957674738,201
subject_579,90,Sagittal,MTR_IMF,0.1948485519466937,0.005573980522138592,201
subject_579,90,Sagittal,SCML_IMF,-0.12648445424492324,0.07357688959958819,201
subject_579,90,Sagittal,SCMR_IMF,-0.12841576093169976,0.06925044628481265,201
subject_579,90,Sagittal,STL_IMF,0.0020830707743537294,0.976586671353308,201
subject_579,90,Sagittal,STR_IMF,-0.050490995252764945,0.4765743261930767,201
subject_579,90,Sagittal,UTL_IMF,0.004994506411984415,0.9439006286850502,201
subject_579,90,Sagittal,UTR_IMF,0.02896542187630942,0.6831413617483066,201
subject_579,90,Frontal,MTL_IMF,-0.11747766795412024,0.3363764939125889,69
subject_579,90,Frontal,MTR_IMF,0.009580989720979328,0.9377218545786925,69
subject_579,90,Frontal,SCML_IMF,-0.12555892225866447,0.3039536079825697,69
subject_579,90,Frontal,SCMR_IMF,0.21052139720791457,0.08251235500843254,69
subject_579,90,Frontal,STL_IMF,-0.1574385405298095,0.19636916415339958,69
subject_579,90,Frontal,STR_IMF,-0.27002048019663455,0.024842739975032044,69
subject_579,90,Frontal,UTL_IMF,-0.41152078322314045,0.0004432149702881324,69
subject_579,90,Frontal,UTR_IMF,-0.36053926228033434,0.002340695338924248,69
subject_579,90,Horizontal,MTL_IMF,-0.056141070485210755,0.4285953854453221,201
subject_579,90,Horizontal,MTR_IMF,-0.05874696217359167,0.40744219707059665,201
subject_579,90,Horizontal,SCML_IMF,0.11301201427972465,0.11018757390276782,201
subject_579,90,Horizontal,SCMR_IMF,0.09153657549256664,0.19622693418947296,201
subject_579,90,Horizontal,STL_IMF,-0.009469816234436164,0.8938584836204213,201
subject_579,90,Horizontal,STR_IMF,0.019588563145091428,0.7825401935602809,201
subject_579,90,Horizontal,UTL_IMF,-0.1173735676113198,0.09703119654161615,201
subject_579,90,Horizontal,UTR_IMF,-0.02334579245699147,0.7421826670781113,201
subject_580,10,Sagittal,MTL_IMF,0.018738010938075544,0.817580251760579,154
subject_580,10,Sagittal,MTR_IMF,0.15568790983926828,0.05384657823795826,154
subject_580,10,Sagittal,SCML_IMF,0.0009201030233840932,0.9909640290384062,154
subject_580,10,Sagittal,SCMR_IMF,0.07903658856741114,0.32988158588148647,154
subject_580,10,Sagittal,STL_IMF,0.22242409757795098,0.00556205959722684,154
subject_580,10,Sagittal,STR_IMF,0.1385809385681434,0.08652630572215468,154
subject_580,10,Sagittal,UTL_IMF,0.0230267735070855,0.776821028833175,154
subject_580,10,Sagittal,UTR_IMF,0.06542802328996326,0.42013355646962414,154
subject_580,10,Frontal,MTL_IMF,0.027287726171721503,0.7369195861321455,154
subject_580,10,Frontal,MTR_IMF,-0.03820674250426679,0.6380391877964403,154
subject_580,10,Frontal,SCML_IMF,0.13371293575056897,0.0982805430449704,154
subject_580,10,Frontal,SCMR_IMF,-0.13550966009445028,0.09380321596252428,154
subject_580,10,Frontal,STL_IMF,-0.1391994446495572,0.08511694320840718,154
subject_580,10,Frontal,STR_IMF,-0.06553489165482682,0.41937317216198944,154
subject_580,10,Frontal,UTL_IMF,0.07551224436175745,0.3519687638500564,154
subject_580,10,Frontal,UTR_IMF,0.11914435892993945,0.14109001934276114,154
subject_580,10,Horizontal,MTL_IMF,0.13548019409014503,0.09387531419875005,154
subject_580,10,Horizontal,MTR_IMF,0.030525111312449633,0.7070596422518428,154
subject_580,10,Horizontal,SCML_IMF,-0.10464917919131457,0.1964849390214717,154
subject_580,10,Horizontal,SCMR_IMF,-0.1279871207040016,0.11368362855134506,154
subject_580,10,Horizontal,STL_IMF,-0.311208907939801,8.546092770383041e-05,154
subject_580,10,Horizontal,STR_IMF,-0.0024932770294960258,0.9755177907007793,154
subject_580,10,Horizontal,UTL_IMF,-0.05171158312858658,0.5241757455495605,154
subject_580,10,Horizontal,UTR_IMF,-0.09529367486877055,0.23975233456112913,154
subject_580,20,Sagittal,MTL_IMF,-0.07239409111733612,0.372264841353024,154
subject_580,20,Sagittal,MTR_IMF,0.08363686952041297,0.3024197751255903,154
subject_580,20,Sagittal,SCML_IMF,-0.0031206863511402,0.9693597746170934,154
subject_580,20,Sagittal,SCMR_IMF,0.03635154347567253,0.6544538747680585,154
subject_580,20,Sagittal,STL_IMF,0.06572249543909606,0.41804028292120055,154
subject_580,20,Sagittal,STR_IMF,0.056072863818156654,0.4897413035653376,154
subject_580,20,Sagittal,UTL_IMF,-0.021386690372175294,0.7923427588769979,154
subject_580,20,Sagittal,UTR_IMF,-0.07848777822853743,0.3332613010771862,154
subject_580,20,Frontal,MTL_IMF,-0.11551671146225892,0.15368779927593082,154
subject_580,20,Frontal,MTR_IMF,0.09005837998097432,0.2666766655137832,154
subject_580,20,Frontal,SCML_IMF,-0.060037143080418374,0.4595192072951592,154
subject_580,20,Frontal,SCMR_IMF,0.06366795944901787,0.4327715904373415,154
subject_580,20,Frontal,STL_IMF,-0.08463906440891654,0.2966428649215073,154
subject_580,20,Frontal,STR_IMF,-0.09652062169234037,0.23372695399208804,154
subject_580,20,Frontal,UTL_IMF,-0.025482204842737756,0.7537486032919445,154
subject_580,20,Frontal,UTR_IMF,0.013645242743184724,0.8666137958396172,154
subject_580,20,Horizontal,MTL_IMF,,,154
subject_580,20,Horizontal,MTR_IMF,,,154
subject_580,20,Horizontal,SCML_IMF,,,154
subject_580,20,Horizontal,SCMR_IMF,,,154
subject_580,20,Horizontal,STL_IMF,,,154
subject_580,20,Horizontal,STR_IMF,,,154
subject_580,20,Horizontal,UTL_IMF,,,154
subject_580,20,Horizontal,UTR_IMF,,,154
subject_580,30,Sagittal,MTL_IMF,-0.10877260499187708,0.1793293614230314,154
subject_580,30,Sagittal,MTR_IMF,0.08437150732836819,0.29817793281541555,154
subject_580,30,Sagittal,SCML_IMF,0.05521318570387208,0.4964321022042659,154
subject_580,30,Sagittal,SCMR_IMF,0.09638792835700005,0.2343734208068618,154
subject_580,30,Sagittal,STL_IMF,-0.03172330424151948,0.6961174946709686,154
subject_580,30,Sagittal,STR_IMF,0.08699153107791076,0.28337150444232734,154
subject_580,30,Sagittal,UTL_IMF,0.10150977507422718,0.2103227747592339,154
subject_580,30,Sagittal,UTR_IMF,-0.013670418197515891,0.8663699875704467,154
subject_580,30,Frontal,MTL_IMF,-0.11278583803058764,0.16371658036698966,154
subject_580,30,Frontal,MTR_IMF,0.09733886588970998,0.22976820855165278,154
subject_580,30,Frontal,SCML_IMF,-0.025470994141818623,0.7538534687162334,154
subject_580,30,Frontal,SCMR_IMF,0.09459931696403587,0.2432098793982558,154
subject_580,30,Frontal,STL_IMF,-0.08737518098000685,0.2812455272379867,154
subject_580,30,Frontal,STR_IMF,-0.07374478294588598,0.36338654005024545,154
subject_580,30,Frontal,UTL_IMF,-0.0027293649633162212,0.9732004009013892,154
subject_580,30,Frontal,UTR_IMF,0.014558888063114082,0.8577739478490453,154
subject_580,30,Horizontal,MTL_IMF,,,154
subject_580,30,Horizontal,MTR_IMF,,,154
subject_580,30,Horizontal,SCML_IMF,,,154
subject_580,30,Horizontal,SCMR_IMF,,,154
subject_580,30,Horizontal,STL_IMF,,,154
subject_580,30,Horizontal,STR_IMF,,,154
subject_580,30,Horizontal,UTL_IMF,,,154
subject_580,30,Horizontal,UTR_IMF,,,154
subject_580,40,Sagittal,MTL_IMF,-0.254574653354379,0.001441993541065878,154
subject_580,40,Sagittal,MTR_IMF,-0.2572759575542758,0.0012770081011273051,154
subject_580,40,Sagittal,SCML_IMF,-0.02385508777116233,0.7690148508271212,154
subject_580,40,Sagittal,SCMR_IMF,-0.06222959042486016,0.44325954272100077,154
subject_580,40,Sagittal,STL_IMF,-0.13124786139798594,0.10469639663078965,154
subject_580,40,Sagittal,STR_IMF,0.09547559395615612,0.2388521714232252,154
subject_580,40,Sagittal,UTL_IMF,0.17550313109913665,0.02947168519921175,154
subject_580,40,Sagittal,UTR_IMF,0.2631993033562511,0.0009739255592040223,154
subject_580,40,Frontal,MTL_IMF,,,154
subject_580,40,Frontal,MTR_IMF,,,154
subject_580,40,Frontal,SCML_IMF,,,154
subject_580,40,Frontal,SCMR_IMF,,,154
subject_580,40,Frontal,STL_IMF,,,154
subject_580,40,Frontal,STR_IMF,,,154
subject_580,40,Frontal,UTL_IMF,,,154
subject_580,40,Frontal,UTR_IMF,,,154
subject_580,40,Horizontal,MTL_IMF,,,154
subject_580,40,Horizontal,MTR_IMF,,,154
subject_580,40,Horizontal,SCML_IMF,,,154
subject_580,40,Horizontal,SCMR_IMF,,,154
subject_580,40,Horizontal,STL_IMF,,,154
subject_580,40,Horizontal,STR_IMF,,,154
subject_580,40,Horizontal,UTL_IMF,,,154
subject_580,40,Horizontal,UTR_IMF,,,154
subject_580,50,Sagittal,MTL_IMF,-0.4974077825832524,4.576663259879978e-11,155
subject_580,50,Sagittal,MTR_IMF,-0.3092152627638276,9.043331905421556e-05,155
subject_580,50,Sagittal,SCML_IMF,-0.1107562835269997,0.17007345943261673,155
subject_580,50,Sagittal,SCMR_IMF,-0.0009535271852106568,0.9906049457453263,155
subject_580,50,Sagittal,STL_IMF,-0.05977404376437468,0.46001754478061996,155
subject_580,50,Sagittal,STR_IMF,-0.11682083757368836,0.1477300177657924,155
subject_580,50,Sagittal,UTL_IMF,-0.11964508263013136,0.13811594416373446,155
subject_580,50,Sagittal,UTR_IMF,0.35871244602043867,4.577940713809697e-06,155
subject_580,50,Frontal,MTL_IMF,0.13264315314334027,0.09990694322790167,155
subject_580,50,Frontal,MTR_IMF,-0.02653404191776332,0.743115927914412,155
subject_580,50,Frontal,SCML_IMF,-0.006123487323326637,0.9397211039633433,155
subject_580,50,Frontal,SCMR_IMF,-0.03552000754592129,0.6608213592712404,155
subject_580,50,Frontal,STL_IMF,-0.02572985326712987,0.7506414006144363,155
subject_580,50,Frontal,STR_IMF,0.10493927699804124,0.19377270903583418,155
subject_580,50,Frontal,UTL_IMF,0.026532929445696397,0.7431263216740042,155
subject_580,50,Frontal,UTR_IMF,-0.015100669399981633,0.8520600105062649,155
subject_580,50,Horizontal,MTL_IMF,,,155
subject_580,50,Horizontal,MTR_IMF,,,155
subject_580,50,Horizontal,SCML_IMF,,,155
subject_580,50,Horizontal,SCMR_IMF,,,155
subject_580,50,Horizontal,STL_IMF,,,155
subject_580,50,Horizontal,STR_IMF,,,155
subject_580,50,Horizontal,UTL_IMF,,,155
subject_580,50,Horizontal,UTR_IMF,,,155
subject_580,60,Sagittal,MTL_IMF,-0.04908672933103901,0.5441536767798419,155
subject_580,60,Sagittal,MTR_IMF,-0.19259555719212,0.016354430349519753,155
subject_580,60,Sagittal,SCML_IMF,-0.1678469948268423,0.036834195030294406,155
subject_580,60,Sagittal,SCMR_IMF,-0.007072535093917882,0.9304007091588443,155
subject_580,60,Sagittal,STL_IMF,0.07522760268447123,0.35220854895946135,155
subject_580,60,Sagittal,STR_IMF,-0.07940493926219938,0.32603426743545116,155
subject_580,60,Sagittal,UTL_IMF,-0.09062002497400042,0.26212326634809324,155
subject_580,60,Sagittal,UTR_IMF,-0.013421478087613058,0.8683529544111378,155
subject_580,60,Frontal,MTL_IMF,0.005984281675628652,0.9410889311187823,155
subject_580,60,Frontal,MTR_IMF,-0.1368921000998573,0.08941289925139724,155
subject_580,60,Frontal,SCML_IMF,0.008225520741655163,0.9190903088976193,155
subject_580,60,Frontal,SCMR_IMF,-0.07067205193114057,0.38221024464210324,155
subject_580,60,Frontal,STL_IMF,-0.015710704316485025,0.8461560030100591,155
subject_580,60,Frontal,STR_IMF,0.06881918374336345,0.3948438492855141,155
subject_580,60,Frontal,UTL_IMF,-0.013083967115929298,0.8716346954726274,155
subject_580,60,Frontal,UTR_IMF,0.03888280642272297,0.6309783525416085,155
subject_580,60,Horizontal,MTL_IMF,,,155
subject_580,60,Horizontal,MTR_IMF,,,155
subject_580,60,Horizontal,SCML_IMF,,,155
subject_580,60,Horizontal,SCMR_IMF,,,155
subject_580,60,Horizontal,STL_IMF,,,155
subject_580,60,Horizontal,STR_IMF,,,155
subject_580,60,Horizontal,UTL_IMF,,,155
subject_580,60,Horizontal,UTR_IMF,,,155
subject_580,70,Sagittal,MTL_IMF,0.027581311908292244,0.7341946420088776,154
subject_580,70,Sagittal,MTR_IMF,-0.07981076724196888,0.32515149790076564,154
subject_580,70,Sagittal,SCML_IMF,-0.06745604607531408,0.4058410859011027,154
subject_580,70,Sagittal,SCMR_IMF,-0.09222479889165354,0.25529532083914136,154
subject_580,70,Sagittal,STL_IMF,0.06526017797142715,0.4213294183585171,154
subject_580,70,Sagittal,STR_IMF,-0.004894303947264161,0.9519627123272271,154
subject_580,70,Sagittal,UTL_IMF,0.034685778752107675,0.6693350423899053,154
subject_580,70,Sagittal,UTR_IMF,0.016462103444568388,0.8394174838258592,154
subject_580,70,Frontal,MTL_IMF,0.02326573582830895,0.7745666769632664,154
subject_580,70,Frontal,MTR_IMF,0.008992703454091509,0.9118625461455747,154
subject_580,70,Frontal,SCML_IMF,0.011630390757134988,0.886165170621911,154
subject_580,70,Frontal,SCMR_IMF,-0.09199595267625481,0.2564815272993198,154
subject_580,70,Frontal,STL_IMF,0.11000718536591972,0.17441398189532545,154
subject_580,70,Frontal,STR_IMF,-0.08303071729142318,0.30594951490845584,154
subject_580,70,Frontal,UTL_IMF,-0.0644848306353517,0.42687920468899837,154
subject_580,70,Frontal,UTR_IMF,0.026970851907674922,0.7398643634431874,154
subject_580,70,Horizontal,MTL_IMF,,,154
subject_580,70,Horizontal,MTR_IMF,,,154
subject_580,70,Horizontal,SCML_IMF,,,154
subject_580,70,Horizontal,SCMR_IMF,,,154
subject_580,70,Horizontal,STL_IMF,,,154
subject_580,70,Horizontal,STR_IMF,,,154
subject_580,70,Horizontal,UTL_IMF,,,154
subject_580,70,Horizontal,UTR_IMF,,,154
subject_580,80,Sagittal,MTL_IMF,0.057033637864163544,0.4823209221942346,154
subject_580,80,Sagittal,MTR_IMF,-0.14351354674559813,0.07579068941349827,154
subject_580,80,Sagittal,SCML_IMF,-0.01790837918737603,0.8255252458350771,154
subject_580,80,Sagittal,SCMR_IMF,0.049397486933706804,0.542932897380762,154
subject_580,80,Sagittal,STL_IMF,0.05125890547745153,0.5278189355661163,154
subject_580,80,Sagittal,STR_IMF,0.020362128073353292,0.802081149247026,154
subject_580,80,Sagittal,UTL_IMF,-0.18155807896394352,0.024228746346051877,154
subject_580,80,Sagittal,UTR_IMF,0.15129771830269576,0.06106071600306959,154
subject_580,80,Frontal,MTL_IMF,0.0417662168195081,0.6070374991695487,154
subject_580,80,Frontal,MTR_IMF,0.0714075316985034,0.3788330152686248,154
subject_580,80,Frontal,SCML_IMF,-0.04916814827004565,0.544809695511979,154
subject_580,80,Frontal,SCMR_IMF,-0.12688168404679925,0.11686334910552008,154
subject_580,80,Frontal,STL_IMF,0.09520252083303135,0.24020426792362895,154
subject_580,80,Frontal,STR_IMF,-0.019571806849811538,0.809614031648634,154
subject_580,80,Frontal,UTL_IMF,0.028542724044655184,0.7252945381607145,154
subject_580,80,Frontal,UTR_IMF,0.0005287319363722653,0.9948074573952578,154
subject_580,80,Horizontal,MTL_IMF,,,154
subject_580,80,Horizontal,MTR_IMF,,,154
subject_580,80,Horizontal,SCML_IMF,,,154
subject_580,80,Horizontal,SCMR_IMF,,,154
subject_580,80,Horizontal,STL_IMF,,,154
subject_580,80,Horizontal,STR_IMF,,,154
subject_580,80,Horizontal,UTL_IMF,,,154
subject_580,80,Horizontal,UTR_IMF,,,154
subject_580,90,Sagittal,MTL_IMF,-0.3226843423067818,4.7414957630351174e-05,153
subject_580,90,Sagittal,MTR_IMF,-0.16289739710094006,0.0442342636690828,153
subject_580,90,Sagittal,SCML_IMF,-0.01373083135339356,0.8662244703734641,153
subject_580,90,Sagittal,SCMR_IMF,-0.16583258056128578,0.04049920113648331,153
subject_580,90,Sagittal,STL_IMF,-0.2504770908761871,0.0017916552938211049,153
subject_580,90,Sagittal,STR_IMF,-0.018128768863480527,0.8239870909207225,153
subject_580,90,Sagittal,UTL_IMF,-0.04175591633508634,0.6083150377469806,153
subject_580,90,Sagittal,UTR_IMF,0.3003910082574949,0.00016150986394863678,153
subject_580,90,Frontal,MTL_IMF,-0.09763793207693969,0.2298748126386297,153
subject_580,90,Frontal,MTR_IMF,-0.05214333601116756,0.5220921277479283,153
subject_580,90,Frontal,SCML_IMF,0.043999886077639806,0.5891646832817947,153
subject_580,90,Frontal,SCMR_IMF,-0.23101241604024017,0.004065959239620615,153
subject_580,90,Frontal,STL_IMF,-0.04818504455522346,0.5542042169411462,153
subject_580,90,Frontal,STR_IMF,0.0015118526210305167,0.9852022966657664,153
subject_580,90,Frontal,UTL_IMF,-0.07139309967427705,0.3805075039961497,153
subject_580,90,Frontal,UTR_IMF,0.1316320169297158,0.10482241053046437,153
subject_580,90,Horizontal,MTL_IMF,0.3031317145355388,0.00013964462330637962,153
subject_580,90,Horizontal,MTR_IMF,0.09766881302057547,0.22972677336846736,153
subject_580,90,Horizontal,SCML_IMF,-0.014944285823406327,0.8545273920218661,153
subject_580,90,Horizontal,SCMR_IMF,0.10658704238956629,0.18974434779738253,153
subject_580,90,Horizontal,STL_IMF,0.17050584822226547,0.03510018840439824,153
subject_580,90,Horizontal,STR_IMF,0.11883067225406356,0.14347035868538974,153
subject_580,90,Horizontal,UTL_IMF,0.11957322962742183,0.14096765748819434,153
subject_580,90,Horizontal,UTR_IMF,-0.3008579188276914,0.00015757257320078033,153
subject_581,10,Sagittal,MTL_IMF,0.05765907605693448,0.6046231114850338,83
subject_581,10,Sagittal,MTR_IMF,0.12321129655019832,0.26711998523313296,83
subject_581,10,Sagittal,SCML_IMF,0.2608820826584002,0.01721362944519939,83
subject_581,10,Sagittal,SCMR_IMF,-0.008307447940287071,0.94058237086492,83
subject_581,10,Sagittal,STL_IMF,0.19327488240204582,0.08000422765780221,83
subject_581,10,Sagittal,STR_IMF,-0.06171369137486011,0.5794142708425803,83
subject_581,10,Sagittal,UTL_IMF,0.07695926777970018,0.4892351930214169,83
subject_581,10,Sagittal,UTR_IMF,0.324035113396664,0.002804378176016025,83
subject_581,10,Frontal,MTL_IMF,-0.05193706139308819,0.6409949443300453,83
subject_581,10,Frontal,MTR_IMF,0.25976113644588383,0.017715562986762426,83
subject_581,10,Frontal,SCML_IMF,0.28728253785281,0.00845509381807076,83
subject_581,10,Frontal,SCMR_IMF,-0.16800650909259532,0.12896068226103238,83
subject_581,10,Frontal,STL_IMF,0.0007860070333563447,0.9943731532203415,83
subject_581,10,Frontal,STR_IMF,0.0299670512257908,0.7879813936791819,83
subject_581,10,Frontal,UTL_IMF,-0.08221669119872493,0.4599540769760463,83
subject_581,10,Frontal,UTR_IMF,0.28865015179386333,0.008134598246606523,83
subject_581,10,Horizontal,MTL_IMF,-0.04865038292443609,0.6622831986450393,83
subject_581,10,Horizontal,MTR_IMF,-0.1004171605295564,0.36639027404725677,83
subject_581,10,Horizontal,SCML_IMF,0.2336375997688891,0.03352203022156637,83
subject_581,10,Horizontal,SCMR_IMF,-0.1078191499894185,0.3319396883090998,83
subject_581,10,Horizontal,STL_IMF,0.1015242974053732,0.36110274794974273,83
subject_581,10,Horizontal,STR_IMF,0.27382208488751153,0.012249389459050145,83
subject_581,10,Horizontal,UTL_IMF,-0.24951239023655242,0.022917979509022805,83
subject_581,10,Horizontal,UTR_IMF,0.25505466463139975,0.019962733993960556,83
subject_581,20,Sagittal,MTL_IMF,0.09692396762704761,0.3863521471232619,82
subject_581,20,Sagittal,MTR_IMF,0.19658838889618313,0.07669851728875471,82
subject_581,20,Sagittal,SCML_IMF,0.22617299487083972,0.04103271392469806,82
subject_581,20,Sagittal,SCMR_IMF,-0.40041728734444537,0.00019338835629077955,82
subject_581,20,Sagittal,STL_IMF,-0.08882378704977525,0.4274540573859964,82
subject_581,20,Sagittal,STR_IMF,-0.20617618393209405,0.06311750829393203,82
subject_581,20,Sagittal,UTL_IMF,-0.054398016219991165,0.6273980479797937,82
subject_581,20,Sagittal,UTR_IMF,0.2034832995662108,0.06671845746255063,82
subject_581,20,Frontal,MTL_IMF,0.07735189372581544,0.4897328046918646,82
subject_581,20,Frontal,MTR_IMF,0.039327559320440506,0.7257423489120557,82
subject_581,20,Frontal,SCML_IMF,0.10597693744750578,0.34333245463859197,82
subject_581,20,Frontal,SCMR_IMF,-0.053343807963055934,0.6340942383479701,82
subject_581,20,Frontal,STL_IMF,0.06400175877168303,0.5678306137439116,82
subject_581,20,Frontal,STR_IMF,0.01133407698375599,0.9195012263527309,82
subject_581,20,Frontal,UTL_IMF,-0.02333867907229938,0.8351317061197826,82
subject_581,20,Frontal,UTR_IMF,0.3490891499046774,0.0013073173091608307,82
subject_581,20,Horizontal,MTL_IMF,,,82
subject_581,20,Horizontal,MTR_IMF,,,82
subject_581,20,Horizontal,SCML_IMF,,,82
subject_581,20,Horizontal,SCMR_IMF,,,82
subject_581,20,Horizontal,STL_IMF,,,82
subject_581,20,Horizontal,STR_IMF,,,82
subject_581,20,Horizontal,UTL_IMF,,,82
subject_581,20,Horizontal,UTR_IMF,,,82
subject_581,30,Sagittal,MTL_IMF,0.02981995301680324,0.7902817243146047,82
subject_581,30,Sagittal,MTR_IMF,0.05101509795818737,0.6489898637674868,82
subject_581,30,Sagittal,SCML_IMF,0.05105995612756843,0.6487015982809291,82
subject_581,30,Sagittal,SCMR_IMF,-0.12562508873990275,0.2607664574741883,82
subject_581,30,Sagittal,STL_IMF,0.21297802192630866,0.05471993052204719,82
subject_581,30,Sagittal,STR_IMF,-0.04208037419109775,0.7073849964182164,82
subject_581,30,Sagittal,UTL_IMF,0.09377245164474622,0.40205416586109793,82
subject_581,30,Sagittal,UTR_IMF,0.003400434963035336,0.9758121584924658,82
subject_581,30,Frontal,MTL_IMF,-0.15793774763025917,0.15644124567406034,82
subject_581,30,Frontal,MTR_IMF,0.1263322933795432,0.25807052694398247,82
subject_581,30,Frontal,SCML_IMF,-0.1043250782506722,0.35094945678547546,82
subject_581,30,Frontal,SCMR_IMF,0.15244758502370157,0.17153589851559617,82
subject_581,30,Frontal,STL_IMF,0.05082112608829558,0.6502369502320544,82
subject_581,30,Frontal,STR_IMF,0.07963472447778225,0.47697077669816795,82
subject_581,30,Frontal,UTL_IMF,0.18534456830028279,0.09549883464680337,82
subject_581,30,Frontal,UTR_IMF,-0.03711970646223874,0.7405787095245248,82
subject_581,30,Horizontal,MTL_IMF,,,82
subject_581,30,Horizontal,MTR_IMF,,,82
subject_581,30,Horizontal,SCML_IMF,,,82
subject_581,30,Horizontal,SCMR_IMF,,,82
subject_581,30,Horizontal,STL_IMF,,,82
subject_581,30,Horizontal,STR_IMF,,,82
subject_581,30,Horizontal,UTL_IMF,,,82
subject_581,30,Horizontal,UTR_IMF,,,82
subject_581,40,Sagittal,MTL_IMF,-0.009089060848633475,0.9354077055161959,82
subject_581,40,Sagittal,MTR_IMF,0.10306336613092362,0.3568376416467595,82
subject_581,40,Sagittal,SCML_IMF,-0.08249526990070695,0.4612346298142525,82
subject_581,40,Sagittal,SCMR_IMF,0.07698697719481716,0.4917894293646231,82
subject_581,40,Sagittal,STL_IMF,-0.06302467559569805,0.5737680058667298,82
subject_581,40,Sagittal,STR_IMF,0.2231185007853844,0.04391690998237422,82
subject_581,40,Sagittal,UTL_IMF,0.09830785480626696,0.3795748118382643,82
subject_581,40,Sagittal,UTR_IMF,0.297521636816509,0.006636024047699787,82
subject_581,40,Frontal,MTL_IMF,-0.10574155243217641,0.34441147767850183,82
subject_581,40,Frontal,MTR_IMF,0.12909201547976606,0.2477319366446558,82
subject_581,40,Frontal,SCML_IMF,-0.04255133301865353,0.7042606828757372,82
subject_581,40,Frontal,SCMR_IMF,0.14143338757271356,0.20499293994679166,82
subject_581,40,Frontal,STL_IMF,0.14149354475592854,0.2047983920746362,82
subject_581,40,Frontal,STR_IMF,0.16062145900013056,0.14943274204904133,82
subject_581,40,Frontal,UTL_IMF,0.21277404570646055,0.0549577405083399,82
subject_581,40,Frontal,UTR_IMF,0.09749132379663465,0.3835649044391008,82
subject_581,40,Horizontal,MTL_IMF,,,82
subject_581,40,Horizontal,MTR_IMF,,,82
subject_581,40,Horizontal,SCML_IMF,,,82
subject_581,40,Horizontal,SCMR_IMF,,,82
subject_581,40,Horizontal,STL_IMF,,,82
subject_581,40,Horizontal,STR_IMF,,,82
subject_581,40,Horizontal,UTL_IMF,,,82
subject_581,40,Horizontal,UTR_IMF,,,82
subject_581,50,Sagittal,MTL_IMF,-0.032856424340724284,0.7694922801798949,82
subject_581,50,Sagittal,MTR_IMF,0.15889486714728907,0.1539142042993934,82
subject_581,50,Sagittal,SCML_IMF,-0.1121968346023299,0.315590159293765,82
subject_581,50,Sagittal,SCMR_IMF,0.1571636302603911,0.158507594490504,82
subject_581,50,Sagittal,STL_IMF,-0.1732382325086589,0.11960125321554116,82
subject_581,50,Sagittal,STR_IMF,0.1692766076807053,0.12842878251287784,82
subject_581,50,Sagittal,UTL_IMF,0.021416772126848876,0.8485399368726018,82
subject_581,50,Sagittal,UTR_IMF,0.05676587856081528,0.612467648045663,82
subject_581,50,Frontal,MTL_IMF,,,82
subject_581,50,Frontal,MTR_IMF,,,82
subject_581,50,Frontal,SCML_IMF,,,82
subject_581,50,Frontal,SCMR_IMF,,,82
subject_581,50,Frontal,STL_IMF,,,82
subject_581,50,Frontal,STR_IMF,,,82
subject_581,50,Frontal,UTL_IMF,,,82
subject_581,50,Frontal,UTR_IMF,,,82
subject_581,50,Horizontal,MTL_IMF,,,82
subject_581,50,Horizontal,MTR_IMF,,,82
subject_581,50,Horizontal,SCML_IMF,,,82
subject_581,50,Horizontal,SCMR_IMF,,,82
subject_581,50,Horizontal,STL_IMF,,,82
subject_581,50,Horizontal,STR_IMF,,,82
subject_581,50,Horizontal,UTL_IMF,,,82
subject_581,50,Horizontal,UTR_IMF,,,82
subject_581,60,Sagittal,MTL_IMF,-0.09495554121590082,0.39611605243061243,82
subject_581,60,Sagittal,MTR_IMF,-0.024834662976553634,0.8247271780513705,82
subject_581,60,Sagittal,SCML_IMF,0.019552537021004585,0.8615870682080049,82
subject_581,60,Sagittal,SCMR_IMF,0.07194014617816658,0.52069284544308,82
subject_581,60,Sagittal,STL_IMF,0.03855474506986882,0.7309243628122063,82
subject_581,60,Sagittal,STR_IMF,0.0139168053442015,0.9012413736899338,82
subject_581,60,Sagittal,UTL_IMF,-0.14579846977043046,0.19121643279211523,82
subject_581,60,Sagittal,UTR_IMF,0.00258314190383857,0.9816245275741702,82
subject_581,60,Frontal,MTL_IMF,,,82
subject_581,60,Frontal,MTR_IMF,,,82
subject_581,60,Frontal,SCML_IMF,,,82
subject_581,60,Frontal,SCMR_IMF,,,82
subject_581,60,Frontal,STL_IMF,,,82
subject_581,60,Frontal,STR_IMF,,,82
subject_581,60,Frontal,UTL_IMF,,,82
subject_581,60,Frontal,UTR_IMF,,,82
subject_581,60,Horizontal,MTL_IMF,,,82
subject_581,60,Horizontal,MTR_IMF,,,82
subject_581,60,Horizontal,SCML_IMF,,,82
subject_581,60,Horizontal,SCMR_IMF,,,82
subject_581,60,Horizontal,STL_IMF,,,82
subject_581,60,Horizontal,STR_IMF,,,82
subject_581,60,Horizontal,UTL_IMF,,,82
subject_581,60,Horizontal,UTR_IMF,,,82
subject_581,70,Sagittal,MTL_IMF,-0.21875746835204607,0.04832407033196847,82
subject_581,70,Sagittal,MTR_IMF,-0.08440597780548958,0.4508842946818853,82
subject_581,70,Sagittal,SCML_IMF,0.2132190239927609,0.05444003892889323,82
subject_581,70,Sagittal,SCMR_IMF,-0.02248375400184975,0.8410905465805121,82
subject_581,70,Sagittal,STL_IMF,0.20508702297442574,0.06455448847275716,82
subject_581,70,Sagittal,STR_IMF,0.003883175003109252,0.9723796132146799,82
subject_581,70,Sagittal,UTL_IMF,-0.12922101174034173,0.24725574598391786,82
subject_581,70,Sagittal,UTR_IMF,-0.046009629760336825,0.6814712863162082,82
subject_581,70,Frontal,MTL_IMF,-0.20560825198661145,0.06386353638115977,82
subject_581,70,Frontal,MTR_IMF,-0.15203131993793387,0.17272254098933515,82
subject_581,70,Frontal,SCML_IMF,0.10188669233596893,0.3623836483819761,82
subject_581,70,Frontal,SCMR_IMF,0.016705100922697145,0.8815858368672429,82
subject_581,70,Frontal,STL_IMF,0.13706394783831963,0.21947800913816157,82
subject_581,70,Frontal,STR_IMF,-0.05179229957159761,0.6440027749794656,82
subject_581,70,Frontal,UTL_IMF,0.2591789761276476,0.018709697240643638,82
subject_581,70,Frontal,UTR_IMF,0.2038144392697667,0.06626690141781082,82
subject_581,70,Horizontal,MTL_IMF,,,82
subject_581,70,Horizontal,MTR_IMF,,,82
subject_581,70,Horizontal,SCML_IMF,,,82
subject_581,70,Horizontal,SCMR_IMF,,,82
subject_581,70,Horizontal,STL_IMF,,,82
subject_581,70,Horizontal,STR_IMF,,,82
subject_581,70,Horizontal,UTL_IMF,,,82
subject_581,70,Horizontal,UTR_IMF,,,82
subject_581,80,Sagittal,MTL_IMF,-0.10285832028393983,0.35780028897822974,82
subject_581,80,Sagittal,MTR_IMF,0.07426526581121219,0.5072710087144209,82
subject_581,80,Sagittal,SCML_IMF,0.2620987965438275,0.017373140052490965,82
subject_581,80,Sagittal,SCMR_IMF,-0.0029682902841371996,0.9788853178194598,82
subject_581,80,Sagittal,STL_IMF,0.0687574620777059,0.5393515537572987,82
subject_581,80,Sagittal,STR_IMF,-0.05242243678505952,0.6399708562174606,82
subject_581,80,Sagittal,UTL_IMF,0.08675595006398905,0.438333280049674,82
subject_581,80,Sagittal,UTR_IMF,0.10055803214440863,0.3687092995035537,82
subject_581,80,Frontal,MTL_IMF,-0.08725713496849734,0.4356822242709453,82
subject_581,80,Frontal,MTR_IMF,0.0355377808956936,0.751267838226785,82
subject_581,80,Frontal,SCML_IMF,0.07106588856724229,0.5257855512610504,82
subject_581,80,Frontal,SCMR_IMF,-0.28016860111544545,0.010791991206649981,82
subject_581,80,Frontal,STL_IMF,0.18642190957326682,0.09355391981430838,82
subject_581,80,Frontal,STR_IMF,-0.14863924904056403,0.1826175087993189,82
subject_581,80,Frontal,UTL_IMF,0.2930164032797941,0.0075501203479402075,82
subject_581,80,Frontal,UTR_IMF,0.04199416540422364,0.7079574261667343,82
subject_581,80,Horizontal,MTL_IMF,,,82
subject_581,80,Horizontal,MTR_IMF,,,82
subject_581,80,Horizontal,SCML_IMF,,,82
subject_581,80,Horizontal,SCMR_IMF,,,82
subject_581,80,Horizontal,STL_IMF,,,82
subject_581,80,Horizontal,STR_IMF,,,82
subject_581,80,Horizontal,UTL_IMF,,,82
subject_581,80,Horizontal,UTR_IMF,,,82
subject_581,90,Sagittal,MTL_IMF,0.023388268968903905,0.834786345164654,82
subject_581,90,Sagittal,MTR_IMF,-0.02520195595492921,0.822177204911389,82
subject_581,90,Sagittal,SCML_IMF,0.16341339836394575,0.14239386718850083,82
subject_581,90,Sagittal,SCMR_IMF,0.027215938197103464,0.8082283158445144,82
subject_581,90,Sagittal,STL_IMF,0.04817974109580274,0.6673134504890625,82
subject_581,90,Sagittal,STR_IMF,-0.08199733996225622,0.46395315820827737,82
subject_581,90,Sagittal,UTL_IMF,-0.19465508616022015,0.07970147959821422,82
subject_581,90,Sagittal,UTR_IMF,0.1764023820723711,0.11289184284392932,82
subject_581,90,Frontal,MTL_IMF,0.04428227112936829,0.692820098039288,82
subject_581,90,Frontal,MTR_IMF,0.12084175667602993,0.27950217085385215,82
subject_581,90,Frontal,SCML_IMF,-0.18421163204908975,0.09757823414281483,82
subject_581,90,Frontal,SCMR_IMF,-0.2897010475376799,0.008291808061612251,82
subject_581,90,Frontal,STL_IMF,0.08620003793483849,0.44128443391365635,82
subject_581,90,Frontal,STR_IMF,-0.05383980014444303,0.6309400570595897,82
subject_581,90,Frontal,UTL_IMF,0.1952282432071126,0.07880158702017791,82
subject_581,90,Frontal,UTR_IMF,-0.1543617803772342,0.16615612615378236,82
subject_581,90,Horizontal,MTL_IMF,,,82
subject_581,90,Horizontal,MTR_IMF,,,82
subject_581,90,Horizontal,SCML_IMF,,,82
subject_581,90,Horizontal,SCMR_IMF,,,82
subject_581,90,Horizontal,STL_IMF,,,82
subject_581,90,Horizontal,STR_IMF,,,82
subject_581,90,Horizontal,UTL_IMF,,,82
subject_581,90,Horizontal,UTR_IMF,,,82
subject_582,10,Sagittal,MTL_IMF,-0.06325446606990079,0.49249052615545036,120
subject_582,10,Sagittal,MTR_IMF,-0.05514902035650293,0.5496668241791108,120
subject_582,10,Sagittal,SCML_IMF,-0.07853751016986736,0.3938543702470593,120
subject_582,10,Sagittal,SCMR_IMF,-0.1390952307493325,0.12973727290974993,120
subject_582,10,Sagittal,STL_IMF,0.10809923952105312,0.23990647102794532,120
subject_582,10,Sagittal,STR_IMF,0.036221849365492484,0.6944921426672843,120
subject_582,10,Sagittal,UTR_IMF,0.19024524904286286,0.03740948558968495,120
subject_582,10,Frontal,MTL_IMF,-0.007709411145315228,0.9333986011814923,120
subject_582,10,Frontal,MTR_IMF,0.08068691950855988,0.3809980017652141,120
subject_582,10,Frontal,SCML_IMF,-0.036961628411773625,0.6885722700858125,120
subject_582,10,Frontal,SCMR_IMF,0.039527790183063745,0.6681847930168496,120
subject_582,10,Frontal,STL_IMF,0.012836463350612334,0.8893313706472811,120
subject_582,10,Frontal,STR_IMF,-0.07702520547466159,0.4030534316894355,120
subject_582,10,Frontal,UTR_IMF,-0.013351267677980432,0.8849229443608825,120
subject_582,10,Horizontal,MTL_IMF,0.09597593690093022,0.2970554776505575,120
subject_582,10,Horizontal,MTR_IMF,0.16183191374355357,0.07741533725861904,120
subject_582,10,Horizontal,SCML_IMF,-0.008458499926588765,0.9269443343526891,120
subject_582,10,Horizontal,SCMR_IMF,0.04041220117613581,0.6612130803362963,120
subject_582,10,Horizontal,STL_IMF,0.12314276828711469,0.18026228377290993,120
subject_582,10,Horizontal,STR_IMF,0.07520796433543885,0.4142738211940268,120
subject_582,10,Horizontal,UTR_IMF,-0.18990341071490152,0.037759349486524,120
subject_582,20,Sagittal,MTL_IMF,-0.16828040899256805,0.06733743466450152,119
subject_582,20,Sagittal,MTR_IMF,0.03289255423899897,0.7224966097897343,119
subject_582,20,Sagittal,SCML_IMF,0.0036968577047926127,0.9681709256864575,119
subject_582,20,Sagittal,SCMR_IMF,-0.10282191283093538,0.2658082962391038,119
subject_582,20,Sagittal,STL_IMF,-0.01273782123700354,0.8906418374744586,119
subject_582,20,Sagittal,STR_IMF,-0.0938798987228733,0.30984663142810737,119
subject_582,20,Sagittal,UTR_IMF,-0.09650187004704934,0.29646762899245327,119
subject_582,20,Frontal,MTL_IMF,0.07111658733850804,0.4421453467749476,119
subject_582,20,Frontal,MTR_IMF,0.0456443773605163,0.6220672128849605,119
subject_582,20,Frontal,SCML_IMF,-0.15549019345039333,0.09129989673121908,119
subject_582,20,Frontal,SCMR_IMF,0.036190586825805705,0.6959793855836904,119
subject_582,20,Frontal,STL_IMF,-0.004022172471551565,0.9653717084715759,119
subject_582,20,Frontal,STR_IMF,-0.07642100452888488,0.40876767961775695,119
subject_582,20,Frontal,UTR_IMF,0.11533023825781452,0.2116661615145881,119
subject_582,20,Horizontal,MTL_IMF,0.008547254783012576,0.9264938141595018,119
subject_582,20,Horizontal,MTR_IMF,0.16553172347766776,0.07200116874369633,119
subject_582,20,Horizontal,SCML_IMF,-0.03964258327031457,0.6686123721818992,119
subject_582,20,Horizontal,SCMR_IMF,0.06525581446825172,0.4807510802850121,119
subject_582,20,Horizontal,STL_IMF,0.035381073354658975,0.702455697315102,119
subject_582,20,Horizontal,STR_IMF,0.07503200877310967,0.4173615880397353,119
subject_582,20,Horizontal,UTR_IMF,-0.1519314423829681,0.09905085357707964,119
subject_582,30,Sagittal,MTL_IMF,-0.03615082161267518,0.6962970113089232,119
subject_582,30,Sagittal,MTR_IMF,0.03377510776957746,0.7153667364570234,119
subject_582,30,Sagittal,SCML_IMF,-0.16593830894245443,0.07129529105788335,119
subject_582,30,Sagittal,SCMR_IMF,-0.2196521755957712,0.016385200348460017,119
subject_582,30,Sagittal,STL_IMF,0.02315034082909111,0.802658302235866,119
subject_582,30,Sagittal,STR_IMF,0.004708938492901981,0.9594637569522636,119
subject_582,30,Sagittal,UTR_IMF,-0.20088641252088454,0.028476119905153092,119
subject_582,30,Frontal,MTL_IMF,,,119
subject_582,30,Frontal,MTR_IMF,,,119
subject_582,30,Frontal,SCML_IMF,,,119
subject_582,30,Frontal,SCMR_IMF,,,119
subject_582,30,Frontal,STL_IMF,,,119
subject_582,30,Frontal,STR_IMF,,,119
subject_582,30,Frontal,UTR_IMF,,,119
subject_582,30,Horizontal,MTL_IMF,-0.06824458825710591,0.46084088366096904,119
subject_582,30,Horizontal,MTR_IMF,-0.01457883769378411,0.8749563925846232,119
subject_582,30,Horizontal,SCML_IMF,-0.16330614164956272,0.07596575245928175,119
subject_582,30,Horizontal,SCMR_IMF,-0.02236055172842942,0.8092603834665765,119
subject_582,30,Horizontal,STL_IMF,0.01404545197841718,0.8794961235275445,119
subject_582,30,Horizontal,STR_IMF,0.1446282546156472,0.11657393642196497,119
subject_582,30,Horizontal,UTR_IMF,-0.07282411495024127,0.43123631545819074,119
subject_582,40,Sagittal,MTL_IMF,-0.03928664526171892,0.6714149402767786,119
subject_582,40,Sagittal,MTR_IMF,-0.006287223067918515,0.9458953055139642,119
subject_582,40,Sagittal,SCML_IMF,0.022367657265659403,0.8092009256403412,119
subject_582,40,Sagittal,SCMR_IMF,0.1694420397805918,0.06544169653565088,119
subject_582,40,Sagittal,STL_IMF,0.22561652170607277,0.013621058379508931,119
subject_582,40,Sagittal,STR_IMF,0.07654154503867672,0.40802681527204326,119
subject_582,40,Sagittal,UTR_IMF,0.1718980191812326,0.0615765352995892,119
subject_582,40,Frontal,MTL_IMF,,,119
subject_582,40,Frontal,MTR_IMF,,,119
subject_582,40,Frontal,SCML_IMF,,,119
subject_582,40,Frontal,SCMR_IMF,,,119
subject_582,40,Frontal,STL_IMF,,,119
subject_582,40,Frontal,STR_IMF,,,119
subject_582,40,Frontal,UTR_IMF,,,119
subject_582,40,Horizontal,MTL_IMF,-0.07281117835048241,0.4313183811155686,119
subject_582,40,Horizontal,MTR_IMF,-0.08907293703772834,0.33538132875787313,119
subject_582,40,Horizontal,SCML_IMF,-0.18293767632104263,0.046438180449023855,119
subject_582,40,Horizontal,SCMR_IMF,0.035787153816794474,0.6992042509134239,119
subject_582,40,Horizontal,STL_IMF,0.00727203849123953,0.9374364805858535,119
subject_582,40,Horizontal,STR_IMF,0.19753637527879744,0.03128820008647174,119
subject_582,40,Horizontal,UTR_IMF,-0.0072736077351894446,0.9374230072670011,119
subject_582,50,Sagittal,MTL_IMF,0.04135249628363111,0.6552129762233161,119
subject_582,50,Sagittal,MTR_IMF,-0.023055543316367087,0.8034500187852073,119
subject_582,50,Sagittal,SCML_IMF,0.04446208601329264,0.6311263723883676,119
subject_582,50,Sagittal,SCMR_IMF,0.21181189528926328,0.020749618655011185,119
subject_582,50,Sagittal,STL_IMF,0.25543689204632986,0.005051281741517706,119
subject_582,50,Sagittal,STR_IMF,0.09461790008773803,0.30604168045498287,119
subject_582,50,Sagittal,UTR_IMF,0.16405060333172897,0.0746204758477362,119
subject_582,50,Frontal,MTL_IMF,,,119
subject_582,50,Frontal,MTR_IMF,,,119
subject_582,50,Frontal,SCML_IMF,,,119
subject_582,50,Frontal,SCMR_IMF,,,119
subject_582,50,Frontal,STL_IMF,,,119
subject_582,50,Frontal,STR_IMF,,,119
subject_582,50,Frontal,UTR_IMF,,,119
subject_582,50,Horizontal,MTL_IMF,-0.1960111788409152,0.03264438971571197,119
subject_582,50,Horizontal,MTR_IMF,-0.055471518698293074,0.5490413873571468,119
subject_582,50,Horizontal,SCML_IMF,-0.08391591637622717,0.3642197259682105,119
subject_582,50,Horizontal,SCMR_IMF,0.07437296142573853,0.4214757001227978,119
subject_582,50,Horizontal,STL_IMF,-0.12923880778364966,0.1612649175203095,119
subject_582,50,Horizontal,STR_IMF,-0.015107693844063626,0.8704592202551638,119
subject_582,50,Horizontal,UTR_IMF,0.07444036430756987,0.42105386186850263,119
subject_582,60,Sagittal,MTL_IMF,-0.01322401538609496,0.8860123226809651,120
subject_582,60,Sagittal,MTR_IMF,-0.0674651166139448,0.46408156985315235,120
subject_582,60,Sagittal,SCML_IMF,0.013208786886279161,0.8861427047413092,120
subject_582,60,Sagittal,SCMR_IMF,0.08542603527970806,0.35356442233829893,120
subject_582,60,Sagittal,STL_IMF,0.20328503461049569,0.02595572173958755,120
subject_582,60,Sagittal,STR_IMF,0.09328805153877942,0.31085240739828596,120
subject_582,60,Sagittal,UTR_IMF,0.18583901426075258,0.04213394818066214,120
subject_582,60,Frontal,MTL_IMF,0.10472189024189617,0.2549967071152898,120
subject_582,60,Frontal,MTR_IMF,0.06760091251891748,0.46318061130625476,120
subject_582,60,Frontal,SCML_IMF,0.07811995427048266,0.3963816574273643,120
subject_582,60,Frontal,SCMR_IMF,0.15751469095686751,0.08576572413223456,120
subject_582,60,Frontal,STL_IMF,-0.13507573813716853,0.14130650986047683,120
subject_582,60,Frontal,STR_IMF,-0.14435091363080318,0.11572251243806074,120
subject_582,60,Frontal,UTR_IMF,-0.01192348737707557,0.8971576927909016,120
subject_582,60,Horizontal,MTL_IMF,-0.24121050152960452,0.007954871147286557,120
subject_582,60,Horizontal,MTR_IMF,-0.060817065033600064,0.5093465589943329,120
subject_582,60,Horizontal,SCML_IMF,-0.06316717668442647,0.49308904122913016,120
subject_582,60,Horizontal,SCMR_IMF,-0.06625302930380877,0.47216586817353656,120
subject_582,60,Horizontal,STL_IMF,-0.008630731261783462,0.9254610174896271,120
subject_582,60,Horizontal,STR_IMF,-0.06179829279391018,0.5025251390315534,120
subject_582,60,Horizontal,UTR_IMF,0.06493054433809489,0.4810731563750398,120
subject_582,70,Sagittal,MTL_IMF,-0.022577247148775983,0.8074476065383669,119
subject_582,70,Sagittal,MTR_IMF,0.027794673451232446,0.7641301254551545,119
subject_582,70,Sagittal,SCML_IMF,0.016612317079516947,0.8576876003391493,119
subject_582,70,Sagittal,SCMR_IMF,-0.04142077538589852,0.6546801533269265,119
subject_582,70,Sagittal,STL_IMF,0.028773883074887187,0.7560764647453886,119
subject_582,70,Sagittal,STR_IMF,-0.0672390180734919,0.4674883731331239,119
subject_582,70,Sagittal,UTR_IMF,0.050143468578855384,0.5881162997325534,119
subject_582,70,Frontal,MTL_IMF,0.039064447695733195,0.6731667615118224,119
subject_582,70,Frontal,MTR_IMF,0.13492982179040353,0.14344722178986385,119
subject_582,70,Frontal,SCML_IMF,0.07929957891702201,0.39129212836271465,119
subject_582,70,Frontal,SCMR_IMF,0.0,1.0,119
subject_582,70,Frontal,STL_IMF,-0.23555911262803253,0.009910958179900564,119
subject_582,70,Frontal,STR_IMF,0.02563737062653305,0.7819611890908738,119
subject_582,70,Frontal,UTR_IMF,0.06778882421184329,0.4638473051091378,119
subject_582,70,Horizontal,MTL_IMF,-0.2848947746167414,0.0016873043902501017,119
subject_582,70,Horizontal,MTR_IMF,-0.006524027944244569,0.9438607437486244,119
subject_582,70,Horizontal,SCML_IMF,-0.1431396675409905,0.12042406770403206,119
subject_582,70,Horizontal,SCMR_IMF,0.055032147338648744,0.5522152378301424,119
subject_582,70,Horizontal,STL_IMF,0.026344751692245507,0.7761013947906301,119
subject_582,70,Horizontal,STR_IMF,0.047745826105227034,0.6061044586396424,119
subject_582,70,Horizontal,UTR_IMF,-0.03837183673705284,0.6786385610337545,119
subject_582,80,Sagittal,MTL_IMF,0.06461318971773486,0.48509163782029546,119
subject_582,80,Sagittal,MTR_IMF,-0.14946934666214218,0.10471017086261987,119
subject_582,80,Sagittal,SCML_IMF,-0.1584888342130449,0.0851495013528411,119
subject_582,80,Sagittal,SCMR_IMF,-0.1722925407243531,0.060973399768852514,119
subject_582,80,Sagittal,STL_IMF,0.031129585233737433,0.7368099799774914,119
subject_582,80,Sagittal,STR_IMF,-0.03654099733835381,0.6931827529298576,119
subject_582,80,Sagittal,UTR_IMF,-0.21010540530434865,0.0218221443982637,119
subject_582,80,Frontal,MTL_IMF,-0.040301717386135534,0.6634345552800072,119
subject_582,80,Frontal,MTR_IMF,0.22591580826114815,0.013493772466601491,119
subject_582,80,Frontal,SCML_IMF,0.1889468625350115,0.03959140518764453,119
subject_582,80,Frontal,SCMR_IMF,0.11168844321591385,0.2265459046450675,119
subject_582,80,Frontal,STL_IMF,-0.1718335838057231,0.061675504237724325,119
subject_582,80,Frontal,STR_IMF,0.05840188322767469,0.528103631934569,119
subject_582,80,Frontal,UTR_IMF,0.14612319144488412,0.1128041333843174,119
subject_582,80,Horizontal,MTL_IMF,-0.11520660494391555,0.21215958437317056,119
subject_582,80,Horizontal,MTR_IMF,-0.14297334579709797,0.1208602796586524,119
subject_582,80,Horizontal,SCML_IMF,-0.18666756105401486,0.04208160599892957,119
subject_582,80,Horizontal,SCMR_IMF,0.0350427193464976,0.7051689784349132,119
subject_582,80,Horizontal,STL_IMF,0.03504378179914284,0.7051604527457772,119
subject_582,80,Horizontal,STR_IMF,0.14369879195726895,0.1189665675764297,119
subject_582,80,Horizontal,UTR_IMF,-0.055163221842552526,0.5512674759092049,119
subject_582,90,Sagittal,MTL_IMF,-0.29549174104129317,0.0011040146095783162,119
subject_582,90,Sagittal,MTR_IMF,-0.08740498977341797,0.34454546317818846,119
subject_582,90,Sagittal,SCML_IMF,-0.25232998954953784,0.005631711208229692,119
subject_582,90,Sagittal,SCMR_IMF,-0.3193067853646077,0.00040075435378259953,119
subject_582,90,Sagittal,STL_IMF,0.05519118064028769,0.5510654161138189,119
subject_582,90,Sagittal,STR_IMF,-0.021252597564236687,0.8185446319361774,119
subject_582,90,Sagittal,UTR_IMF,-0.28603601968595116,0.0016132039513749156,119
subject_582,90,Frontal,MTL_IMF,0.2531004929332564,0.005482482845304675,119
subject_582,90,Frontal,MTR_IMF,0.12870040341594183,0.16303241516773812,119
subject_582,90,Frontal,SCML_IMF,0.35404625604742396,7.809991235472748e-05,119
subject_582,90,Frontal,SCMR_IMF,0.4113258100960726,3.3668688151111264e-06,119
subject_582,90,Frontal,STL_IMF,-0.05769059825001188,0.5331486921868865,119
subject_582,90,Frontal,STR_IMF,-0.019001101856215775,0.837487605177138,119
subject_582,90,Frontal,UTR_IMF,0.10698594660455595,0.2468284210260073,119
subject_582,90,Horizontal,MTL_IMF,-0.018132211718548903,0.8448235921946551,119
subject_582,90,Horizontal,MTR_IMF,-0.08584311973796334,0.3532683460118227,119
subject_582,90,Horizontal,SCML_IMF,-0.19903316626138567,0.03000396735330748,119
subject_582,90,Horizontal,SCMR_IMF,-0.15634009930350015,0.0895219358810939,119
subject_582,90,Horizontal,STL_IMF,-0.11645462642570839,0.20721625850196346,119
subject_582,90,Horizontal,STR_IMF,0.15803188382315672,0.0860647801375954,119
subject_582,90,Horizontal,UTR_IMF,0.04664205142664094,0.6144663079380509,119
subject_583,10,Sagittal,MTL_IMF,-0.13411482572093522,0.13277368783616939,127
subject_583,10,Sagittal,MTR_IMF,-0.24693133968961917,0.005130287177546771,127
subject_583,10,Sagittal,SCML_IMF,-0.08011673621995347,0.37058230722276775,127
subject_583,10,Sagittal,SCMR_IMF,-0.06567262036332193,0.4632122572396289,127
subject_583,10,Sagittal,STL_IMF,-0.03203465141458573,0.7206916929496388,127
subject_583,10,Sagittal,STR_IMF,-0.007671788741102078,0.9317819396664458,127
subject_583,10,Sagittal,UTL_IMF,-0.2599210423242414,0.0031664850112737316,127
subject_583,10,Sagittal,UTR_IMF,-0.14283159787195146,0.10916885237375122,127
subject_583,10,Frontal,MTL_IMF,0.046839008403077545,0.6010320685304268,127
subject_583,10,Frontal,MTR_IMF,0.05749718885969035,0.5208178154585607,127
subject_583,10,Frontal,SCML_IMF,0.04452265055766562,0.6191675899955303,127
subject_583,10,Frontal,SCMR_IMF,-0.1402592948384273,0.11576541085014887,127
subject_583,10,Frontal,STL_IMF,0.19773716901633476,0.02585366690509454,127
subject_583,10,Frontal,STR_IMF,0.08858639695621506,0.3219806043826127,127
subject_583,10,Frontal,UTL_IMF,0.07025692912656184,0.43251363339287546,127
subject_583,10,Frontal,UTR_IMF,0.020699506353362755,0.8173226549829354,127
subject_583,10,Horizontal,MTL_IMF,0.15361225053250388,0.08466178066627102,127
subject_583,10,Horizontal,MTR_IMF,-0.08785092478750223,0.3260302319158196,127
subject_583,10,Horizontal,SCML_IMF,0.11492043609238108,0.19825134325650234,127
subject_583,10,Horizontal,SCMR_IMF,0.18909078378128377,0.033244135492293124,127
subject_583,10,Horizontal,STL_IMF,0.1580888623363452,0.07587538157484468,127
subject_583,10,Horizontal,STR_IMF,0.0011057356109109007,0.9901561066550787,127
subject_583,10,Horizontal,UTL_IMF,-0.3026917178379176,0.0005422935667543493,127
subject_583,10,Horizontal,UTR_IMF,0.14376800480894011,0.10684173973661548,127
subject_583,20,Sagittal,MTL_IMF,-0.0792622944084873,0.37764755941987344,126
subject_583,20,Sagittal,MTR_IMF,-0.10839673099715814,0.22697516477347707,126
subject_583,20,Sagittal,SCML_IMF,0.1943142659442833,0.02923819422939185,126
subject_583,20,Sagittal,SCMR_IMF,-0.002845225157296195,0.9747756213227493,126
subject_583,20,Sagittal,STL_IMF,0.03611176766055759,0.6880927200503074,126
subject_583,20,Sagittal,STR_IMF,-0.025837813209102754,0.7739697535539933,126
subject_583,20,Sagittal,UTL_IMF,0.0039366920053361554,0.9651044601654882,126
subject_583,20,Sagittal,UTR_IMF,-0.021678204746084367,0.8096013039887744,126
subject_583,20,Frontal,MTL_IMF,-0.0013826092330249896,0.987740919634626,126
subject_583,20,Frontal,MTR_IMF,0.013366851180532819,0.881905725410544,126
subject_583,20,Frontal,SCML_IMF,0.06862749041422643,0.44512644220054415,126
subject_583,20,Frontal,SCMR_IMF,0.14257850937499156,0.11124155635896142,126
subject_583,20,Frontal,STL_IMF,0.16284497067925582,0.0684710651615995,126
subject_583,20,Frontal,STR_IMF,0.08342043509458759,0.35305507237672257,126
subject_583,20,Frontal,UTL_IMF,0.3447949367853918,7.695641824186805e-05,126
subject_583,20,Frontal,UTR_IMF,0.13227876903483202,0.13980330511701075,126
subject_583,20,Horizontal,MTL_IMF,-0.09481066550335093,0.29095838680702013,126
subject_583,20,Horizontal,MTR_IMF,-0.0751189003564046,0.403162778913797,126
subject_583,20,Horizontal,SCML_IMF,0.1501273960564482,0.09336574763136672,126
subject_583,20,Horizontal,SCMR_IMF,-0.05538526043132212,0.537910946483271,126
subject_583,20,Horizontal,STL_IMF,-0.14522962343944346,0.10468218206734217,126
subject_583,20,Horizontal,STR_IMF,-0.07634381125222953,0.3955155569184261,126
subject_583,20,Horizontal,UTL_IMF,-0.11683983610658609,0.19260191898205373,126
subject_583,20,Horizontal,UTR_IMF,0.0344789912496071,0.7015102855262049,126
subject_583,30,Sagittal,MTL_IMF,-0.20692195733054186,0.02008456419969934,126
subject_583,30,Sagittal,MTR_IMF,-0.20427902457323951,0.021766138204951598,126
subject_583,30,Sagittal,SCML_IMF,0.08428658026946453,0.3480612636252512,126
subject_583,30,Sagittal,SCMR_IMF,-0.005090528406809664,0.9548862011722403,126
subject_583,30,Sagittal,STL_IMF,0.2681174553096658,0.002402206972076769,126
subject_583,30,Sagittal,STR_IMF,-0.03143485072579844,0.7267702127844974,126
subject_583,30,Sagittal,UTL_IMF,0.04111062048923024,0.647628051235054,126
subject_583,30,Sagittal,UTR_IMF,0.056109613658709166,0.5325988532906604,126
subject_583,30,Frontal,MTL_IMF,0.0374012772590271,0.6775638718026501,126
subject_583,30,Frontal,MTR_IMF,0.026302478612259747,0.7700169633091116,126
subject_583,30,Frontal,SCML_IMF,0.1473690498513326,0.09961329394953078,126
subject_583,30,Frontal,SCMR_IMF,0.011058228012545836,0.9021902738379793,126
subject_583,30,Frontal,STL_IMF,-2.5633368825796398e-05,0.9997727096484024,126
subject_583,30,Frontal,STR_IMF,-0.1774191868946127,0.046869867203250676,126
subject_583,30,Frontal,UTL_IMF,0.07155707274463183,0.425891123206693,126
subject_583,30,Frontal,UTR_IMF,0.11542809065239956,0.19806960451762262,126
subject_583,30,Horizontal,MTL_IMF,-0.10218221964714222,0.25489324014961084,126
subject_583,30,Horizontal,MTR_IMF,-0.10221849841454674,0.25472370242418685,126
subject_583,30,Horizontal,SCML_IMF,0.15016981321183348,0.09327215735334408,126
subject_583,30,Horizontal,SCMR_IMF,0.013536930821520654,0.8804141907709271,126
subject_583,30,Horizontal,STL_IMF,-0.12184500944456424,0.17410037243841375,126
subject_583,30,Horizontal,STR_IMF,-0.05293085281628627,0.5561035876149157,126
subject_583,30,Horizontal,UTL_IMF,-0.09596867355379034,0.2850790489607744,126
subject_583,30,Horizontal,UTR_IMF,0.06159770992184562,0.4932223426888016,126
subject_583,40,Sagittal,MTL_IMF,-0.14107892534764682,0.11509123797546743,126
subject_583,40,Sagittal,MTR_IMF,-0.08589549915193262,0.33890335513528386,126
subject_583,40,Sagittal,SCML_IMF,-0.03814108390798251,0.6715511587028266,126
subject_583,40,Sagittal,SCMR_IMF,-0.1547291121153265,0.0836383573928207,126
subject_583,40,Sagittal,STL_IMF,0.12673377182650616,0.15732841711495024,126
subject_583,40,Sagittal,STR_IMF,0.018302093897075062,0.8388145346009185,126
subject_583,40,Sagittal,UTL_IMF,-0.1152541848345921,0.19875082269098282,126
subject_583,40,Sagittal,UTR_IMF,0.09076725468491598,0.3121150354020848,126
subject_583,40,Frontal,MTL_IMF,-0.07109740637702525,0.4288771520301868,126
subject_583,40,Frontal,MTR_IMF,0.04801154453228743,0.5934347941953779,126
subject_583,40,Frontal,SCML_IMF,0.03933427056148376,0.6618973825018301,126
subject_583,40,Frontal,SCMR_IMF,-0.05496587130049004,0.5409985292263713,126
subject_583,40,Frontal,STL_IMF,0.024488527279754375,0.7854803006203023,126
subject_583,40,Frontal,STR_IMF,-0.05778373801138697,0.5204227527695415,126
subject_583,40,Frontal,UTL_IMF,0.01130321616333018,0.90003447447113,126
subject_583,40,Frontal,UTR_IMF,0.14547219476484166,0.1040974924467172,126
subject_583,40,Horizontal,MTL_IMF,,,126
subject_583,40,Horizontal,MTR_IMF,,,126
subject_583,40,Horizontal,SCML_IMF,,,126
subject_583,40,Horizontal,SCMR_IMF,,,126
subject_583,40,Horizontal,STL_IMF,,,126
subject_583,40,Horizontal,STR_IMF,,,126
subject_583,40,Horizontal,UTL_IMF,,,126
subject_583,40,Horizontal,UTR_IMF,,,126
subject_583,50,Sagittal,MTL_IMF,0.14525196298690493,0.10462822776551216,126
subject_583,50,Sagittal,MTR_IMF,-0.058103765948406265,0.5181113947055442,126
subject_583,50,Sagittal,SCML_IMF,0.09354647819582958,0.29746815520022973,126
subject_583,50,Sagittal,SCMR_IMF,-0.029980289443521917,0.7389463823226817,126
subject_583,50,Sagittal,STL_IMF,0.1469877547153808,0.10050224003559292,126
subject_583,50,Sagittal,STR_IMF,-0.06573368530783165,0.46459802002642747,126
subject_583,50,Sagittal,UTL_IMF,0.16190624880082272,0.07010209068867924,126
subject_583,50,Sagittal,UTR_IMF,0.06002132295059026,0.504372772874556,126
subject_583,50,Frontal,MTL_IMF,-0.05417927898835097,0.5468129834558578,126
subject_583,50,Frontal,MTR_IMF,0.016611818675676772,0.8535258712561977,126
subject_583,50,Frontal,SCML_IMF,0.12225177357824271,0.1726564946991887,126
subject_583,50,Frontal,SCMR_IMF,0.00786042298833349,0.9303893181233447,126
subject_583,50,Frontal,STL_IMF,-0.04108151654573858,0.6478608321675933,126
subject_583,50,Frontal,STR_IMF,0.0,1.0,126
subject_583,50,Frontal,UTL_IMF,-0.07685643071630277,0.392341105132631,126
subject_583,50,Frontal,UTR_IMF,0.11190278161698596,0.21221080882737173,126
subject_583,50,Horizontal,MTL_IMF,,,126
subject_583,50,Horizontal,MTR_IMF,,,126
subject_583,50,Horizontal,SCML_IMF,,,126
subject_583,50,Horizontal,SCMR_IMF,,,126
subject_583,50,Horizontal,STL_IMF,,,126
subject_583,50,Horizontal,STR_IMF,,,126
subject_583,50,Horizontal,UTL_IMF,,,126
subject_583,50,Horizontal,UTR_IMF,,,126
subject_583,60,Sagittal,MTL_IMF,0.2882004551448777,0.0010659149120732104,126
subject_583,60,Sagittal,MTR_IMF,0.04112804168285817,0.647488728265938,126
subject_583,60,Sagittal,SCML_IMF,0.4914614384300645,5.112835073176019e-09,126
subject_583,60,Sagittal,SCMR_IMF,-0.008205044034796561,0.9273455790988124,126
subject_583,60,Sagittal,STL_IMF,0.23701581734580746,0.007536273577848833,126
subject_583,60,Sagittal,STR_IMF,0.1225186743969115,0.17171390375606796,126
subject_583,60,Sagittal,UTL_IMF,0.2246338775003005,0.011445836563161744,126
subject_583,60,Sagittal,UTR_IMF,-0.047830673376628455,0.594828713424277,126
subject_583,60,Frontal,MTL_IMF,-0.03199950710258782,0.7220615764109075,126
subject_583,60,Frontal,MTR_IMF,0.1133130034133616,0.20646984599319768,126
subject_583,60,Frontal,SCML_IMF,0.003689839614064516,0.9672913519940421,126
subject_583,60,Frontal,SCMR_IMF,-0.02091546411308715,0.8161798920943026,126
subject_583,60,Frontal,STL_IMF,-0.1292142165020127,0.14929577174818234,126
subject_583,60,Frontal,STR_IMF,-0.04553591259093273,0.6126404561264097,126
subject_583,60,Frontal,UTL_IMF,-0.1512861487359198,0.0908356712551102,126
subject_583,60,Frontal,UTR_IMF,0.05173903825718906,0.5650432738500704,126
subject_583,60,Horizontal,MTL_IMF,,,126
subject_583,60,Horizontal,MTR_IMF,,,126
subject_583,60,Horizontal,SCML_IMF,,,126
subject_583,60,Horizontal,SCMR_IMF,,,126
subject_583,60,Horizontal,STL_IMF,,,126
subject_583,60,Horizontal,STR_IMF,,,126
subject_583,60,Horizontal,UTL_IMF,,,126
subject_583,60,Horizontal,UTR_IMF,,,126
subject_583,70,Sagittal,MTL_IMF,-0.07655055680784793,0.3942334220633439,126
subject_583,70,Sagittal,MTR_IMF,0.09993388216101602,0.2655516695658363,126
subject_583,70,Sagittal,SCML_IMF,-0.16613116295261768,0.0630024769784473,126
subject_583,70,Sagittal,SCMR_IMF,-0.2056640270376707,0.020870418269526906,126
subject_583,70,Sagittal,STL_IMF,-0.13533525517053283,0.1307999448997272,126
subject_583,70,Sagittal,STR_IMF,-0.10060868053659348,0.2623213717941154,126
subject_583,70,Sagittal,UTL_IMF,-0.08330108359925952,0.3537466922833185,126
subject_583,70,Sagittal,UTR_IMF,-0.2230563410207579,0.012053903958888888,126
subject_583,70,Frontal,MTL_IMF,-0.19257172241186363,0.030746974726242566,126
subject_583,70,Frontal,MTR_IMF,0.1446570421366518,0.10607253784877059,126
subject_583,70,Frontal,SCML_IMF,-0.09255806618937015,0.30262433357869695,126
subject_583,70,Frontal,SCMR_IMF,0.024344638231918146,0.7867105824374729,126
subject_583,70,Frontal,STL_IMF,0.1022631188086867,0.25451528892686665,126
subject_583,70,Frontal,STR_IMF,-0.12071157671436275,0.17817065246432012,126
subject_583,70,Frontal,UTL_IMF,-0.06461218425178693,0.4722682621605859,126
subject_583,70,Frontal,UTR_IMF,-0.12304517838921897,0.16986565875846107,126
subject_583,70,Horizontal,MTL_IMF,,,126
subject_583,70,Horizontal,MTR_IMF,,,126
subject_583,70,Horizontal,SCML_IMF,,,126
subject_583,70,Horizontal,SCMR_IMF,,,126
subject_583,70,Horizontal,STL_IMF,,,126
subject_583,70,Horizontal,STR_IMF,,,126
subject_583,70,Horizontal,UTL_IMF,,,126
subject_583,70,Horizontal,UTR_IMF,,,126
subject_583,80,Sagittal,MTL_IMF,0.17885408955190224,0.045090261658298235,126
subject_583,80,Sagittal,MTR_IMF,0.2942206230473439,0.0008256772340557953,126
subject_583,80,Sagittal,SCML_IMF,-0.2585482003459432,0.003465152206562136,126
subject_583,80,Sagittal,SCMR_IMF,-0.06490677342453718,0.4702468417354197,126
subject_583,80,Sagittal,STL_IMF,-0.24621008770002603,0.005451432586328147,126
subject_583,80,Sagittal,STR_IMF,-0.09097274727238272,0.31101625801558813,126
subject_583,80,Sagittal,UTL_IMF,-0.3439242874584896,8.045343579808788e-05,126
subject_583,80,Sagittal,UTR_IMF,-0.13320352102662641,0.1370309596431718,126
subject_583,80,Frontal,MTL_IMF,-0.5161049547884273,6.199724737610798e-10,126
subject_583,80,Frontal,MTR_IMF,-0.26521308036433655,0.002688495026799542,126
subject_583,80,Frontal,SCML_IMF,0.04879129692671053,0.5874424658440298,126
subject_583,80,Frontal,SCMR_IMF,-0.020135275770836812,0.8229222271050413,126
subject_583,80,Frontal,STL_IMF,0.3400730245745891,9.77771555044659e-05,126
subject_583,80,Frontal,STR_IMF,0.017686033552135137,0.844170264227478,126
subject_583,80,Frontal,UTL_IMF,0.1881328942655757,0.03489145173399009,126
subject_583,80,Frontal,UTR_IMF,-0.011732075259391716,0.8962624457512934,126
subject_583,80,Horizontal,MTL_IMF,,,126
subject_583,80,Horizontal,MTR_IMF,,,126
subject_583,80,Horizontal,SCML_IMF,,,126
subject_583,80,Horizontal,SCMR_IMF,,,126
subject_583,80,Horizontal,STL_IMF,,,126
subject_583,80,Horizontal,STR_IMF,,,126
subject_583,80,Horizontal,UTL_IMF,,,126
subject_583,80,Horizontal,UTR_IMF,,,126
subject_583,90,Sagittal,MTL_IMF,-0.11513547411884882,0.19921680304133277,126
subject_583,90,Sagittal,MTR_IMF,-0.12957496467334653,0.14815375966007416,126
subject_583,90,Sagittal,SCML_IMF,0.061549443368454644,0.4935618050301561,126
subject_583,90,Sagittal,SCMR_IMF,0.03651437446259355,0.6847989010210849,126
subject_583,90,Sagittal,STL_IMF,-0.21061917006309697,0.017920771105706515,126
subject_583,90,Sagittal,STR_IMF,-0.26125695398304427,0.0031279769595357423,126
subject_583,90,Sagittal,UTL_IMF,0.03347675059640872,0.7097924317836471,126
subject_583,90,Sagittal,UTR_IMF,-0.07162049777066481,0.4254800522713869,126
subject_583,90,Frontal,MTL_IMF,-0.36848988749164546,2.1815837403283452e-05,126
subject_583,90,Frontal,MTR_IMF,-0.06568752564015269,0.46491236107824896,126
subject_583,90,Frontal,SCML_IMF,0.02950026308377932,0.7429791004187557,126
subject_583,90,Frontal,SCMR_IMF,0.051108472066307684,0.5698005371992424,126
subject_583,90,Frontal,STL_IMF,0.3723398921501737,1.760644275961126e-05,126
subject_583,90,Frontal,STR_IMF,0.24241196890024957,0.006240587095284231,126
subject_583,90,Frontal,UTL_IMF,-0.11368735087440057,0.20496477859058237,126
subject_583,90,Frontal,UTR_IMF,0.1296138687559167,0.14803099679250004,126
subject_583,90,Horizontal,MTL_IMF,-0.11999777958850054,0.18076962609867137,126
subject_583,90,Horizontal,MTR_IMF,-0.05630960652583332,0.5311368263744513,126
subject_583,90,Horizontal,SCML_IMF,-0.13397071138712885,0.1347629337740755,126
subject_583,90,Horizontal,SCMR_IMF,-0.1030311528611351,0.2509463066542174,126
subject_583,90,Horizontal,STL_IMF,0.1015697677180254,0.2577670507711827,126
subject_583,90,Horizontal,STR_IMF,0.17868575984640866,0.045296070352673676,126
subject_583,90,Horizontal,UTL_IMF,0.06200270021684851,0.4903788887844448,126
subject_583,90,Horizontal,UTR_IMF,-0.1192888140435269,0.1833784287641681,126
subject_584,10,Sagittal,MTL_IMF,0.23905543485743658,0.0019858477097428463,165
subject_584,10,Sagittal,MTR_IMF,0.029850366648928893,0.7034965523103884,165
subject_584,10,Sagittal,SCML_IMF,0.23708191826812755,0.00216903141117763,165
subject_584,10,Sagittal,SCMR_IMF,0.1837451262404454,0.018154282496343335,165
subject_584,10,Sagittal,STL_IMF,-0.13581797963062855,0.08196096504821723,165
subject_584,10,Sagittal,STR_IMF,-0.07016428585272043,0.3705043145200957,165
subject_584,10,Sagittal,UTL_IMF,0.02982353882616627,0.703750541824332,165
subject_584,10,Sagittal,UTR_IMF,0.13100990156896936,0.09348456687907254,165
subject_584,10,Frontal,MTL_IMF,0.06460849545604222,0.40967609379473596,165
subject_584,10,Frontal,MTR_IMF,-0.09012537505717273,0.24963975349538528,165
subject_584,10,Frontal,SCML_IMF,0.10809592275606342,0.16696729579722033,165
subject_584,10,Frontal,SCMR_IMF,0.06783152400263488,0.38666274248306276,165
subject_584,10,Frontal,STL_IMF,-0.096900005867723,0.2156580666230305,165
subject_584,10,Frontal,STR_IMF,-0.18196821681102052,0.019324105380661535,165
subject_584,10,Frontal,UTL_IMF,0.02787846788510917,0.7222509335127291,165
subject_584,10,Frontal,UTR_IMF,-0.018206528561820732,0.8164538155258084,165
subject_584,10,Horizontal,MTL_IMF,-0.19476236746797537,0.012182904118018334,165
subject_584,10,Horizontal,MTR_IMF,0.07008822831380562,0.3710245020360712,165
subject_584,10,Horizontal,SCML_IMF,-0.23169052444233637,0.0027503334741838885,165
subject_584,10,Horizontal,SCMR_IMF,-0.13621505014271376,0.08106273356503757,165
subject_584,10,Horizontal,STL_IMF,0.1337628831664591,0.08673846979434575,165
subject_584,10,Horizontal,STR_IMF,0.1052478749168436,0.17849758142876063,165
subject_584,10,Horizontal,UTL_IMF,-0.14768763658152836,0.05835065770617555,165
subject_584,10,Horizontal,UTR_IMF,-0.11566009183521941,0.13904530784360566,165
subject_584,20,Sagittal,MTL_IMF,0.0838866109333186,0.28554782894462916,164
subject_584,20,Sagittal,MTR_IMF,-0.16539114263895568,0.03430760648388669,164
subject_584,20,Sagittal,SCML_IMF,0.04171669619588608,0.5958491203857346,164
subject_584,20,Sagittal,SCMR_IMF,-0.07382275122157181,0.34750284026047895,164
subject_584,20,Sagittal,STL_IMF,-0.18658039429724566,0.016749347495889515,164
subject_584,20,Sagittal,STR_IMF,-0.015139508013568906,0.8474223343174258,164
subject_584,20,Sagittal,UTL_IMF,-0.12419213036476111,0.1131003275404024,164
subject_584,20,Sagittal,UTR_IMF,-0.02993682841452515,0.703551002411024,164
subject_584,20,Frontal,MTL_IMF,-0.045652843350665766,0.5615959484756584,164
subject_584,20,Frontal,MTR_IMF,-0.13735656688336673,0.07944923692401536,164
subject_584,20,Frontal,SCML_IMF,-0.018530966098046327,0.8138073118907849,164
subject_584,20,Frontal,SCMR_IMF,-0.094265738104717,0.22989383012503073,164
subject_584,20,Frontal,STL_IMF,-0.14542124088666833,0.06317680761368515,164
subject_584,20,Frontal,STR_IMF,-0.10775824684715375,0.16961986029036297,164
subject_584,20,Frontal,UTL_IMF,-0.03849719535486235,0.6245477499940087,164
subject_584,20,Frontal,UTR_IMF,-0.05430630549876612,0.48978520952692717,164
subject_584,20,Horizontal,MTL_IMF,-0.14452151254956475,0.06484469668962045,164
subject_584,20,Horizontal,MTR_IMF,0.14690108013052777,0.060510039383811914,164
subject_584,20,Horizontal,SCML_IMF,-0.11051722051156808,0.15889285052417784,164
subject_584,20,Horizontal,SCMR_IMF,-0.10116676215815228,0.19740964169633607,164
subject_584,20,Horizontal,STL_IMF,0.03716715230822478,0.6365738813673546,164
subject_584,20,Horizontal,STR_IMF,0.004231976128193289,0.9571092936445499,164
subject_584,20,Horizontal,UTL_IMF,-0.1011413813961253,0.19752267321931533,164
subject_584,20,Horizontal,UTR_IMF,0.018228981607132752,0.8167876983623708,164
subject_584,30,Sagittal,MTL_IMF,0.13102640307301147,0.09445731811991304,164
subject_584,30,Sagittal,MTR_IMF,-0.036325038504045296,0.6442378100870411,164
subject_584,30,Sagittal,SCML_IMF,-0.058144134549914316,0.4595798703570026,164
subject_584,30,Sagittal,SCMR_IMF,-0.056191043012936336,0.47482082245513535,164
subject_584,30,Sagittal,STL_IMF,-0.05131804327818215,0.5140173654891395,164
subject_584,30,Sagittal,STR_IMF,0.19008425964264167,0.014772173518262774,164
subject_584,30,Sagittal,UTL_IMF,-0.03521426300034124,0.6544042541445407,164
subject_584,30,Sagittal,UTR_IMF,-0.1353343355693985,0.08401925210500083,164
subject_584,30,Frontal,MTL_IMF,-0.009413267396879518,0.904776859836351,164
subject_584,30,Frontal,MTR_IMF,0.0005651330821446479,0.9942697390752652,164
subject_584,30,Frontal,SCML_IMF,-0.27133705203070885,0.0004407520801521787,164
subject_584,30,Frontal,SCMR_IMF,-0.0650826028672656,0.4076890468719276,164
subject_584,30,Frontal,STL_IMF,0.014972973872993029,0.8490805982101817,164
subject_584,30,Frontal,STR_IMF,0.12581791418582908,0.10842401414957224,164
subject_584,30,Frontal,UTL_IMF,-0.11411956812507378,0.14566287851923823,164
subject_584,30,Frontal,UTR_IMF,-0.21565695968320153,0.005548352702496751,164
subject_584,30,Horizontal,MTL_IMF,-0.11382396643901267,0.1467159894713042,164
subject_584,30,Horizontal,MTR_IMF,0.05038959231235464,0.5216701200799271,164
subject_584,30,Horizontal,SCML_IMF,-0.021464640253730148,0.784998938399326,164
subject_584,30,Horizontal,SCMR_IMF,-0.0948142696995291,0.2271817537237618,164
subject_584,30,Horizontal,STL_IMF,-0.057741748083292826,0.4626975161611492,164
subject_584,30,Horizontal,STR_IMF,-0.12369167183519167,0.11457107541752916,164
subject_584,30,Horizontal,UTL_IMF,-0.004382581293304088,0.9555844596150177,164
subject_584,30,Horizontal,UTR_IMF,0.1744096714084328,0.025509570000817966,164
subject_584,40,Sagittal,MTL_IMF,0.12257403486252812,0.11677790617191065,165
subject_584,40,Sagittal,MTR_IMF,-0.08013442318626052,0.30622918135157545,165
subject_584,40,Sagittal,SCML_IMF,0.00709580746999435,0.9279252506579695,165
subject_584,40,Sagittal,SCMR_IMF,0.002039549019665931,0.9792578655059834,165
subject_584,40,Sagittal,STL_IMF,0.11174966887999016,0.1529991257389624,165
subject_584,40,Sagittal,STR_IMF,0.08238865947027714,0.2927785834663787,165
subject_584,40,Sagittal,UTL_IMF,-0.0202477543778579,0.7963017007480806,165
subject_584,40,Sagittal,UTR_IMF,-0.12069951072726315,0.12252101717144866,165
subject_584,40,Frontal,MTL_IMF,-0.005301190952898029,0.946121707922007,165
subject_584,40,Frontal,MTR_IMF,0.033774575865737747,0.6667105210492675,165
subject_584,40,Frontal,SCML_IMF,-0.04969693422969896,0.5261412037906743,165
subject_584,40,Frontal,SCMR_IMF,0.13513892639510405,0.08351560276918975,165
subject_584,40,Frontal,STL_IMF,0.18539684406176735,0.017122483077192798,165
subject_584,40,Frontal,STR_IMF,0.014546952816959368,0.8528774697287022,165
subject_584,40,Frontal,UTL_IMF,0.006512134002490914,0.9338397532910832,165
subject_584,40,Frontal,UTR_IMF,-0.062018884171197136,0.42873813225844115,165
subject_584,40,Horizontal,MTL_IMF,-0.08048985453941686,0.3040818690962611,165
subject_584,40,Horizontal,MTR_IMF,0.004796807903530957,0.9512413107856177,165
subject_584,40,Horizontal,SCML_IMF,-0.003109625730622,0.9683799015882647,165
subject_584,40,Horizontal,SCMR_IMF,0.06387881559394383,0.41499606814736906,165
subject_584,40,Horizontal,STL_IMF,-0.06778553143560773,0.3869855439658468,165
subject_584,40,Horizontal,STR_IMF,-0.07935703005585111,0.3109603683043764,165
subject_584,40,Horizontal,UTL_IMF,-0.08438536171130981,0.2811978051251273,165
subject_584,40,Horizontal,UTR_IMF,0.2296223680914286,0.0030084145417242076,165
subject_584,50,Sagittal,MTL_IMF,-0.10787390999770972,0.16784567604464842,165
subject_584,50,Sagittal,MTR_IMF,-0.19800789056349413,0.010790384657926904,165
subject_584,50,Sagittal,SCML_IMF,0.07707783536534211,0.3251053853092108,165
subject_584,50,Sagittal,SCMR_IMF,0.01386119399791195,0.8597399895802116,165
subject_584,50,Sagittal,STL_IMF,0.2518673774279129,0.0011005518886982417,165
subject_584,50,Sagittal,STR_IMF,0.04136132109164739,0.5978585426052796,165
subject_584,50,Sagittal,UTL_IMF,0.013047974927108944,0.8678916126746722,165
subject_584,50,Sagittal,UTR_IMF,-0.12738585128966323,0.10299357973461788,165
subject_584,50,Frontal,MTL_IMF,-0.0010190668127215679,0.9896352620014768,165
subject_584,50,Frontal,MTR_IMF,0.001083353615241667,0.9889814529144494,165
subject_584,50,Frontal,SCML_IMF,0.06425202805555845,0.41227000114515144,165
subject_584,50,Frontal,SCMR_IMF,0.1788186713893096,0.021558390593530846,165
subject_584,50,Frontal,STL_IMF,0.024696547273487038,0.7528609445414677,165
subject_584,50,Frontal,STR_IMF,-0.06671698885770969,0.39453094156666807,165
subject_584,50,Frontal,UTL_IMF,0.009195807566898329,0.9066803596358658,165
subject_584,50,Frontal,UTR_IMF,-0.03860835799867265,0.622474243809819,165
subject_584,50,Horizontal,MTL_IMF,0.13230823584181337,0.09025282446940498,165
subject_584,50,Horizontal,MTR_IMF,0.20141670351359858,0.009480628366506505,165
subject_584,50,Horizontal,SCML_IMF,-0.03363198107397383,0.6680340595079419,165
subject_584,50,Horizontal,SCMR_IMF,-0.07556898007647254,0.334694182391948,165
subject_584,50,Horizontal,STL_IMF,-0.14973153880284715,0.05491473620878937,165
subject_584,50,Horizontal,STR_IMF,-0.06888539052798673,0.3793107927266798,165
subject_584,50,Horizontal,UTL_IMF,-0.08694979076123169,0.266781916274523,165
subject_584,50,Horizontal,UTR_IMF,0.08821326564598464,0.2598678308196545,165
subject_584,60,Sagittal,MTL_IMF,0.15165770961552244,0.052557484015538884,164
subject_584,60,Sagittal,MTR_IMF,0.02969105334665329,0.7058719683240143,164
subject_584,60,Sagittal,SCML_IMF,0.046001087423333226,0.5586114674804494,164
subject_584,60,Sagittal,SCMR_IMF,0.13445132699172416,0.08607977671437726,164
subject_584,60,Sagittal,STL_IMF,0.13562379965515245,0.08335245425826608,164
subject_584,60,Sagittal,STR_IMF,0.18198102525768703,0.019691365352894456,164
subject_584,60,Sagittal,UTL_IMF,0.10361918058245494,0.18670805398882587,164
subject_584,60,Sagittal,UTR_IMF,0.03290686434004469,0.6757252377438717,164
subject_584,60,Frontal,MTL_IMF,0.18452467373184075,0.018013386643046397,164
subject_584,60,Frontal,MTR_IMF,0.10942158888505155,0.1630901575158113,164
subject_584,60,Frontal,SCML_IMF,0.15662682955266657,0.04519458695212897,164
subject_584,60,Frontal,SCMR_IMF,0.32527763920612585,2.138853226476232e-05,164
subject_584,60,Frontal,STL_IMF,-0.05442015839066677,0.48887416495105573,164
subject_584,60,Frontal,STR_IMF,0.16948717055880427,0.03003604170146368,164
subject_584,60,Frontal,UTL_IMF,-0.03519478577616451,0.654583095517913,164
subject_584,60,Frontal,UTR_IMF,0.03231646176312477,0.6812232362520366,164
subject_584,60,Horizontal,MTL_IMF,-0.01007609813832962,0.8981068052203476,164
subject_584,60,Horizontal,MTR_IMF,0.05354548491216625,0.4958964191563251,164
subject_584,60,Horizontal,SCML_IMF,-0.04502672917452544,0.5669809325270592,164
subject_584,60,Horizontal,SCMR_IMF,-0.15226987095846445,0.051599949899705295,164
subject_584,60,Horizontal,STL_IMF,-0.14994400077515138,0.05531657243184809,164
subject_584,60,Horizontal,STR_IMF,-0.14275624004878373,0.06822167951295582,164
subject_584,60,Horizontal,UTL_IMF,0.005410229336948824,0.9451844021289857,164
subject_584,60,Horizontal,UTR_IMF,-0.08432031113707408,0.28305559409060366,164
subject_584,70,Sagittal,MTL_IMF,0.21159298154815046,0.006531106014680055,164
subject_584,70,Sagittal,MTR_IMF,0.11829992525045673,0.1313771682859015,164
subject_584,70,Sagittal,SCML_IMF,-0.07862756950295045,0.3169366857556264,164
subject_584,70,Sagittal,SCMR_IMF,0.09204791620507766,0.24109161898331669,164
subject_584,70,Sagittal,STL_IMF,0.06038042780734834,0.44246731336634487,164
subject_584,70,Sagittal,STR_IMF,0.15887225910525468,0.042161798922643656,164
subject_584,70,Sagittal,UTL_IMF,-0.013884927168200605,0.85993078995663,164
subject_584,70,Sagittal,UTR_IMF,0.11073985931378155,0.15804992380814076,164
subject_584,70,Frontal,MTL_IMF,0.21132650986355206,0.006600657808749911,164
subject_584,70,Frontal,MTR_IMF,0.14288765782412574,0.06796543724211508,164
subject_584,70,Frontal,SCML_IMF,-0.14831938587564655,0.058041594798389565,164
subject_584,70,Frontal,SCMR_IMF,0.1390278408909027,0.07582535411820579,164
subject_584,70,Frontal,STL_IMF,-0.014746709623902435,0.8513346838828181,164
subject_584,70,Frontal,STR_IMF,0.14089528924346567,0.07193540691189224,164
subject_584,70,Frontal,UTL_IMF,0.019334706807866017,0.8058880368665206,164
subject_584,70,Frontal,UTR_IMF,0.11059114870050822,0.15861258003175577,164
subject_584,70,Horizontal,MTL_IMF,-0.2741638066656116,0.0003816305211451384,164
subject_584,70,Horizontal,MTR_IMF,0.03786744458892022,0.6302298118254747,164
subject_584,70,Horizontal,SCML_IMF,0.07613726104377502,0.3325540770612559,164
subject_584,70,Horizontal,SCMR_IMF,-0.14540353542454065,0.06320928732371715,164
subject_584,70,Horizontal,STL_IMF,0.037291410049961074,0.6354462630068091,164
subject_584,70,Horizontal,STR_IMF,-0.16363320960944275,0.03629275783303944,164
subject_584,70,Horizontal,UTL_IMF,0.011904443935131261,0.8797465202596411,164
subject_584,70,Horizontal,UTR_IMF,-0.13926452232290282,0.07532312554532035,164
subject_584,80,Sagittal,MTL_IMF,-0.04349268399436809,0.5802773348889204,164
subject_584,80,Sagittal,MTR_IMF,0.053878990633319544,0.49321261829498153,164
subject_584,80,Sagittal,SCML_IMF,-0.08782588238013007,0.2634475622429884,164
subject_584,80,Sagittal,SCMR_IMF,0.05387809660023639,0.4932198024764652,164
subject_584,80,Sagittal,STL_IMF,-0.21413589886956372,0.005899522614079214,164
subject_584,80,Sagittal,STR_IMF,0.16097464388645952,0.03947870348159668,164
subject_584,80,Sagittal,UTL_IMF,-0.12877233057955662,0.10031547306669153,164
subject_584,80,Sagittal,UTR_IMF,0.058847170387725196,0.45416089916828944,164
subject_584,80,Frontal,MTL_IMF,-0.035784896502107685,0.649173410606818,164
subject_584,80,Frontal,MTR_IMF,0.15401349508906825,0.0489515737273548,164
subject_584,80,Frontal,SCML_IMF,-0.022588509310019506,0.7740372089586408,164
subject_584,80,Frontal,SCMR_IMF,-0.12455466353905259,0.11204415121214216,164
subject_584,80,Frontal,STL_IMF,0.465715142402978,3.3030797117926815e-10,164
subject_584,80,Frontal,STR_IMF,-0.1318372856890106,0.09241758734331618,164
subject_584,80,Frontal,UTL_IMF,0.15308880588802487,0.050341642685418776,164
subject_584,80,Frontal,UTR_IMF,0.09870517449483948,0.2085916046338517,164
subject_584,80,Horizontal,MTL_IMF,-0.10566919286166673,0.1780933854312668,164
subject_584,80,Horizontal,MTR_IMF,0.031744811984835246,0.686562639890463,164
subject_584,80,Horizontal,SCML_IMF,0.05222448842223566,0.5066022043594852,164
subject_584,80,Horizontal,SCMR_IMF,-0.17808010329682497,0.022527087570496256,164
subject_584,80,Horizontal,STL_IMF,0.5079642047859384,3.843923804910482e-12,164
subject_584,80,Horizontal,STR_IMF,-0.25261949762332914,0.0011006073507932384,164
subject_584,80,Horizontal,UTL_IMF,0.12529687235399162,0.10990590971074853,164
subject_584,80,Horizontal,UTR_IMF,0.04970966428242586,0.5273110266328739,164
subject_584,90,Sagittal,MTL_IMF,-0.04282338679954365,0.5861235016815551,164
subject_584,90,Sagittal,MTR_IMF,-0.25388731108827195,0.0010366186715299159,164
subject_584,90,Sagittal,SCML_IMF,-0.11803007222021569,0.1322655774502775,164
subject_584,90,Sagittal,SCMR_IMF,-0.014477598967399316,0.8540171793311531,164
subject_584,90,Sagittal,STL_IMF,-0.036244743323873084,0.6449705393763686,164
subject_584,90,Sagittal,STR_IMF,0.04124883772174959,0.5999824733587406,164
subject_584,90,Sagittal,UTL_IMF,0.026488770341187115,0.7363534505981093,164
subject_584,90,Sagittal,UTR_IMF,0.2785111384346742,0.0003048779752862394,164
subject_584,90,Frontal,MTL_IMF,0.016113827558628294,0.8377341816010317,164
subject_584,90,Frontal,MTR_IMF,0.20800941461171335,0.007523346740023172,164
subject_584,90,Frontal,SCML_IMF,0.08235013918038067,0.2944950477686171,164
subject_584,90,Frontal,SCMR_IMF,0.08037373948291508,0.3062750105211432,164
subject_584,90,Frontal,STL_IMF,0.07185203071428137,0.36055960087082223,164
subject_584,90,Frontal,STR_IMF,-0.024348487784421516,0.7569612330390916,164
subject_584,90,Frontal,UTL_IMF,0.03889105553419957,0.621005242062836,164
subject_584,90,Frontal,UTR_IMF,-0.2128199723031862,0.00621920371162034,164
subject_584,90,Horizontal,MTL_IMF,0.024588057900733293,0.7546456903772578,164
subject_584,90,Horizontal,MTR_IMF,0.29741149199102435,0.00010996637901924685,164
subject_584,90,Horizontal,SCML_IMF,0.02783574313894015,0.7234787037281316,164
subject_584,90,Horizontal,SCMR_IMF,0.12483371764915605,0.1112364380633646,164
subject_584,90,Horizontal,STL_IMF,-0.07316786903675779,0.3518082277109681,164
subject_584,90,Horizontal,STR_IMF,-0.025192265299256104,0.7488155173244728,164
subject_584,90,Horizontal,UTL_IMF,0.07936692822985544,0.31239325677715896,164
subject_584,90,Horizontal,UTR_IMF,-0.32971684042855537,1.6227977085855796e-05,164
subject_585,10,Sagittal,MTL_IMF,-0.1212037559677788,0.1872725289554819,120
subject_585,10,Sagittal,MTR_IMF,-0.023279181228841584,0.8007507001244135,120
subject_585,10,Sagittal,SCML_IMF,0.028415263328950877,0.7580231672542491,120
subject_585,10,Sagittal,SCMR_IMF,-0.08615117222568974,0.34947829787367723,120
subject_585,10,Sagittal,STL_IMF,0.15181711871076403,0.0978686457178416,120
subject_585,10,Sagittal,STR_IMF,-0.2586444856229235,0.004339651361114133,120
subject_585,10,Sagittal,UTL_IMF,-0.12174258794442092,0.18530481506648083,120
subject_585,10,Sagittal,UTR_IMF,-0.09988965869967091,0.27769999211414037,120
subject_585,10,Frontal,MTL_IMF,0.03391273709446006,0.7130873885290847,120
subject_585,10,Frontal,MTR_IMF,0.05362782266430566,0.5607463492022086,120
subject_585,10,Frontal,SCML_IMF,-0.15988724898308615,0.08109199662191462,120
subject_585,10,Frontal,SCMR_IMF,-0.17948291228114266,0.04981878069904314,120
subject_585,10,Frontal,STL_IMF,0.023503918736110435,0.7988677011842714,120
subject_585,10,Frontal,STR_IMF,0.0018807908959976997,0.983734336842104,120
subject_585,10,Frontal,UTL_IMF,-0.08464471813350502,0.35800034274036635,120
subject_585,10,Frontal,UTR_IMF,0.01786015320648013,0.8464767442638901,120
subject_585,10,Horizontal,MTL_IMF,,,120
subject_585,10,Horizontal,MTR_IMF,,,120
subject_585,10,Horizontal,SCML_IMF,,,120
subject_585,10,Horizontal,SCMR_IMF,,,120
subject_585,10,Horizontal,STL_IMF,,,120
subject_585,10,Horizontal,STR_IMF,,,120
subject_585,10,Horizontal,UTL_IMF,,,120
subject_585,10,Horizontal,UTR_IMF,,,120
subject_585,20,Sagittal,MTL_IMF,-0.015132559747298026,0.8696971515736406,120
subject_585,20,Sagittal,MTR_IMF,-0.048479736314936385,0.5990135650524515,120
subject_585,20,Sagittal,SCML_IMF,0.06387046323637759,0.4882777875106975,120
subject_585,20,Sagittal,SCMR_IMF,-0.09289799837913637,0.3128886847864171,120
subject_585,20,Sagittal,STL_IMF,0.05163286913488613,0.5754362421957643,120
subject_585,20,Sagittal,STR_IMF,-0.1459700580247555,0.11165049710623265,120
subject_585,20,Sagittal,UTL_IMF,-0.17055021050506386,0.0625470022177918,120
subject_585,20,Sagittal,UTR_IMF,-0.15697186652242667,0.08686468260061642,120
subject_585,20,Frontal,MTL_IMF,0.011311137225137132,0.902412541524475,120
subject_585,20,Frontal,MTR_IMF,0.053613171464585094,0.5608535769683529,120
subject_585,20,Frontal,SCML_IMF,-0.18254596464832523,0.04598172687403075,120
subject_585,20,Frontal,SCMR_IMF,-0.2067328084339925,0.02348371333815914,120
subject_585,20,Frontal,STL_IMF,0.0479456606128175,0.6030494991637624,120
subject_585,20,Frontal,STR_IMF,-0.062078841109418144,0.5005835931527055,120
subject_585,20,Frontal,UTL_IMF,-0.10531055429127507,0.2523206826915225,120
subject_585,20,Frontal,UTR_IMF,-0.032894452092194264,0.7213421919567548,120
subject_585,20,Horizontal,MTL_IMF,,,120
subject_585,20,Horizontal,MTR_IMF,,,120
subject_585,20,Horizontal,SCML_IMF,,,120
subject_585,20,Horizontal,SCMR_IMF,,,120
subject_585,20,Horizontal,STL_IMF,,,120
subject_585,20,Horizontal,STR_IMF,,,120
subject_585,20,Horizontal,UTL_IMF,,,120
subject_585,20,Horizontal,UTR_IMF,,,120
subject_585,30,Sagittal,MTL_IMF,0.10274389517241869,0.26413093587274267,120
subject_585,30,Sagittal,MTR_IMF,0.06145346362284155,0.5049169172496959,120
subject_585,30,Sagittal,SCML_IMF,-0.1412288075999406,0.12389869524520666,120
subject_585,30,Sagittal,SCMR_IMF,-0.06201023467164495,0.5010580237865737,120
subject_585,30,Sagittal,STL_IMF,-0.020478754007526974,0.8243071073174627,120
subject_585,30,Sagittal,STR_IMF,-0.03073881718166662,0.7389220659145334,120
subject_585,30,Sagittal,UTL_IMF,0.04215759721432581,0.6475395767495475,120
subject_585,30,Sagittal,UTR_IMF,-0.14634428973785849,0.11072540616464895,120
subject_585,30,Frontal,MTL_IMF,-0.06648134393509444,0.47063724063025336,120
subject_585,30,Frontal,MTR_IMF,0.08495037618451627,0.35626087162034004,120
subject_585,30,Frontal,SCML_IMF,0.03741959859485605,0.6849168810183436,120
subject_585,30,Frontal,SCMR_IMF,-0.03371430234574871,0.7146934497618685,120
subject_585,30,Frontal,STL_IMF,-0.08673354638482013,0.3462181573439388,120
subject_585,30,Frontal,STR_IMF,0.014465325732548998,0.8753951325550703,120
subject_585,30,Frontal,UTL_IMF,-0.10117823331438197,0.2715171536200169,120
subject_585,30,Frontal,UTR_IMF,-0.16682044550364938,0.06859440480718991,120
subject_585,30,Horizontal,MTL_IMF,,,120
subject_585,30,Horizontal,MTR_IMF,,,120
subject_585,30,Horizontal,SCML_IMF,,,120
subject_585,30,Horizontal,SCMR_IMF,,,120
subject_585,30,Horizontal,STL_IMF,,,120
subject_585,30,Horizontal,STR_IMF,,,120
subject_585,30,Horizontal,UTL_IMF,,,120
subject_585,30,Horizontal,UTR_IMF,,,120
subject_585,40,Sagittal,MTL_IMF,,,120
subject_585,40,Sagittal,MTR_IMF,,,120
subject_585,40,Sagittal,SCML_IMF,,,120
subject_585,40,Sagittal,SCMR_IMF,,,120
subject_585,40,Sagittal,STL_IMF,,,120
subject_585,40,Sagittal,STR_IMF,,,120
subject_585,40,Sagittal,UTL_IMF,,,120
subject_585,40,Sagittal,UTR_IMF,,,120
subject_585,40,Frontal,MTL_IMF,0.009107477189009049,0.9213564632115869,120
subject_585,40,Frontal,MTR_IMF,0.0487872776596607,0.5966950170556283,120
subject_585,40,Frontal,SCML_IMF,-0.0853528008221719,0.3539787473152174,120
subject_585,40,Frontal,SCMR_IMF,-0.11968274226680364,0.1929090846183931,120
subject_585,40,Frontal,STL_IMF,0.04221584530644499,0.6470852448557929,120
subject_585,40,Frontal,STR_IMF,0.24034489409376195,0.008189262861708128,120
subject_585,40,Frontal,UTL_IMF,-0.09022963018244147,0.3270509388842893,120
subject_585,40,Frontal,UTR_IMF,-0.11607904700629515,0.20675258723920092,120
subject_585,40,Horizontal,MTL_IMF,,,120
subject_585,40,Horizontal,MTR_IMF,,,120
subject_585,40,Horizontal,SCML_IMF,,,120
subject_585,40,Horizontal,SCMR_IMF,,,120
subject_585,40,Horizontal,STL_IMF,,,120
subject_585,40,Horizontal,STR_IMF,,,120
subject_585,40,Horizontal,UTL_IMF,,,120
subject_585,40,Horizontal,UTR_IMF,,,120
subject_585,50,Sagittal,MTL_IMF,,,120
subject_585,50,Sagittal,MTR_IMF,,,120
subject_585,50,Sagittal,SCML_IMF,,,120
subject_585,50,Sagittal,SCMR_IMF,,,120
subject_585,50,Sagittal,STL_IMF,,,120
subject_585,50,Sagittal,STR_IMF,,,120
subject_585,50,Sagittal,UTL_IMF,,,120
subject_585,50,Sagittal,UTR_IMF,,,120
subject_585,50,Frontal,MTL_IMF,0.2263388755919768,0.01292552241548546,120
subject_585,50,Frontal,MTR_IMF,-0.04382486799894685,0.634586772730153,120
subject_585,50,Frontal,SCML_IMF,-0.1879128635987323,0.03985165514553967,120
subject_585,50,Frontal,SCMR_IMF,-0.15793012084575683,0.08493219416181799,120
subject_585,50,Frontal,STL_IMF,0.017426180122402445,0.8501629643638408,120
subject_585,50,Frontal,STR_IMF,0.24676177778104888,0.006587745236676843,120
subject_585,50,Frontal,UTL_IMF,-0.24930437430040475,0.006034430363851116,120
subject_585,50,Frontal,UTR_IMF,-0.09561895704267118,0.2988642064523956,120
subject_585,50,Horizontal,MTL_IMF,,,120
subject_585,50,Horizontal,MTR_IMF,,,120
subject_585,50,Horizontal,SCML_IMF,,,120
subject_585,50,Horizontal,SCMR_IMF,,,120
subject_585,50,Horizontal,STL_IMF,,,120
subject_585,50,Horizontal,STR_IMF,,,120
subject_585,50,Horizontal,UTL_IMF,,,120
subject_585,50,Horizontal,UTR_IMF,,,120
subject_585,60,Sagittal,MTL_IMF,-0.13783170977931733,0.13329301140158942,120
subject_585,60,Sagittal,MTR_IMF,0.07292365812174881,0.4286336722546065,120
subject_585,60,Sagittal,SCML_IMF,-0.15486738522649998,0.0912317217783243,120
subject_585,60,Sagittal,SCMR_IMF,-0.115135196699713,0.21049320184904466,120
subject_585,60,Sagittal,STL_IMF,0.08340578267792102,0.3651049035970951,120
subject_585,60,Sagittal,STR_IMF,-0.07151541115667973,0.43762692062912284,120
subject_585,60,Sagittal,UTL_IMF,0.04898222019250263,0.5952274408792935,120
subject_585,60,Sagittal,UTR_IMF,-0.14826097083511003,0.10608076895486886,120
subject_585,60,Frontal,MTL_IMF,0.10263308129255062,0.26464917210535166,120
subject_585,60,Frontal,MTR_IMF,0.015440297891941783,0.8670713896000308,120
subject_585,60,Frontal,SCML_IMF,-0.14643592250117854,0.11049980559157174,120
subject_585,60,Frontal,SCMR_IMF,0.03236369260303839,0.7256576431371881,120
subject_585,60,Frontal,STL_IMF,-0.02004236112889589,0.8279926058388902,120
subject_585,60,Frontal,STR_IMF,0.06246127158632416,0.4979433053962523,120
subject_585,60,Frontal,UTL_IMF,-0.20581068875331676,0.02412424639704704,120
subject_585,60,Frontal,UTR_IMF,0.020810978645032927,0.8215039050394225,120
subject_585,60,Horizontal,MTL_IMF,,,120
subject_585,60,Horizontal,MTR_IMF,,,120
subject_585,60,Horizontal,SCML_IMF,,,120
subject_585,60,Horizontal,SCMR_IMF,,,120
subject_585,60,Horizontal,STL_IMF,,,120
subject_585,60,Horizontal,STR_IMF,,,120
subject_585,60,Horizontal,UTL_IMF,,,120
subject_585,60,Horizontal,UTR_IMF,,,120
subject_585,70,Sagittal,MTL_IMF,-0.06306894318925195,0.4937630563044248,120
subject_585,70,Sagittal,MTR_IMF,-0.062256168565123025,0.4993584197005553,120
subject_585,70,Sagittal,SCML_IMF,-0.3056570535396342,0.00068657465288056,120
subject_585,70,Sagittal,SCMR_IMF,-0.2518328101655465,0.005525575956793202,120
subject_585,70,Sagittal,STL_IMF,0.06924143991128581,0.45237266137860754,120
subject_585,70,Sagittal,STR_IMF,-0.21823382967777788,0.016640925973354235,120
subject_585,70,Sagittal,UTL_IMF,0.186830467860626,0.041029576515754416,120
subject_585,70,Sagittal,UTR_IMF,0.0,1.0,120
subject_585,70,Frontal,MTL_IMF,,,120
subject_585,70,Frontal,MTR_IMF,,,120
subject_585,70,Frontal,SCML_IMF,,,120
subject_585,70,Frontal,SCMR_IMF,,,120
subject_585,70,Frontal,STL_IMF,,,120
subject_585,70,Frontal,STR_IMF,,,120
subject_585,70,Frontal,UTL_IMF,,,120
subject_585,70,Frontal,UTR_IMF,,,120
subject_585,70,Horizontal,MTL_IMF,,,120
subject_585,70,Horizontal,MTR_IMF,,,120
subject_585,70,Horizontal,SCML_IMF,,,120
subject_585,70,Horizontal,SCMR_IMF,,,120
subject_585,70,Horizontal,STL_IMF,,,120
subject_585,70,Horizontal,STR_IMF,,,120
subject_585,70,Horizontal,UTL_IMF,,,120
subject_585,70,Horizontal,UTR_IMF,,,120
subject_585,80,Sagittal,MTL_IMF,0.010009067628582502,0.9135999385791665,120
subject_585,80,Sagittal,MTR_IMF,-0.30287101277511996,0.0007726973721613571,120
subject_585,80,Sagittal,SCML_IMF,-0.31137145430198815,0.0005368332655818967,120
subject_585,80,Sagittal,SCMR_IMF,-0.1629402374527689,0.07538063075881546,120
subject_585,80,Sagittal,STL_IMF,-0.2888383287361921,0.0013770151400337963,120
subject_585,80,Sagittal,STR_IMF,-0.11328094633619654,0.21798210354713368,120
subject_585,80,Sagittal,UTL_IMF,0.17795223711253785,0.05183338960368723,120
subject_585,80,Sagittal,UTR_IMF,0.04301219951603063,0.6408868053472154,120
subject_585,80,Frontal,MTL_IMF,,,120
subject_585,80,Frontal,MTR_IMF,,,120
subject_585,80,Frontal,SCML_IMF,,,120
subject_585,80,Frontal,SCMR_IMF,,,120
subject_585,80,Frontal,STL_IMF,,,120
subject_585,80,Frontal,STR_IMF,,,120
subject_585,80,Frontal,UTL_IMF,,,120
subject_585,80,Frontal,UTR_IMF,,,120
subject_585,80,Horizontal,MTL_IMF,,,120
subject_585,80,Horizontal,MTR_IMF,,,120
subject_585,80,Horizontal,SCML_IMF,,,120
subject_585,80,Horizontal,SCMR_IMF,,,120
subject_585,80,Horizontal,STL_IMF,,,120
subject_585,80,Horizontal,STR_IMF,,,120
subject_585,80,Horizontal,UTL_IMF,,,120
subject_585,80,Horizontal,UTR_IMF,,,120
subject_585,90,Sagittal,MTL_IMF,0.10003006475217276,0.27907543080686353,119
subject_585,90,Sagittal,MTR_IMF,-0.05553591935128544,0.548576929362513,119
subject_585,90,Sagittal,SCML_IMF,-0.07349301822649586,0.4270052002290859,119
subject_585,90,Sagittal,SCMR_IMF,-0.014133672329439342,0.8787449920275201,119
subject_585,90,Sagittal,STL_IMF,-0.2733688487133686,0.0026285001232816832,119
subject_585,90,Sagittal,STR_IMF,-0.5028335150669805,5.6226861952310765e-09,119
subject_585,90,Sagittal,UTL_IMF,0.3119192353267698,0.0005537834933590487,119
subject_585,90,Sagittal,UTR_IMF,0.43008235286125635,1.0523683073432379e-06,119
subject_585,90,Frontal,MTL_IMF,-0.033529525539835216,0.7173482892727354,119
subject_585,90,Frontal,MTR_IMF,0.034082570913339966,0.7128885469494342,119
subject_585,90,Frontal,SCML_IMF,0.15696584884185946,0.08823057565629562,119
subject_585,90,Frontal,SCMR_IMF,-0.08048735462225906,0.38421376631659615,119
subject_585,90,Frontal,STL_IMF,-0.1053117154792004,0.2543438161689579,119
subject_585,90,Frontal,STR_IMF,-0.4529983660773973,2.3041725997907176e-07,119
subject_585,90,Frontal,UTL_IMF,0.3266035947849827,0.00028878817787960325,119
subject_585,90,Frontal,UTR_IMF,0.16986327308461963,0.06476508474107755,119
subject_585,90,Horizontal,MTL_IMF,,,119
subject_585,90,Horizontal,MTR_IMF,,,119
subject_585,90,Horizontal,SCML_IMF,,,119
subject_585,90,Horizontal,SCMR_IMF,,,119
subject_585,90,Horizontal,STL_IMF,,,119
subject_585,90,Horizontal,STR_IMF,,,119
subject_585,90,Horizontal,UTL_IMF,,,119
subject_585,90,Horizontal,UTR_IMF,,,119
subject_586,10,Sagittal,MTL_IMF,-0.0633795174853425,0.5395639639584369,96
subject_586,10,Sagittal,MTR_IMF,-0.08423670331974466,0.4145071110606617,96
subject_586,10,Sagittal,SCML_IMF,0.0017027526325999562,0.9868634529728018,96
subject_586,10,Sagittal,SCMR_IMF,0.049818625147926406,0.6297873410444641,96
subject_586,10,Sagittal,STL_IMF,-0.1931267604213875,0.05939606580803011,96
subject_586,10,Sagittal,STR_IMF,-0.04672703934646086,0.6512118240742479,96
subject_586,10,Sagittal,UTL_IMF,0.0025745833511474753,0.9801385116665525,96
subject_586,10,Sagittal,UTR_IMF,0.03163822858953311,0.7596001044507125,96
subject_586,10,Frontal,MTL_IMF,-0.1142125748066147,0.26785257040769717,96
subject_586,10,Frontal,MTR_IMF,-0.03256938605943006,0.7527488479404832,96
subject_586,10,Frontal,SCML_IMF,-0.025025563338075173,0.8087605243095966,96
subject_586,10,Frontal,SCMR_IMF,-0.01794255191566394,0.8622494373854278,96
subject_586,10,Frontal,STL_IMF,-0.04063403472247104,0.6942620919026676,96
subject_586,10,Frontal,STR_IMF,-0.10763885555335517,0.2965491482751834,96
subject_586,10,Frontal,UTL_IMF,0.09016961521064087,0.3822889382584494,96
subject_586,10,Frontal,UTR_IMF,0.08732786755729055,0.39752798288589447,96
subject_586,10,Horizontal,MTL_IMF,-0.208675369913335,0.041317482106410466,96
subject_586,10,Horizontal,MTR_IMF,-0.11820467343386544,0.25137350444160045,96
subject_586,10,Horizontal,SCML_IMF,-0.1237875557669904,0.22951649742467023,96
subject_586,10,Horizontal,SCMR_IMF,-0.141645045533827,0.16863470157822744,96
subject_586,10,Horizontal,STL_IMF,-0.26006199184314466,0.010500736609306905,96
subject_586,10,Horizontal,STR_IMF,-0.15147545619288252,0.14069065354662935,96
subject_586,10,Horizontal,UTL_IMF,-0.19272769357434935,0.05993386615810048,96
subject_586,10,Horizontal,UTR_IMF,-0.04863861006034239,0.6379299060740842,96
subject_586,20,Sagittal,MTL_IMF,0.02724651053641898,0.7921559280652265,96
subject_586,20,Sagittal,MTR_IMF,0.049275167904668744,0.6335319881470394,96
subject_586,20,Sagittal,SCML_IMF,-0.11131611651502979,0.28025649576212797,96
subject_586,20,Sagittal,SCMR_IMF,0.34076140484338024,0.0006805238746348021,96
subject_586,20,Sagittal,STL_IMF,-0.20530338617496074,0.04478874219866963,96
subject_586,20,Sagittal,STR_IMF,0.32595227730787607,0.0011918607084127593,96
subject_586,20,Sagittal,UTL_IMF,-0.13508464694094247,0.1894392922012784,96
subject_586,20,Sagittal,UTR_IMF,-0.26110598402320295,0.01018360001886553,96
subject_586,20,Frontal,MTL_IMF,0.0008467821262735875,0.9934669515482524,96
subject_586,20,Frontal,MTR_IMF,0.1862566238427233,0.06922267584448603,96
subject_586,20,Frontal,SCML_IMF,-0.16084706516893538,0.11745620152906294,96
subject_586,20,Frontal,SCMR_IMF,0.022007436878218004,0.8314602617001181,96
subject_586,20,Frontal,STL_IMF,-0.14650924174742821,0.15433478531138786,96
subject_586,20,Frontal,STR_IMF,0.10918184683941494,0.2896383232442288,96
subject_586,20,Frontal,UTL_IMF,0.12188858441646763,0.23679642826022318,96
subject_586,20,Frontal,UTR_IMF,0.012699530976648327,0.9022619470432823,96
subject_586,20,Horizontal,MTL_IMF,0.05928037877209246,0.5661552033673914,96
subject_586,20,Horizontal,MTR_IMF,0.21732003364307392,0.0334292638989034,96
subject_586,20,Horizontal,SCML_IMF,0.04214405229626559,0.6834955603351023,96
subject_586,20,Horizontal,SCMR_IMF,-0.06057322856940381,0.5577019823538747,96
subject_586,20,Horizontal,STL_IMF,-0.0988113777134614,0.3381565021821461,96
subject_586,20,Horizontal,STR_IMF,0.17380466576036652,0.09035295402318431,96
subject_586,20,Horizontal,UTL_IMF,0.14221685500141357,0.16690466004421076,96
subject_586,20,Horizontal,UTR_IMF,-0.06717278776155311,0.5155179968543275,96
subject_586,30,Sagittal,MTL_IMF,-0.06614849246598284,0.5197394667530112,97
subject_586,30,Sagittal,MTR_IMF,-0.0077634071561686925,0.9398402811238146,97
subject_586,30,Sagittal,SCML_IMF,0.29462399133251765,0.0033960685475355624,97
subject_586,30,Sagittal,SCMR_IMF,-0.06518731685073914,0.525837467161764,97
subject_586,30,Sagittal,STL_IMF,-0.1174565439834701,0.2518831104046004,97
subject_586,30,Sagittal,STR_IMF,-0.05447504804334657,0.5961427499428159,97
subject_586,30,Sagittal,UTL_IMF,0.2334910685577799,0.021350862946678224,97
subject_586,30,Sagittal,UTR_IMF,0.3931827451254499,6.77949220617086e-05,97
subject_586,30,Frontal,MTL_IMF,-0.015564247817534429,0.879729593659575,97
subject_586,30,Frontal,MTR_IMF,0.13228433774822673,0.19648027742038923,97
subject_586,30,Frontal,SCML_IMF,-0.04797111521082744,0.6407827525797233,97
subject_586,30,Frontal,SCMR_IMF,-0.05831272820358032,0.5704752716297604,97
subject_586,30,Frontal,STL_IMF,-0.17132814781619737,0.09335823509803048,97
subject_586,30,Frontal,STR_IMF,-0.11664809530968905,0.25518457230792335,97
subject_586,30,Frontal,UTL_IMF,0.08822066341560342,0.3901826981517466,97
subject_586,30,Frontal,UTR_IMF,-0.05318240325382778,0.6049034019159762,97
subject_586,30,Horizontal,MTL_IMF,-0.015564247817534429,0.879729593659575,97
subject_586,30,Horizontal,MTR_IMF,0.13228433774822673,0.19648027742038923,97
subject_586,30,Horizontal,SCML_IMF,-0.04797111521082744,0.6407827525797233,97
subject_586,30,Horizontal,SCMR_IMF,-0.05831272820358032,0.5704752716297604,97
subject_586,30,Horizontal,STL_IMF,-0.17132814781619737,0.09335823509803048,97
subject_586,30,Horizontal,STR_IMF,-0.11664809530968905,0.25518457230792335,97
subject_586,30,Horizontal,UTL_IMF,0.08822066341560342,0.3901826981517466,97
subject_586,30,Horizontal,UTR_IMF,-0.05318240325382778,0.6049034019159762,97
subject_586,40,Sagittal,MTL_IMF,-0.02489554740879515,0.8107360367156209,95
subject_586,40,Sagittal,MTR_IMF,0.04926811896651097,0.6354020416815063,95
subject_586,40,Sagittal,SCML_IMF,-0.1402026233886342,0.1753731040270586,95
subject_586,40,Sagittal,SCMR_IMF,-0.2438451472671745,0.017251200190837413,95
subject_586,40,Sagittal,STL_IMF,-0.012754735158779645,0.9023628738131296,95
subject_586,40,Sagittal,STR_IMF,-0.19520066264167,0.05800333373127724,95
subject_586,40,Sagittal,UTL_IMF,-0.13343461924869418,0.1973578183328947,95
subject_586,40,Sagittal,UTR_IMF,0.005517090894369302,0.9576821316380847,95
subject_586,40,Frontal,MTL_IMF,0.056935711722849246,0.5836650534971464,95
subject_586,40,Frontal,MTR_IMF,0.1282221113497894,0.21559415897812484,95
subject_586,40,Frontal,SCML_IMF,-0.1871599059310802,0.06934830120864993,95
subject_586,40,Frontal,SCMR_IMF,-0.15325157788220098,0.13815113433221374,95
subject_586,40,Frontal,STL_IMF,-0.1346717791012864,0.19319763318904054,95
subject_586,40,Frontal,STR_IMF,-0.15895214424966816,0.12391086992042448,95
subject_586,40,Frontal,UTL_IMF,0.018616202444511433,0.8578892240659995,95
subject_586,40,Frontal,UTR_IMF,-0.045679615696088006,0.660251953283139,95
subject_586,40,Horizontal,MTL_IMF,-0.005351923159117617,0.9589479041480122,95
subject_586,40,Horizontal,MTR_IMF,0.1472754813592447,0.15437702012184903,95
subject_586,40,Horizontal,SCML_IMF,-0.13247263536023082,0.20063696436059247,95
subject_586,40,Horizontal,SCMR_IMF,-0.07489542975399627,0.47070000158522124,95
subject_586,40,Horizontal,STL_IMF,-0.14329006046504367,0.16596382791168446,95
subject_586,40,Horizontal,STR_IMF,-0.10968674763777375,0.28999260386870906,95
subject_586,40,Horizontal,UTL_IMF,0.036177634917888994,0.7277936770393346,95
subject_586,40,Horizontal,UTR_IMF,-0.17819206492112655,0.08404830664064994,95
subject_586,50,Sagittal,MTL_IMF,0.05336188512858357,0.605605249769448,96
subject_586,50,Sagittal,MTR_IMF,0.09587094714294425,0.35279721046969975,96
subject_586,50,Sagittal,SCML_IMF,0.11258515461070831,0.2747754387867559,96
subject_586,50,Sagittal,SCMR_IMF,0.005256152578234795,0.9594647374147856,96
subject_586,50,Sagittal,STL_IMF,0.08563208275340592,0.40679092324819077,96
subject_586,50,Sagittal,STR_IMF,0.07550361045185282,0.4646966573226739,96
subject_586,50,Sagittal,UTL_IMF,-0.07144203615899303,0.489124955297946,96
subject_586,50,Sagittal,UTR_IMF,0.11697728546104365,0.25636420525838377,96
subject_586,50,Frontal,MTL_IMF,0.09268755181088507,0.36908531019769086,96
subject_586,50,Frontal,MTR_IMF,-0.011119972931135877,0.9143692274369257,96
subject_586,50,Frontal,SCML_IMF,-0.022224842331930558,0.8298202556499259,96
subject_586,50,Frontal,SCMR_IMF,-0.11665270764779584,0.25769521829071007,96
subject_586,50,Frontal,STL_IMF,0.005562123245574787,0.9571072787709032,96
subject_586,50,Frontal,STR_IMF,-0.04999554421994703,0.6285703059612052,96
subject_586,50,Frontal,UTL_IMF,0.007416744622969348,0.942826325404399,96
subject_586,50,Frontal,UTR_IMF,0.15947140340568375,0.12066789790702806,96
subject_586,50,Horizontal,MTL_IMF,,,96
subject_586,50,Horizontal,MTR_IMF,,,96
subject_586,50,Horizontal,SCML_IMF,,,96
subject_586,50,Horizontal,SCMR_IMF,,,96
subject_586,50,Horizontal,STL_IMF,,,96
subject_586,50,Horizontal,STR_IMF,,,96
subject_586,50,Horizontal,UTL_IMF,,,96
subject_586,50,Horizontal,UTR_IMF,,,96
subject_586,60,Sagittal,MTL_IMF,0.0947397786212116,0.3585329376451761,96
subject_586,60,Sagittal,MTR_IMF,0.01366147269077193,0.894899447179966,96
subject_586,60,Sagittal,SCML_IMF,-0.03210950680103047,0.7561301831648942,96
subject_586,60,Sagittal,SCMR_IMF,0.12369347600005537,0.22987343204555608,96
subject_586,60,Sagittal,STL_IMF,0.10561488133665262,0.30577746867816313,96
subject_586,60,Sagittal,STR_IMF,0.37366065874352816,0.00017687904829669914,96
subject_586,60,Sagittal,UTL_IMF,0.11620415645704177,0.25954236594420665,96
subject_586,60,Sagittal,UTR_IMF,-0.04972836105610979,0.6304086536788046,96
subject_586,60,Frontal,MTL_IMF,0.09646104655716435,0.34982784158434194,96
subject_586,60,Frontal,MTR_IMF,-0.072795844887683,0.4809076872148172,96
subject_586,60,Frontal,SCML_IMF,-0.08644007541898675,0.4023616948842489,96
subject_586,60,Frontal,SCMR_IMF,0.18918248101394983,0.06488805087560764,96
subject_586,60,Frontal,STL_IMF,0.13790303570017612,0.1802843498672169,96
subject_586,60,Frontal,STR_IMF,0.2919575207294911,0.003898248705568988,96
subject_586,60,Frontal,UTL_IMF,0.09607557467728148,0.35176575656055203,96
subject_586,60,Frontal,UTR_IMF,-0.1460828846512899,0.15555072120319782,96
subject_586,60,Horizontal,MTL_IMF,0.00753047663375815,0.9419511083059193,96
subject_586,60,Horizontal,MTR_IMF,-0.01505993025782448,0.8842119828167845,96
subject_586,60,Horizontal,SCML_IMF,0.012235486951569964,0.9058166414957511,96
subject_586,60,Horizontal,SCMR_IMF,0.04892234876983943,0.6359680211349229,96
subject_586,60,Horizontal,STL_IMF,-0.03766236249558896,0.7156267764400603,96
subject_586,60,Horizontal,STR_IMF,0.23426119576216298,0.021602789903224947,96
subject_586,60,Horizontal,UTL_IMF,0.006593939305520972,0.9491601279556274,96
subject_586,60,Horizontal,UTR_IMF,-0.22313054154185957,0.028873128158224872,96
subject_586,70,Sagittal,MTL_IMF,-0.1497777683891887,0.14524822090967562,96
subject_586,70,Sagittal,MTR_IMF,-0.19285475399815108,0.05976220438118842,96
subject_586,70,Sagittal,SCML_IMF,0.043084529570310295,0.6768215898351438,96
subject_586,70,Sagittal,SCMR_IMF,0.3133253319863325,0.0018810293375925624,96
subject_586,70,Sagittal,STL_IMF,0.01932343318296504,0.8517645189457687,96
subject_586,70,Sagittal,STR_IMF,-0.03276148149189262,0.75133781250188,96
subject_586,70,Sagittal,UTL_IMF,0.1162766570071331,0.259243196811266,96
subject_586,70,Sagittal,UTR_IMF,-0.2903551471031017,0.004108381823735608,96
subject_586,70,Frontal,MTL_IMF,-0.10625193918647555,0.30285281329692587,96
subject_586,70,Frontal,MTR_IMF,-0.2365496169237255,0.020320466503761778,96
subject_586,70,Frontal,SCML_IMF,-0.007727125227424031,0.9404379754788961,96
subject_586,70,Frontal,SCMR_IMF,0.3009551832289606,0.0028869890313126035,96
subject_586,70,Frontal,STL_IMF,0.13341251635696702,0.19502771498426558,96
subject_586,70,Frontal,STR_IMF,-0.14527143359547626,0.15788465698180093,96
subject_586,70,Frontal,UTL_IMF,0.048720098288566764,0.6373662070584901,96
subject_586,70,Frontal,UTR_IMF,-0.2631318373147209,0.009592059593163749,96
subject_586,70,Horizontal,MTL_IMF,-0.08245022916253825,0.42450924896496195,96
subject_586,70,Horizontal,MTR_IMF,-0.06511726942263697,0.5284799138000882,96
subject_586,70,Horizontal,SCML_IMF,0.009401868048377384,0.9275606094987731,96
subject_586,70,Horizontal,SCMR_IMF,0.010124538820492876,0.9220094430891417,96
subject_586,70,Horizontal,STL_IMF,-0.11147591505682827,0.2795623222986338,96
subject_586,70,Horizontal,STR_IMF,0.12222552926905174,0.23549312757967134,96
subject_586,70,Horizontal,UTL_IMF,-0.007238031272563734,0.9442017388954218,96
subject_586,70,Horizontal,UTR_IMF,-0.30667260861532414,0.002373747267081028,96
subject_586,80,Sagittal,MTL_IMF,-0.20522808460899236,0.04486894165333695,96
subject_586,80,Sagittal,MTR_IMF,0.03224269856505325,0.7551503935846552,96
subject_586,80,Sagittal,SCML_IMF,0.03376047297111723,0.7440130084318596,96
subject_586,80,Sagittal,SCMR_IMF,0.3395759076864235,0.0007124781023098939,96
subject_586,80,Sagittal,STL_IMF,-0.021368238994783035,0.8362862331978703,96
subject_586,80,Sagittal,STR_IMF,-0.09404403731058554,0.3620892698265603,96
subject_586,80,Sagittal,UTL_IMF,0.03690770367966675,0.721088216980052,96
subject_586,80,Sagittal,UTR_IMF,-0.14999174221063508,0.14466774093349577,96
subject_586,80,Frontal,MTL_IMF,-0.08470702768228149,0.4118968400490699,96
subject_586,80,Frontal,MTR_IMF,0.00975868804991334,0.9248192607176963,96
subject_586,80,Frontal,SCML_IMF,0.05297758078040443,0.6082082078381417,96
subject_586,80,Frontal,SCMR_IMF,0.22956726550576445,0.02445114349524526,96
subject_586,80,Frontal,STL_IMF,0.05082656142527525,0.6228670211839744,96
subject_586,80,Frontal,STR_IMF,-0.22840890555456309,0.02520139164971841,96
subject_586,80,Frontal,UTL_IMF,-0.013519541039895281,0.8959852174897743,96
subject_586,80,Frontal,UTR_IMF,-0.09041962204743612,0.38096534691887096,96
subject_586,80,Horizontal,MTL_IMF,-0.06277464664845614,0.5434487549036672,96
subject_586,80,Horizontal,MTR_IMF,0.04920404167445647,0.6340227644781954,96
subject_586,80,Horizontal,SCML_IMF,0.052033934954033,0.6146203867440833,96
subject_586,80,Horizontal,SCMR_IMF,0.03348653991879865,0.7460193048632209,96
subject_586,80,Horizontal,STL_IMF,-0.1534531875290771,0.13551868466906156,96
subject_586,80,Horizontal,STR_IMF,-0.0731215198655716,0.4789420227981245,96
subject_586,80,Horizontal,UTL_IMF,0.033648218184384335,0.7448349610268581,96
subject_586,80,Horizontal,UTR_IMF,-0.2777315438024758,0.006149999489023005,96
subject_586,90,Sagittal,MTL_IMF,0.042034281329351275,0.6858784313860389,95
subject_586,90,Sagittal,MTR_IMF,0.017204636684476624,0.8685643303418317,95
subject_586,90,Sagittal,SCML_IMF,0.05959878975500405,0.5661590223463201,95
subject_586,90,Sagittal,SCMR_IMF,0.1257099991923459,0.2247969037169035,95
subject_586,90,Sagittal,STL_IMF,-0.08682599768121209,0.402787340803136,95
subject_586,90,Sagittal,STR_IMF,-0.15144324385428332,0.1429182875267279,95
subject_586,90,Sagittal,UTL_IMF,-0.02662467032145622,0.797861894312591,95
subject_586,90,Sagittal,UTR_IMF,0.23457818394542732,0.022129136845031955,95
subject_586,90,Frontal,MTL_IMF,0.06071903173339029,0.5588698190164079,95
subject_586,90,Frontal,MTR_IMF,0.02587676222366668,0.8034240082818351,95
subject_586,90,Frontal,SCML_IMF,0.15867907813712387,0.12456623637426892,95
subject_586,90,Frontal,SCMR_IMF,0.10962668601605584,0.2902584070696339,95
subject_586,90,Frontal,STL_IMF,-0.06492786290668189,0.5318916618786313,95
subject_586,90,Frontal,STR_IMF,-0.036873769378022905,0.7227664783836104,95
subject_586,90,Frontal,UTL_IMF,-0.02307241252267106,0.8243648372408351,95
subject_586,90,Frontal,UTR_IMF,0.3409450737654699,0.0007221420569128823,95
subject_586,90,Horizontal,MTL_IMF,0.16489769092496356,0.11028812709834163,95
subject_586,90,Horizontal,MTR_IMF,0.07130066966642289,0.49231740440493965,95
subject_586,90,Horizontal,SCML_IMF,0.09353437619102602,0.367285270765412,95
subject_586,90,Horizontal,SCMR_IMF,-0.02976072502182682,0.77465215292251,95
subject_586,90,Horizontal,STL_IMF,-0.05539178102592657,0.5939265102532802,95
subject_586,90,Horizontal,STR_IMF,-0.25535612549171777,0.012506965031379992,95
subject_586,90,Horizontal,UTL_IMF,0.17774649126060613,0.08483886846643161,95
subject_586,90,Horizontal,UTR_IMF,0.300290365031771,0.0031097061158180035,95
subject_587,10,Sagittal,MTL_IMF,0.09499617159926832,0.39890022635267686,81
subject_587,10,Sagittal,MTR_IMF,0.15045746482479244,0.1800125256376402,81
subject_587,10,Sagittal,SCML_IMF,0.04105513104758943,0.7159277123971367,81
subject_587,10,Sagittal,SCMR_IMF,0.14053109470166728,0.21080971278613705,81
subject_587,10,Sagittal,STL_IMF,0.0872910492917976,0.4384049653875427,81
subject_587,10,Sagittal,STR_IMF,0.010335128110630058,0.927037427318296,81
subject_587,10,Sagittal,UTL_IMF,-0.012082555078112955,0.9147439917607144,81
subject_587,10,Sagittal,UTR_IMF,0.24918309818552886,0.02487726531728513,81
subject_587,10,Frontal,MTL_IMF,0.029051702338936156,0.7968269758030643,81
subject_587,10,Frontal,MTR_IMF,-0.03712313534265028,0.7421340106693165,81
subject_587,10,Frontal,SCML_IMF,0.008925707437533322,0.9369655328288594,81
subject_587,10,Frontal,SCMR_IMF,-0.18497168701130015,0.0982963835617046,81
subject_587,10,Frontal,STL_IMF,-0.11927103592401465,0.28889613947986187,81
subject_587,10,Frontal,STR_IMF,0.10427202980953997,0.354242974764164,81
subject_587,10,Frontal,UTL_IMF,0.001060055553164752,0.9925062076170516,81
subject_587,10,Frontal,UTR_IMF,0.04367527589150194,0.6986431056224952,81
subject_587,10,Horizontal,MTL_IMF,-0.1364531584221776,0.22448757184755977,81
subject_587,10,Horizontal,MTR_IMF,-0.1627364922116926,0.1466240806574536,81
subject_587,10,Horizontal,SCML_IMF,-0.0023923448356851207,0.9830889265390577,81
subject_587,10,Horizontal,SCMR_IMF,0.026312967319570044,0.8156245388533098,81
subject_587,10,Horizontal,STL_IMF,0.11727993413803027,0.2970792674362611,81
subject_587,10,Horizontal,STR_IMF,0.12444484893247121,0.2683350189375426,81
subject_587,10,Horizontal,UTL_IMF,0.15785996219826945,0.15927929058005688,81
subject_587,10,Horizontal,UTR_IMF,0.1435123000529007,0.2011918520925942,81
subject_587,20,Sagittal,MTL_IMF,0.1062690607971153,0.3481415800109775,80
subject_587,20,Sagittal,MTR_IMF,0.08795829859676782,0.4378396146908985,80
subject_587,20,Sagittal,SCML_IMF,0.18166967500869605,0.10679213270055866,80
subject_587,20,Sagittal,SCMR_IMF,0.15954380896770065,0.15747438597511687,80
subject_587,20,Sagittal,STL_IMF,-0.11119069665563151,0.3261409660714296,80
subject_587,20,Sagittal,STR_IMF,-0.005786022678569728,0.9593751820810499,80
subject_587,20,Sagittal,UTL_IMF,-0.023041099563568264,0.8392372065955375,80
subject_587,20,Sagittal,UTR_IMF,0.22954002652607658,0.04054130346381984,80
subject_587,20,Frontal,MTL_IMF,-0.0032302374168805383,0.977313239973746,80
subject_587,20,Frontal,MTR_IMF,-0.020245842194905408,0.8585246334393771,80
subject_587,20,Frontal,SCML_IMF,0.17170546110972557,0.12777260996543766,80
subject_587,20,Frontal,SCMR_IMF,0.13097832840678228,0.24683754926923734,80
subject_587,20,Frontal,STL_IMF,-0.12910619711753687,0.25371553123267443,80
subject_587,20,Frontal,STR_IMF,0.028453689348121695,0.8021675853681492,80
subject_587,20,Frontal,UTL_IMF,0.09643710710845728,0.3947859449926617,80
subject_587,20,Frontal,UTR_IMF,0.19455053852597323,0.08375698817647634,80
subject_587,20,Horizontal,MTL_IMF,,,80
subject_587,20,Horizontal,MTR_IMF,,,80
subject_587,20,Horizontal,SCML_IMF,,,80
subject_587,20,Horizontal,SCMR_IMF,,,80
subject_587,20,Horizontal,STL_IMF,,,80
subject_587,20,Horizontal,STR_IMF,,,80
subject_587,20,Horizontal,UTL_IMF,,,80
subject_587,20,Horizontal,UTR_IMF,,,80
subject_587,30,Sagittal,MTL_IMF,-0.03274036977553175,0.7731115848124026,80
subject_587,30,Sagittal,MTR_IMF,0.04314800405405595,0.7039226844428441,80
subject_587,30,Sagittal,SCML_IMF,-0.05784718989555818,0.6102721612855694,80
subject_587,30,Sagittal,SCMR_IMF,-0.12479252202168027,0.2700578681545521,80
subject_587,30,Sagittal,STL_IMF,0.1297714516165344,0.2512566378404932,80
subject_587,30,Sagittal,STR_IMF,0.029996005628623992,0.7916802647229193,80
subject_587,30,Sagittal,UTL_IMF,-0.0646481453669883,0.5688631498508505,80
subject_587,30,Sagittal,UTR_IMF,-0.09760770737862633,0.3890458719717087,80
subject_587,30,Frontal,MTL_IMF,-0.20559719470817525,0.06731367105222082,80
subject_587,30,Frontal,MTR_IMF,-0.15933934358969304,0.15801421060475057,80
subject_587,30,Frontal,SCML_IMF,-0.11900430820483847,0.293076560922894,80
subject_587,30,Frontal,SCMR_IMF,0.057802066372861366,0.6105512385465581,80
subject_587,30,Frontal,STL_IMF,-0.013820428628847416,0.9031572365269793,80
subject_587,30,Frontal,STR_IMF,-0.005926693937243685,0.9583883693149674,80
subject_587,30,Frontal,UTL_IMF,0.01875740256212336,0.8688295888899491,80
subject_587,30,Frontal,UTR_IMF,0.10138640700748504,0.37085964792897447,80
subject_587,30,Horizontal,MTL_IMF,,,80
subject_587,30,Horizontal,MTR_IMF,,,80
subject_587,30,Horizontal,SCML_IMF,,,80
subject_587,30,Horizontal,SCMR_IMF,,,80
subject_587,30,Horizontal,STL_IMF,,,80
subject_587,30,Horizontal,STR_IMF,,,80
subject_587,30,Horizontal,UTL_IMF,,,80
subject_587,30,Horizontal,UTR_IMF,,,80
subject_587,40,Sagittal,MTL_IMF,-0.06614784279560075,0.5599123234324024,80
subject_587,40,Sagittal,MTR_IMF,-0.07357117329359342,0.5166203707659249,80
subject_587,40,Sagittal,SCML_IMF,0.09592530125589663,0.3973112969776624,80
subject_587,40,Sagittal,SCMR_IMF,-0.06389536274569697,0.5733811988601233,80
subject_587,40,Sagittal,STL_IMF,0.06502446625052162,0.5666108191353261,80
subject_587,40,Sagittal,STR_IMF,0.009684558906810707,0.9320546783801574,80
subject_587,40,Sagittal,UTL_IMF,-0.0993420733485716,0.3806335176513614,80
subject_587,40,Sagittal,UTR_IMF,-0.035897579883133454,0.7519066175014681,80
subject_587,40,Frontal,MTL_IMF,-0.10232891611704106,0.36640548608783474,80
subject_587,40,Frontal,MTR_IMF,-0.17032567198625503,0.13090990331126517,80
subject_587,40,Frontal,SCML_IMF,0.09216057385341143,0.4161789376520304,80
subject_587,40,Frontal,SCMR_IMF,-0.1866421278358577,0.09737686629111976,80
subject_587,40,Frontal,STL_IMF,0.035564140670066705,0.7541377685543149,80
subject_587,40,Frontal,STR_IMF,-0.051284334724636164,0.6514280236798536,80
subject_587,40,Frontal,UTL_IMF,-0.007454484890695503,0.9476752140078664,80
subject_587,40,Frontal,UTR_IMF,-0.14981564000659828,0.18470656403547506,80
subject_587,40,Horizontal,MTL_IMF,,,80
subject_587,40,Horizontal,MTR_IMF,,,80
subject_587,40,Horizontal,SCML_IMF,,,80
subject_587,40,Horizontal,SCMR_IMF,,,80
subject_587,40,Horizontal,STL_IMF,,,80
subject_587,40,Horizontal,STR_IMF,,,80
subject_587,40,Horizontal,UTL_IMF,,,80
subject_587,40,Horizontal,UTR_IMF,,,80
subject_587,50,Sagittal,MTL_IMF,-0.04549028304963262,0.6867584417251269,81
subject_587,50,Sagittal,MTR_IMF,-0.14865957829654972,0.1853324119477573,81
subject_587,50,Sagittal,SCML_IMF,0.11809540144587087,0.2937096233727985,81
subject_587,50,Sagittal,SCMR_IMF,0.24906772630631194,0.024946473456794,81
subject_587,50,Sagittal,STL_IMF,-0.22357104377096798,0.044820158839164015,81
subject_587,50,Sagittal,STR_IMF,0.2859066515772609,0.009669850605005463,81
subject_587,50,Sagittal,UTL_IMF,0.07789362722235557,0.489441298542603,81
subject_587,50,Sagittal,UTR_IMF,0.1140143852901589,0.31082616305353755,81
subject_587,50,Frontal,MTL_IMF,-0.037129809573466635,0.7420892684293,81
subject_587,50,Frontal,MTR_IMF,-0.16682575177031572,0.13660637602870654,81
subject_587,50,Frontal,SCML_IMF,0.03288557884264117,0.7707080721478831,81
subject_587,50,Frontal,SCMR_IMF,0.12544961074715683,0.2644593303119418,81
subject_587,50,Frontal,STL_IMF,-0.06569211732485931,0.5601157235401245,81
subject_587,50,Frontal,STR_IMF,0.24546023642409856,0.02719449749253755,81
subject_587,50,Frontal,UTL_IMF,0.1814469425200912,0.10499016299320088,81
subject_587,50,Frontal,UTR_IMF,0.22245316799116796,0.04592885110199796,81
subject_587,50,Horizontal,MTL_IMF,,,81
subject_587,50,Horizontal,MTR_IMF,,,81
subject_587,50,Horizontal,SCML_IMF,,,81
subject_587,50,Horizontal,SCMR_IMF,,,81
subject_587,50,Horizontal,STL_IMF,,,81
subject_587,50,Horizontal,STR_IMF,,,81
subject_587,50,Horizontal,UTL_IMF,,,81
subject_587,50,Horizontal,UTR_IMF,,,81
subject_587,60,Sagittal,MTL_IMF,-0.010534303758049254,0.9256352762336042,81
subject_587,60,Sagittal,MTR_IMF,-0.036345169100448604,0.7473551064704825,81
subject_587,60,Sagittal,SCML_IMF,0.00510770311550423,0.9639039603533369,81
subject_587,60,Sagittal,SCMR_IMF,0.24153743282899465,0.029831300500634893,81
subject_587,60,Sagittal,STL_IMF,-0.14646327621980307,0.19198481910476506,81
subject_587,60,Sagittal,STR_IMF,0.3348964150498765,0.0022432256408604434,81
subject_587,60,Sagittal,UTL_IMF,0.24533829675998287,0.0272733869144101,81
subject_587,60,Sagittal,UTR_IMF,0.16435792895226806,0.14258797191161146,81
subject_587,60,Frontal,MTL_IMF,-0.018519148550912416,0.8696557091565107,81
subject_587,60,Frontal,MTR_IMF,-0.08621198381360547,0.444108133194429,81
subject_587,60,Frontal,SCML_IMF,0.008482426927558587,0.9400901071901419,81
subject_587,60,Frontal,SCMR_IMF,0.08180206977729687,0.46784262276923655,81
subject_587,60,Frontal,STL_IMF,-0.054843455549460116,0.626764719567952,81
subject_587,60,Frontal,STR_IMF,0.246126353893511,0.02676695115541743,81
subject_587,60,Frontal,UTL_IMF,0.32500616613609334,0.0030723216473106207,81
subject_587,60,Frontal,UTR_IMF,0.16006114235915375,0.15347011229863494,81
subject_587,60,Horizontal,MTL_IMF,,,81
subject_587,60,Horizontal,MTR_IMF,,,81
subject_587,60,Horizontal,SCML_IMF,,,81
subject_587,60,Horizontal,SCMR_IMF,,,81
subject_587,60,Horizontal,STL_IMF,,,81
subject_587,60,Horizontal,STR_IMF,,,81
subject_587,60,Horizontal,UTL_IMF,,,81
subject_587,60,Horizontal,UTR_IMF,,,81
subject_587,70,Sagittal,MTL_IMF,-0.03920791214109899,0.7298690256923165,80
subject_587,70,Sagittal,MTR_IMF,-0.20642724383684885,0.06619167454025697,80
subject_587,70,Sagittal,SCML_IMF,0.05053270584511284,0.6562118102423881,80
subject_587,70,Sagittal,SCMR_IMF,0.04029368684401199,0.7226871816270212,80
subject_587,70,Sagittal,STL_IMF,-0.01273275793448387,0.9107461921475062,80
subject_587,70,Sagittal,STR_IMF,0.1889600867614986,0.09321635460918747,80
subject_587,70,Sagittal,UTL_IMF,0.033207487786105994,0.7699633405719382,80
subject_587,70,Sagittal,UTR_IMF,0.04531333326383902,0.6898039370053245,80
subject_587,70,Frontal,MTL_IMF,0.03578727691873754,0.7526444667805907,80
subject_587,70,Frontal,MTR_IMF,-0.19486250595835672,0.08325245378411163,80
subject_587,70,Frontal,SCML_IMF,0.08065423196792429,0.4769605637654115,80
subject_587,70,Frontal,SCMR_IMF,-0.07041401289767954,0.5348226697473737,80
subject_587,70,Frontal,STL_IMF,-0.040471716001822956,0.7215118733970702,80
subject_587,70,Frontal,STR_IMF,0.10902376793751112,0.33571596223992495,80
subject_587,70,Frontal,UTL_IMF,-0.008379595347194728,0.9411925516101954,80
subject_587,70,Frontal,UTR_IMF,-0.07508473751379255,0.5080071145309113,80
subject_587,70,Horizontal,MTL_IMF,0.12278805016523822,0.27788753107070685,80
subject_587,70,Horizontal,MTR_IMF,-0.2567384458333747,0.021511987127862287,80
subject_587,70,Horizontal,SCML_IMF,-0.1483194729847119,0.18918083380390516,80
subject_587,70,Horizontal,SCMR_IMF,-0.1454603414104005,0.1979479274471655,80
subject_587,70,Horizontal,STL_IMF,-0.06847525170219529,0.5461554460467303,80
subject_587,70,Horizontal,STR_IMF,-0.2239000985574281,0.04587627085050976,80
subject_587,70,Horizontal,UTL_IMF,-0.169580293357917,0.13262890062933994,80
subject_587,70,Horizontal,UTR_IMF,-0.1040355679633815,0.35842379196871,80
subject_587,80,Sagittal,MTL_IMF,0.11628325238475476,0.3043312329886034,80
subject_587,80,Sagittal,MTR_IMF,-0.08019821976201125,0.47946365187789114,80
subject_587,80,Sagittal,SCML_IMF,-0.0012935367964509482,0.9909141614730654,80
subject_587,80,Sagittal,SCMR_IMF,0.1405823094665247,0.21357161372687672,80
subject_587,80,Sagittal,STL_IMF,-0.1168271479942079,0.3020593997521564,80
subject_587,80,Sagittal,STR_IMF,0.07211801407989034,0.5249591455375988,80
subject_587,80,Sagittal,UTL_IMF,0.1863192718322895,0.09796773231685788,80
subject_587,80,Sagittal,UTR_IMF,0.320310464835426,0.0037724702246057507,80
subject_587,80,Frontal,MTL_IMF,0.1615766715780089,0.15218160963521687,80
subject_587,80,Frontal,MTR_IMF,-0.08160616015012791,0.47175803950722434,80
subject_587,80,Frontal,SCML_IMF,0.08712154130671561,0.44222734156076066,80
subject_587,80,Frontal,SCMR_IMF,0.05775412376454647,0.6108478119403885,80
subject_587,80,Frontal,STL_IMF,-0.122485888562143,0.27908081612197355,80
subject_587,80,Frontal,STR_IMF,0.027919089124450677,0.8058109920864854,80
subject_587,80,Frontal,UTL_IMF,0.15836854348203552,0.1605960598432948,80
subject_587,80,Frontal,UTR_IMF,0.3860191721339756,0.0004055554530906866,80
subject_587,80,Horizontal,MTL_IMF,0.20153013972811376,0.07303494449397269,80
subject_587,80,Horizontal,MTR_IMF,-0.21506762269916876,0.055386458074225924,80
subject_587,80,Horizontal,SCML_IMF,-0.021123146946548377,0.8524617039913929,80
subject_587,80,Horizontal,SCMR_IMF,-0.04597849399959156,0.6854877481733229,80
subject_587,80,Horizontal,STL_IMF,-0.0820571123658383,0.4693042240481095,80
subject_587,80,Horizontal,STR_IMF,-0.24241583893672738,0.030270301447535983,80
subject_587,80,Horizontal,UTL_IMF,-0.09067761882640621,0.4237510679129154,80
subject_587,80,Horizontal,UTR_IMF,0.00993919658851973,0.9302725904557357,80
subject_587,90,Sagittal,MTL_IMF,-0.06482760225524847,0.5677885532822181,80
subject_587,90,Sagittal,MTR_IMF,-0.037300430418041104,0.7425421354383938,80
subject_587,90,Sagittal,SCML_IMF,-0.0943524546303306,0.40513159804204524,80
subject_587,90,Sagittal,SCMR_IMF,-0.2765146020027649,0.013031271869346984,80
subject_587,90,Sagittal,STL_IMF,-0.06403537574616021,0.5725396073904827,80
subject_587,90,Sagittal,STR_IMF,-0.05690425796093291,0.6161154475150064,80
subject_587,90,Sagittal,UTL_IMF,-0.0292993054655922,0.7964131754011319,80
subject_587,90,Sagittal,UTR_IMF,0.12673324666191232,0.2626198937536744,80
subject_587,90,Frontal,MTL_IMF,0.007298382196181362,0.9487694419617964,80
subject_587,90,Frontal,MTR_IMF,-0.08525283101962858,0.45211487941129064,80
subject_587,90,Frontal,SCML_IMF,0.030937715318647974,0.7852949035033195,80
subject_587,90,Frontal,SCMR_IMF,-0.20594773164749475,0.06683798425617186,80
subject_587,90,Frontal,STL_IMF,-0.09316412414199773,0.4110994408041648,80
subject_587,90,Frontal,STR_IMF,-0.12945665342388163,0.2524181454703481,80
subject_587,90,Frontal,UTL_IMF,-0.11911869974712168,0.2926095015974411,80
subject_587,90,Frontal,UTR_IMF,0.12916063208161657,0.2535137154720625,80
subject_587,90,Horizontal,MTL_IMF,0.17078380889803274,0.12986178462895284,80
subject_587,90,Horizontal,MTR_IMF,-0.004876585806616406,0.9657563148504416,80
subject_587,90,Horizontal,SCML_IMF,0.14386265978045473,0.20297206386850297,80
subject_587,90,Horizontal,SCMR_IMF,0.10968776789984622,0.3327632751187534,80
subject_587,90,Horizontal,STL_IMF,-0.004879709499631351,0.9657343933105608,80
subject_587,90,Horizontal,STR_IMF,-0.07314449294402214,0.5190618233924568,80
subject_587,90,Horizontal,UTL_IMF,-0.18762302151973986,0.09559883465758093,80
subject_587,90,Horizontal,UTR_IMF,-0.026817600946645603,0.8133308171747687,80
subject_588,10,Sagittal,MTL_IMF,-0.010424841931455422,0.9013064182429666,144
subject_588,10,Sagittal,MTR_IMF,-0.0007811930927686372,0.9925856710974762,144
subject_588,10,Sagittal,SCML_IMF,-0.1726584989299788,0.0385073833445886,144
subject_588,10,Sagittal,SCMR_IMF,-0.12887745897224154,0.12368758175750136,144
subject_588,10,Sagittal,STL_IMF,0.08035028828532309,0.3383911268407033,144
subject_588,10,Sagittal,STR_IMF,-0.113714774127085,0.17475237214963946,144
subject_588,10,Sagittal,UTL_IMF,0.0849986474868663,0.3110942531868658,144
subject_588,10,Sagittal,UTR_IMF,-0.0837915071229081,0.31804086958705824,144
subject_588,10,Frontal,MTL_IMF,-0.003831742230996974,0.9636447480145752,144
subject_588,10,Frontal,MTR_IMF,0.14482455601824684,0.08329298822587329,144
subject_588,10,Frontal,SCML_IMF,-0.04575474623106746,0.5860582247639707,144
subject_588,10,Frontal,SCMR_IMF,-0.02323621515795588,0.7822087936067484,144
subject_588,10,Frontal,STL_IMF,-0.1306568385210033,0.11854349265807901,144
subject_588,10,Frontal,STR_IMF,0.06439405944021069,0.44320617760042325,144
subject_588,10,Frontal,UTL_IMF,-0.08351745083511186,0.3196318536422662,144
subject_588,10,Frontal,UTR_IMF,0.06515118018614167,0.4378522767514255,144
subject_588,10,Horizontal,MTL_IMF,0.011954064441637434,0.8869191618227426,144
subject_588,10,Horizontal,MTR_IMF,-0.03579100737018478,0.6701913652519687,144
subject_588,10,Horizontal,SCML_IMF,0.02705159316229425,0.7475672130227511,144
subject_588,10,Horizontal,SCMR_IMF,0.07114084393789859,0.39681448700074384,144
subject_588,10,Horizontal,STL_IMF,-0.12937413830247776,0.12223466921173712,144
subject_588,10,Horizontal,STR_IMF,0.01788467704640997,0.8315120821898314,144
subject_588,10,Horizontal,UTL_IMF,-0.008356748294071912,0.9208137591231357,144
subject_588,10,Horizontal,UTR_IMF,-0.045273448599912273,0.5900090857281562,144
subject_588,20,Sagittal,MTL_IMF,-0.07187768786390444,0.39192976228503884,144
subject_588,20,Sagittal,MTR_IMF,-0.006951239607504955,0.9340989309679771,144
subject_588,20,Sagittal,SCML_IMF,-0.13357710048550267,0.11046280815956823,144
subject_588,20,Sagittal,SCMR_IMF,0.047502445159248445,0.5718149100322717,144
subject_588,20,Sagittal,STL_IMF,-0.021926803612733407,0.7942006326156167,144
subject_588,20,Sagittal,STR_IMF,-0.0897878500395688,0.2845171194711981,144
subject_588,20,Sagittal,UTL_IMF,0.0757492813368149,0.36686223105615423,144
subject_588,20,Sagittal,UTR_IMF,0.05132798373502219,0.5412190488063147,144
subject_588,20,Frontal,MTL_IMF,0.018827197751218907,0.8227750594177562,144
subject_588,20,Frontal,MTR_IMF,-0.035073139218049,0.6764312040184771,144
subject_588,20,Frontal,SCML_IMF,-0.09133089780883791,0.2762879409338752,144
subject_588,20,Frontal,SCMR_IMF,-0.0032789273835713336,0.9688869564434388,144
subject_588,20,Frontal,STL_IMF,-0.11298286938910171,0.17756206435247962,144
subject_588,20,Frontal,STR_IMF,0.12604662783422754,0.13222444037224643,144
subject_588,20,Frontal,UTL_IMF,-0.027997046640173134,0.7390574415509207,144
subject_588,20,Frontal,UTR_IMF,0.09205659608161469,0.27247381675888466,144
subject_588,20,Horizontal,MTL_IMF,-0.028455817393874257,0.7349394627479073,144
subject_588,20,Horizontal,MTR_IMF,0.05943878342241198,0.47914709251950477,144
subject_588,20,Horizontal,SCML_IMF,-0.09118460365198686,0.2770611748619088,144
subject_588,20,Horizontal,SCMR_IMF,0.04808161031919629,0.567131041555996,144
subject_588,20,Horizontal,STL_IMF,-0.014230387789937553,0.8655725247967726,144
subject_588,20,Horizontal,STR_IMF,0.11336542704506634,0.17608934905650456,144
subject_588,20,Horizontal,UTL_IMF,-0.09755647363223299,0.2447273635958472,144
subject_588,20,Horizontal,UTR_IMF,-0.11214126826693525,0.1808338430272491,144
subject_588,30,Sagittal,MTL_IMF,-0.008172758141664349,0.9225517100583842,144
subject_588,30,Sagittal,MTR_IMF,-0.024126963923290178,0.7740801323383298,144
subject_588,30,Sagittal,SCML_IMF,-0.13211526344854022,0.11445234760064975,144
subject_588,30,Sagittal,SCMR_IMF,-0.2003755570192773,0.01603909425071252,144
subject_588,30,Sagittal,STL_IMF,-0.0006473200281163766,0.9938562372680256,144
subject_588,30,Sagittal,STR_IMF,0.0086771438958987,0.9177882349001436,144
subject_588,30,Sagittal,UTL_IMF,0.15074739656799918,0.07130600074627018,144
subject_588,30,Sagittal,UTR_IMF,0.049672286543711676,0.5543612295040328,144
subject_588,30,Frontal,MTL_IMF,-0.047232002343278116,0.574008269786858,144
subject_588,30,Frontal,MTR_IMF,-0.06954441730343694,0.4075215001161646,144
subject_588,30,Frontal,SCML_IMF,-0.05327049747189821,0.5259991497772237,144
subject_588,30,Frontal,SCMR_IMF,-0.058663819944005234,0.4849068762160049,144
subject_588,30,Frontal,STL_IMF,-0.06096731532462083,0.4678956857983398,144
subject_588,30,Frontal,STR_IMF,-0.028083863363279876,0.738277592398494,144
subject_588,30,Frontal,UTL_IMF,0.26742128484614713,0.0011939951926558266,144
subject_588,30,Frontal,UTR_IMF,0.07395327612956328,0.3783654801661655,144
subject_588,30,Horizontal,MTL_IMF,-0.16986855564088427,0.04180313490979971,144
subject_588,30,Horizontal,MTR_IMF,0.050994377970726285,0.5438546281534444,144
subject_588,30,Horizontal,SCML_IMF,-0.08093992544890216,0.33484671462455823,144
subject_588,30,Horizontal,SCMR_IMF,0.10493532295331078,0.21067625155287747,144
subject_588,30,Horizontal,STL_IMF,-0.08162101086646484,0.3307821628834803,144
subject_588,30,Horizontal,STR_IMF,0.07190807900539686,0.3917290698643154,144
subject_588,30,Horizontal,UTL_IMF,-0.13717026052571007,0.10111826911901593,144
subject_588,30,Horizontal,UTR_IMF,-0.1646946715354493,0.04854080267480553,144
subject_588,40,Sagittal,MTL_IMF,0.025896354497586597,0.7580065738646449,144
subject_588,40,Sagittal,MTR_IMF,-0.0024663415313696674,0.9765948614730107,144
subject_588,40,Sagittal,SCML_IMF,-0.03036545990915867,0.7178803635080008,144
subject_588,40,Sagittal,SCMR_IMF,-0.1081232395409434,0.19706593444374065,144
subject_588,40,Sagittal,STL_IMF,-0.09584816513763562,0.25312707161030745,144
subject_588,40,Sagittal,STR_IMF,0.03519899055543105,0.6753356762596235,144
subject_588,40,Sagittal,UTL_IMF,0.05705053686642603,0.49701540365675506,144
subject_588,40,Sagittal,UTR_IMF,-0.0003474383134282187,0.9967024140659463,144
subject_588,40,Frontal,MTL_IMF,-0.03178315488195607,0.7053047661888511,144
subject_588,40,Frontal,MTR_IMF,-0.02721325671309562,0.7461099314425343,144
subject_588,40,Frontal,SCML_IMF,-0.08583059946167367,0.30636478374801956,144
subject_588,40,Frontal,SCMR_IMF,-0.08075135192045717,0.3359776797825225,144
subject_588,40,Frontal,STL_IMF,0.016467281074592752,0.8446896727595383,144
subject_588,40,Frontal,STR_IMF,-0.15855012887671593,0.057690347870945714,144
subject_588,40,Frontal,UTL_IMF,0.08342736374995367,0.3201559608879365,144
subject_588,40,Frontal,UTR_IMF,-0.06779898512233183,0.419420693895508,144
subject_588,40,Horizontal,MTL_IMF,0.017565531223340758,0.8344752470185514,144
subject_588,40,Horizontal,MTR_IMF,-0.021678731538063503,0.7964780502437284,144
subject_588,40,Horizontal,SCML_IMF,-0.02114708957710524,0.801364528290585,144
subject_588,40,Horizontal,SCMR_IMF,-0.022014064926586894,0.7933999443787902,144
subject_588,40,Horizontal,STL_IMF,-0.10187676753229984,0.2243544637972086,144
subject_588,40,Horizontal,STR_IMF,0.10961604090828646,0.19091633670829275,144
subject_588,40,Horizontal,UTL_IMF,-0.041401997917273954,0.6222208383827535,144
subject_588,40,Horizontal,UTR_IMF,0.07691832198352477,0.35949183727634,144
subject_588,50,Sagittal,MTL_IMF,-0.005333925726155622,0.9494084054021588,144
subject_588,50,Sagittal,MTR_IMF,-0.08754846845332653,0.2967490078911534,144
subject_588,50,Sagittal,SCML_IMF,0.049629721491245844,0.5547011176434781,144
subject_588,50,Sagittal,SCMR_IMF,0.0309793103951961,0.712425709656652,144
subject_588,50,Sagittal,STL_IMF,-0.056184615093001135,0.5035797279240346,144
subject_588,50,Sagittal,STR_IMF,0.041265465779590456,0.6233705033854461,144
subject_588,50,Sagittal,UTL_IMF,0.0638132591090971,0.4473382139639479,144
subject_588,50,Sagittal,UTR_IMF,-0.034210562212437616,0.6839580241363137,144
subject_588,50,Frontal,MTL_IMF,-0.05061788436128363,0.5468366003042541,144
subject_588,50,Frontal,MTR_IMF,0.015813989591921675,0.8507780925290526,144
subject_588,50,Frontal,SCML_IMF,-0.03599147657764947,0.6684528420909741,144
subject_588,50,Frontal,SCMR_IMF,-0.13425368835528803,0.10865349565028272,144
subject_588,50,Frontal,STL_IMF,-0.04299956552231068,0.6088368639530555,144
subject_588,50,Frontal,STR_IMF,-0.011722215826853163,0.8890981923818166,144
subject_588,50,Frontal,UTL_IMF,0.038764504196340456,0.644588181343388,144
subject_588,50,Frontal,UTR_IMF,-0.0387029705078412,0.6451139421588236,144
subject_588,50,Horizontal,MTL_IMF,0.05749758259812064,0.493644209905722,144
subject_588,50,Horizontal,MTR_IMF,-0.09732570790020634,0.24585058462923795,144
subject_588,50,Horizontal,SCML_IMF,0.10268340290190997,0.22068759719195744,144
subject_588,50,Horizontal,SCMR_IMF,-0.00570093917083377,0.9459324371616487,144
subject_588,50,Horizontal,STL_IMF,-0.10331450485512673,0.217848481068892,144
subject_588,50,Horizontal,STR_IMF,0.055510934646187594,0.5087178690047911,144
subject_588,50,Horizontal,UTL_IMF,0.006811747214671461,0.9354184949674297,144
subject_588,50,Horizontal,UTR_IMF,0.10666408581524953,0.20321436110740976,144
subject_588,60,Sagittal,MTL_IMF,-0.0715526411177348,0.3940801145315189,144
subject_588,60,Sagittal,MTR_IMF,-0.2065471074763864,0.012998607311009406,144
subject_588,60,Sagittal,SCML_IMF,0.07154795701684054,0.3941111538268849,144
subject_588,60,Sagittal,SCMR_IMF,0.10557685325601958,0.20788464547470753,144
subject_588,60,Sagittal,STL_IMF,-0.07486248940970563,0.37251484182534006,144
subject_588,60,Sagittal,STR_IMF,0.0007262675238034446,0.9931069581315786,144
subject_588,60,Sagittal,UTL_IMF,0.11326134412521481,0.17648913722605178,144
subject_588,60,Sagittal,UTR_IMF,-0.024192224553024822,0.7734855372816223,144
subject_588,60,Frontal,MTL_IMF,-0.06297280489878734,0.45335571986356754,144
subject_588,60,Frontal,MTR_IMF,-0.029643283704442934,0.724315841352642,144
subject_588,60,Frontal,SCML_IMF,0.056027424379114656,0.5047761871386508,144
subject_588,60,Frontal,SCMR_IMF,-0.011593500411494592,0.8903082840262595,144
subject_588,60,Frontal,STL_IMF,-0.12653498311856198,0.13072033790405738,144
subject_588,60,Frontal,STR_IMF,0.05495547413361658,0.5129747083379077,144
subject_588,60,Frontal,UTL_IMF,0.09047560997704628,0.2808291975418646,144
subject_588,60,Frontal,UTR_IMF,-0.04373479637915864,0.602720212911057,144
subject_588,60,Horizontal,MTL_IMF,0.011250464812156342,0.8935344905310266,144
subject_588,60,Horizontal,MTR_IMF,-0.031979324188643056,0.7035708212432982,144
subject_588,60,Horizontal,SCML_IMF,0.10437705050349863,0.21312731126543868,144
subject_588,60,Horizontal,SCMR_IMF,0.0414165671907035,0.6220982119818679,144
subject_588,60,Horizontal,STL_IMF,-0.11721047395541487,0.1617845900584611,144
subject_588,60,Horizontal,STR_IMF,0.0498259579063613,0.55313498093787,144
subject_588,60,Horizontal,UTL_IMF,-0.01822991665898361,0.828309312224786,144
subject_588,60,Horizontal,UTR_IMF,-0.046148881115141045,0.5828319350437903,144
subject_588,70,Sagittal,MTL_IMF,-0.052566912881860106,0.5314867467013582,144
subject_588,70,Sagittal,MTR_IMF,-0.07629430943688383,0.3634144947222384,144
subject_588,70,Sagittal,SCML_IMF,-0.15503791460803723,0.06352829156844338,144
subject_588,70,Sagittal,SCMR_IMF,-0.042016261780836374,0.6170597493900964,144
subject_588,70,Sagittal,STL_IMF,-0.20062726062073527,0.015903937965868722,144
subject_588,70,Sagittal,STR_IMF,0.08598612400616744,0.30548591803273123,144
subject_588,70,Sagittal,UTL_IMF,-0.0719909539994628,0.39118210613668036,144
subject_588,70,Sagittal,UTR_IMF,-0.18665809949882797,0.02508436135629627,144
subject_588,70,Frontal,MTL_IMF,0.07308181306351848,0.38402542722131033,144
subject_588,70,Frontal,MTR_IMF,0.01274952857897222,0.87944951287501,144
subject_588,70,Frontal,SCML_IMF,0.031590992158476605,0.7070047665112343,144
subject_588,70,Frontal,SCMR_IMF,0.061006051196043666,0.46761244822389253,144
subject_588,70,Frontal,STL_IMF,-0.08275118686086225,0.3241075472030573,144
subject_588,70,Frontal,STR_IMF,0.05890146684819059,0.483136671226719,144
subject_588,70,Frontal,UTL_IMF,-0.060510443306450445,0.47124342990401635,144
subject_588,70,Frontal,UTR_IMF,-0.10904708358568665,0.1932434639955763,144
subject_588,70,Horizontal,MTL_IMF,0.12287631937175603,0.14231325962397276,144
subject_588,70,Horizontal,MTR_IMF,-0.04810647656187911,0.566930349302465,144
subject_588,70,Horizontal,SCML_IMF,0.006796987139787407,0.9355581320074442,144
subject_588,70,Horizontal,SCMR_IMF,-0.0035185873022848695,0.9666141433473566,144
subject_588,70,Horizontal,STL_IMF,-0.03156827804699386,0.7072058065407425,144
subject_588,70,Horizontal,STR_IMF,0.13395908785061675,0.1094384361388306,144
subject_588,70,Horizontal,UTL_IMF,-0.10378679183777266,0.2157408827894775,144
subject_588,70,Horizontal,UTR_IMF,0.0005321560714007562,0.9949492509743203,144
subject_588,80,Sagittal,MTL_IMF,0.11053490067685637,0.18720125617327038,144
subject_588,80,Sagittal,MTR_IMF,0.133494542165951,0.11068518565583071,144
subject_588,80,Sagittal,SCML_IMF,-0.07284868207191052,0.3855482051620364,144
subject_588,80,Sagittal,SCMR_IMF,-0.16646499671756074,0.04614045901070628,144
subject_588,80,Sagittal,STL_IMF,-0.11713803153251084,0.16204582197083794,144
subject_588,80,Sagittal,STR_IMF,0.21151390805676254,0.010930693523704396,144
subject_588,80,Sagittal,UTL_IMF,-0.09700048712178186,0.2474396164265668,144
subject_588,80,Sagittal,UTR_IMF,-0.1802210455995448,0.030654026518421654,144
subject_588,80,Frontal,MTL_IMF,0.18451243447243182,0.026835893106671078,144
subject_588,80,Frontal,MTR_IMF,0.14492928615364148,0.08306781779710538,144
subject_588,80,Frontal,SCML_IMF,-0.03978412364636436,0.6359020301713053,144
subject_588,80,Frontal,SCMR_IMF,-0.11506589583245996,0.1696520700484135,144
subject_588,80,Frontal,STL_IMF,-0.11927812662227778,0.15446046830829332,144
subject_588,80,Frontal,STR_IMF,0.21611422321657917,0.009279329415956335,144
subject_588,80,Frontal,UTL_IMF,-0.10700572779172386,0.2017625428368176,144
subject_588,80,Frontal,UTR_IMF,0.005966631494314001,0.9434167083562995,144
subject_588,80,Horizontal,MTL_IMF,0.07154845209728769,0.39410787309646417,144
subject_588,80,Horizontal,MTR_IMF,-0.008461330130712907,0.9198260567170413,144
subject_588,80,Horizontal,SCML_IMF,0.06618997936706585,0.4305667633590187,144
subject_588,80,Horizontal,SCMR_IMF,-0.016184002418576985,0.8473286135305856,144
subject_588,80,Horizontal,STL_IMF,0.005801587803874942,0.9449793734943392,144
subject_588,80,Horizontal,STR_IMF,0.057775366245558665,0.49155554690696496,144
subject_588,80,Horizontal,UTL_IMF,0.0019328183417214792,0.9816568963616222,144
subject_588,80,Horizontal,UTR_IMF,0.0843341227994624,0.3149059842978719,144
subject_588,90,Sagittal,MTL_IMF,0.07727405282814387,0.3589720000976333,143
subject_588,90,Sagittal,MTR_IMF,0.15627049605647633,0.062351235484592205,143
subject_588,90,Sagittal,SCML_IMF,-0.09087711423827889,0.2803962080820284,143
subject_588,90,Sagittal,SCMR_IMF,-0.20475134377561427,0.014165961338756689,143
subject_588,90,Sagittal,STL_IMF,-0.013743962858259056,0.8705821230764456,143
subject_588,90,Sagittal,STR_IMF,0.2271411566800225,0.006369491729904776,143
subject_588,90,Sagittal,UTL_IMF,-0.19208872686771247,0.021542833843637036,143
subject_588,90,Sagittal,UTR_IMF,-0.21007623132535935,0.011793451076945115,143
subject_588,90,Frontal,MTL_IMF,0.06826842354940309,0.41785260131950325,143
subject_588,90,Frontal,MTR_IMF,0.006198928641493493,0.941425343336904,143
subject_588,90,Frontal,SCML_IMF,-0.037378645376930815,0.6576098473236663,143
subject_588,90,Frontal,SCMR_IMF,-0.059106146741961574,0.4831677705002227,143
subject_588,90,Frontal,STL_IMF,-0.04480320077313254,0.5951880046344218,143
subject_588,90,Frontal,STR_IMF,0.017868875505036845,0.8322457566951635,143
subject_588,90,Frontal,UTL_IMF,-0.030872198642886886,0.7143464641808261,143
subject_588,90,Frontal,UTR_IMF,0.05094421155153417,0.5456774632701313,143
subject_588,90,Horizontal,MTL_IMF,-0.06829953045761739,0.41763999761828563,143
subject_588,90,Horizontal,MTR_IMF,-0.060311525450959025,0.4742737007715778,143
subject_588,90,Horizontal,SCML_IMF,-0.011166513268230658,0.8946961981290105,143
subject_588,90,Horizontal,SCMR_IMF,0.05435528949287304,0.5190782718039763,143
subject_588,90,Horizontal,STL_IMF,0.008432777209043714,0.9203776089843732,143
subject_588,90,Horizontal,STR_IMF,-0.007167094781831376,0.9322972716602719,143
subject_588,90,Horizontal,UTL_IMF,-0.05247516986386577,0.533656928289112,143
subject_588,90,Horizontal,UTR_IMF,-0.03940938702973466,0.640275811105597,143
subject_590,10,Sagittal,MTL_IMF,-0.10171479798648254,0.2422269198239877,134
subject_590,10,Sagittal,MTR_IMF,0.0009624419357434935,0.9911941693435853,134
subject_590,10,Sagittal,SCML_IMF,0.0762705341498568,0.3810841373444769,134
subject_590,10,Sagittal,SCMR_IMF,-0.07084213810521886,0.41599056732862943,134
subject_590,10,Sagittal,STL_IMF,0.07809926525649462,0.3697373162097894,134
subject_590,10,Sagittal,STR_IMF,0.04852005760253105,0.5777144164124132,134
subject_590,10,Sagittal,UTL_IMF,0.10523296708857945,0.2262365744141226,134
subject_590,10,Sagittal,UTR_IMF,0.055066450346329024,0.5274208191382007,134
subject_590,10,Frontal,MTL_IMF,,,134
subject_590,10,Frontal,MTR_IMF,,,134
subject_590,10,Frontal,SCML_IMF,,,134
subject_590,10,Frontal,SCMR_IMF,,,134
subject_590,10,Frontal,STL_IMF,,,134
subject_590,10,Frontal,STR_IMF,,,134
subject_590,10,Frontal,UTL_IMF,,,134
subject_590,10,Frontal,UTR_IMF,,,134
subject_590,10,Horizontal,MTL_IMF,-0.05614390420184277,0.5193599173620418,134
subject_590,10,Horizontal,MTR_IMF,0.051114477852355615,0.557517318149719,134
subject_590,10,Horizontal,SCML_IMF,-0.04669088384565041,0.5921557104115627,134
subject_590,10,Horizontal,SCMR_IMF,-0.08393803525570623,0.33491914946245754,134
subject_590,10,Horizontal,STL_IMF,-0.19477498545132518,0.024120502238096107,134
subject_590,10,Horizontal,STR_IMF,-0.017678714993649244,0.8393347328654407,134
subject_590,10,Horizontal,UTL_IMF,0.06183287019280717,0.47786476769248526,134
subject_590,10,Horizontal,UTR_IMF,-0.12965230167235317,0.13541555338241362,134
subject_590,20,Sagittal,MTL_IMF,-0.015654761794759952,0.8580583951690197,133
subject_590,20,Sagittal,MTR_IMF,-0.059641393027188,0.4952813687866978,133
subject_590,20,Sagittal,SCML_IMF,0.1385305628984869,0.1117876648124497,133
subject_590,20,Sagittal,SCMR_IMF,-0.1605446848792849,0.06489105538817551,133
subject_590,20,Sagittal,STL_IMF,0.02047738546708657,0.8150221771865781,133
subject_590,20,Sagittal,STR_IMF,0.09909034667192218,0.25647006052482524,133
subject_590,20,Sagittal,UTL_IMF,-0.026197369455752167,0.7646941180202095,133
subject_590,20,Sagittal,UTR_IMF,0.0858461440778359,0.3258555836668369,133
subject_590,20,Frontal,MTL_IMF,,,133
subject_590,20,Frontal,MTR_IMF,,,133
subject_590,20,Frontal,SCML_IMF,,,133
subject_590,20,Frontal,SCMR_IMF,,,133
subject_590,20,Frontal,STL_IMF,,,133
subject_590,20,Frontal,STR_IMF,,,133
subject_590,20,Frontal,UTL_IMF,,,133
subject_590,20,Frontal,UTR_IMF,,,133
subject_590,20,Horizontal,MTL_IMF,-0.04568236694862086,0.6015767041383113,133
subject_590,20,Horizontal,MTR_IMF,0.04347792575228767,0.619249725532037,133
subject_590,20,Horizontal,SCML_IMF,0.0925097443549129,0.28956482590495214,133
subject_590,20,Horizontal,SCMR_IMF,0.11147830178191459,0.20143254679023992,133
subject_590,20,Horizontal,STL_IMF,0.1389432846625446,0.11071373640836242,133
subject_590,20,Horizontal,STR_IMF,-0.10626783908806506,0.22344342441856588,133
subject_590,20,Horizontal,UTL_IMF,0.1177600715806554,0.17702942333500396,133
subject_590,20,Horizontal,UTR_IMF,0.1233713687472925,0.1571363487571885,133
subject_590,30,Sagittal,MTL_IMF,-0.03203505920227966,0.7153743423291348,132
subject_590,30,Sagittal,MTR_IMF,-0.05677166470510782,0.5179071822520294,132
subject_590,30,Sagittal,SCML_IMF,0.07779644331116768,0.37526381118957225,132
subject_590,30,Sagittal,SCMR_IMF,-0.19493311953825876,0.02510118553434872,132
subject_590,30,Sagittal,STL_IMF,-0.06775795929764027,0.4401362476290239,132
subject_590,30,Sagittal,STR_IMF,-0.08712397446390126,0.3205403394164153,132
subject_590,30,Sagittal,UTL_IMF,-0.12515034350995907,0.15276865572185913,132
subject_590,30,Sagittal,UTR_IMF,-0.02337934869449675,0.7901700119482311,132
subject_590,30,Frontal,MTL_IMF,,,132
subject_590,30,Frontal,MTR_IMF,,,132
subject_590,30,Frontal,SCML_IMF,,,132
subject_590,30,Frontal,SCMR_IMF,,,132
subject_590,30,Frontal,STL_IMF,,,132
subject_590,30,Frontal,STR_IMF,,,132
subject_590,30,Frontal,UTL_IMF,,,132
subject_590,30,Frontal,UTR_IMF,,,132
subject_590,30,Horizontal,MTL_IMF,-0.012058134378725936,0.8908531554213528,132
subject_590,30,Horizontal,MTR_IMF,-0.09050442066297212,0.3020503492085601,132
subject_590,30,Horizontal,SCML_IMF,0.08838971063510578,0.31353328112302764,132
subject_590,30,Horizontal,SCMR_IMF,-0.012323629513614463,0.8884653339083401,132
subject_590,30,Horizontal,STL_IMF,0.04352515813250518,0.6202156723874481,132
subject_590,30,Horizontal,STR_IMF,-0.06424380363087448,0.4642654296050081,132
subject_590,30,Horizontal,UTL_IMF,-0.04954850694129223,0.5726171507460943,132
subject_590,30,Horizontal,UTR_IMF,-0.11229130452913318,0.19987186875795118,132
subject_590,40,Sagittal,MTL_IMF,-0.15513577688460556,0.07458042107985495,133
subject_590,40,Sagittal,MTR_IMF,-0.16949899828648762,0.051123313434741705,133
subject_590,40,Sagittal,SCML_IMF,-0.07403239875428991,0.3970580885719936,133
subject_590,40,Sagittal,SCMR_IMF,-0.0585460191962768,0.5032487717416242,133
subject_590,40,Sagittal,STL_IMF,-0.047068763602670545,0.5905785179297381,133
subject_590,40,Sagittal,STR_IMF,-0.14435709100781363,0.09736034357893951,133
subject_590,40,Sagittal,UTL_IMF,0.018891921397614968,0.8291164082476175,133
subject_590,40,Sagittal,UTR_IMF,-0.14042216961404408,0.10693159717414251,133
subject_590,40,Frontal,MTL_IMF,,,133
subject_590,40,Frontal,MTR_IMF,,,133
subject_590,40,Frontal,SCML_IMF,,,133
subject_590,40,Frontal,SCMR_IMF,,,133
subject_590,40,Frontal,STL_IMF,,,133
subject_590,40,Frontal,STR_IMF,,,133
subject_590,40,Frontal,UTL_IMF,,,133
subject_590,40,Frontal,UTR_IMF,,,133
subject_590,40,Horizontal,MTL_IMF,0.06221570767073273,0.47682193968831427,133
subject_590,40,Horizontal,MTR_IMF,-0.022423971805050416,0.797798729913889,133
subject_590,40,Horizontal,SCML_IMF,0.11023360374867083,0.20654276888534984,133
subject_590,40,Horizontal,SCMR_IMF,-0.11630220788662417,0.18248895944958293,133
subject_590,40,Horizontal,STL_IMF,-0.08937225255032999,0.3063027260473733,133
subject_590,40,Horizontal,STR_IMF,-0.025318457403942493,0.7723694892473227,133
subject_590,40,Horizontal,UTL_IMF,-0.0891203325953112,0.30767361870338744,133
subject_590,40,Horizontal,UTR_IMF,-0.19924995495048037,0.02148919206236792,133
subject_590,50,Sagittal,MTL_IMF,-0.032654643486231635,0.7079852267169918,134
subject_590,50,Sagittal,MTR_IMF,-0.18124568012016667,0.036099500145525175,134
subject_590,50,Sagittal,SCML_IMF,-0.057273987964971886,0.5109733379885855,134
subject_590,50,Sagittal,SCMR_IMF,0.2383039687807647,0.005557841084231205,134
subject_590,50,Sagittal,STL_IMF,-0.012626351865869663,0.8848711268488624,134
subject_590,50,Sagittal,STR_IMF,0.07730571338973276,0.37463538019348436,134
subject_590,50,Sagittal,UTL_IMF,0.10974699311946592,0.20683077561668214,134
subject_590,50,Sagittal,UTR_IMF,-0.08060698032897105,0.3545191867323288,134
subject_590,50,Frontal,MTL_IMF,,,134
subject_590,50,Frontal,MTR_IMF,,,134
subject_590,50,Frontal,SCML_IMF,,,134
subject_590,50,Frontal,SCMR_IMF,,,134
subject_590,50,Frontal,STL_IMF,,,134
subject_590,50,Frontal,STR_IMF,,,134
subject_590,50,Frontal,UTL_IMF,,,134
subject_590,50,Frontal,UTR_IMF,,,134
subject_590,50,Horizontal,MTL_IMF,0.05701544927819559,0.5128858154252856,134
subject_590,50,Horizontal,MTR_IMF,-0.03707281603278883,0.6706365214758412,134
subject_590,50,Horizontal,SCML_IMF,0.002165881551936776,0.9801849546756354,134
subject_590,50,Horizontal,SCMR_IMF,0.17163031534232745,0.04737967037245127,134
subject_590,50,Horizontal,STL_IMF,-0.07770392096109235,0.37217257410652227,134
subject_590,50,Horizontal,STR_IMF,-0.07580263635410696,0.38402092948080446,134
subject_590,50,Horizontal,UTL_IMF,0.03633536760452288,0.6768178159715192,134
subject_590,50,Horizontal,UTR_IMF,-0.12904055878134482,0.13728490691112727,134
subject_590,60,Sagittal,MTL_IMF,0.19403967133949965,0.025223230563117045,133
subject_590,60,Sagittal,MTR_IMF,-0.12320141912822312,0.15771315370350716,133
subject_590,60,Sagittal,SCML_IMF,-0.19699021759809462,0.02304580796686646,133
subject_590,60,Sagittal,SCMR_IMF,0.09044581423459969,0.30050556844916115,133
subject_590,60,Sagittal,STL_IMF,0.0985719258943127,0.25897891042454874,133
subject_590,60,Sagittal,STR_IMF,0.04898894646764091,0.5754988592824746,133
subject_590,60,Sagittal,UTL_IMF,0.17096612258340568,0.04911666724017778,133
subject_590,60,Sagittal,UTR_IMF,-0.07157473784589957,0.41295803906453715,133
subject_590,60,Frontal,MTL_IMF,,,133
subject_590,60,Frontal,MTR_IMF,,,133
subject_590,60,Frontal,SCML_IMF,,,133
subject_590,60,Frontal,SCMR_IMF,,,133
subject_590,60,Frontal,STL_IMF,,,133
subject_590,60,Frontal,STR_IMF,,,133
subject_590,60,Frontal,UTL_IMF,,,133
subject_590,60,Frontal,UTR_IMF,,,133
subject_590,60,Horizontal,MTL_IMF,0.0406610039761668,0.6421524238959866,133
subject_590,60,Horizontal,MTR_IMF,-0.03161105301057056,0.7179457900414551,133
subject_590,60,Horizontal,SCML_IMF,0.0005181901601010794,0.9952768301257868,133
subject_590,60,Horizontal,SCMR_IMF,0.13817039094193617,0.11273147772939339,133
subject_590,60,Horizontal,STL_IMF,0.018909015577097538,0.8289641479333668,133
subject_590,60,Horizontal,STR_IMF,-0.03005357095403362,0.7312970801258191,133
subject_590,60,Horizontal,UTL_IMF,-0.049230642823980236,0.5736135752922604,133
subject_590,60,Horizontal,UTR_IMF,-0.10472577867255432,0.2302721742958135,133
subject_590,70,Sagittal,MTL_IMF,-0.09547521783511272,0.27616117816735625,132
subject_590,70,Sagittal,MTR_IMF,0.09980782338281498,0.25485176908857854,132
subject_590,70,Sagittal,SCML_IMF,-0.18478965325237898,0.0339064928780491,132
subject_590,70,Sagittal,SCMR_IMF,-0.09122885603920038,0.2981810831286511,132
subject_590,70,Sagittal,STL_IMF,-0.05777012271211968,0.5105605327597783,132
subject_590,70,Sagittal,STR_IMF,-0.047754502806443395,0.5866139019368387,132
subject_590,70,Sagittal,UTL_IMF,0.12415732900207946,0.15607807173532384,132
subject_590,70,Sagittal,UTR_IMF,-0.018153279926002467,0.836323338664311,132
subject_590,70,Frontal,MTL_IMF,,,132
subject_590,70,Frontal,MTR_IMF,,,132
subject_590,70,Frontal,SCML_IMF,,,132
subject_590,70,Frontal,SCMR_IMF,,,132
subject_590,70,Frontal,STL_IMF,,,132
subject_590,70,Frontal,STR_IMF,,,132
subject_590,70,Frontal,UTL_IMF,,,132
subject_590,70,Frontal,UTR_IMF,,,132
subject_590,70,Horizontal,MTL_IMF,-0.012918955960605424,0.8831147282239366,132
subject_590,70,Horizontal,MTR_IMF,-0.17134253264619026,0.04948316358626631,132
subject_590,70,Horizontal,SCML_IMF,-0.15548216489113947,0.07504219046356887,132
subject_590,70,Horizontal,SCMR_IMF,-0.06546415642626065,0.45580470431524356,132
subject_590,70,Horizontal,STL_IMF,-0.03417722785355639,0.69724255024979,132
subject_590,70,Horizontal,STR_IMF,-0.041271911543619554,0.638449011316091,132
subject_590,70,Horizontal,UTL_IMF,-0.11338953616780072,0.1954806090625403,132
subject_590,70,Horizontal,UTR_IMF,0.012094128190031262,0.8905293749158325,132
subject_590,80,Sagittal,MTL_IMF,-0.08054498650734145,0.35672659505881327,133
subject_590,80,Sagittal,MTR_IMF,0.031630348021660606,0.7177809094202351,133
subject_590,80,Sagittal,SCML_IMF,0.09180939722394636,0.29324719704001767,133
subject_590,80,Sagittal,SCMR_IMF,-0.09600814971334529,0.2716328030795032,133
subject_590,80,Sagittal,STL_IMF,-0.22823938747280031,0.008234253246419436,133
subject_590,80,Sagittal,STR_IMF,0.04995374005286132,0.5679906071673382,133
subject_590,80,Sagittal,UTL_IMF,-0.18101980172832152,0.03705339804062927,133
subject_590,80,Sagittal,UTR_IMF,-0.09333799450923212,0.2852498435805404,133
subject_590,80,Frontal,MTL_IMF,0.11338448843660441,0.19378422567812584,133
subject_590,80,Frontal,MTR_IMF,-0.009040396143557321,0.9177432092598231,133
subject_590,80,Frontal,SCML_IMF,-0.023243646016727633,0.790574726607069,133
subject_590,80,Frontal,SCMR_IMF,0.05510920871327095,0.5286747999332926,133
subject_590,80,Frontal,STL_IMF,0.22227605201018516,0.010126839015865734,133
subject_590,80,Frontal,STR_IMF,-0.03960362313485979,0.6508385015621001,133
subject_590,80,Frontal,UTL_IMF,0.16507250899950535,0.05759252570090467,133
subject_590,80,Frontal,UTR_IMF,0.1922774399021184,0.026605871694979508,133
subject_590,80,Horizontal,MTL_IMF,-0.058494439115579173,0.5036255917276828,133
subject_590,80,Horizontal,MTR_IMF,-0.08204376612159325,0.34781932842578633,133
subject_590,80,Horizontal,SCML_IMF,-0.20422169424459707,0.01837992266563936,133
subject_590,80,Horizontal,SCMR_IMF,-0.18820425293323592,0.03005122583419728,133
subject_590,80,Horizontal,STL_IMF,0.037853641776682705,0.6653171363492674,133
subject_590,80,Horizontal,STR_IMF,-0.19161739973112896,0.02714014040726425,133
subject_590,80,Horizontal,UTL_IMF,-0.1726701488881475,0.04686846301814342,133
subject_590,80,Horizontal,UTR_IMF,0.015495729116683808,0.85948543804132,133
subject_590,90,Sagittal,MTL_IMF,-0.060824127539322655,0.4867538926016451,133
subject_590,90,Sagittal,MTR_IMF,0.14527298583375556,0.09523270415975993,133
subject_590,90,Sagittal,SCML_IMF,0.12372324214012431,0.15594712520217818,133
subject_590,90,Sagittal,SCMR_IMF,-0.1840426615825319,0.03395566618459111,133
subject_590,90,Sagittal,STL_IMF,-0.09604741142693764,0.2714359193414743,133
subject_590,90,Sagittal,STR_IMF,-0.021209352711787918,0.8085348615045842,133
subject_590,90,Sagittal,UTL_IMF,-0.10419265478557087,0.23266679203957313,133
subject_590,90,Sagittal,UTR_IMF,-0.1584442819620484,0.0685241016695051,133
subject_590,90,Frontal,MTL_IMF,0.09040611919575227,0.3007186233482773,133
subject_590,90,Frontal,MTR_IMF,-0.05455151378006265,0.5328608261074445,133
subject_590,90,Frontal,SCML_IMF,0.02180923128957595,0.8032278902486212,133
subject_590,90,Frontal,SCMR_IMF,0.025147902779364774,0.7738614900492332,133
subject_590,90,Frontal,STL_IMF,0.11718864541369925,0.17915483779554867,133
subject_590,90,Frontal,STR_IMF,-0.05015433503767592,0.5664353671687459,133
subject_590,90,Frontal,UTL_IMF,0.11217651104201304,0.1986062084614018,133
subject_590,90,Frontal,UTR_IMF,0.19844115396717762,0.022035606324467667,133
subject_590,90,Horizontal,MTL_IMF,-0.10658788785195532,0.2220442760735359,133
subject_590,90,Horizontal,MTR_IMF,0.009074251296527027,0.917436255026326,133
subject_590,90,Horizontal,SCML_IMF,-0.11343668765802739,0.19357779003827544,133
subject_590,90,Horizontal,SCMR_IMF,-0.12481351623212843,0.1523051945694185,133
subject_590,90,Horizontal,STL_IMF,0.07713281041082604,0.3775292519930574,133
subject_590,90,Horizontal,STR_IMF,-0.1383839226288092,0.11217118203228674,133
subject_590,90,Horizontal,UTL_IMF,-0.13499258915856296,0.1213299721389127,133
subject_590,90,Horizontal,UTR_IMF,-0.03064140937146841,0.7262482115493656,133
subject_591,10,Sagittal,MTL_IMF,-0.024979229006497433,0.8071169199478753,98
subject_591,10,Sagittal,MTR_IMF,-0.016600227112941977,0.8711195965203838,98
subject_591,10,Sagittal,SCML_IMF,-0.0344978784314488,0.7359433847720352,98
subject_591,10,Sagittal,SCMR_IMF,-0.002274863878073571,0.9822636223005683,98
subject_591,10,Sagittal,STL_IMF,0.005285875587353444,0.958802431322433,98
subject_591,10,Sagittal,STR_IMF,-0.03277511917751349,0.7486801009008933,98
subject_591,10,Sagittal,UTL_IMF,-0.1223451465871958,0.23008892231486347,98
subject_591,10,Sagittal,UTR_IMF,0.10080893826119598,0.32331330940300984,98
subject_591,10,Frontal,MTL_IMF,-0.12989799287946865,0.2023678947925888,98
subject_591,10,Frontal,MTR_IMF,-0.15579186459766328,0.12556139586159212,98
subject_591,10,Frontal,SCML_IMF,0.02092258810119016,0.8379722352805928,98
subject_591,10,Frontal,SCMR_IMF,-0.08761306568793754,0.39097637896265586,98
subject_591,10,Frontal,STL_IMF,0.0077183322636278475,0.939873903637079,98
subject_591,10,Frontal,STR_IMF,0.020938235259483833,0.8378527164935442,98
subject_591,10,Frontal,UTL_IMF,-0.1486809057049849,0.14398378022033492,98
subject_591,10,Frontal,UTR_IMF,0.1608038622381654,0.11370333802351312,98
subject_591,10,Horizontal,MTL_IMF,,,98
subject_591,10,Horizontal,MTR_IMF,,,98
subject_591,10,Horizontal,SCML_IMF,,,98
subject_591,10,Horizontal,SCMR_IMF,,,98
subject_591,10,Horizontal,STL_IMF,,,98
subject_591,10,Horizontal,STR_IMF,,,98
subject_591,10,Horizontal,UTL_IMF,,,98
subject_591,10,Horizontal,UTR_IMF,,,98
subject_591,20,Sagittal,MTL_IMF,0.11727783821335562,0.25261035542862886,97
subject_591,20,Sagittal,MTR_IMF,0.20088441717515765,0.04849608131594143,97
subject_591,20,Sagittal,SCML_IMF,0.34763163198105484,0.0004850716896315415,97
subject_591,20,Sagittal,SCMR_IMF,-0.13426196118496703,0.1898138913826577,97
subject_591,20,Sagittal,STL_IMF,-0.05460571687084611,0.5952603423389604,97
subject_591,20,Sagittal,STR_IMF,0.018617242247192866,0.8563697386849494,97
subject_591,20,Sagittal,UTL_IMF,0.18724540229654194,0.06627994156882727,97
subject_591,20,Sagittal,UTR_IMF,0.2113456819062135,0.03770338070460048,97
subject_591,20,Frontal,MTL_IMF,-0.01740379093735116,0.8656407511068348,97
subject_591,20,Frontal,MTR_IMF,-0.007363917371966223,0.9429306410590431,97
subject_591,20,Frontal,SCML_IMF,0.15127064836494708,0.13912562287733535,97
subject_591,20,Frontal,SCMR_IMF,-0.12868292304294665,0.20905069826384243,97
subject_591,20,Frontal,STL_IMF,0.04625244120179222,0.6528047382529777,97
subject_591,20,Frontal,STR_IMF,0.01004719348296467,0.9221919286972964,97
subject_591,20,Frontal,UTL_IMF,0.030801150248664574,0.7645626816105303,97
subject_591,20,Frontal,UTR_IMF,0.17473602268430125,0.08692674347786411,97
subject_591,20,Horizontal,MTL_IMF,,,97
subject_591,20,Horizontal,MTR_IMF,,,97
subject_591,20,Horizontal,SCML_IMF,,,97
subject_591,20,Horizontal,SCMR_IMF,,,97
subject_591,20,Horizontal,STL_IMF,,,97
subject_591,20,Horizontal,STR_IMF,,,97
subject_591,20,Horizontal,UTL_IMF,,,97
subject_591,20,Horizontal,UTR_IMF,,,97
subject_591,30,Sagittal,MTL_IMF,0.23646612921424312,0.01970570288467143,97
subject_591,30,Sagittal,MTR_IMF,0.0464156536384257,0.6516591969374078,97
subject_591,30,Sagittal,SCML_IMF,0.18851039932933084,0.06443477480684222,97
subject_591,30,Sagittal,SCMR_IMF,-0.051726620462256255,0.6148371036024017,97
subject_591,30,Sagittal,STL_IMF,-0.1050756430282509,0.3056944987612384,97
subject_591,30,Sagittal,STR_IMF,-0.0009423453089010624,0.9926909135228467,97
subject_591,30,Sagittal,UTL_IMF,0.2033377788871004,0.04575956590761713,97
subject_591,30,Sagittal,UTR_IMF,0.20916499907215289,0.03976966788866791,97
subject_591,30,Frontal,MTL_IMF,0.03832060032371875,0.7094026966508608,97
subject_591,30,Frontal,MTR_IMF,-0.03415194596906101,0.7398181779363249,97
subject_591,30,Frontal,SCML_IMF,0.0716225929524923,0.4857075211901593,97
subject_591,30,Frontal,SCMR_IMF,-0.16414184984376531,0.10814884259462955,97
subject_591,30,Frontal,STL_IMF,-0.07503042012998465,0.46513671713102817,97
subject_591,30,Frontal,STR_IMF,-0.17245859416555115,0.09118443017145925,97
subject_591,30,Frontal,UTL_IMF,0.056645979737550166,0.5815592218313511,97
subject_591,30,Frontal,UTR_IMF,0.08245007756670725,0.4220438726755513,97
subject_591,30,Horizontal,MTL_IMF,,,97
subject_591,30,Horizontal,MTR_IMF,,,97
subject_591,30,Horizontal,SCML_IMF,,,97
subject_591,30,Horizontal,SCMR_IMF,,,97
subject_591,30,Horizontal,STL_IMF,,,97
subject_591,30,Horizontal,STR_IMF,,,97
subject_591,30,Horizontal,UTL_IMF,,,97
subject_591,30,Horizontal,UTR_IMF,,,97
subject_591,40,Sagittal,MTL_IMF,-0.14088598991973708,0.1686810510879524,97
subject_591,40,Sagittal,MTR_IMF,-0.10132885358329162,0.3233579875565267,97
subject_591,40,Sagittal,SCML_IMF,0.26978680475294825,0.007531270959676005,97
subject_591,40,Sagittal,SCMR_IMF,0.09348106613502459,0.3624309510723816,97
subject_591,40,Sagittal,STL_IMF,-0.0675605443668161,0.5108465416053912,97
subject_591,40,Sagittal,STR_IMF,0.17726411160163102,0.08238703621021025,97
subject_591,40,Sagittal,UTL_IMF,-0.1269062667130719,0.21545886169284714,97
subject_591,40,Sagittal,UTR_IMF,-0.19970273466904667,0.04986162866787938,97
subject_591,40,Frontal,MTL_IMF,-0.13221857804848589,0.1967048098930781,97
subject_591,40,Frontal,MTR_IMF,-0.1270326995712698,0.21499828444117525,97
subject_591,40,Frontal,SCML_IMF,-0.09072122179869492,0.37683571403027377,97
subject_591,40,Frontal,SCMR_IMF,0.03369589950816704,0.7431710245642152,97
subject_591,40,Frontal,STL_IMF,-0.11418561223944053,0.26542250448165683,97
subject_591,40,Frontal,STR_IMF,-0.1685438319070156,0.09888698309310053,97
subject_591,40,Frontal,UTL_IMF,-0.20747613666095857,0.04143417296299225,97
subject_591,40,Frontal,UTR_IMF,-0.1257289992569609,0.21978108677312,97
subject_591,40,Horizontal,MTL_IMF,,,97
subject_591,40,Horizontal,MTR_IMF,,,97
subject_591,40,Horizontal,SCML_IMF,,,97
subject_591,40,Horizontal,SCMR_IMF,,,97
subject_591,40,Horizontal,STL_IMF,,,97
subject_591,40,Horizontal,STR_IMF,,,97
subject_591,40,Horizontal,UTL_IMF,,,97
subject_591,40,Horizontal,UTR_IMF,,,97
subject_591,50,Sagittal,MTL_IMF,0.042246661431132385,0.6811671668479403,97
subject_591,50,Sagittal,MTR_IMF,0.004025522335515094,0.9687843651215556,97
subject_591,50,Sagittal,SCML_IMF,0.18608157426945154,0.06801515612848388,97
subject_591,50,Sagittal,SCMR_IMF,0.126437916815296,0.2171710886441575,97
subject_591,50,Sagittal,STL_IMF,0.0403618307094694,0.6946705909314947,97
subject_591,50,Sagittal,STR_IMF,0.12520666888931636,0.2217182543297816,97
subject_591,50,Sagittal,UTL_IMF,-0.0031819093303242746,0.9753237787712146,97
subject_591,50,Sagittal,UTR_IMF,0.1455069029527432,0.15500317065205438,97
subject_591,50,Frontal,MTL_IMF,0.07257960418875183,0.4798822264696976,97
subject_591,50,Frontal,MTR_IMF,-0.22291426873424658,0.028186289952238115,97
subject_591,50,Frontal,SCML_IMF,0.011666767515767488,0.9096986947544583,97
subject_591,50,Frontal,SCMR_IMF,0.15937239854482968,0.11893201963888846,97
subject_591,50,Frontal,STL_IMF,0.06356720950547999,0.5361967714627515,97
subject_591,50,Frontal,STR_IMF,0.0648469727663024,0.5280053137786791,97
subject_591,50,Frontal,UTL_IMF,0.019444996552912264,0.8500566218270831,97
subject_591,50,Frontal,UTR_IMF,0.14515634276156084,0.15601083306222716,97
subject_591,50,Horizontal,MTL_IMF,,,97
subject_591,50,Horizontal,MTR_IMF,,,97
subject_591,50,Horizontal,SCML_IMF,,,97
subject_591,50,Horizontal,SCMR_IMF,,,97
subject_591,50,Horizontal,STL_IMF,,,97
subject_591,50,Horizontal,STR_IMF,,,97
subject_591,50,Horizontal,UTL_IMF,,,97
subject_591,50,Horizontal,UTR_IMF,,,97
subject_591,60,Sagittal,MTL_IMF,-0.05400880703453858,0.5973704758914478,98
subject_591,60,Sagittal,MTR_IMF,-0.020692035515626855,0.8397337064176191,98
subject_591,60,Sagittal,SCML_IMF,-0.022417304384937865,0.826572035191406,98
subject_591,60,Sagittal,SCMR_IMF,0.15827293309624146,0.11957798720833814,98
subject_591,60,Sagittal,STL_IMF,0.14582032690124014,0.1519446399806623,98
subject_591,60,Sagittal,STR_IMF,0.16959749324027207,0.0950172226061152,98
subject_591,60,Sagittal,UTL_IMF,-0.04778638071621449,0.6403149632893849,98
subject_591,60,Sagittal,UTR_IMF,0.14360561127363244,0.15833124364659468,98
subject_591,60,Frontal,MTL_IMF,-0.0393681182421968,0.7003312471711095,98
subject_591,60,Frontal,MTR_IMF,-0.07310568671623852,0.4743731503124448,98
subject_591,60,Frontal,SCML_IMF,-0.02686978837909758,0.7928343509162027,98
subject_591,60,Frontal,SCMR_IMF,0.0755888671064247,0.4594518025796315,98
subject_591,60,Frontal,STL_IMF,-0.045035276789977034,0.6596982567240762,98
subject_591,60,Frontal,STR_IMF,0.08499979502226569,0.40531517466973105,98
subject_591,60,Frontal,UTL_IMF,0.026876565631260108,0.7927832707534993,98
subject_591,60,Frontal,UTR_IMF,0.0793456809129765,0.4373773713351475,98
subject_591,60,Horizontal,MTL_IMF,,,98
subject_591,60,Horizontal,MTR_IMF,,,98
subject_591,60,Horizontal,SCML_IMF,,,98
subject_591,60,Horizontal,SCMR_IMF,,,98
subject_591,60,Horizontal,STL_IMF,,,98
subject_591,60,Horizontal,STR_IMF,,,98
subject_591,60,Horizontal,UTL_IMF,,,98
subject_591,60,Horizontal,UTR_IMF,,,98
subject_591,70,Sagittal,MTL_IMF,-0.3784307902618883,0.00013239826766287568,97
subject_591,70,Sagittal,MTR_IMF,-0.03908549018254174,0.7038693965230738,97
subject_591,70,Sagittal,SCML_IMF,-0.1224475129381323,0.2321508879728793,97
subject_591,70,Sagittal,SCMR_IMF,0.10675568126695405,0.29798277643651827,97
subject_591,70,Sagittal,STL_IMF,-0.034174866648576205,0.7396497931978312,97
subject_591,70,Sagittal,STR_IMF,-0.14754677170367533,0.14923598747104627,97
subject_591,70,Sagittal,UTL_IMF,-0.238733546642123,0.01852613987475834,97
subject_591,70,Sagittal,UTR_IMF,-0.08823128012173988,0.39012543939281563,97
subject_591,70,Frontal,MTL_IMF,-0.18291308906022255,0.07292609787442934,97
subject_591,70,Frontal,MTR_IMF,0.028470743024217204,0.7819142137874007,97
subject_591,70,Frontal,SCML_IMF,-0.03985707310698903,0.698303267786013,97
subject_591,70,Frontal,SCMR_IMF,-0.03772137634315874,0.7137481309157171,97
subject_591,70,Frontal,STL_IMF,-0.14390800109710725,0.15963884250217925,97
subject_591,70,Frontal,STR_IMF,-0.06760778250430574,0.5105504004310021,97
subject_591,70,Frontal,UTL_IMF,-0.04628735138837682,0.6525596457988174,97
subject_591,70,Frontal,UTR_IMF,-0.0669000828379885,0.5149962816334145,97
subject_591,70,Horizontal,MTL_IMF,-0.06746026504653532,0.511475496574527,97
subject_591,70,Horizontal,MTR_IMF,0.06746448234662082,0.5114490375271169,97
subject_591,70,Horizontal,SCML_IMF,-0.09116372004521628,0.37450303442369337,97
subject_591,70,Horizontal,SCMR_IMF,-0.1440367821263862,0.15926169166669568,97
subject_591,70,Horizontal,STL_IMF,-0.08030099120181632,0.43428259973190186,97
subject_591,70,Horizontal,STR_IMF,-0.016407796232778767,0.8732640302260325,97
subject_591,70,Horizontal,UTL_IMF,-0.0948608421526738,0.35535836527943715,97
subject_591,70,Horizontal,UTR_IMF,0.08933662473110336,0.38419155721977377,97
subject_591,80,Sagittal,MTL_IMF,-0.169868695780258,0.09622498643505117,97
subject_591,80,Sagittal,MTR_IMF,-0.03013185337845397,0.769534594750571,97
subject_591,80,Sagittal,SCML_IMF,-0.045618158167408274,0.6572642230121036,97
subject_591,80,Sagittal,SCMR_IMF,0.19112716498492754,0.06075024876473079,97
subject_591,80,Sagittal,STL_IMF,-0.11213279390978752,0.2741672615352937,97
subject_591,80,Sagittal,STR_IMF,-0.09763280775103109,0.34141073335219685,97
subject_591,80,Sagittal,UTL_IMF,-0.09131130790201783,0.37372696661320204,97
subject_591,80,Sagittal,UTR_IMF,-0.0695530860326407,0.498432218951366,97
subject_591,80,Frontal,MTL_IMF,,,97
subject_591,80,Frontal,MTR_IMF,,,97
subject_591,80,Frontal,SCML_IMF,,,97
subject_591,80,Frontal,SCMR_IMF,,,97
subject_591,80,Frontal,STL_IMF,,,97
subject_591,80,Frontal,STR_IMF,,,97
subject_591,80,Frontal,UTL_IMF,,,97
subject_591,80,Frontal,UTR_IMF,,,97
subject_591,80,Horizontal,MTL_IMF,-0.054695172957627575,0.5946565831779177,97
subject_591,80,Horizontal,MTR_IMF,0.03282228699117829,0.7496071666519607,97
subject_591,80,Horizontal,SCML_IMF,-0.03463503543045604,0.7362718121520359,97
subject_591,80,Horizontal,SCMR_IMF,-0.14405147455831874,0.1592187052981953,97
subject_591,80,Horizontal,STL_IMF,-0.051093220727005985,0.6191811208545913,97
subject_591,80,Horizontal,STR_IMF,0.05286400144648554,0.607069997567504,97
subject_591,80,Horizontal,UTL_IMF,-0.018234303865660915,0.8592934212414077,97
subject_591,80,Horizontal,UTR_IMF,0.11303929385879923,0.270282086179573,97
subject_591,90,Sagittal,MTL_IMF,0.05045496452689943,0.6235717242298294,97
subject_591,90,Sagittal,MTR_IMF,0.15449934938962367,0.13078733720917038,97
subject_591,90,Sagittal,SCML_IMF,0.05683039068446836,0.5803280190156226,97
subject_591,90,Sagittal,SCMR_IMF,-0.053490811625729315,0.6028080670637868,97
subject_591,90,Sagittal,STL_IMF,-0.11314218171567725,0.2698434777878685,97
subject_591,90,Sagittal,STR_IMF,-0.1256119338588854,0.22021420464909527,97
subject_591,90,Sagittal,UTL_IMF,0.009674658452118968,0.9250684136502995,97
subject_591,90,Sagittal,UTR_IMF,0.005877528411724469,0.9544360627180611,97
subject_591,90,Frontal,MTL_IMF,-0.006412554548707437,0.9502934825044251,97
subject_591,90,Frontal,MTR_IMF,-0.006412533453633036,0.9502936458132406,97
subject_591,90,Frontal,SCML_IMF,-0.074381717808969,0.4690153788854947,97
subject_591,90,Frontal,SCMR_IMF,0.05771906730927359,0.5744117710331705,97
subject_591,90,Frontal,STL_IMF,0.017971062746588214,0.8613043356703644,97
subject_591,90,Frontal,STR_IMF,-0.17695507366548846,0.08293161397814726,97
subject_591,90,Frontal,UTL_IMF,0.2141884820409422,0.03514536858170826,97
subject_591,90,Frontal,UTR_IMF,0.13339034994202587,0.1927315141476774,97
subject_591,90,Horizontal,MTL_IMF,0.08256374184416539,0.4214021612317779,97
subject_591,90,Horizontal,MTR_IMF,0.057335743220949684,0.5769602540582296,97
subject_591,90,Horizontal,SCML_IMF,0.07185725248299955,0.48427568137627547,97
subject_591,90,Horizontal,SCMR_IMF,0.032876061944633585,0.7492104907432112,97
subject_591,90,Horizontal,STL_IMF,0.07345502341599051,0.4745865944079606,97
subject_591,90,Horizontal,STR_IMF,-0.0756699890420036,0.4613299105025333,97
subject_591,90,Horizontal,UTL_IMF,0.07262861973868003,0.47958488336243543,97
subject_591,90,Horizontal,UTR_IMF,-0.0084098510007704,0.9348414500122905,97
subject_594,10,Sagittal,MTL_IMF,-0.01889846643353556,0.8446398755922231,110
subject_594,10,Sagittal,MTR_IMF,0.08226924263747112,0.3928612275493279,110
subject_594,10,Sagittal,SCML_IMF,-0.31955252354765984,0.0006667768923906243,110
subject_594,10,Sagittal,SCMR_IMF,0.12536772302735258,0.1918919463059883,110
subject_594,10,Sagittal,STL_IMF,-0.1400393123088244,0.14451909163818397,110
subject_594,10,Sagittal,STR_IMF,0.12528542431465073,0.19218614351919638,110
subject_594,10,Sagittal,UTL_IMF,-0.06264237285025327,0.5156066537060976,110
subject_594,10,Sagittal,UTR_IMF,-0.3204116254487165,0.0006435819465515039,110
subject_594,10,Frontal,MTL_IMF,-0.006143772454651146,0.949208360497163,110
subject_594,10,Frontal,MTR_IMF,0.03223805104802567,0.7381230112194336,110
subject_594,10,Frontal,SCML_IMF,0.03411344264294729,0.7234882782529336,110
subject_594,10,Frontal,SCMR_IMF,0.010796428924865585,0.9108681040407828,110
subject_594,10,Frontal,STL_IMF,0.044715647570420354,0.6427506369573551,110
subject_594,10,Frontal,STR_IMF,0.10302321389762234,0.28415766739098725,110
subject_594,10,Frontal,UTL_IMF,-0.011365723700308925,0.9061890644993517,110
subject_594,10,Frontal,UTR_IMF,0.029546427006821183,0.7592906112871861,110
subject_594,10,Horizontal,MTL_IMF,,,110
subject_594,10,Horizontal,MTR_IMF,,,110
subject_594,10,Horizontal,SCML_IMF,,,110
subject_594,10,Horizontal,SCMR_IMF,,,110
subject_594,10,Horizontal,STL_IMF,,,110
subject_594,10,Horizontal,STR_IMF,,,110
subject_594,10,Horizontal,UTL_IMF,,,110
subject_594,10,Horizontal,UTR_IMF,,,110
subject_594,20,Sagittal,MTL_IMF,-0.09002445528872233,0.3496339995894393,110
subject_594,20,Sagittal,MTR_IMF,-0.0054049447882791955,0.9553096446929152,110
subject_594,20,Sagittal,SCML_IMF,-0.2960815113296091,0.0016860989154783236,110
subject_594,20,Sagittal,SCMR_IMF,0.18054946574777989,0.05908904937256966,110
subject_594,20,Sagittal,STL_IMF,0.00040863684269212965,0.996619484892408,110
subject_594,20,Sagittal,STR_IMF,0.08929694888616127,0.3535577016136528,110
subject_594,20,Sagittal,UTL_IMF,-0.023343831872093563,0.8087272269026888,110
subject_594,20,Sagittal,UTR_IMF,-0.2816775212802881,0.0028719696472629553,110
subject_594,20,Frontal,MTL_IMF,-0.05279247628361995,0.5838640819624622,110
subject_594,20,Frontal,MTR_IMF,-0.1442784072435194,0.13263326553582858,110
subject_594,20,Frontal,SCML_IMF,-0.034958686886435116,0.7169244492177889,110
subject_594,20,Frontal,SCMR_IMF,0.054523544136036634,0.5715730250546014,110
subject_594,20,Frontal,STL_IMF,-0.05218643546331611,0.5881956355780871,110
subject_594,20,Frontal,STR_IMF,0.05369985512324438,0.5774063052573735,110
subject_594,20,Frontal,UTL_IMF,-0.06665309696874219,0.4890329420365228,110
subject_594,20,Frontal,UTR_IMF,-0.17030571433360445,0.07527325370407935,110
subject_594,20,Horizontal,MTL_IMF,,,110
subject_594,20,Horizontal,MTR_IMF,,,110
subject_594,20,Horizontal,SCML_IMF,,,110
subject_594,20,Horizontal,SCMR_IMF,,,110
subject_594,20,Horizontal,STL_IMF,,,110
subject_594,20,Horizontal,STR_IMF,,,110
subject_594,20,Horizontal,UTL_IMF,,,110
subject_594,20,Horizontal,UTR_IMF,,,110
subject_594,30,Sagittal,MTL_IMF,0.011661875510077075,0.903756248426138,110
subject_594,30,Sagittal,MTR_IMF,-0.09790136840473988,0.30890832594830503,110
subject_594,30,Sagittal,SCML_IMF,-0.15165319442006517,0.11375359169289584,110
subject_594,30,Sagittal,SCMR_IMF,-0.04250683392484527,0.6592694333652339,110
subject_594,30,Sagittal,STL_IMF,0.09049870487182868,0.34709093444203415,110
subject_594,30,Sagittal,STR_IMF,0.05633898977188779,0.5588147424051535,110
subject_594,30,Sagittal,UTL_IMF,-0.041524670038101036,0.6666682056598536,110
subject_594,30,Sagittal,UTR_IMF,0.11187928818128905,0.2445646670904371,110
subject_594,30,Frontal,MTL_IMF,-0.06488360882351249,0.5006665099293185,110
subject_594,30,Frontal,MTR_IMF,-0.14772461597762251,0.12353289307719621,110
subject_594,30,Frontal,SCML_IMF,-0.019431799244183246,0.840312860140735,110
subject_594,30,Frontal,SCMR_IMF,0.009470664847194691,0.9217761204530415,110
subject_594,30,Frontal,STL_IMF,-0.004983671247264515,0.9587897264216235,110
subject_594,30,Frontal,STR_IMF,0.03193308321356247,0.7405118787250466,110
subject_594,30,Frontal,UTL_IMF,-0.045346596350340836,0.6380633924770502,110
subject_594,30,Frontal,UTR_IMF,0.01793975832227765,0.8524295800184996,110
subject_594,30,Horizontal,MTL_IMF,,,110
subject_594,30,Horizontal,MTR_IMF,,,110
subject_594,30,Horizontal,SCML_IMF,,,110
subject_594,30,Horizontal,SCMR_IMF,,,110
subject_594,30,Horizontal,STL_IMF,,,110
subject_594,30,Horizontal,STR_IMF,,,110
subject_594,30,Horizontal,UTL_IMF,,,110
subject_594,30,Horizontal,UTR_IMF,,,110
subject_594,40,Sagittal,MTL_IMF,0.10777493252125966,0.26241203512108247,110
subject_594,40,Sagittal,MTR_IMF,0.10101319330862683,0.29370829368993157,110
subject_594,40,Sagittal,SCML_IMF,0.17683188947740136,0.06459741712151355,110
subject_594,40,Sagittal,SCMR_IMF,-0.11727200750332528,0.2224179284588832,110
subject_594,40,Sagittal,STL_IMF,0.09680090893724642,0.3144042018391018,110
subject_594,40,Sagittal,STR_IMF,0.14402242073903856,0.1333291448363308,110
subject_594,40,Sagittal,UTL_IMF,-0.17995491069467487,0.059943249676846395,110
subject_594,40,Sagittal,UTR_IMF,-0.013741181015128239,0.8867015875744316,110
subject_594,40,Frontal,MTL_IMF,-0.17187972627269044,0.07257664096561481,110
subject_594,40,Frontal,MTR_IMF,0.012486414226384477,0.8969876220081163,110
subject_594,40,Frontal,SCML_IMF,-0.11909038394060517,0.21527978765231845,110
subject_594,40,Frontal,SCMR_IMF,0.016943870128776576,0.8605364269519761,110
subject_594,40,Frontal,STL_IMF,-0.08974540260166865,0.35113579700211783,110
subject_594,40,Frontal,STR_IMF,-0.06730159975730919,0.4848055786995587,110
subject_594,40,Frontal,UTL_IMF,0.17388694362768206,0.06925155631217327,110
subject_594,40,Frontal,UTR_IMF,-0.00996729748416533,0.917688155943606,110
subject_594,40,Horizontal,MTL_IMF,,,110
subject_594,40,Horizontal,MTR_IMF,,,110
subject_594,40,Horizontal,SCML_IMF,,,110
subject_594,40,Horizontal,SCMR_IMF,,,110
subject_594,40,Horizontal,STL_IMF,,,110
subject_594,40,Horizontal,STR_IMF,,,110
subject_594,40,Horizontal,UTL_IMF,,,110
subject_594,40,Horizontal,UTR_IMF,,,110
subject_594,50,Sagittal,MTL_IMF,0.12860967240122056,0.18056124130472756,110
subject_594,50,Sagittal,MTR_IMF,0.0645717248989249,0.502731893622943,110
subject_594,50,Sagittal,SCML_IMF,0.1383094215116292,0.1495943414634264,110
subject_594,50,Sagittal,SCMR_IMF,0.06505466945218688,0.4995355844801171,110
subject_594,50,Sagittal,STL_IMF,-0.09636606429362841,0.3165932547143725,110
subject_594,50,Sagittal,STR_IMF,0.14038953187805342,0.14350762476514803,110
subject_594,50,Sagittal,UTL_IMF,-0.002726989827417777,0.9774434276189177,110
subject_594,50,Sagittal,UTR_IMF,-0.0065350617692869935,0.9459782358389227,110
subject_594,50,Frontal,MTL_IMF,-0.04226878552482265,0.661059702315907,110
subject_594,50,Frontal,MTR_IMF,-0.11641243896228423,0.22584974650038944,110
subject_594,50,Frontal,SCML_IMF,0.0028404128694441877,0.9765054995248453,110
subject_594,50,Frontal,SCMR_IMF,0.0976541824247546,0.31013732656394966,110
subject_594,50,Frontal,STL_IMF,0.013985999978666322,0.884696805386836,110
subject_594,50,Frontal,STR_IMF,-0.008264935258574883,0.9317091943860789,110
subject_594,50,Frontal,UTL_IMF,0.17897157147898035,0.061378159700792134,110
subject_594,50,Frontal,UTR_IMF,0.10106204612714018,0.2934736812243304,110
subject_594,50,Horizontal,MTL_IMF,0.042358016752536205,0.6603884044194763,110
subject_594,50,Horizontal,MTR_IMF,0.11339830101700019,0.23817754348666356,110
subject_594,50,Horizontal,SCML_IMF,-0.007547296865108315,0.9376263436818123,110
subject_594,50,Horizontal,SCMR_IMF,0.08902876110409921,0.3550110308927945,110
subject_594,50,Horizontal,STL_IMF,0.08915800221759335,0.35431020025868354,110
subject_594,50,Horizontal,STR_IMF,-0.08760404190297948,0.36279388614448954,110
subject_594,50,Horizontal,UTL_IMF,-0.08752552618604109,0.363225836192903,110
subject_594,50,Horizontal,UTR_IMF,-0.10416869070307587,0.278808694654916,110
subject_594,60,Sagittal,MTL_IMF,0.1267282254725084,0.18707572727647995,110
subject_594,60,Sagittal,MTR_IMF,-0.10047167513908847,0.2963172067987131,110
subject_594,60,Sagittal,SCML_IMF,-0.1141967170768596,0.2348673420812737,110
subject_594,60,Sagittal,SCMR_IMF,-0.03261408772843477,0.7351808801566014,110
subject_594,60,Sagittal,STL_IMF,-0.25761497360502156,0.006586797425289158,110
subject_594,60,Sagittal,STR_IMF,0.11374765064218616,0.2367251792160868,110
subject_594,60,Sagittal,UTL_IMF,-0.03500161358603642,0.7165916423365092,110
subject_594,60,Sagittal,UTR_IMF,0.09583533331446449,0.31927833850804915,110
subject_594,60,Frontal,MTL_IMF,0.05633738365719865,0.5588259690329004,110
subject_594,60,Frontal,MTR_IMF,-0.1731436249928552,0.07046822875982452,110
subject_594,60,Frontal,SCML_IMF,0.10541141064857941,0.27308248720949385,110
subject_594,60,Frontal,SCMR_IMF,0.05910442369570092,0.5396464985607738,110
subject_594,60,Frontal,STL_IMF,-0.04632243142221778,0.630842093595879,110
subject_594,60,Frontal,STR_IMF,0.06807219401901504,0.4798078351712456,110
subject_594,60,Frontal,UTL_IMF,0.025420150390288946,0.7920837044282976,110
subject_594,60,Frontal,UTR_IMF,0.13678700638307786,0.1541708064752039,110
subject_594,60,Horizontal,MTL_IMF,0.039374790789712365,0.6829747349452824,110
subject_594,60,Horizontal,MTR_IMF,0.09370991002564802,0.3301780957830364,110
subject_594,60,Horizontal,SCML_IMF,0.03924000832962753,0.6840020144798393,110
subject_594,60,Horizontal,SCMR_IMF,0.11166722318278266,0.24546569714492109,110
subject_594,60,Horizontal,STL_IMF,0.10875230361683882,0.2580836751980849,110
subject_594,60,Horizontal,STR_IMF,-0.07252990800460785,0.45144825525021864,110
subject_594,60,Horizontal,UTL_IMF,-0.019618011699599095,0.838803201297559,110
subject_594,60,Horizontal,UTR_IMF,-0.03473529387282513,0.7186572498082717,110
subject_594,70,Sagittal,MTL_IMF,0.13283399783689678,0.16654268537207245,110
subject_594,70,Sagittal,MTR_IMF,-0.08635904401771106,0.36968050676577874,110
subject_594,70,Sagittal,SCML_IMF,-0.1821925482303564,0.05678011606923566,110
subject_594,70,Sagittal,SCMR_IMF,0.10293038192744272,0.28459414004061884,110
subject_594,70,Sagittal,STL_IMF,-0.13379092431858952,0.16348231308576192,110
subject_594,70,Sagittal,STR_IMF,0.025586418550849508,0.7907548428064329,110
subject_594,70,Sagittal,UTL_IMF,0.11957090661974644,0.21342096264368016,110
subject_594,70,Sagittal,UTR_IMF,-0.08282558624499733,0.38965784325284686,110
subject_594,70,Frontal,MTL_IMF,0.010441084494035044,0.9137902395423592,110
subject_594,70,Frontal,MTR_IMF,-0.16412729038052637,0.08664694397828457,110
subject_594,70,Frontal,SCML_IMF,-0.04647735170486162,0.6296988317546517,110
subject_594,70,Frontal,SCMR_IMF,0.015528643933845331,0.8720815921849234,110
subject_594,70,Frontal,STL_IMF,-0.1651073950746403,0.08475649818386054,110
subject_594,70,Frontal,STR_IMF,-0.03634513889999361,0.7062025199494052,110
subject_594,70,Frontal,UTL_IMF,0.06628493818857578,0.491441524724474,110
subject_594,70,Frontal,UTR_IMF,0.04610671964548225,0.6324354287885017,110
subject_594,70,Horizontal,MTL_IMF,-0.023006908415736743,0.8114362434435147,110
subject_594,70,Horizontal,MTR_IMF,-0.1249119222424116,0.1935254293744891,110
subject_594,70,Horizontal,SCML_IMF,-0.003060864429727662,0.9746826142876371,110
subject_594,70,Horizontal,SCMR_IMF,0.06430137825737882,0.5045257921923004,110
subject_594,70,Horizontal,STL_IMF,0.03981964821472568,0.679588254112919,110
subject_594,70,Horizontal,STR_IMF,-0.1271217413482432,0.1856992241075155,110
subject_594,70,Horizontal,UTL_IMF,0.05585838046480504,0.5621789783655042,110
subject_594,70,Horizontal,UTR_IMF,0.016088650195486814,0.8675098070247359,110
subject_594,80,Sagittal,MTL_IMF,-0.033317384967752994,0.7296885458841705,110
subject_594,80,Sagittal,MTR_IMF,0.009435094278689958,0.92206899428633,110
subject_594,80,Sagittal,SCML_IMF,-0.0524071262844976,0.5866165977955446,110
subject_594,80,Sagittal,SCMR_IMF,0.19823409001016148,0.037894352760764305,110
subject_594,80,Sagittal,STL_IMF,0.0030820043850326817,0.9745078174530212,110
subject_594,80,Sagittal,STR_IMF,-0.05765041807810882,0.5496841912981212,110
subject_594,80,Sagittal,UTL_IMF,0.01130918084298284,0.9066536499063634,110
subject_594,80,Sagittal,UTR_IMF,-0.011792051024827086,0.9026871682501568,110
subject_594,80,Frontal,MTL_IMF,-0.04573597333156979,0.635177843850898,110
subject_594,80,Frontal,MTR_IMF,-0.11053118211198877,0.2503316332974617,110
subject_594,80,Frontal,SCML_IMF,9.053860859204199e-05,0.9992510024530841,110
subject_594,80,Frontal,SCMR_IMF,0.17782714771549266,0.06308331104701798,110
subject_594,80,Frontal,STL_IMF,-0.04251453840002691,0.6592115230928082,110
subject_594,80,Frontal,STR_IMF,-0.046629912788337974,0.6285738342933254,110
subject_594,80,Frontal,UTL_IMF,-0.04575714459217514,0.6350211063776896,110
subject_594,80,Frontal,UTR_IMF,0.07438194401236385,0.4399466325455394,110
subject_594,80,Horizontal,MTL_IMF,-0.06465263226226073,0.5021956759008689,110
subject_594,80,Horizontal,MTR_IMF,-0.19687971349655348,0.03925282033520574,110
subject_594,80,Horizontal,SCML_IMF,0.08627040340961825,0.3701738519151266,110
subject_594,80,Horizontal,SCMR_IMF,0.07452166272363968,0.4390857219820428,110
subject_594,80,Horizontal,STL_IMF,0.018790899525323982,0.84551314811308,110
subject_594,80,Horizontal,STR_IMF,-0.013504066848776624,0.8886439583219775,110
subject_594,80,Horizontal,UTL_IMF,-0.08566457984349993,0.37355645774693674,110
subject_594,80,Horizontal,UTR_IMF,-0.05878390569749622,0.5418513888032594,110
subject_594,90,Sagittal,MTL_IMF,-0.011249479155239167,0.9075751650784193,109
subject_594,90,Sagittal,MTR_IMF,0.0017041978973522307,0.9859681410366019,109
subject_594,90,Sagittal,SCML_IMF,-0.021868868151253485,0.8214250886968059,109
subject_594,90,Sagittal,SCMR_IMF,0.17785081115715579,0.06428624862237887,109
subject_594,90,Sagittal,STL_IMF,0.1031712284468984,0.2857131957966527,109
subject_594,90,Sagittal,STR_IMF,-0.04036489486706208,0.6768735099688095,109
subject_594,90,Sagittal,UTL_IMF,-0.07213367911172726,0.4560377219274697,109
subject_594,90,Sagittal,UTR_IMF,0.01007466937949176,0.9171910690657298,109
subject_594,90,Frontal,MTL_IMF,0.012083447374680922,0.9007570872049123,109
subject_594,90,Frontal,MTR_IMF,0.08301553740302042,0.3907830625805285,109
subject_594,90,Frontal,SCML_IMF,-0.17260626109339702,0.07268829520135976,109
subject_594,90,Frontal,SCMR_IMF,0.2946689458543121,0.0018687737523586639,109
subject_594,90,Frontal,STL_IMF,-0.07015976621984338,0.46848963153923645,109
subject_594,90,Frontal,STR_IMF,-0.1278875817750682,0.18509115201867932,109
subject_594,90,Frontal,UTL_IMF,-0.029769864848262134,0.7586215877696004,109
subject_594,90,Frontal,UTR_IMF,0.06378407933862316,0.509947515037932,109
subject_594,90,Horizontal,MTL_IMF,-0.030142144541119492,0.7556973215402533,109
subject_594,90,Horizontal,MTR_IMF,0.0641709129917907,0.5073793389119008,109
subject_594,90,Horizontal,SCML_IMF,-0.13079661437868648,0.17521212938406705,109
subject_594,90,Horizontal,SCMR_IMF,0.1499582071991569,0.11961906718481952,109
subject_594,90,Horizontal,STL_IMF,0.11258462242319736,0.24378560475032368,109
subject_594,90,Horizontal,STR_IMF,0.027058551695331876,0.7800193493536566,109
subject_594,90,Horizontal,UTL_IMF,-0.17132727317562768,0.074866262832054,109
subject_594,90,Horizontal,UTR_IMF,-0.016591794648968393,0.8640365268035921,109
subject_595,10,Sagittal,MTL_IMF,0.11563071882180402,0.20280894436794777,123
subject_595,10,Sagittal,MTR_IMF,0.16878831145632894,0.062005989894486795,123
subject_595,10,Sagittal,SCML_IMF,0.06950575467867293,0.4449209744296823,123
subject_595,10,Sagittal,SCMR_IMF,-0.0256870663358999,0.7779273279251151,123
subject_595,10,Sagittal,STL_IMF,0.11776892538993212,0.19452657176395022,123
subject_595,10,Sagittal,STR_IMF,-0.22360207533711995,0.01291484788950955,123
subject_595,10,Sagittal,UTL_IMF,-0.15420209688988662,0.0885823969330224,123
subject_595,10,Sagittal,UTR_IMF,-0.26445853819765647,0.0031180498767938614,123
subject_595,10,Frontal,MTL_IMF,0.06652946420649267,0.4647032462624014,123
subject_595,10,Frontal,MTR_IMF,0.0820582422937413,0.36689719607683363,123
subject_595,10,Frontal,SCML_IMF,0.2027472832882207,0.02451065340438621,123
subject_595,10,Frontal,SCMR_IMF,0.17110092254010104,0.058463784758048525,123
subject_595,10,Frontal,STL_IMF,0.0012920220148576421,0.9886840507936453,123
subject_595,10,Frontal,STR_IMF,0.021332355540982603,0.8148310682771818,123
subject_595,10,Frontal,UTL_IMF,-0.014209075672839468,0.8760447540429954,123
subject_595,10,Frontal,UTR_IMF,-0.11430076016372916,0.20808684632806015,123
subject_595,10,Horizontal,MTL_IMF,,,123
subject_595,10,Horizontal,MTR_IMF,,,123
subject_595,10,Horizontal,SCML_IMF,,,123
subject_595,10,Horizontal,SCMR_IMF,,,123
subject_595,10,Horizontal,STL_IMF,,,123
subject_595,10,Horizontal,STR_IMF,,,123
subject_595,10,Horizontal,UTL_IMF,,,123
subject_595,10,Horizontal,UTR_IMF,,,123
subject_595,20,Sagittal,MTL_IMF,-0.035234789349477644,0.7000194462125083,122
subject_595,20,Sagittal,MTR_IMF,0.14646634067137396,0.10743856410684854,122
subject_595,20,Sagittal,SCML_IMF,-0.09209473444756867,0.31302559506254096,122
subject_595,20,Sagittal,SCMR_IMF,0.022068309922820117,0.8093439113204256,122
subject_595,20,Sagittal,STL_IMF,0.0530625104994017,0.5615975826584096,122
subject_595,20,Sagittal,STR_IMF,-0.00552222959937869,0.9518628944834233,122
subject_595,20,Sagittal,UTL_IMF,0.022492626117758607,0.8057497955219568,122
subject_595,20,Sagittal,UTR_IMF,0.12352911573533723,0.1752342282989727,122
subject_595,20,Frontal,MTL_IMF,-0.0800758583617746,0.3806112275646729,122
subject_595,20,Frontal,MTR_IMF,-0.09687156717190569,0.28847853481758956,122
subject_595,20,Frontal,SCML_IMF,0.14590488605312632,0.10880764303371016,122
subject_595,20,Frontal,SCMR_IMF,0.07617878973214993,0.40429622449031277,122
subject_595,20,Frontal,STL_IMF,0.12914990965060097,0.15625874559435945,122
subject_595,20,Frontal,STR_IMF,-0.1563769735217777,0.08542195030307745,122
subject_595,20,Frontal,UTL_IMF,0.11878687253066594,0.19252144454818287,122
subject_595,20,Frontal,UTR_IMF,0.15627087364088516,0.08563693142714507,122
subject_595,20,Horizontal,MTL_IMF,,,122
subject_595,20,Horizontal,MTR_IMF,,,122
subject_595,20,Horizontal,SCML_IMF,,,122
subject_595,20,Horizontal,SCMR_IMF,,,122
subject_595,20,Horizontal,STL_IMF,,,122
subject_595,20,Horizontal,STR_IMF,,,122
subject_595,20,Horizontal,UTL_IMF,,,122
subject_595,20,Horizontal,UTR_IMF,,,122
subject_595,30,Sagittal,MTL_IMF,-0.07915517516485042,0.3861294806995548,122
subject_595,30,Sagittal,MTR_IMF,-0.06827487083869255,0.4549248506202815,122
subject_595,30,Sagittal,SCML_IMF,0.04546544343718486,0.6189988187273091,122
subject_595,30,Sagittal,SCMR_IMF,0.05910058088644762,0.5178696966367328,122
subject_595,30,Sagittal,STL_IMF,0.06457118141392744,0.47981028657393765,122
subject_595,30,Sagittal,STR_IMF,0.09282997955499515,0.3091614387800121,122
subject_595,30,Sagittal,UTL_IMF,-0.012728429909866133,0.8893328634085792,122
subject_595,30,Sagittal,UTR_IMF,0.07820250257087824,0.3918899538273024,122
subject_595,30,Frontal,MTL_IMF,-0.06330796735152093,0.48846257729200443,122
subject_595,30,Frontal,MTR_IMF,-0.08661171826742133,0.3428274364400031,122
subject_595,30,Frontal,SCML_IMF,0.14591236556485623,0.10878931548848733,122
subject_595,30,Frontal,SCMR_IMF,0.07359621450269521,0.4204610145452195,122
subject_595,30,Frontal,STL_IMF,0.13043795626072907,0.15213567840422343,122
subject_595,30,Frontal,STR_IMF,-0.15120848872523568,0.09640602155601723,122
subject_595,30,Frontal,UTL_IMF,0.09553901237398192,0.2951936109190478,122
subject_595,30,Frontal,UTR_IMF,0.14849856890342172,0.10259543524057223,122
subject_595,30,Horizontal,MTL_IMF,,,122
subject_595,30,Horizontal,MTR_IMF,,,122
subject_595,30,Horizontal,SCML_IMF,,,122
subject_595,30,Horizontal,SCMR_IMF,,,122
subject_595,30,Horizontal,STL_IMF,,,122
subject_595,30,Horizontal,STR_IMF,,,122
subject_595,30,Horizontal,UTL_IMF,,,122
subject_595,30,Horizontal,UTR_IMF,,,122
subject_595,40,Sagittal,MTL_IMF,-0.1079863693797161,0.2344874620865988,123
subject_595,40,Sagittal,MTR_IMF,-0.027884000579669905,0.7594900557553526,123
subject_595,40,Sagittal,SCML_IMF,0.08583420266901227,0.34518440507181875,123
subject_595,40,Sagittal,SCMR_IMF,0.27834886522138375,0.0018247445039609486,123
subject_595,40,Sagittal,STL_IMF,0.012187911384261877,0.8935644528056652,123
subject_595,40,Sagittal,STR_IMF,0.04469716981539967,0.6234974738213852,123
subject_595,40,Sagittal,UTL_IMF,0.12120457800406659,0.18173640011986517,123
subject_595,40,Sagittal,UTR_IMF,-0.004639956139720439,0.9593777552820324,123
subject_595,40,Frontal,MTL_IMF,-0.168178968350921,0.06296795363235287,123
subject_595,40,Frontal,MTR_IMF,0.0339200822228373,0.7095518451614811,123
subject_595,40,Frontal,SCML_IMF,-0.08927852883809075,0.3261000466578925,123
subject_595,40,Frontal,SCMR_IMF,-0.08223224551575839,0.3658785248625993,123
subject_595,40,Frontal,STL_IMF,-0.1945291046756867,0.03108017287853833,123
subject_595,40,Frontal,STR_IMF,-0.12369380379822612,0.17286221311799832,123
subject_595,40,Frontal,UTL_IMF,0.12841268139283293,0.1569243688569433,123
subject_595,40,Frontal,UTR_IMF,0.1886833185261692,0.03661377897820939,123
subject_595,40,Horizontal,MTL_IMF,,,123
subject_595,40,Horizontal,MTR_IMF,,,123
subject_595,40,Horizontal,SCML_IMF,,,123
subject_595,40,Horizontal,SCMR_IMF,,,123
subject_595,40,Horizontal,STL_IMF,,,123
subject_595,40,Horizontal,STR_IMF,,,123
subject_595,40,Horizontal,UTL_IMF,,,123
subject_595,40,Horizontal,UTR_IMF,,,123
subject_595,50,Sagittal,MTL_IMF,-0.07215004664154678,0.42775054858925066,123
subject_595,50,Sagittal,MTR_IMF,0.00020931715264828083,0.9981666731658363,123
subject_595,50,Sagittal,SCML_IMF,-0.13848482273948504,0.12662198447293407,123
subject_595,50,Sagittal,SCMR_IMF,0.1446390136885411,0.11045515215341556,123
subject_595,50,Sagittal,STL_IMF,-0.0955060297049281,0.2933494152818383,123
subject_595,50,Sagittal,STR_IMF,0.088484088337208,0.3304406383327851,123
subject_595,50,Sagittal,UTL_IMF,0.07558647617287538,0.4060161149215651,123
subject_595,50,Sagittal,UTR_IMF,-0.09167056676004472,0.31325276312615946,123
subject_595,50,Frontal,MTL_IMF,0.04571754798003092,0.6155846690055795,123
subject_595,50,Frontal,MTR_IMF,0.08834253940657376,0.3312178785887423,123
subject_595,50,Frontal,SCML_IMF,-0.1074383950445918,0.23688432161045367,123
subject_595,50,Frontal,SCMR_IMF,0.09496216569544558,0.2961195130782128,123
subject_595,50,Frontal,STL_IMF,-0.06059688054758103,0.5055375359879718,123
subject_595,50,Frontal,STR_IMF,-0.2519024996094684,0.00494366028319228,123
subject_595,50,Frontal,UTL_IMF,0.12479445470218846,0.16904200906776345,123
subject_595,50,Frontal,UTR_IMF,0.09258162098952051,0.3084473626920131,123
subject_595,50,Horizontal,MTL_IMF,,,123
subject_595,50,Horizontal,MTR_IMF,,,123
subject_595,50,Horizontal,SCML_IMF,,,123
subject_595,50,Horizontal,SCMR_IMF,,,123
subject_595,50,Horizontal,STL_IMF,,,123
subject_595,50,Horizontal,STR_IMF,,,123
subject_595,50,Horizontal,UTL_IMF,,,123
subject_595,50,Horizontal,UTR_IMF,,,123
subject_595,60,Sagittal,MTL_IMF,0.0737630275091002,0.4194057153823998,122
subject_595,60,Sagittal,MTR_IMF,0.12204287167029869,0.18052440088839897,122
subject_595,60,Sagittal,SCML_IMF,-0.2619576852229257,0.0035602079634933274,122
subject_595,60,Sagittal,SCMR_IMF,0.13872199339446722,0.12754904133933506,122
subject_595,60,Sagittal,STL_IMF,-0.1724269350038425,0.05754320281004781,122
subject_595,60,Sagittal,STR_IMF,0.15110570502462378,0.09663526837820363,122
subject_595,60,Sagittal,UTL_IMF,0.17208714404418832,0.05804441400203707,122
subject_595,60,Sagittal,UTR_IMF,0.027930186033026813,0.7600746772377431,122
subject_595,60,Frontal,MTL_IMF,0.030580223373285982,0.7380998838360634,122
subject_595,60,Frontal,MTR_IMF,-0.00176941697412124,0.9845677459650525,122
subject_595,60,Frontal,SCML_IMF,-0.0892537896480584,0.3282502128766382,122
subject_595,60,Frontal,SCMR_IMF,-0.05625165711498958,0.5382831723342648,122
subject_595,60,Frontal,STL_IMF,0.11767123622037864,0.19676233589302425,122
subject_595,60,Frontal,STR_IMF,-0.22493364409443437,0.012741862174056288,122
subject_595,60,Frontal,UTL_IMF,0.047901109008515935,0.6003207739755451,122
subject_595,60,Frontal,UTR_IMF,-0.0026371142372946417,0.977001714382581,122
subject_595,60,Horizontal,MTL_IMF,,,122
subject_595,60,Horizontal,MTR_IMF,,,122
subject_595,60,Horizontal,SCML_IMF,,,122
subject_595,60,Horizontal,SCMR_IMF,,,122
subject_595,60,Horizontal,STL_IMF,,,122
subject_595,60,Horizontal,STR_IMF,,,122
subject_595,60,Horizontal,UTL_IMF,,,122
subject_595,60,Horizontal,UTR_IMF,,,122
subject_595,70,Sagittal,MTL_IMF,0.06529070582893329,0.4749191063340642,122
subject_595,70,Sagittal,MTR_IMF,-0.08367426854498641,0.359506231675077,122
subject_595,70,Sagittal,SCML_IMF,-0.09437279662619284,0.30115463345322274,122
subject_595,70,Sagittal,SCMR_IMF,0.095641141098128,0.29467533033120624,122
subject_595,70,Sagittal,STL_IMF,-0.160385934246444,0.07760973425625158,122
subject_595,70,Sagittal,STR_IMF,0.12044887641986252,0.18632727075517935,122
subject_595,70,Sagittal,UTL_IMF,0.060773491744302785,0.5060697827904025,122
subject_595,70,Sagittal,UTR_IMF,-0.050458631470177415,0.5809839110472496,122
subject_595,70,Frontal,MTL_IMF,-0.1163278281360451,0.2019582004810724,122
subject_595,70,Frontal,MTR_IMF,-0.06833355300331494,0.45453642547755524,122
subject_595,70,Frontal,SCML_IMF,-0.0026968019172116586,0.9764813250875223,122
subject_595,70,Frontal,SCMR_IMF,-0.13204262017926374,0.1471141788851541,122
subject_595,70,Frontal,STL_IMF,0.1608849722566993,0.07667883762486234,122
subject_595,70,Frontal,STR_IMF,-0.03518953054749651,0.7003863387917613,122
subject_595,70,Frontal,UTL_IMF,-0.0798757220687332,0.3818066874550208,122
subject_595,70,Frontal,UTR_IMF,0.11088452194062304,0.22402120104491732,122
subject_595,70,Horizontal,MTL_IMF,,,122
subject_595,70,Horizontal,MTR_IMF,,,122
subject_595,70,Horizontal,SCML_IMF,,,122
subject_595,70,Horizontal,SCMR_IMF,,,122
subject_595,70,Horizontal,STL_IMF,,,122
subject_595,70,Horizontal,STR_IMF,,,122
subject_595,70,Horizontal,UTL_IMF,,,122
subject_595,70,Horizontal,UTR_IMF,,,122
subject_595,80,Sagittal,MTL_IMF,-0.1293530538510622,0.15560297519678087,122
subject_595,80,Sagittal,MTR_IMF,-0.018785192100287992,0.8372820091638525,122
subject_595,80,Sagittal,SCML_IMF,0.11199148718728372,0.21940200103311128,122
subject_595,80,Sagittal,SCMR_IMF,0.10736539299923809,0.23916067198619786,122
subject_595,80,Sagittal,STL_IMF,-0.018345433617398814,0.841040440250457,122
subject_595,80,Sagittal,STR_IMF,0.004706072412832458,0.9589705787812584,122
subject_595,80,Sagittal,UTL_IMF,-0.09255511933426432,0.3106023356223571,122
subject_595,80,Sagittal,UTR_IMF,0.06343348798481616,0.4875991331581322,122
subject_595,80,Frontal,MTL_IMF,-0.10209412359885,0.26314680357275083,122
subject_595,80,Frontal,MTR_IMF,-0.06551415523967626,0.4734056615786295,122
subject_595,80,Frontal,SCML_IMF,0.11058010431276614,0.22530344001617586,122
subject_595,80,Frontal,SCMR_IMF,-0.04912092751080086,0.591062121506115,122
subject_595,80,Frontal,STL_IMF,0.13557511478413417,0.13650213487831497,122
subject_595,80,Frontal,STR_IMF,0.06526954259198559,0.47506258284563,122
subject_595,80,Frontal,UTL_IMF,-0.07428414166312775,0.41611894441215735,122
subject_595,80,Frontal,UTR_IMF,0.22856405812943667,0.011335048074570435,122
subject_595,80,Horizontal,MTL_IMF,0.021820364181325706,0.8114459487061836,122
subject_595,80,Horizontal,MTR_IMF,0.04590880861167409,0.6155802268088146,122
subject_595,80,Horizontal,SCML_IMF,0.037574287311647615,0.6811500610057789,122
subject_595,80,Horizontal,SCMR_IMF,-0.046592193261597414,0.6103270684920306,122
subject_595,80,Horizontal,STL_IMF,0.09700275486280192,0.28782298978145254,122
subject_595,80,Horizontal,STR_IMF,-0.11588056940942479,0.20370977229373186,122
subject_595,80,Horizontal,UTL_IMF,-0.13380205718192065,0.14175328669507092,122
subject_595,80,Horizontal,UTR_IMF,-0.18200849508961237,0.04480869913411109,122
subject_595,90,Sagittal,MTL_IMF,0.06690328367951938,0.4640559783133541,122
subject_595,90,Sagittal,MTR_IMF,0.25579786923476255,0.004458382654153399,122
subject_595,90,Sagittal,SCML_IMF,0.28103518631622953,0.0017148729141223528,122
subject_595,90,Sagittal,SCMR_IMF,0.5349555014890482,2.1881275352906456e-10,122
subject_595,90,Sagittal,STL_IMF,-0.11245650429839499,0.2174818332440502,122
subject_595,90,Sagittal,STR_IMF,0.03929209155292608,0.6674185656787255,122
subject_595,90,Sagittal,UTL_IMF,-0.0974255714911733,0.28571693143837557,122
subject_595,90,Sagittal,UTR_IMF,-0.032578815042567495,0.7216646318342813,122
subject_595,90,Frontal,MTL_IMF,0.07026509727002485,0.44185473853311485,122
subject_595,90,Frontal,MTR_IMF,0.013216228574330108,0.8851202294414499,122
subject_595,90,Frontal,SCML_IMF,-0.017237621222624996,0.8505241344674391,122
subject_595,90,Frontal,SCMR_IMF,0.09068270596775624,0.3205343301357916,122
subject_595,90,Frontal,STL_IMF,-0.009483917995117268,0.917425491247572,122
subject_595,90,Frontal,STR_IMF,0.075622149976238,0.4077489326185039,122
subject_595,90,Frontal,UTL_IMF,-0.039886261016545826,0.6626941888271237,122
subject_595,90,Frontal,UTR_IMF,-0.015320178604912426,0.8669886713510179,122
subject_595,90,Horizontal,MTL_IMF,-0.11031772737565013,0.22641274464241565,122
subject_595,90,Horizontal,MTR_IMF,-0.297415971040355,0.0008782893460648114,122
subject_595,90,Horizontal,SCML_IMF,-0.10213749937326067,0.2629429684534436,122
subject_595,90,Horizontal,SCMR_IMF,-0.46795874632445317,5.481433296320859e-08,122
subject_595,90,Horizontal,STL_IMF,-0.034779151426467286,0.703716238111186,122
subject_595,90,Horizontal,STR_IMF,-0.07309919084655415,0.4236144199711481,122
subject_595,90,Horizontal,UTL_IMF,-0.030072944692397914,0.7422906683458609,122
subject_595,90,Horizontal,UTR_IMF,-0.108639847865972,0.23359766933712087,122
subject_596,10,Sagittal,MTL_IMF,-0.044277824094866886,0.6074183144781974,137
subject_596,10,Sagittal,MTR_IMF,0.03292128762249975,0.7025305850767048,137
subject_596,10,Sagittal,SCML_IMF,-0.152551331999184,0.0751351400334442,137
subject_596,10,Sagittal,SCMR_IMF,-0.28209608104665557,0.000838715356671834,137
subject_596,10,Sagittal,STL_IMF,-0.07830037672481363,0.3630955718404847,137
subject_596,10,Sagittal,STR_IMF,0.07683175696582693,0.37219316047041523,137
subject_596,10,Sagittal,UTL_IMF,-0.1564960251976822,0.06781640500612811,137
subject_596,10,Sagittal,UTR_IMF,0.11686788729218979,0.17381875493979954,137
subject_596,10,Frontal,MTL_IMF,0.12174313186566572,0.1564280744863233,137
subject_596,10,Frontal,MTR_IMF,-0.07898253923478546,0.3589170335134881,137
subject_596,10,Frontal,SCML_IMF,-0.05481735930335291,0.5246327479763071,137
subject_596,10,Frontal,SCMR_IMF,0.0389400504017082,0.6514297349905539,137
subject_596,10,Frontal,STL_IMF,0.10318096330267042,0.2302007630972293,137
subject_596,10,Frontal,STR_IMF,-0.012064719225848272,0.8887191566259561,137
subject_596,10,Frontal,UTL_IMF,0.1151937706292324,0.18010844093218822,137
subject_596,10,Frontal,UTR_IMF,-0.09218022363697605,0.2840171260043653,137
subject_596,10,Horizontal,MTL_IMF,0.060738754820810606,0.4807689927721324,137
subject_596,10,Horizontal,MTR_IMF,0.02061145083398283,0.8110545965138419,137
subject_596,10,Horizontal,SCML_IMF,-0.09757689223939726,0.256646587324782,137
subject_596,10,Horizontal,SCMR_IMF,-0.10955845428297203,0.20250779679129743,137
subject_596,10,Horizontal,STL_IMF,-0.05427478293012742,0.5287509478600825,137
subject_596,10,Horizontal,STR_IMF,-0.13015538660370882,0.12953776847774567,137
subject_596,10,Horizontal,UTL_IMF,-0.003254747605672559,0.9698894943687902,137
subject_596,10,Horizontal,UTR_IMF,0.05534584388849146,0.5206371826412401,137
subject_596,20,Sagittal,MTL_IMF,-0.10348386099034436,0.23056632087798812,136
subject_596,20,Sagittal,MTR_IMF,0.024719991822738527,0.7751347893659464,136
subject_596,20,Sagittal,SCML_IMF,-0.05520352368412596,0.5232634805450616,136
subject_596,20,Sagittal,SCMR_IMF,-0.06729892716441573,0.436290506939266,136
subject_596,20,Sagittal,STL_IMF,0.021585915824928942,0.8030217050075249,136
subject_596,20,Sagittal,STR_IMF,-0.23576707054459564,0.005724139276868,136
subject_596,20,Sagittal,UTL_IMF,-0.06865774532158662,0.42706310318397694,136
subject_596,20,Sagittal,UTR_IMF,-0.06643647802940476,0.4422056473597677,136
subject_596,20,Frontal,MTL_IMF,0.1460536940312734,0.08976225050221688,136
subject_596,20,Frontal,MTR_IMF,-0.10272388805572928,0.23402687557245316,136
subject_596,20,Frontal,SCML_IMF,-0.18619019197816736,0.02998374779665784,136
subject_596,20,Frontal,SCMR_IMF,0.16394642214674024,0.056494002228110664,136
subject_596,20,Frontal,STL_IMF,0.1774689369746593,0.038737971405386956,136
subject_596,20,Frontal,STR_IMF,-0.11037109991978838,0.20083774290886627,136
subject_596,20,Frontal,UTL_IMF,-0.09317537599022381,0.2806226359919886,136
subject_596,20,Frontal,UTR_IMF,-0.02552490793320809,0.7680171638294417,136
subject_596,20,Horizontal,MTL_IMF,,,136
subject_596,20,Horizontal,MTR_IMF,,,136
subject_596,20,Horizontal,SCML_IMF,,,136
subject_596,20,Horizontal,SCMR_IMF,,,136
subject_596,20,Horizontal,STL_IMF,,,136
subject_596,20,Horizontal,STR_IMF,,,136
subject_596,20,Horizontal,UTL_IMF,,,136
subject_596,20,Horizontal,UTR_IMF,,,136
subject_596,30,Sagittal,MTL_IMF,-0.05091570833202403,0.554603481702671,137
subject_596,30,Sagittal,MTR_IMF,0.09636066026666354,0.26265102994355677,137
subject_596,30,Sagittal,SCML_IMF,-0.20348396656891038,0.017083606033866862,137
subject_596,30,Sagittal,SCMR_IMF,0.04492718523942809,0.6021547921141456,137
subject_596,30,Sagittal,STL_IMF,0.10297630900855788,0.23113148430049324,137
subject_596,30,Sagittal,STR_IMF,-0.146919774911527,0.08667483634916857,137
subject_596,30,Sagittal,UTL_IMF,0.09939338442788684,0.24785536882632223,137
subject_596,30,Sagittal,UTR_IMF,0.03670589879191897,0.670225503264386,137
subject_596,30,Frontal,MTL_IMF,0.07543779214448239,0.38095630401025077,137
subject_596,30,Frontal,MTR_IMF,-0.12398434705708487,0.14888570556805247,137
subject_596,30,Frontal,SCML_IMF,-0.07002493189873268,0.41615515795898966,137
subject_596,30,Frontal,SCMR_IMF,0.07236005063486844,0.4007432085583322,137
subject_596,30,Frontal,STL_IMF,0.17561357122546303,0.040106449176188275,137
subject_596,30,Frontal,STR_IMF,-0.05080640833872542,0.5554548478259219,137
subject_596,30,Frontal,UTL_IMF,-0.039276013682300014,0.6486217846627457,137
subject_596,30,Frontal,UTR_IMF,0.044662036663997554,0.6043015502518598,137
subject_596,30,Horizontal,MTL_IMF,,,137
subject_596,30,Horizontal,MTR_IMF,,,137
subject_596,30,Horizontal,SCML_IMF,,,137
subject_596,30,Horizontal,SCMR_IMF,,,137
subject_596,30,Horizontal,STL_IMF,,,137
subject_596,30,Horizontal,STR_IMF,,,137
subject_596,30,Horizontal,UTL_IMF,,,137
subject_596,30,Horizontal,UTR_IMF,,,137
subject_596,40,Sagittal,MTL_IMF,0.13036747185613004,0.12890889797908348,137
subject_596,40,Sagittal,MTR_IMF,0.017932377114481646,0.8352393962486566,137
subject_596,40,Sagittal,SCML_IMF,-0.13423722557788417,0.11784176442121197,137
subject_596,40,Sagittal,SCMR_IMF,-0.13899581323775329,0.10526002907307433,137
subject_596,40,Sagittal,STL_IMF,0.050858058647720944,0.5550524514640773,137
subject_596,40,Sagittal,STR_IMF,0.09443787335039402,0.27233803539512225,137
subject_596,40,Sagittal,UTL_IMF,0.16012671571859857,0.06160306917415096,137
subject_596,40,Sagittal,UTR_IMF,-0.037350053543140714,0.6647846426806767,137
subject_596,40,Frontal,MTL_IMF,0.006158230263525281,0.9430631207940149,137
subject_596,40,Frontal,MTR_IMF,0.00924124216012234,0.9146484294764345,137
subject_596,40,Frontal,SCML_IMF,-0.06002424221412248,0.4859548802367606,137
subject_596,40,Frontal,SCMR_IMF,0.022321499407235056,0.7957086733682236,137
subject_596,40,Frontal,STL_IMF,0.01848702249252863,0.8302189860658274,137
subject_596,40,Frontal,STR_IMF,0.017704912007635184,0.8373002454325748,137
subject_596,40,Frontal,UTL_IMF,-0.07774729389917694,0.3665054472915497,137
subject_596,40,Frontal,UTR_IMF,-0.08161866723702536,0.3430521725022502,137
subject_596,40,Horizontal,MTL_IMF,,,137
subject_596,40,Horizontal,MTR_IMF,,,137
subject_596,40,Horizontal,SCML_IMF,,,137
subject_596,40,Horizontal,SCMR_IMF,,,137
subject_596,40,Horizontal,STL_IMF,,,137
subject_596,40,Horizontal,STR_IMF,,,137
subject_596,40,Horizontal,UTL_IMF,,,137
subject_596,40,Horizontal,UTR_IMF,,,137
subject_596,50,Sagittal,MTL_IMF,0.331585512302606,8.033967532519144e-05,136
subject_596,50,Sagittal,MTR_IMF,-0.028720868683845168,0.7399520034253203,136
subject_596,50,Sagittal,SCML_IMF,-0.054342763741159955,0.5297713800319627,136
subject_596,50,Sagittal,SCMR_IMF,-0.10519711182675094,0.2228973321745951,136
subject_596,50,Sagittal,STL_IMF,0.12004375293688045,0.16390536872355077,136
subject_596,50,Sagittal,STR_IMF,0.19594103486093145,0.02224480727296809,136
subject_596,50,Sagittal,UTL_IMF,-0.08498744181628047,0.3252392938620282,136
subject_596,50,Sagittal,UTR_IMF,0.07480277406216976,0.3867621113362273,136
subject_596,50,Frontal,MTL_IMF,-0.0373022174669805,0.6663595433661008,136
subject_596,50,Frontal,MTR_IMF,-0.038839558535873925,0.6534808099321642,136
subject_596,50,Frontal,SCML_IMF,-0.0602868436679943,0.485674845264963,136
subject_596,50,Frontal,SCMR_IMF,0.062169694831413415,0.4721280814770275,136
subject_596,50,Frontal,STL_IMF,0.05280570720449785,0.5414928065623406,136
subject_596,50,Frontal,STR_IMF,0.1948441809501452,0.023019422422351228,136
subject_596,50,Frontal,UTL_IMF,-0.07234878784630869,0.40257321115355177,136
subject_596,50,Frontal,UTR_IMF,-0.042590239047338455,0.6224915640948633,136
subject_596,50,Horizontal,MTL_IMF,,,136
subject_596,50,Horizontal,MTR_IMF,,,136
subject_596,50,Horizontal,SCML_IMF,,,136
subject_596,50,Horizontal,SCMR_IMF,,,136
subject_596,50,Horizontal,STL_IMF,,,136
subject_596,50,Horizontal,STR_IMF,,,136
subject_596,50,Horizontal,UTL_IMF,,,136
subject_596,50,Horizontal,UTR_IMF,,,136
subject_596,60,Sagittal,MTL_IMF,0.1469940472346224,0.0865139269224548,137
subject_596,60,Sagittal,MTR_IMF,-0.14025292620287708,0.10211882018556645,137
subject_596,60,Sagittal,SCML_IMF,0.08508792988908458,0.3228600751669313,137
subject_596,60,Sagittal,SCMR_IMF,-0.007963737374178494,0.9264115900629959,137
subject_596,60,Sagittal,STL_IMF,0.16324635871008153,0.05664386457395105,137
subject_596,60,Sagittal,STR_IMF,0.10417986416008863,0.22569581395850402,137
subject_596,60,Sagittal,UTL_IMF,-0.01979540155889436,0.8184035708741098,137
subject_596,60,Sagittal,UTR_IMF,-0.008548562828773936,0.9210244350582101,137
subject_596,60,Frontal,MTL_IMF,0.07893565168414715,0.35920327956492293,137
subject_596,60,Frontal,MTR_IMF,0.06099384847096081,0.4789247864730157,137
subject_596,60,Frontal,SCML_IMF,0.0249870388606967,0.7719453022907872,137
subject_596,60,Frontal,SCMR_IMF,0.04936100844752188,0.5667724107270405,137
subject_596,60,Frontal,STL_IMF,0.13483629072896336,0.11619645835163675,137
subject_596,60,Frontal,STR_IMF,0.1789253528472221,0.03643928400978564,137
subject_596,60,Frontal,UTL_IMF,-0.0996456451459125,0.2466511946141151,137
subject_596,60,Frontal,UTR_IMF,0.09050384283894806,0.292903077393897,137
subject_596,60,Horizontal,MTL_IMF,,,137
subject_596,60,Horizontal,MTR_IMF,,,137
subject_596,60,Horizontal,SCML_IMF,,,137
subject_596,60,Horizontal,SCMR_IMF,,,137
subject_596,60,Horizontal,STL_IMF,,,137
subject_596,60,Horizontal,STR_IMF,,,137
subject_596,60,Horizontal,UTL_IMF,,,137
subject_596,60,Horizontal,UTR_IMF,,,137
subject_596,70,Sagittal,MTL_IMF,0.013516982439768746,0.8754263204160853,137
subject_596,70,Sagittal,MTR_IMF,-0.09008076024877194,0.29517455325580083,137
subject_596,70,Sagittal,SCML_IMF,0.16828910848219147,0.04932532349441618,137
subject_596,70,Sagittal,SCMR_IMF,0.11965425226095636,0.163712477186916,137
subject_596,70,Sagittal,STL_IMF,0.0342216224332294,0.6913674438831557,137
subject_596,70,Sagittal,STR_IMF,0.039192310005004255,0.6493209124015661,137
subject_596,70,Sagittal,UTL_IMF,0.014951789855478119,0.8623272890828996,137
subject_596,70,Sagittal,UTR_IMF,0.05678661726992569,0.5098236253160798,137
subject_596,70,Frontal,MTL_IMF,-0.15463405074713688,0.07119530649051738,137
subject_596,70,Frontal,MTR_IMF,0.06245054971558721,0.4684670860728894,137
subject_596,70,Frontal,SCML_IMF,0.07384245058781413,0.3911376895671851,137
subject_596,70,Frontal,SCMR_IMF,0.061649321369405874,0.4742035962443335,137
subject_596,70,Frontal,STL_IMF,0.12149384167307128,0.15728440817974712,137
subject_596,70,Frontal,STR_IMF,0.07386995941804503,0.390960757090988,137
subject_596,70,Frontal,UTL_IMF,0.0014338423596825982,0.9867326459436756,137
subject_596,70,Frontal,UTR_IMF,0.1166077465622162,0.17478531392709817,137
subject_596,70,Horizontal,MTL_IMF,,,137
subject_596,70,Horizontal,MTR_IMF,,,137
subject_596,70,Horizontal,SCML_IMF,,,137
subject_596,70,Horizontal,SCMR_IMF,,,137
subject_596,70,Horizontal,STL_IMF,,,137
subject_596,70,Horizontal,STR_IMF,,,137
subject_596,70,Horizontal,UTL_IMF,,,137
subject_596,70,Horizontal,UTR_IMF,,,137
subject_596,80,Sagittal,MTL_IMF,0.1599569392834233,0.06286000624479936,136
subject_596,80,Sagittal,MTR_IMF,-0.10178506267252661,0.2383518717711744,136
subject_596,80,Sagittal,SCML_IMF,-0.0730168733824062,0.3982312138486839,136
subject_596,80,Sagittal,SCMR_IMF,-0.03286462560469413,0.7040722763369268,136
subject_596,80,Sagittal,STL_IMF,-0.10152398140182012,0.2395644765856529,136
subject_596,80,Sagittal,STR_IMF,-0.16894411311515292,0.04927765144841087,136
subject_596,80,Sagittal,UTL_IMF,-0.2612665741938938,0.002124247233607234,136
subject_596,80,Sagittal,UTR_IMF,-0.09147174181274366,0.28954942767591085,136
subject_596,80,Frontal,MTL_IMF,-0.06131445813518529,0.47825569602732243,136
subject_596,80,Frontal,MTR_IMF,0.015132823884213041,0.8611907356684453,136
subject_596,80,Frontal,SCML_IMF,0.04844659053161872,0.5754155927775032,136
subject_596,80,Frontal,SCMR_IMF,0.09707011228274882,0.2609151965320153,136
subject_596,80,Frontal,STL_IMF,-0.09502559738475423,0.27113921727576995,136
subject_596,80,Frontal,STR_IMF,-0.01355958559483123,0.8754984756245362,136
subject_596,80,Frontal,UTL_IMF,-0.11085481688714273,0.19885891912689985,136
subject_596,80,Frontal,UTR_IMF,0.056252611837765885,0.5153869230405141,136
subject_596,80,Horizontal,MTL_IMF,-0.029604398727770553,0.7322515832171252,136
subject_596,80,Horizontal,MTR_IMF,0.10313056867456034,0.23217054612268742,136
subject_596,80,Horizontal,SCML_IMF,-0.09978552895749243,0.24774848751707657,136
subject_596,80,Horizontal,SCMR_IMF,0.009866072673890522,0.9092394185341726,136
subject_596,80,Horizontal,STL_IMF,0.04498140717215301,0.6030703745362337,136
subject_596,80,Horizontal,STR_IMF,-0.08992994132540345,0.2977895130418425,136
subject_596,80,Horizontal,UTL_IMF,0.0,1.0,136
subject_596,80,Horizontal,UTR_IMF,-0.02082897197089456,0.8097957823742434,136
subject_596,90,Sagittal,MTL_IMF,0.20663868229555532,0.017014497629681165,133
subject_596,90,Sagittal,MTR_IMF,-0.02491149183989337,0.7759309629571507,133
subject_596,90,Sagittal,SCML_IMF,0.07962581556718165,0.36225887945201546,133
subject_596,90,Sagittal,SCMR_IMF,0.10835565495321625,0.21442789082795463,133
subject_596,90,Sagittal,STL_IMF,-0.047906093231395136,0.5839806706682454,133
subject_596,90,Sagittal,STR_IMF,-0.048036238048964224,0.5829582317805438,133
subject_596,90,Sagittal,UTL_IMF,-0.14714898693120346,0.09098972685105074,133
subject_596,90,Sagittal,UTR_IMF,-0.0075357771179077725,0.931396707688659,133
subject_596,90,Frontal,MTL_IMF,0.02647376782488773,0.7596515021577622,136
subject_596,90,Frontal,MTR_IMF,0.05257704626378486,0.5432474255366169,136
subject_596,90,Frontal,SCML_IMF,0.02103791979325688,0.8079244254204953,136
subject_596,90,Frontal,SCMR_IMF,-0.0259370898972098,0.764379798404262,136
subject_596,90,Frontal,STL_IMF,-0.18103088376382234,0.03493273506634419,136
subject_596,90,Frontal,STR_IMF,-0.047500312986400124,0.5829085922143726,136
subject_596,90,Frontal,UTL_IMF,-0.15018164515823856,0.0809587941196825,136
subject_596,90,Frontal,UTR_IMF,0.11446942702713095,0.1845166353203856,136
subject_596,90,Horizontal,MTL_IMF,-0.1721207225941024,0.045101397972119414,136
subject_596,90,Horizontal,MTR_IMF,-0.03196535008073517,0.711806912943763,136
subject_596,90,Horizontal,SCML_IMF,-0.0435064839845529,0.615018047065111,136
subject_596,90,Horizontal,SCMR_IMF,-0.09135559834097211,0.2901648111024434,136
subject_596,90,Horizontal,STL_IMF,-0.020094296609747393,0.8163840797890705,136
subject_596,90,Horizontal,STR_IMF,-0.02046402894356311,0.8130668218887632,136
subject_596,90,Horizontal,UTL_IMF,-0.06618586162919929,0.44393297882644245,136
subject_596,90,Horizontal,UTR_IMF,-0.00678989291787279,0.9374676387290631,136
subject_597,10,Sagittal,MTL_IMF,-0.1377604350308322,0.13684751207641316,118
subject_597,10,Sagittal,MTR_IMF,-0.017309171214597373,0.8524148960981864,118
subject_597,10,Sagittal,SCML_IMF,0.15515371872667313,0.09341844744029681,118
subject_597,10,Sagittal,SCMR_IMF,0.022355437850031672,0.8101076678559914,118
subject_597,10,Sagittal,STL_IMF,-0.0869977737218117,0.3488844909940322,118
subject_597,10,Sagittal,STR_IMF,-0.14994394321611726,0.10509371189014023,118
subject_597,10,Sagittal,UTL_IMF,0.08661493697147113,0.35101755800849116,118
subject_597,10,Sagittal,UTR_IMF,-0.010510297775710008,0.910063223023028,118
subject_597,10,Frontal,MTL_IMF,0.1306308548706514,0.1585520622837746,118
subject_597,10,Frontal,MTR_IMF,0.08280852043022388,0.3726677108271025,118
subject_597,10,Frontal,SCML_IMF,0.2543623133037064,0.005443604214463122,118
subject_597,10,Frontal,SCMR_IMF,-0.13029338224898931,0.15963976330213103,118
subject_597,10,Frontal,STL_IMF,-0.14767514724158923,0.11052255991628798,118
subject_597,10,Frontal,STR_IMF,0.09804979438865412,0.2908298458878249,118
subject_597,10,Frontal,UTL_IMF,0.1508935061573285,0.10288453908767377,118
subject_597,10,Frontal,UTR_IMF,-0.26554468221390465,0.0036583366407448785,118
subject_597,10,Horizontal,MTL_IMF,0.0561394760379342,0.54596630670209,118
subject_597,10,Horizontal,MTR_IMF,-0.05930855160716697,0.5235000623521775,118
subject_597,10,Horizontal,SCML_IMF,-0.11621353166073914,0.2101276024606048,118
subject_597,10,Horizontal,SCMR_IMF,0.10594388854711662,0.2535326137625455,118
subject_597,10,Horizontal,STL_IMF,0.2142479087834661,0.019823404270074795,118
subject_597,10,Horizontal,STR_IMF,-0.06011065313824304,0.5178889719620499,118
subject_597,10,Horizontal,UTL_IMF,-0.08382934362670882,0.3667828653782799,118
subject_597,10,Horizontal,UTR_IMF,0.2269499081795802,0.013458471324828546,118
subject_597,20,Sagittal,MTL_IMF,-0.19259761545643006,0.03666464181000051,118
subject_597,20,Sagittal,MTR_IMF,-0.1889072920590547,0.040491616577531156,118
subject_597,20,Sagittal,SCML_IMF,-0.05587493674878262,0.5478627949016803,118
subject_597,20,Sagittal,SCMR_IMF,0.03807657323868449,0.6822733450144665,118
subject_597,20,Sagittal,STL_IMF,-0.007939692196639904,0.931998761307747,118
subject_597,20,Sagittal,STR_IMF,-0.21878851141633238,0.017300176609062065,118
subject_597,20,Sagittal,UTL_IMF,-0.08134865455505007,0.38118321389059584,118
subject_597,20,Sagittal,UTR_IMF,-0.040265200674651724,0.6650790310735559,118
subject_597,20,Frontal,MTL_IMF,-0.11562053201009903,0.21247944871296032,118
subject_597,20,Frontal,MTR_IMF,-0.10804312926330994,0.24419404349579177,118
subject_597,20,Frontal,SCML_IMF,0.05264058333383399,0.5713063175369085,118
subject_597,20,Frontal,SCMR_IMF,-0.02028042049100097,0.8274454650220351,118
subject_597,20,Frontal,STL_IMF,0.016245589660325913,0.8613898588375288,118
subject_597,20,Frontal,STR_IMF,-0.05006906871672292,0.5902751225267253,118
subject_597,20,Frontal,UTL_IMF,0.13786394354057818,0.1365499761384763,118
subject_597,20,Frontal,UTR_IMF,-0.13251681429232712,0.15257520181246773,118
subject_597,20,Horizontal,MTL_IMF,0.059141876606532806,0.5246698858711278,118
subject_597,20,Horizontal,MTR_IMF,0.1905684951530979,0.03872942337680726,118
subject_597,20,Horizontal,SCML_IMF,0.005502082770796868,0.9528468768700976,118
subject_597,20,Horizontal,SCMR_IMF,0.0625883652791089,0.500752173155817,118
subject_597,20,Horizontal,STL_IMF,0.1368623075518007,0.13944994748537506,118
subject_597,20,Horizontal,STR_IMF,0.14308527968540555,0.12217147647105586,118
subject_597,20,Horizontal,UTL_IMF,-0.05021540967718234,0.5891879937076968,118
subject_597,20,Horizontal,UTR_IMF,0.061903749688703685,0.5054573813014991,118
subject_597,30,Sagittal,MTL_IMF,-0.08653113238762175,0.3535790073723249,117
subject_597,30,Sagittal,MTR_IMF,0.017381921798804066,0.8524372068081273,117
subject_597,30,Sagittal,SCML_IMF,-0.2961588135670747,0.0011864970832136774,117
subject_597,30,Sagittal,SCMR_IMF,0.2694226179036698,0.003308885633794171,117
subject_597,30,Sagittal,STL_IMF,0.12700641739409144,0.1723890372928414,117
subject_597,30,Sagittal,STR_IMF,0.025123252620805416,0.7880264224719914,117
subject_597,30,Sagittal,UTL_IMF,-0.1211719551075311,0.19312025898585944,117
subject_597,30,Sagittal,UTR_IMF,0.01564918300749753,0.8670044756068305,117
subject_597,30,Frontal,MTL_IMF,-0.11719782739419608,0.20824015840283744,117
subject_597,30,Frontal,MTR_IMF,0.11700779973052595,0.20898377141143884,117
subject_597,30,Frontal,SCML_IMF,0.12608366950346103,0.17555358820089045,117
subject_597,30,Frontal,SCMR_IMF,0.09979438713365536,0.2843822905608944,117
subject_597,30,Frontal,STL_IMF,0.04738759256154623,0.6119043346934082,117
subject_597,30,Frontal,STR_IMF,0.1541416944157327,0.0970495761225535,117
subject_597,30,Frontal,UTL_IMF,0.06136951818553411,0.5109843895924081,117
subject_597,30,Frontal,UTR_IMF,-0.002844951238443167,0.9757141389646206,117
subject_597,30,Horizontal,MTL_IMF,0.0062703154364392695,0.9465050513750223,117
subject_597,30,Horizontal,MTR_IMF,0.07317687409553082,0.4329916734394585,117
subject_597,30,Horizontal,SCML_IMF,0.029954017489058363,0.7485169511273094,117
subject_597,30,Horizontal,SCMR_IMF,-0.05295757337118278,0.5706654783699672,117
subject_597,30,Horizontal,STL_IMF,0.03274884970033639,0.7259456723897333,117
subject_597,30,Horizontal,STR_IMF,0.1344894094971283,0.14826609173998612,117
subject_597,30,Horizontal,UTL_IMF,0.057140685319722835,0.5405805720696502,117
subject_597,30,Horizontal,UTR_IMF,0.012541900936417666,0.8932364219524006,117
subject_597,40,Sagittal,MTL_IMF,-0.19893920553312822,0.03153191694436973,117
subject_597,40,Sagittal,MTR_IMF,0.000728140798099651,0.993783357343453,117
subject_597,40,Sagittal,SCML_IMF,0.22744172152595138,0.013657175214550038,117
subject_597,40,Sagittal,SCMR_IMF,0.1106006434648167,0.2351762322455333,117
subject_597,40,Sagittal,STL_IMF,0.14695673160708592,0.11385280439347938,117
subject_597,40,Sagittal,STR_IMF,-0.09032490699361342,0.3327922783017738,117
subject_597,40,Sagittal,UTL_IMF,-0.07943387146616286,0.394586080708077,117
subject_597,40,Sagittal,UTR_IMF,0.0745089033483174,0.42464154913179075,117
subject_597,40,Frontal,MTL_IMF,-0.04080632411303968,0.6622339978288657,117
subject_597,40,Frontal,MTR_IMF,0.02196055948482324,0.8141949733574043,117
subject_597,40,Frontal,SCML_IMF,0.46046160316798684,1.754148267427312e-07,117
subject_597,40,Frontal,SCMR_IMF,0.13986228300858108,0.1325808972826245,117
subject_597,40,Frontal,STL_IMF,0.12984846125304006,0.16290701016328868,117
subject_597,40,Frontal,STR_IMF,0.1479674551408525,0.11136095971690692,117
subject_597,40,Frontal,UTL_IMF,0.006916852046417051,0.9409986186108371,117
subject_597,40,Frontal,UTR_IMF,-0.02960731644029353,0.7513322727299698,117
subject_597,40,Horizontal,MTL_IMF,-0.006409644837900596,0.9453181864695989,117
subject_597,40,Horizontal,MTR_IMF,-0.08891080211109233,0.34044753646664105,117
subject_597,40,Horizontal,SCML_IMF,-0.20588704827237303,0.02594629900261683,117
subject_597,40,Horizontal,SCMR_IMF,-0.010411531984450308,0.9112897953634053,117
subject_597,40,Horizontal,STL_IMF,0.044057380826866395,0.6371652179059084,117
subject_597,40,Horizontal,STR_IMF,0.09932899506987397,0.2866454767060506,117
subject_597,40,Horizontal,UTL_IMF,-0.05846694898658398,0.5312082316758929,117
subject_597,40,Horizontal,UTR_IMF,-0.013617276156870188,0.884143479789172,117
subject_597,50,Sagittal,MTL_IMF,0.16876471125571385,0.06771997142995322,118
subject_597,50,Sagittal,MTR_IMF,-0.03425762496595686,0.712664642431856,118
subject_597,50,Sagittal,SCML_IMF,-0.0006452079443391385,0.9944673988933315,118
subject_597,50,Sagittal,SCMR_IMF,0.22726325843262377,0.01332713883048647,118
subject_597,50,Sagittal,STL_IMF,-0.11922716496794412,0.1984626931927689,118
subject_597,50,Sagittal,STR_IMF,-0.198504499317657,0.031173700458971675,118
subject_597,50,Sagittal,UTL_IMF,0.24973074460373518,0.006386558755020137,118
subject_597,50,Sagittal,UTR_IMF,-0.21220815585660255,0.02105638002529817,118
subject_597,50,Frontal,MTL_IMF,0.2172806495124997,0.018105380251792636,118
subject_597,50,Frontal,MTR_IMF,0.04429251812440142,0.6338949224827135,118
subject_597,50,Frontal,SCML_IMF,-0.006764507271027429,0.9420448811022558,118
subject_597,50,Frontal,SCMR_IMF,0.31978578634637245,0.00041564451883876997,118
subject_597,50,Frontal,STL_IMF,-0.15962240003642678,0.08424427359967218,118
subject_597,50,Frontal,STR_IMF,-0.14269977878359558,0.12319142286118913,118
subject_597,50,Frontal,UTL_IMF,0.21918243428923592,0.01709499830317291,118
subject_597,50,Frontal,UTR_IMF,-0.24234278988461413,0.008192569341133257,118
subject_597,50,Horizontal,MTL_IMF,-0.25415809742243456,0.005482409963033765,118
subject_597,50,Horizontal,MTR_IMF,-0.04997391362946925,0.5909824935887733,118
subject_597,50,Horizontal,SCML_IMF,0.02707396516200553,0.771035140767563,118
subject_597,50,Horizontal,SCMR_IMF,-0.2899469362880113,0.001448510172634496,118
subject_597,50,Horizontal,STL_IMF,0.1972571881546363,0.03227122127600876,118
subject_597,50,Horizontal,STR_IMF,0.1461845292829569,0.11420671331773297,118
subject_597,50,Horizontal,UTL_IMF,-0.31455817257779345,0.0005222123999617619,118
subject_597,50,Horizontal,UTR_IMF,0.09183936413784767,0.32261271121984925,118
subject_597,60,Sagittal,MTL_IMF,0.06321206712151077,0.4983554985511905,117
subject_597,60,Sagittal,MTR_IMF,-0.03130782074025706,0.7375556087602054,117
subject_597,60,Sagittal,SCML_IMF,0.07366533623566499,0.42991880655977177,117
subject_597,60,Sagittal,SCMR_IMF,0.08751293947462718,0.34812338763088563,117
subject_597,60,Sagittal,STL_IMF,-0.10610416510875527,0.25487542616145725,117
subject_597,60,Sagittal,STR_IMF,-0.13247891224053063,0.15448197297279684,117
subject_597,60,Sagittal,UTL_IMF,0.22845870036070573,0.013231242597685001,117
subject_597,60,Sagittal,UTR_IMF,0.12654476854509256,0.17396695111285476,117
subject_597,60,Frontal,MTL_IMF,0.055313248934122816,0.5536267941579835,117
subject_597,60,Frontal,MTR_IMF,-0.06488177685063881,0.48705436141777997,117
subject_597,60,Frontal,SCML_IMF,0.00600878673011518,0.9487331743665851,117
subject_597,60,Frontal,SCMR_IMF,0.16730391637265166,0.0713930858531818,117
subject_597,60,Frontal,STL_IMF,-0.24145462730563338,0.008725812023266666,117
subject_597,60,Frontal,STR_IMF,-0.11545401120591316,0.21513533590329306,117
subject_597,60,Frontal,UTL_IMF,0.2066061273076204,0.025419673279776886,117
subject_597,60,Frontal,UTR_IMF,0.05061084502025791,0.587880641962842,117
subject_597,60,Horizontal,MTL_IMF,-0.13877269372488504,0.13565464418383522,117
subject_597,60,Horizontal,MTR_IMF,-0.0014094621773360085,0.9879667745705917,117
subject_597,60,Horizontal,SCML_IMF,-0.0675401056934488,0.46934758909958274,117
subject_597,60,Horizontal,SCMR_IMF,-0.10717329180751006,0.2500920071584836,117
subject_597,60,Horizontal,STL_IMF,0.14297611655404313,0.1240899838895054,117
subject_597,60,Horizontal,STR_IMF,0.06725491911774502,0.4712301957060755,117
subject_597,60,Horizontal,UTL_IMF,-0.27721618531930736,0.002478994904170007,117
subject_597,60,Horizontal,UTR_IMF,-0.08201899905766923,0.37933172127380094,117
subject_597,70,Sagittal,MTL_IMF,-0.015924668901035,0.8646853307042602,117
subject_597,70,Sagittal,MTR_IMF,-0.06410409921820123,0.49230087278005097,117
subject_597,70,Sagittal,SCML_IMF,-0.0637866579446567,0.4944510179164985,117
subject_597,70,Sagittal,SCMR_IMF,-0.09697230188650365,0.2982899084090055,117
subject_597,70,Sagittal,STL_IMF,0.10264443983314289,0.27078330857444666,117
subject_597,70,Sagittal,STR_IMF,-0.13243094938645622,0.15463261039082787,117
subject_597,70,Sagittal,UTL_IMF,0.12858224282813555,0.1670824509715472,117
subject_597,70,Sagittal,UTR_IMF,0.04471218662441705,0.6321640704560167,117
subject_597,70,Frontal,MTL_IMF,0.10926834537264854,0.24089877587398922,117
subject_597,70,Frontal,MTR_IMF,-0.0843012403925637,0.3661666899137234,117
subject_597,70,Frontal,SCML_IMF,-0.14855196553669409,0.10993941135754107,117
subject_597,70,Frontal,SCMR_IMF,-0.09247767541323487,0.3213506388750648,117
subject_597,70,Frontal,STL_IMF,-0.011840235520113467,0.899176974597657,117
subject_597,70,Frontal,STR_IMF,-0.2599773952729926,0.004644073305142334,117
subject_597,70,Frontal,UTL_IMF,0.08458675636502619,0.36453973430260045,117
subject_597,70,Frontal,UTR_IMF,-0.12307473286541609,0.18616962228663375,117
subject_597,70,Horizontal,MTL_IMF,0.013863791947159056,0.882061117468415,117
subject_597,70,Horizontal,MTR_IMF,0.003555632722148196,0.9696500225313042,117
subject_597,70,Horizontal,SCML_IMF,0.16585286198980398,0.07391967042185595,117
subject_597,70,Horizontal,SCMR_IMF,0.07016695581558315,0.452201360090247,117
subject_597,70,Horizontal,STL_IMF,-0.06182817987108859,0.5078253582287818,117
subject_597,70,Horizontal,STR_IMF,0.05959074148660282,0.5233308650906863,117
subject_597,70,Horizontal,UTL_IMF,-0.08345352916872287,0.3710234860429863,117
subject_597,70,Horizontal,UTR_IMF,0.038967270351012696,0.6765844040353153,117
subject_597,80,Sagittal,MTL_IMF,-0.12480885484659371,0.17810569275802737,118
subject_597,80,Sagittal,MTR_IMF,-0.12801325248270629,0.16713517707964043,118
subject_597,80,Sagittal,SCML_IMF,0.024015724504419998,0.7963006533482392,118
subject_597,80,Sagittal,SCMR_IMF,-0.205070030080798,0.02590398687311651,118
subject_597,80,Sagittal,STL_IMF,-0.03693150288432683,0.6913352510167589,118
subject_597,80,Sagittal,STR_IMF,-0.10256532837220722,0.2690721123642396,118
subject_597,80,Sagittal,UTL_IMF,0.01740888343996411,0.8515744287434429,118
subject_597,80,Sagittal,UTR_IMF,-0.004286394733715383,0.9632570803396687,118
subject_597,80,Frontal,MTL_IMF,-0.0416014616269832,0.6546652364458386,118
subject_597,80,Frontal,MTR_IMF,-0.027489239119366585,0.7676221433261237,118
subject_597,80,Frontal,SCML_IMF,-0.15302615207130305,0.09805581976349823,118
subject_597,80,Frontal,SCMR_IMF,-0.1923422052358148,0.03691933772082167,118
subject_597,80,Frontal,STL_IMF,-0.1601497208427066,0.08321089427119156,118
subject_597,80,Frontal,STR_IMF,-0.14087875428902177,0.1280983783509835,118
subject_597,80,Frontal,UTL_IMF,0.0978639911036888,0.2917494557989563,118
subject_597,80,Frontal,UTR_IMF,-0.2516544698774891,0.005978583910289841,118
subject_597,80,Horizontal,MTL_IMF,0.02669568790860964,0.7741478887940244,118
subject_597,80,Horizontal,MTR_IMF,0.02813634670082972,0.7623126598168845,118
subject_597,80,Horizontal,SCML_IMF,0.11402999753277157,0.2188800399323983,118
subject_597,80,Horizontal,SCMR_IMF,0.1119087506777905,0.22762731409410866,118
subject_597,80,Horizontal,STL_IMF,-0.07722338250792057,0.40587593044553144,118
subject_597,80,Horizontal,STR_IMF,0.10582431716567774,0.25407182129361505,118
subject_597,80,Horizontal,UTL_IMF,0.08625375363127136,0.35303744015815713,118
subject_597,80,Horizontal,UTR_IMF,0.07395350050078364,0.42610204216165376,118
subject_597,90,Sagittal,MTL_IMF,-0.11136978822001012,0.23191614826783413,117
subject_597,90,Sagittal,MTR_IMF,0.3159706371835382,0.000519683911378485,117
subject_597,90,Sagittal,SCML_IMF,-0.022206996113957767,0.8121481505012399,117
subject_597,90,Sagittal,SCMR_IMF,-0.04056228948626865,0.6641313483278449,117
subject_597,90,Sagittal,STL_IMF,-0.2234022834100337,0.015469188761980161,117
subject_597,90,Sagittal,STR_IMF,0.17695279162636432,0.05631670647859316,117
subject_597,90,Sagittal,UTL_IMF,0.2188274187804495,0.017770239654462755,117
subject_597,90,Sagittal,UTR_IMF,-0.09409537502963962,0.3129217115216021,117
subject_597,90,Frontal,MTL_IMF,-0.1916582175175797,0.03844542075102603,117
subject_597,90,Frontal,MTR_IMF,0.36803466750985514,4.4572514945129173e-05,117
subject_597,90,Frontal,SCML_IMF,-0.06799388433235566,0.4663605330714855,117
subject_597,90,Frontal,SCMR_IMF,-0.06996676906618435,0.45349561334306165,117
subject_597,90,Frontal,STL_IMF,-0.3964408337117605,9.651799218635889e-06,117
subject_597,90,Frontal,STR_IMF,0.3201547660444488,0.00043331516418673824,117
subject_597,90,Frontal,UTL_IMF,0.3045823867406573,0.0008411357692723743,117
subject_597,90,Frontal,UTR_IMF,-0.2433020663302175,0.008210153523242274,117
subject_597,90,Horizontal,MTL_IMF,0.07661779449550497,0.4116132202016544,117
subject_597,90,Horizontal,MTR_IMF,-0.4493552948774323,3.7333950375177766e-07,117
subject_597,90,Horizontal,SCML_IMF,0.03703479946056869,0.6917895826793781,117
subject_597,90,Horizontal,SCMR_IMF,0.05106202046760427,0.5845525579442753,117
subject_597,90,Horizontal,STL_IMF,0.2977785949662873,0.0011114310752163002,117
subject_597,90,Horizontal,STR_IMF,-0.2000391453308217,0.03058510617628658,117
subject_597,90,Horizontal,UTL_IMF,-0.272028117627576,0.0030071538896648043,117
subject_597,90,Horizontal,UTR_IMF,0.17265935797388268,0.06266637994854186,117
subject_598,10,Sagittal,MTL_IMF,-0.026115296518640883,0.7645392648601776,134
subject_598,10,Sagittal,MTR_IMF,0.07987170976807763,0.35894012752354154,134
subject_598,10,Sagittal,SCML_IMF,0.13037452028678212,0.13323370382262334,134
subject_598,10,Sagittal,SCMR_IMF,0.13232607730785242,0.1274725137476595,134
subject_598,10,Sagittal,STL_IMF,0.08625359546383005,0.3217092225814065,134
subject_598,10,Sagittal,STR_IMF,0.005122245948404135,0.953159868800566,134
subject_598,10,Sagittal,UTL_IMF,0.04196970093440522,0.6301646943627278,134
subject_598,10,Sagittal,UTR_IMF,0.08779660973519482,0.31309589498362517,134
subject_598,10,Frontal,MTL_IMF,-0.10430125381071949,0.23039690108252,134
subject_598,10,Frontal,MTR_IMF,0.08597765319774148,0.3232655397825267,134
subject_598,10,Frontal,SCML_IMF,0.12983326822031377,0.1348663015842442,134
subject_598,10,Frontal,SCMR_IMF,0.007163427151967062,0.9345299448162717,134
subject_598,10,Frontal,STL_IMF,-0.09471477067691433,0.2763390415519751,134
subject_598,10,Frontal,STR_IMF,-0.07725482448145414,0.37495083052423606,134
subject_598,10,Frontal,UTL_IMF,0.15120601625570654,0.08116262438193574,134
subject_598,10,Frontal,UTR_IMF,0.0899467577745807,0.3013461294753482,134
subject_598,10,Horizontal,MTL_IMF,,,134
subject_598,10,Horizontal,MTR_IMF,,,134
subject_598,10,Horizontal,SCML_IMF,,,134
subject_598,10,Horizontal,SCMR_IMF,,,134
subject_598,10,Horizontal,STL_IMF,,,134
subject_598,10,Horizontal,STR_IMF,,,134
subject_598,10,Horizontal,UTL_IMF,,,134
subject_598,10,Horizontal,UTR_IMF,,,134
subject_598,20,Sagittal,MTL_IMF,,,134
subject_598,20,Sagittal,MTR_IMF,,,134
subject_598,20,Sagittal,SCML_IMF,,,134
subject_598,20,Sagittal,SCMR_IMF,,,134
subject_598,20,Sagittal,STL_IMF,,,134
subject_598,20,Sagittal,STR_IMF,,,134
subject_598,20,Sagittal,UTL_IMF,,,134
subject_598,20,Sagittal,UTR_IMF,,,134
subject_598,20,Frontal,MTL_IMF,,,134
subject_598,20,Frontal,MTR_IMF,,,134
subject_598,20,Frontal,SCML_IMF,,,134
subject_598,20,Frontal,SCMR_IMF,,,134
subject_598,20,Frontal,STL_IMF,,,134
subject_598,20,Frontal,STR_IMF,,,134
subject_598,20,Frontal,UTL_IMF,,,134
subject_598,20,Frontal,UTR_IMF,,,134
subject_598,20,Horizontal,MTL_IMF,,,134
subject_598,20,Horizontal,MTR_IMF,,,134
subject_598,20,Horizontal,SCML_IMF,,,134
subject_598,20,Horizontal,SCMR_IMF,,,134
subject_598,20,Horizontal,STL_IMF,,,134
subject_598,20,Horizontal,STR_IMF,,,134
subject_598,20,Horizontal,UTL_IMF,,,134
subject_598,20,Horizontal,UTR_IMF,,,134
subject_598,30,Sagittal,MTL_IMF,,,133
subject_598,30,Sagittal,MTR_IMF,,,133
subject_598,30,Sagittal,SCML_IMF,,,133
subject_598,30,Sagittal,SCMR_IMF,,,133
subject_598,30,Sagittal,STL_IMF,,,133
subject_598,30,Sagittal,STR_IMF,,,133
subject_598,30,Sagittal,UTL_IMF,,,133
subject_598,30,Sagittal,UTR_IMF,,,133
subject_598,30,Frontal,MTL_IMF,,,133
subject_598,30,Frontal,MTR_IMF,,,133
subject_598,30,Frontal,SCML_IMF,,,133
subject_598,30,Frontal,SCMR_IMF,,,133
subject_598,30,Frontal,STL_IMF,,,133
subject_598,30,Frontal,STR_IMF,,,133
subject_598,30,Frontal,UTL_IMF,,,133
subject_598,30,Frontal,UTR_IMF,,,133
subject_598,30,Horizontal,MTL_IMF,,,133
subject_598,30,Horizontal,MTR_IMF,,,133
subject_598,30,Horizontal,SCML_IMF,,,133
subject_598,30,Horizontal,SCMR_IMF,,,133
subject_598,30,Horizontal,STL_IMF,,,133
subject_598,30,Horizontal,STR_IMF,,,133
subject_598,30,Horizontal,UTL_IMF,,,133
subject_598,30,Horizontal,UTR_IMF,,,133
subject_598,40,Sagittal,MTL_IMF,,,133
subject_598,40,Sagittal,MTR_IMF,,,133
subject_598,40,Sagittal,SCML_IMF,,,133
subject_598,40,Sagittal,SCMR_IMF,,,133
subject_598,40,Sagittal,STL_IMF,,,133
subject_598,40,Sagittal,STR_IMF,,,133
subject_598,40,Sagittal,UTL_IMF,,,133
subject_598,40,Sagittal,UTR_IMF,,,133
subject_598,40,Frontal,MTL_IMF,,,133
subject_598,40,Frontal,MTR_IMF,,,133
subject_598,40,Frontal,SCML_IMF,,,133
subject_598,40,Frontal,SCMR_IMF,,,133
subject_598,40,Frontal,STL_IMF,,,133
subject_598,40,Frontal,STR_IMF,,,133
subject_598,40,Frontal,UTL_IMF,,,133
subject_598,40,Frontal,UTR_IMF,,,133
subject_598,40,Horizontal,MTL_IMF,,,133
subject_598,40,Horizontal,MTR_IMF,,,133
subject_598,40,Horizontal,SCML_IMF,,,133
subject_598,40,Horizontal,SCMR_IMF,,,133
subject_598,40,Horizontal,STL_IMF,,,133
subject_598,40,Horizontal,STR_IMF,,,133
subject_598,40,Horizontal,UTL_IMF,,,133
subject_598,40,Horizontal,UTR_IMF,,,133
subject_598,50,Sagittal,MTL_IMF,0.12893827846809272,0.13759936390112992,134
subject_598,50,Sagittal,MTR_IMF,0.09869648094290441,0.25655834916101894,134
subject_598,50,Sagittal,SCML_IMF,-0.004487273848715941,0.9589609174469295,134
subject_598,50,Sagittal,SCMR_IMF,-0.06727382407790458,0.4399187100792212,134
subject_598,50,Sagittal,STL_IMF,0.06615820735643868,0.44755687684400947,134
subject_598,50,Sagittal,STR_IMF,-0.09426478283211794,0.27863748981475855,134
subject_598,50,Sagittal,UTL_IMF,0.11434467205771817,0.18832381404260876,134
subject_598,50,Sagittal,UTR_IMF,0.1300427695821628,0.13423257146022183,134
subject_598,50,Frontal,MTL_IMF,,,134
subject_598,50,Frontal,MTR_IMF,,,134
subject_598,50,Frontal,SCML_IMF,,,134
subject_598,50,Frontal,SCMR_IMF,,,134
subject_598,50,Frontal,STL_IMF,,,134
subject_598,50,Frontal,STR_IMF,,,134
subject_598,50,Frontal,UTL_IMF,,,134
subject_598,50,Frontal,UTR_IMF,,,134
subject_598,50,Horizontal,MTL_IMF,,,134
subject_598,50,Horizontal,MTR_IMF,,,134
subject_598,50,Horizontal,SCML_IMF,,,134
subject_598,50,Horizontal,SCMR_IMF,,,134
subject_598,50,Horizontal,STL_IMF,,,134
subject_598,50,Horizontal,STR_IMF,,,134
subject_598,50,Horizontal,UTL_IMF,,,134
subject_598,50,Horizontal,UTR_IMF,,,134
subject_598,60,Sagittal,MTL_IMF,0.06331529322915937,0.46905226008464695,133
subject_598,60,Sagittal,MTR_IMF,-0.034988333115349934,0.6892900113687835,133
subject_598,60,Sagittal,SCML_IMF,0.016326789411537236,0.852033225359914,133
subject_598,60,Sagittal,SCMR_IMF,0.04495105478160577,0.6074147040836475,133
subject_598,60,Sagittal,STL_IMF,0.10737566309648285,0.21862683465776278,133
subject_598,60,Sagittal,STR_IMF,0.09513028520652139,0.27606023921740896,133
subject_598,60,Sagittal,UTL_IMF,-0.06327472872015782,0.46933765382664866,133
subject_598,60,Sagittal,UTR_IMF,-0.09393457607206933,0.28216856087949743,133
subject_598,60,Frontal,MTL_IMF,,,133
subject_598,60,Frontal,MTR_IMF,,,133
subject_598,60,Frontal,SCML_IMF,,,133
subject_598,60,Frontal,SCMR_IMF,,,133
subject_598,60,Frontal,STL_IMF,,,133
subject_598,60,Frontal,STR_IMF,,,133
subject_598,60,Frontal,UTL_IMF,,,133
subject_598,60,Frontal,UTR_IMF,,,133
subject_598,60,Horizontal,MTL_IMF,,,133
subject_598,60,Horizontal,MTR_IMF,,,133
subject_598,60,Horizontal,SCML_IMF,,,133
subject_598,60,Horizontal,SCMR_IMF,,,133
subject_598,60,Horizontal,STL_IMF,,,133
subject_598,60,Horizontal,STR_IMF,,,133
subject_598,60,Horizontal,UTL_IMF,,,133
subject_598,60,Horizontal,UTR_IMF,,,133
subject_598,70,Sagittal,MTL_IMF,0.10506596151506475,0.22875326723625677,133
subject_598,70,Sagittal,MTR_IMF,-0.10882457210524299,0.2124391958718766,133
subject_598,70,Sagittal,SCML_IMF,-0.0658068802119783,0.4517056588213237,133
subject_598,70,Sagittal,SCMR_IMF,-0.07655135842694939,0.38114641205700744,133
subject_598,70,Sagittal,STL_IMF,0.04549059781302362,0.6031051585729014,133
subject_598,70,Sagittal,STR_IMF,0.13332051560567335,0.12605342602769545,133
subject_598,70,Sagittal,UTL_IMF,-0.057061887765584206,0.5141496929991878,133
subject_598,70,Sagittal,UTR_IMF,-0.14523124417178718,0.09532886339768706,133
subject_598,70,Frontal,MTL_IMF,0.020390747626098563,0.8157908749806492,133
subject_598,70,Frontal,MTR_IMF,0.026297005576666393,0.7638254393220418,133
subject_598,70,Frontal,SCML_IMF,-0.05290763759030784,0.5452953211924475,133
subject_598,70,Frontal,SCMR_IMF,0.2084402058853908,0.01605483529237424,133
subject_598,70,Frontal,STL_IMF,-0.0956140604326367,0.2736143778430809,133
subject_598,70,Frontal,STR_IMF,-0.28058283105283616,0.0010706767487836542,133
subject_598,70,Frontal,UTL_IMF,0.1167654584966215,0.18074092479711623,133
subject_598,70,Frontal,UTR_IMF,0.1426637742500853,0.1013927006503153,133
subject_598,70,Horizontal,MTL_IMF,,,133
subject_598,70,Horizontal,MTR_IMF,,,133
subject_598,70,Horizontal,SCML_IMF,,,133
subject_598,70,Horizontal,SCMR_IMF,,,133
subject_598,70,Horizontal,STL_IMF,,,133
subject_598,70,Horizontal,STR_IMF,,,133
subject_598,70,Horizontal,UTL_IMF,,,133
subject_598,70,Horizontal,UTR_IMF,,,133
subject_598,80,Sagittal,MTL_IMF,0.16470637831652055,0.057202366676193786,134
subject_598,80,Sagittal,MTR_IMF,0.017456845706369347,0.8413244345483901,134
subject_598,80,Sagittal,SCML_IMF,-0.17851462800580112,0.03904584187286203,134
subject_598,80,Sagittal,SCMR_IMF,-0.08027904129508824,0.3564867603707424,134
subject_598,80,Sagittal,STL_IMF,-0.12460284752376181,0.15143938288199027,134
subject_598,80,Sagittal,STR_IMF,-0.17480455006861148,0.04336958101321141,134
subject_598,80,Sagittal,UTL_IMF,0.03384322553536125,0.6978646216809887,134
subject_598,80,Sagittal,UTR_IMF,0.0755206046689071,0.3857977157989111,134
subject_598,80,Frontal,MTL_IMF,-0.07296296201197011,0.4021363184568576,134
subject_598,80,Frontal,MTR_IMF,-0.01908933046107518,0.8267087153040734,134
subject_598,80,Frontal,SCML_IMF,-0.14689639674126945,0.09031874145251644,134
subject_598,80,Frontal,SCMR_IMF,-0.050454108965775415,0.5626258036822862,134
subject_598,80,Frontal,STL_IMF,-0.10988400714594113,0.20626104117700672,134
subject_598,80,Frontal,STR_IMF,0.14247414805464087,0.10054960310672453,134
subject_598,80,Frontal,UTL_IMF,0.0471116679283184,0.5888191527634034,134
subject_598,80,Frontal,UTR_IMF,-0.023546925559900348,0.7871147426144052,134
subject_598,80,Horizontal,MTL_IMF,-0.047646881577238585,0.5845876822293644,134
subject_598,80,Horizontal,MTR_IMF,-0.06869170878114908,0.43031861163432344,134
subject_598,80,Horizontal,SCML_IMF,0.02613202619267135,0.7643928380661483,134
subject_598,80,Horizontal,SCMR_IMF,-0.17123608966390275,0.04789856491700606,134
subject_598,80,Horizontal,STL_IMF,0.06765838476396463,0.4373030214151534,134
subject_598,80,Horizontal,STR_IMF,0.1895411851458348,0.02827384768039279,134
subject_598,80,Horizontal,UTL_IMF,-0.0555483753717184,0.523807544986043,134
subject_598,80,Horizontal,UTR_IMF,-0.034063007228641286,0.6959989543763621,134
subject_598,90,Sagittal,MTL_IMF,0.3666367021437018,1.4217166012538177e-05,133
subject_598,90,Sagittal,MTR_IMF,-0.019563177731177862,0.8231422545263177,133
subject_598,90,Sagittal,SCML_IMF,0.1389597334739587,0.11067110301607609,133
subject_598,90,Sagittal,SCMR_IMF,-0.054226897350745866,0.5353049868655044,133
subject_598,90,Sagittal,STL_IMF,-0.19997380211495874,0.02101009994906307,133
subject_598,90,Sagittal,STR_IMF,0.04121912397834838,0.637586970183626,133
subject_598,90,Sagittal,UTL_IMF,-0.10293972230971014,0.23836315459567128,133
subject_598,90,Sagittal,UTR_IMF,0.3889969078608378,3.7032969804692976e-06,133
subject_598,90,Frontal,MTL_IMF,0.3811037294756253,6.022163276857981e-06,133
subject_598,90,Frontal,MTR_IMF,-0.029708965697234073,0.7342622238935763,133
subject_598,90,Frontal,SCML_IMF,0.024213966125476345,0.7820460208557937,133
subject_598,90,Frontal,SCMR_IMF,-0.08398734821872643,0.3364787945369721,133
subject_598,90,Frontal,STL_IMF,-0.08328292645245998,0.34056153479121937,133
subject_598,90,Frontal,STR_IMF,0.0503270025340697,0.5650982720565921,133
subject_598,90,Frontal,UTL_IMF,-0.14715792158673663,0.09096988485782354,133
subject_598,90,Frontal,UTR_IMF,0.40013397533236483,1.8247924507225704e-06,133
subject_598,90,Horizontal,MTL_IMF,-0.26526012064020726,0.0020305589253831195,133
subject_598,90,Horizontal,MTR_IMF,0.008044684158578798,0.9267762527873831,133
subject_598,90,Horizontal,SCML_IMF,-0.11309558228610835,0.19492967130723032,133
subject_598,90,Horizontal,SCMR_IMF,-0.10901391185617483,0.21163994283987028,133
subject_598,90,Horizontal,STL_IMF,0.016664736097089516,0.8490065108495516,133
subject_598,90,Horizontal,STR_IMF,-0.07995023841419795,0.3603002139633341,133
subject_598,90,Horizontal,UTL_IMF,-0.0028118456597654813,0.9743749589702139,133
subject_598,90,Horizontal,UTR_IMF,-0.29523953070168446,0.0005606620387170615,133
subject_600,10,Sagittal,MTL_IMF,0.08302798819596767,0.47282398846336554,77
subject_600,10,Sagittal,MTR_IMF,0.3635234706203733,0.0011553764841557965,77
subject_600,10,Sagittal,SCML_IMF,0.18811362631897796,0.10134797958815464,77
subject_600,10,Sagittal,SCMR_IMF,0.15860476388585082,0.1682881154103819,77
subject_600,10,Sagittal,STL_IMF,0.003182919668096542,0.978082286945202,77
subject_600,10,Sagittal,UTL_IMF,-0.1243379482797962,0.28130038793355666,77
subject_600,10,Sagittal,UTR_IMF,0.2853167197392806,0.01189612406649465,77
subject_600,10,Frontal,MTL_IMF,-0.3571032299270945,0.0014319447771161508,77
subject_600,10,Frontal,MTR_IMF,-0.4046416360195904,0.0002621783023237333,77
subject_600,10,Frontal,SCML_IMF,-0.2355146375613875,0.03921430481132098,77
subject_600,10,Frontal,SCMR_IMF,-0.17396093011752348,0.13025536969527035,77
subject_600,10,Frontal,STL_IMF,0.10629902971819147,0.35750797583414873,77
subject_600,10,Frontal,UTL_IMF,0.1752813489397406,0.1273187017139234,77
subject_600,10,Frontal,UTR_IMF,-0.42489017198886975,0.00011734386791681329,77
subject_600,10,Horizontal,MTL_IMF,0.05565377732596106,0.6306977462355723,77
subject_600,10,Horizontal,MTR_IMF,-0.19425382624408677,0.09048276746836378,77
subject_600,10,Horizontal,SCML_IMF,-0.16694700464819764,0.1467245023937998,77
subject_600,10,Horizontal,SCMR_IMF,0.16363606223498645,0.155020583135493,77
subject_600,10,Horizontal,STL_IMF,0.07129297970654164,0.5377983550989974,77
subject_600,10,Horizontal,UTL_IMF,0.2785413699331542,0.014168273423723786,77
subject_600,10,Horizontal,UTR_IMF,0.07755904162973205,0.5025664886327378,77
subject_600,20,Sagittal,MTL_IMF,-0.0801046068053564,0.48860328246927526,77
subject_600,20,Sagittal,MTR_IMF,0.03346613166954424,0.7726259353077464,77
subject_600,20,Sagittal,SCML_IMF,-0.19388135792020678,0.09111455007030035,77
subject_600,20,Sagittal,SCMR_IMF,-0.01566939151990616,0.8924081649043857,77
subject_600,20,Sagittal,STL_IMF,0.07884268751587192,0.49549957029356584,77
subject_600,20,Sagittal,UTL_IMF,0.19054696017621447,0.09692634737866895,77
subject_600,20,Sagittal,UTR_IMF,0.16835307393571566,0.14330381182568422,77
subject_600,20,Frontal,MTL_IMF,0.04655608288626051,0.6876368741300416,77
subject_600,20,Frontal,MTR_IMF,0.04393107147826013,0.7044119696502895,77
subject_600,20,Frontal,SCML_IMF,0.05685047600830701,0.6233565440258311,77
subject_600,20,Frontal,SCMR_IMF,0.0878986504125547,0.4471560917018422,77
subject_600,20,Frontal,STL_IMF,0.17576020251407232,0.12626627430942278,77
subject_600,20,Frontal,UTL_IMF,-0.1265798077786074,0.2726478696038848,77
subject_600,20,Frontal,UTR_IMF,-0.11897901308611297,0.30271608559741753,77
subject_600,20,Horizontal,MTL_IMF,0.17044199904248808,0.13833303590130502,77
subject_600,20,Horizontal,MTR_IMF,-0.019123758657836835,0.8688805425581315,77
subject_600,20,Horizontal,SCML_IMF,0.01001694282228789,0.9310985531230468,77
subject_600,20,Horizontal,SCMR_IMF,0.23504665823029358,0.03961750659953204,77
subject_600,20,Horizontal,STL_IMF,-0.1566647043950203,0.17362109911379064,77
subject_600,20,Horizontal,UTL_IMF,-0.05370954193806578,0.6427009983389922,77
subject_600,20,Horizontal,UTR_IMF,0.04192773938996357,0.7173102182563617,77
subject_600,30,Sagittal,MTL_IMF,0.15453304834343404,0.18257022826973843,76
subject_600,30,Sagittal,MTR_IMF,-0.04251716259726663,0.7153517556126257,76
subject_600,30,Sagittal,SCML_IMF,0.02600660059223846,0.823535124753707,76
subject_600,30,Sagittal,SCMR_IMF,0.03626364671209096,0.7557990974784256,76
subject_600,30,Sagittal,STL_IMF,-0.020142622809185575,0.8628820908407634,76
subject_600,30,Sagittal,UTL_IMF,0.008441376463197408,0.942305982005655,76
subject_600,30,Sagittal,UTR_IMF,0.04977313588918649,0.6693897959236264,76
subject_600,30,Frontal,MTL_IMF,-0.0005481357436690908,0.9962504831275529,76
subject_600,30,Frontal,MTR_IMF,0.12145806232864444,0.2959426786893807,76
subject_600,30,Frontal,SCML_IMF,-0.031121929446100594,0.789559425992625,76
subject_600,30,Frontal,SCMR_IMF,0.2108512434026468,0.06750335974314062,76
subject_600,30,Frontal,STL_IMF,0.018789100544930215,0.8720153641124848,76
subject_600,30,Frontal,UTL_IMF,-0.050458239128452674,0.6651089727319691,76
subject_600,30,Frontal,UTR_IMF,0.11520314282444456,0.3216967153353238,76
subject_600,30,Horizontal,MTL_IMF,-0.0941976503948418,0.4182919215879245,76
subject_600,30,Horizontal,MTR_IMF,-0.07941860032340775,0.49526482665400445,76
subject_600,30,Horizontal,SCML_IMF,0.02825929511845254,0.8085289361666768,76
subject_600,30,Horizontal,SCMR_IMF,0.056491848165207206,0.6278821938267094,76
subject_600,30,Horizontal,STL_IMF,0.03900413696706222,0.7379856057742027,76
subject_600,30,Horizontal,UTL_IMF,-0.04034551200379418,0.7293158432875607,76
subject_600,30,Horizontal,UTR_IMF,-0.06598092975893735,0.5711946170555708,76
subject_600,40,Sagittal,MTL_IMF,-0.038957785214515706,0.7400073273794684,75
subject_600,40,Sagittal,MTR_IMF,-0.029140070880528505,0.8039994182383372,75
subject_600,40,Sagittal,SCML_IMF,0.11013494542836404,0.34688820079691485,75
subject_600,40,Sagittal,SCMR_IMF,-0.08682021186684052,0.45890164129184086,75
subject_600,40,Sagittal,STL_IMF,-0.15747526766588077,0.17723879512680224,75
subject_600,40,Sagittal,UTL_IMF,-0.048411182548962574,0.6800071512145276,75
subject_600,40,Sagittal,UTR_IMF,-0.13666371960406154,0.2423396141505978,75
subject_600,40,Frontal,MTL_IMF,0.04141661845744437,0.7242342329442872,75
subject_600,40,Frontal,MTR_IMF,-0.07745432543071551,0.508932279498277,75
subject_600,40,Frontal,SCML_IMF,-0.03611149180379243,0.7584001467504041,75
subject_600,40,Frontal,SCMR_IMF,0.2804420758636458,0.014808552942568933,75
subject_600,40,Frontal,STL_IMF,0.10287353616849085,0.37979145806036296,75
subject_600,40,Frontal,UTL_IMF,0.006675906581575975,0.9546689807679467,75
subject_600,40,Frontal,UTR_IMF,0.3491127275789968,0.0021417855517842986,75
subject_600,40,Horizontal,MTL_IMF,-0.10076128551898728,0.3897042139481851,75
subject_600,40,Horizontal,MTR_IMF,-0.24807939309166288,0.031871791293208954,75
subject_600,40,Horizontal,SCML_IMF,-0.10299367410716319,0.3792322545619066,75
subject_600,40,Horizontal,SCMR_IMF,0.24066164815228205,0.03753836901241585,75
subject_600,40,Horizontal,STL_IMF,0.06151741642211854,0.6000661990474786,75
subject_600,40,Horizontal,UTL_IMF,0.018019648652759977,0.8780465120843887,75
subject_600,40,Horizontal,UTR_IMF,0.04990915117915753,0.6706679497617855,75
subject_600,50,Sagittal,MTL_IMF,-0.20315645944080296,0.08044397817084296,75
subject_600,50,Sagittal,MTR_IMF,0.037625678000658386,0.748598032692212,75
subject_600,50,Sagittal,SCML_IMF,-0.015458515686631933,0.8952738257031068,75
subject_600,50,Sagittal,SCMR_IMF,-0.22658409872337673,0.05060396982196709,75
subject_600,50,Sagittal,STL_IMF,-0.06718542947721205,0.5668356399372649,75
subject_600,50,Sagittal,UTL_IMF,-0.05818472812767711,0.6199991388655511,75
subject_600,50,Sagittal,UTR_IMF,-0.22589432749443528,0.05132970653741888,75
subject_600,50,Frontal,MTL_IMF,0.2144940085020252,0.0646103754365666,75
subject_600,50,Frontal,MTR_IMF,-0.14539491251714348,0.21326624139006584,75
subject_600,50,Frontal,SCML_IMF,0.08811903519310643,0.4521834589559563,75
subject_600,50,Frontal,SCMR_IMF,0.2468995793952141,0.03272183329079159,75
subject_600,50,Frontal,STL_IMF,0.15500012790291703,0.18423249417086138,75
subject_600,50,Frontal,UTL_IMF,0.007651328140802821,0.9480542197826498,75
subject_600,50,Frontal,UTR_IMF,0.2471217208324637,0.03256034597773491,75
subject_600,50,Horizontal,MTL_IMF,-0.10552919164121276,0.3675462338949308,75
subject_600,50,Horizontal,MTR_IMF,-0.2413267618871999,0.036998188249015095,75
subject_600,50,Horizontal,SCML_IMF,-0.02442643187508818,0.8352156036623479,75
subject_600,50,Horizontal,SCMR_IMF,0.18652391030256205,0.10908716783876249,75
subject_600,50,Horizontal,STL_IMF,0.24836019719138216,0.0316722295261607,75
subject_600,50,Horizontal,UTL_IMF,0.0696878268784148,0.5524447826941696,75
subject_600,50,Horizontal,UTR_IMF,-0.09596303894494526,0.41278736688114526,75
subject_600,60,Sagittal,MTL_IMF,-0.1477584132849954,0.20273984286463356,76
subject_600,60,Sagittal,MTR_IMF,-0.0034126576572851386,0.976658928589132,76
subject_600,60,Sagittal,SCML_IMF,-0.15114886219757875,0.19245552816174447,76
subject_600,60,Sagittal,SCMR_IMF,-0.3090911443949362,0.006591510335973488,76
subject_600,60,Sagittal,STL_IMF,0.07337917488258902,0.5287253690247,76
subject_600,60,Sagittal,UTL_IMF,-0.19357422884576211,0.09384385145638052,76
subject_600,60,Sagittal,UTR_IMF,-0.192238643117587,0.09617652633268477,76
subject_600,60,Frontal,MTL_IMF,0.18596905967487962,0.10773959321826868,76
subject_600,60,Frontal,MTR_IMF,-0.13549189292067074,0.243208150436989,76
subject_600,60,Frontal,SCML_IMF,0.10346306869496712,0.3737818696434004,76
subject_600,60,Frontal,SCMR_IMF,0.019809199027760478,0.8651303437129461,76
subject_600,60,Frontal,STL_IMF,-0.2573396159929668,0.024819859491177907,76
subject_600,60,Frontal,UTL_IMF,-0.21435872366613756,0.06296441171747386,76
subject_600,60,Frontal,UTR_IMF,-0.12069881614261284,0.29899458832713843,76
subject_600,60,Horizontal,MTL_IMF,-0.18044568051655302,0.11879484957427061,76
subject_600,60,Horizontal,MTR_IMF,-0.09653508340648073,0.40678439164700503,76
subject_600,60,Horizontal,SCML_IMF,0.17362086908390859,0.1336342112890053,76
subject_600,60,Horizontal,SCMR_IMF,-0.0679302128313989,0.5598520330771323,76
subject_600,60,Horizontal,STL_IMF,0.22175028007555866,0.054207189021163005,76
subject_600,60,Horizontal,UTL_IMF,0.007538139227336658,0.9484703909768477,76
subject_600,60,Horizontal,UTR_IMF,-0.25754612928618187,0.024700215787800742,76
subject_600,70,Sagittal,MTL_IMF,0.050872688499954154,0.6625244842367588,76
subject_600,70,Sagittal,MTR_IMF,0.1236825772347702,0.28711887030428496,76
subject_600,70,Sagittal,SCML_IMF,0.11147675799098179,0.33770085946718265,76
subject_600,70,Sagittal,SCMR_IMF,0.04266631432856577,0.7143960387982581,76
subject_600,70,Sagittal,STL_IMF,0.06319186553293824,0.5876075219347512,76
subject_600,70,Sagittal,UTL_IMF,-0.11928317174907405,0.30473975043489615,76
subject_600,70,Sagittal,UTR_IMF,0.16107825975663626,0.16450742873624113,76
subject_600,70,Frontal,MTL_IMF,0.13713460447333176,0.23748800540871176,76
subject_600,70,Frontal,MTR_IMF,-0.12334272761822791,0.2884555453208504,76
subject_600,70,Frontal,SCML_IMF,0.04209339123017217,0.7180695291986965,76
subject_600,70,Frontal,SCMR_IMF,0.028060798354128325,0.8098485266198927,76
subject_600,70,Frontal,STL_IMF,-0.06809460158578606,0.5589003939917413,76
subject_600,70,Frontal,UTL_IMF,0.07392465213846643,0.5256575992481458,76
subject_600,70,Frontal,UTR_IMF,-0.11007817623749044,0.3438346227371947,76
subject_600,70,Horizontal,MTL_IMF,0.015147225630666707,0.896669779186567,76
subject_600,70,Horizontal,MTR_IMF,-0.047820572338796774,0.681647731310638,76
subject_600,70,Horizontal,SCML_IMF,0.10614914974939005,0.361436044618061,76
subject_600,70,Horizontal,SCMR_IMF,-0.06387235433080467,0.5835833622695835,76
subject_600,70,Horizontal,STL_IMF,-0.042259734376738786,0.7170023015589171,76
subject_600,70,Horizontal,UTL_IMF,-0.01992414739802897,0.8643551332953194,76
subject_600,70,Horizontal,UTR_IMF,-0.25616818932952,0.025507870016445243,76
subject_600,80,Sagittal,MTL_IMF,-0.08298440059021132,0.47305722098397307,77
subject_600,80,Sagittal,MTR_IMF,-0.07903531231655102,0.49444360857384706,77
subject_600,80,Sagittal,SCML_IMF,0.14655661160032432,0.20341771611226525,77
subject_600,80,Sagittal,SCMR_IMF,0.08373633344704434,0.4690424179415169,77
subject_600,80,Sagittal,STL_IMF,0.12948440198270394,0.26170548445505726,77
subject_600,80,Sagittal,UTL_IMF,-0.18142711208457254,0.11431025586561898,77
subject_600,80,Sagittal,UTR_IMF,0.026945573582732408,0.8160555175793971,77
subject_600,80,Frontal,MTL_IMF,0.16184175850460528,0.15965982272660043,77
subject_600,80,Frontal,MTR_IMF,0.03210353468300795,0.7816487264333575,77
subject_600,80,Frontal,SCML_IMF,-0.10362027209356695,0.369820702198493,77
subject_600,80,Frontal,SCMR_IMF,-0.08305702590109457,0.47266864530207037,77
subject_600,80,Frontal,STL_IMF,0.026015104639871094,0.8223015553286122,77
subject_600,80,Frontal,UTL_IMF,0.22402519125274598,0.05015600103536163,77
subject_600,80,Frontal,UTR_IMF,0.0783757806982223,0.4980640233750646,77
subject_600,80,Horizontal,MTL_IMF,0.18298178785300231,0.11118791499683839,77
subject_600,80,Horizontal,MTR_IMF,-0.09918528854019709,0.39076512692581267,77
subject_600,80,Horizontal,SCML_IMF,0.01614545946745502,0.8891596863493194,77
subject_600,80,Horizontal,SCMR_IMF,0.12342235783622786,0.28488607974345387,77
subject_600,80,Horizontal,STL_IMF,0.0,1.0,77
subject_600,80,Horizontal,UTL_IMF,-0.14424878231578997,0.21070390383496315,77
subject_600,80,Horizontal,UTR_IMF,-0.13233861318651685,0.2512464274594911,77
subject_600,90,Sagittal,MTL_IMF,-0.03908251926930232,0.7374780830613831,76
subject_600,90,Sagittal,MTR_IMF,-0.11316360904969013,0.330395073157816,76
subject_600,90,Sagittal,SCML_IMF,-0.18023625270168006,0.11923055078159778,76
subject_600,90,Sagittal,SCMR_IMF,0.04276483485587794,0.7137649910768179,76
subject_600,90,Sagittal,STL_IMF,0.13087148919107466,0.2598028980295319,76
subject_600,90,Sagittal,UTL_IMF,0.11003350589588304,0.3440316748197211,76
subject_600,90,Sagittal,UTR_IMF,-0.09743798339816054,0.40238931069005635,76
subject_600,90,Frontal,MTL_IMF,0.04314576585509975,0.7113268437130331,76
subject_600,90,Frontal,MTR_IMF,0.09124599460460606,0.43308821369708067,76
subject_600,90,Frontal,SCML_IMF,0.08812859204011396,0.4490325270789209,76
subject_600,90,Frontal,SCMR_IMF,0.013062826235788121,0.910826193662429,76
subject_600,90,Frontal,STL_IMF,-0.04094525856617456,0.7254503435634867,76
subject_600,90,Frontal,UTL_IMF,-0.03627383726497905,0.7557326150506225,76
subject_600,90,Frontal,UTR_IMF,0.14468837754308134,0.21238535952647436,76
subject_600,90,Horizontal,MTL_IMF,0.07045277208167738,0.545334434259394,76
subject_600,90,Horizontal,MTR_IMF,-0.15057413456265525,0.19417188863967247,76
subject_600,90,Horizontal,SCML_IMF,0.15970049407846995,0.16819555989732823,76
subject_600,90,Horizontal,SCMR_IMF,-0.03735518078359963,0.7486881668164763,76
subject_600,90,Horizontal,STL_IMF,-0.060836951003173476,0.601629695917368,76
subject_600,90,Horizontal,UTL_IMF,-0.22328231978868499,0.05252288093436996,76
subject_600,90,Horizontal,UTR_IMF,0.0651122799247743,0.5762834273347479,76
subject_601,10,Sagittal,MTL_IMF,0.2102047862264521,0.010079728410702066,149
subject_601,10,Sagittal,MTR_IMF,0.2853243788145944,0.0004201282100269951,149
subject_601,10,Sagittal,SCML_IMF,-0.036136304748552596,0.6617285454918775,149
subject_601,10,Sagittal,SCMR_IMF,-0.0815040201214865,0.32307931087340164,149
subject_601,10,Sagittal,STL_IMF,0.09771374022862579,0.23580303694675692,149
subject_601,10,Sagittal,STR_IMF,0.007235315687344975,0.9302139755951111,149
subject_601,10,Sagittal,UTL_IMF,0.12866099878248163,0.1178673960814941,149
subject_601,10,Sagittal,UTR_IMF,0.22268979198186004,0.006338287553079626,149
subject_601,10,Frontal,MTL_IMF,-0.3552096388676542,0.001316797537746513,79
subject_601,10,Frontal,MTR_IMF,-0.3452606131973074,0.0018316409762703988,79
subject_601,10,Frontal,SCML_IMF,-0.18855387624851233,0.09608158861738351,79
subject_601,10,Frontal,SCMR_IMF,0.1641784161158504,0.1482273368416108,79
subject_601,10,Frontal,STL_IMF,-0.23642830565683864,0.03592583880088204,79
subject_601,10,Frontal,STR_IMF,-0.09997147294283258,0.3807030283794486,79
subject_601,10,Frontal,UTL_IMF,-0.21183757425965366,0.06090658759721387,79
subject_601,10,Frontal,UTR_IMF,-0.2603440164519701,0.02049183786335685,79
subject_601,10,Horizontal,MTL_IMF,-0.021582135863452638,0.7938956349350451,149
subject_601,10,Horizontal,MTR_IMF,-0.2517897954284473,0.0019505071467693987,149
subject_601,10,Horizontal,SCML_IMF,-0.0798081786658788,0.33328269510925035,149
subject_601,10,Horizontal,SCMR_IMF,0.1888059953099479,0.021108275055202286,149
subject_601,10,Horizontal,STL_IMF,-0.018442221730482575,0.8233494194472767,149
subject_601,10,Horizontal,STR_IMF,0.021131287963592496,0.7981079922421357,149
subject_601,10,Horizontal,UTL_IMF,-0.18952174611299955,0.020615894581217563,149
subject_601,10,Horizontal,UTR_IMF,-0.2899266353251993,0.00033508268418867853,149
subject_601,20,Sagittal,MTL_IMF,0.13738158496276026,0.09476818555464245,149
subject_601,20,Sagittal,MTR_IMF,0.047095688960585524,0.5684394777040968,149
subject_601,20,Sagittal,SCML_IMF,-0.12391722540695273,0.13215112330714604,149
subject_601,20,Sagittal,SCMR_IMF,-0.03646744873326999,0.6588221422325525,149
subject_601,20,Sagittal,STL_IMF,0.1760708617172245,0.031719482990898176,149
subject_601,20,Sagittal,STR_IMF,0.14625613081936692,0.07510350323833194,149
subject_601,20,Sagittal,UTL_IMF,0.04619105545076258,0.575899753269304,149
subject_601,20,Sagittal,UTR_IMF,0.2548361448029987,0.0017102179852770002,149
subject_601,20,Frontal,MTL_IMF,0.16262474812866326,0.13233410781447733,87
subject_601,20,Frontal,MTR_IMF,-0.08013178472523354,0.46063801198146115,87
subject_601,20,Frontal,SCML_IMF,-0.07074443577695265,0.5149608324830849,87
subject_601,20,Frontal,SCMR_IMF,-0.02439274927228936,0.8225526801034067,87
subject_601,20,Frontal,STL_IMF,-0.002740750442307755,0.9798999756606848,87
subject_601,20,Frontal,STR_IMF,0.03203540228481074,0.7683299448762191,87
subject_601,20,Frontal,UTL_IMF,0.07646635973737566,0.481466153803953,87
subject_601,20,Frontal,UTR_IMF,0.17218227330774388,0.11077592190349819,87
subject_601,20,Horizontal,MTL_IMF,0.024074971298566526,0.7707149914749769,149
subject_601,20,Horizontal,MTR_IMF,-0.005988499739840046,0.9422167572102986,149
subject_601,20,Horizontal,SCML_IMF,0.02799089447935453,0.7347142053996711,149
subject_601,20,Horizontal,SCMR_IMF,0.01381955608167095,0.8671524982679273,149
subject_601,20,Horizontal,STL_IMF,-0.010562394880792265,0.8982691097554222,149
subject_601,20,Horizontal,STR_IMF,-0.06529421526229487,0.42885654430004927,149
subject_601,20,Horizontal,UTL_IMF,-0.181645874236617,0.02661798001275732,149
subject_601,20,Horizontal,UTR_IMF,-0.22290231535602736,0.006287093206876176,149
subject_601,30,Sagittal,MTL_IMF,0.16511288636423974,0.04418628557054223,149
subject_601,30,Sagittal,MTR_IMF,-0.025393748009900952,0.7585318760683813,149
subject_601,30,Sagittal,SCML_IMF,-0.3012947913268883,0.00018850170687611883,149
subject_601,30,Sagittal,SCMR_IMF,-0.29632747191355574,0.0002430813621109334,149
subject_601,30,Sagittal,STL_IMF,0.03703540293205784,0.653849165354609,149
subject_601,30,Sagittal,STR_IMF,0.11467990523003069,0.1637236885046584,149
subject_601,30,Sagittal,UTL_IMF,0.15111379729346874,0.06582358643556101,149
subject_601,30,Sagittal,UTR_IMF,0.05701751229956346,0.48976154819896434,149
subject_601,30,Frontal,MTL_IMF,0.20143384323979915,0.05155292616305279,94
subject_601,30,Frontal,MTR_IMF,-0.09750664016038656,0.34981748403700963,94
subject_601,30,Frontal,SCML_IMF,-0.23421947947833027,0.023076693652076825,94
subject_601,30,Frontal,SCMR_IMF,-0.22506426502966864,0.029187420951599253,94
subject_601,30,Frontal,STL_IMF,-0.11934859235485348,0.25190032041114896,94
subject_601,30,Frontal,STR_IMF,0.035184070127154576,0.736371499277227,94
subject_601,30,Frontal,UTL_IMF,0.03682029094142785,0.7245915249793395,94
subject_601,30,Frontal,UTR_IMF,0.04934491637675659,0.6367102345266374,94
subject_601,30,Horizontal,MTL_IMF,-0.04029090544928726,0.6256423514547113,149
subject_601,30,Horizontal,MTR_IMF,0.02931680809341895,0.7226497138828114,149
subject_601,30,Horizontal,SCML_IMF,0.17640389591851252,0.031392980302961955,149
subject_601,30,Horizontal,SCMR_IMF,0.03526906438409046,0.669364042852967,149
subject_601,30,Horizontal,STL_IMF,0.017313065906098626,0.8340042331010257,149
subject_601,30,Horizontal,STR_IMF,0.035123393468912724,0.6706499342006365,149
subject_601,30,Horizontal,UTL_IMF,-0.11980274952585745,0.14558349055807848,149
subject_601,30,Horizontal,UTR_IMF,-0.010338107426555495,0.9004180594491236,149
subject_601,40,Sagittal,MTL_IMF,0.10154383956092636,0.21785589117113618,149
subject_601,40,Sagittal,MTR_IMF,0.0425695020808583,0.6062144565397396,149
subject_601,40,Sagittal,SCML_IMF,-0.03190837832061212,0.6992674163284343,149
subject_601,40,Sagittal,SCMR_IMF,-0.030503206948828628,0.7119121176446817,149
subject_601,40,Sagittal,STL_IMF,-0.022501985046337485,0.7853198622346922,149
subject_601,40,Sagittal,STR_IMF,0.005918744767947927,0.9428886797672578,149
subject_601,40,Sagittal,UTL_IMF,0.18345767506917598,0.025118861317778466,149
subject_601,40,Sagittal,UTR_IMF,0.03936361227500824,0.6336239856885894,149
subject_601,40,Frontal,MTL_IMF,,,119
subject_601,40,Frontal,MTR_IMF,,,119
subject_601,40,Frontal,SCML_IMF,,,119
subject_601,40,Frontal,SCMR_IMF,,,119
subject_601,40,Frontal,STL_IMF,,,119
subject_601,40,Frontal,STR_IMF,,,119
subject_601,40,Frontal,UTL_IMF,,,119
subject_601,40,Frontal,UTR_IMF,,,119
subject_601,40,Horizontal,MTL_IMF,0.05788744662593149,0.48315090211066947,149
subject_601,40,Horizontal,MTR_IMF,0.047550406919102124,0.5647068898490085,149
subject_601,40,Horizontal,SCML_IMF,0.040384505186879006,0.624839083158272,149
subject_601,40,Horizontal,SCMR_IMF,-0.09957803002918036,0.2269420360013559,149
subject_601,40,Horizontal,STL_IMF,-0.004969481443499781,0.9520363661751886,149
subject_601,40,Horizontal,STR_IMF,-0.01900714565129206,0.8180306909265279,149
subject_601,40,Horizontal,UTL_IMF,-0.08489843697109964,0.3032683842023928,149
subject_601,40,Horizontal,UTR_IMF,0.11134234339467242,0.17641762390908736,149
subject_601,50,Sagittal,MTL_IMF,0.08215467040840972,0.31921862232913445,149
subject_601,50,Sagittal,MTR_IMF,-0.1095286811103423,0.18361302084036304,149
subject_601,50,Sagittal,SCML_IMF,-0.07228898240302635,0.3809675102149408,149
subject_601,50,Sagittal,SCMR_IMF,0.1937172125527903,0.017924498043692543,149
subject_601,50,Sagittal,STL_IMF,0.051037958820686624,0.536473848547867,149
subject_601,50,Sagittal,STR_IMF,-0.044799824266282824,0.5874613221688867,149
subject_601,50,Sagittal,UTL_IMF,-0.010087034123822072,0.9028245071105127,149
subject_601,50,Sagittal,UTR_IMF,-0.19815649227676194,0.015413708754082437,149
subject_601,50,Frontal,MTL_IMF,,,107
subject_601,50,Frontal,MTR_IMF,,,107
subject_601,50,Frontal,SCML_IMF,,,107
subject_601,50,Frontal,SCMR_IMF,,,107
subject_601,50,Frontal,STL_IMF,,,107
subject_601,50,Frontal,STR_IMF,,,107
subject_601,50,Frontal,UTL_IMF,,,107
subject_601,50,Frontal,UTR_IMF,,,107
subject_601,50,Horizontal,MTL_IMF,0.07611243423223739,0.3562233383962334,149
subject_601,50,Horizontal,MTR_IMF,0.18067045242702742,0.027456277787285967,149
subject_601,50,Horizontal,SCML_IMF,0.003994863267967078,0.9614348889137455,149
subject_601,50,Horizontal,SCMR_IMF,-0.006391920399606437,0.938331575729384,149
subject_601,50,Horizontal,STL_IMF,0.13251281198744944,0.10717639724653948,149
subject_601,50,Horizontal,STR_IMF,-0.13323763486000403,0.10525237267033391,149
subject_601,50,Horizontal,UTL_IMF,-0.05235227989887318,0.5260193666627034,149
subject_601,50,Horizontal,UTR_IMF,0.07477751552307328,0.3647461632284976,149
subject_601,60,Sagittal,MTL_IMF,-0.09581471029268367,0.2466925880962229,148
subject_601,60,Sagittal,MTR_IMF,-0.07680271206440036,0.353514258175285,148
subject_601,60,Sagittal,SCML_IMF,-0.013885532038155003,0.8669762106389644,148
subject_601,60,Sagittal,SCMR_IMF,0.2051656606773566,0.012368444923124928,148
subject_601,60,Sagittal,STL_IMF,0.08146881089841329,0.3249460747208908,148
subject_601,60,Sagittal,STR_IMF,9.060335114596094e-05,0.9991279989338601,148
subject_601,60,Sagittal,UTL_IMF,-0.002630682421828333,0.9746855127539429,148
subject_601,60,Sagittal,UTR_IMF,0.032577448707296605,0.6942709261830668,148
subject_601,60,Frontal,MTL_IMF,,,75
subject_601,60,Frontal,MTR_IMF,,,75
subject_601,60,Frontal,SCML_IMF,,,75
subject_601,60,Frontal,SCMR_IMF,,,75
subject_601,60,Frontal,STL_IMF,,,75
subject_601,60,Frontal,STR_IMF,,,75
subject_601,60,Frontal,UTL_IMF,,,75
subject_601,60,Frontal,UTR_IMF,,,75
subject_601,60,Horizontal,MTL_IMF,-0.06632157024693418,0.42320234865105394,148
subject_601,60,Horizontal,MTR_IMF,0.21590800212552172,0.008400754897089085,148
subject_601,60,Horizontal,SCML_IMF,0.028114851549163558,0.7344598759888193,148
subject_601,60,Horizontal,SCMR_IMF,-0.014789681558919196,0.8584022309117755,148
subject_601,60,Horizontal,STL_IMF,0.05708090679547125,0.4907644989610398,148
subject_601,60,Horizontal,STR_IMF,-0.1064571445713652,0.19781950691605324,148
subject_601,60,Horizontal,UTL_IMF,-0.015447487274429201,0.8521746221178155,148
subject_601,60,Horizontal,UTR_IMF,0.007810324165139682,0.9249403662189881,148
subject_601,70,Sagittal,MTL_IMF,-0.10565973049180391,0.19967694828781887,149
subject_601,70,Sagittal,MTR_IMF,0.061083737670999505,0.4592793832163997,149
subject_601,70,Sagittal,SCML_IMF,0.03751028957638716,0.6497027164312826,149
subject_601,70,Sagittal,SCMR_IMF,-0.06404940518219833,0.43772801405347894,149
subject_601,70,Sagittal,STL_IMF,-0.11186687285645398,0.1743759485025857,149
subject_601,70,Sagittal,STR_IMF,0.030339648433158155,0.7133891169325182,149
subject_601,70,Sagittal,UTL_IMF,0.03309352337537204,0.6886663016131187,149
subject_601,70,Sagittal,UTR_IMF,0.1993062316763525,0.014815671730133859,149
subject_601,70,Frontal,MTL_IMF,,,89
subject_601,70,Frontal,MTR_IMF,,,89
subject_601,70,Frontal,SCML_IMF,,,89
subject_601,70,Frontal,SCMR_IMF,,,89
subject_601,70,Frontal,STL_IMF,,,89
subject_601,70,Frontal,STR_IMF,,,89
subject_601,70,Frontal,UTL_IMF,,,89
subject_601,70,Frontal,UTR_IMF,,,89
subject_601,70,Horizontal,MTL_IMF,-0.036587735490300075,0.6577676612835455,149
subject_601,70,Horizontal,MTR_IMF,0.19519871541849076,0.017049769099988097,149
subject_601,70,Horizontal,SCML_IMF,0.07348445287184553,0.37312090491147754,149
subject_601,70,Horizontal,SCMR_IMF,0.0695692045600434,0.39918894370358093,149
subject_601,70,Horizontal,STL_IMF,0.1174513864335426,0.15371104749435616,149
subject_601,70,Horizontal,STR_IMF,-0.15072239730216133,0.06653487719055333,149
subject_601,70,Horizontal,UTL_IMF,0.062413118710643645,0.4495468757322965,149
subject_601,70,Horizontal,UTR_IMF,0.037105761168386105,0.6532341642599111,149
subject_601,80,Sagittal,MTL_IMF,0.04978165128232572,0.5465626631828934,149
subject_601,80,Sagittal,MTR_IMF,0.10442270807287099,0.20502135747923148,149
subject_601,80,Sagittal,SCML_IMF,0.23347083339959251,0.004162389903516179,149
subject_601,80,Sagittal,SCMR_IMF,-0.1490408932214737,0.06966228260332508,149
subject_601,80,Sagittal,STL_IMF,-0.0872939709100574,0.2897787606289272,149
subject_601,80,Sagittal,STR_IMF,0.07171273656599178,0.3847853175959102,149
subject_601,80,Sagittal,UTL_IMF,0.07985034887632561,0.33302650025403596,149
subject_601,80,Sagittal,UTR_IMF,0.013151147013006546,0.8735230180472423,149
subject_601,80,Frontal,MTL_IMF,,,102
subject_601,80,Frontal,MTR_IMF,,,102
subject_601,80,Frontal,SCML_IMF,,,102
subject_601,80,Frontal,SCMR_IMF,,,102
subject_601,80,Frontal,STL_IMF,,,102
subject_601,80,Frontal,STR_IMF,,,102
subject_601,80,Frontal,UTL_IMF,,,102
subject_601,80,Frontal,UTR_IMF,,,102
subject_601,80,Horizontal,MTL_IMF,-0.03126584651602607,0.7050393693355826,149
subject_601,80,Horizontal,MTR_IMF,0.03333787982703048,0.6864879584854338,149
subject_601,80,Horizontal,SCML_IMF,0.006507359043557495,0.9372200960466153,149
subject_601,80,Horizontal,SCMR_IMF,0.08108537172446051,0.32557925923232706,149
subject_601,80,Horizontal,STL_IMF,0.08537646420532118,0.300544074656731,149
subject_601,80,Horizontal,STR_IMF,-0.030786308653963396,0.7093581247760814,149
subject_601,80,Horizontal,UTL_IMF,0.0465083262672132,0.5732780991832255,149
subject_601,80,Horizontal,UTR_IMF,0.05241847034502894,0.5254956083173083,149
subject_601,90,Sagittal,MTL_IMF,-0.022706629763045903,0.7841375032976571,148
subject_601,90,Sagittal,MTR_IMF,-0.1602326530165542,0.051729887622035585,148
subject_601,90,Sagittal,SCML_IMF,0.2201449910172652,0.0071765877522205175,148
subject_601,90,Sagittal,SCMR_IMF,0.10812531413837921,0.19084397285009866,148
subject_601,90,Sagittal,STL_IMF,0.026474482680385623,0.7494223663229485,148
subject_601,90,Sagittal,STR_IMF,-0.07228385154407818,0.3826316568844267,148
subject_601,90,Sagittal,UTL_IMF,0.11366904066788283,0.1689513268127737,148
subject_601,90,Sagittal,UTR_IMF,0.025097736093731483,0.7620529619737624,148
subject_601,90,Frontal,MTL_IMF,,,72
subject_601,90,Frontal,MTR_IMF,,,72
subject_601,90,Frontal,SCML_IMF,,,72
subject_601,90,Frontal,SCMR_IMF,,,72
subject_601,90,Frontal,STL_IMF,,,72
subject_601,90,Frontal,STR_IMF,,,72
subject_601,90,Frontal,UTL_IMF,,,72
subject_601,90,Frontal,UTR_IMF,,,72
subject_601,90,Horizontal,MTL_IMF,-0.022647502483222948,0.7846858767590116,148
subject_601,90,Horizontal,MTR_IMF,-0.031218192384620026,0.706428261004367,148
subject_601,90,Horizontal,SCML_IMF,-0.03619835399014019,0.6622699688424087,148
subject_601,90,Horizontal,SCMR_IMF,-0.00843450464592321,0.9189614976381583,148
subject_601,90,Horizontal,STL_IMF,-0.03617515880365659,0.6624731097729285,148
subject_601,90,Horizontal,STR_IMF,0.015112710672569302,0.8553429201249312,148
subject_601,90,Horizontal,UTL_IMF,0.045209382143095306,0.5853329625030154,148
subject_601,90,Horizontal,UTR_IMF,-0.08963950717821866,0.2786095993066955,148
subject_602,10,Sagittal,MTL_IMF,-0.32025920065314134,0.0006110498010078957,111
subject_602,10,Sagittal,MTR_IMF,-0.20735960170117376,0.028981960253388776,111
subject_602,10,Sagittal,SCML_IMF,0.5447258573914812,6.390000092945517e-10,111
subject_602,10,Sagittal,SCMR_IMF,-0.3598816720720085,0.00010467784695155215,111
subject_602,10,Sagittal,STL_IMF,-0.11228687821444167,0.24065998135560032,111
subject_602,10,Sagittal,STR_IMF,0.0853299315657469,0.37322144571900395,111
subject_602,10,Sagittal,UTL_IMF,0.18851111430826573,0.04754556859544942,111
subject_602,10,Sagittal,UTR_IMF,-0.28682474140769937,0.002272645461691434,111
subject_602,10,Frontal,MTL_IMF,0.2593753853868864,0.0059783411231226335,111
subject_602,10,Frontal,MTR_IMF,0.17890156511009497,0.060286161828531776,111
subject_602,10,Frontal,SCML_IMF,-0.5215866027176269,4.359555373761155e-09,111
subject_602,10,Frontal,SCMR_IMF,0.27960888979140086,0.0029583518271598603,111
subject_602,10,Frontal,STL_IMF,-0.07061014840147838,0.46147349195044346,111
subject_602,10,Frontal,STR_IMF,-0.23757258126016534,0.012049070592418575,111
subject_602,10,Frontal,UTL_IMF,-0.016844660591664666,0.8607079932241505,111
subject_602,10,Frontal,UTR_IMF,0.22925278985085637,0.015507126761866446,111
subject_602,10,Horizontal,MTL_IMF,0.45030431289415757,7.090596397126035e-07,111
subject_602,10,Horizontal,MTR_IMF,0.25254700846203454,0.007492532038569143,111
subject_602,10,Horizontal,SCML_IMF,-0.495993240228473,3.10406065272125e-08,111
subject_602,10,Horizontal,SCMR_IMF,0.358169322823804,0.00011352903400847952,111
subject_602,10,Horizontal,STL_IMF,0.04882996708669188,0.6107972740378212,111
subject_602,10,Horizontal,STR_IMF,-0.13011770914685503,0.17346595578756754,111
subject_602,10,Horizontal,UTL_IMF,-0.05371205007478049,0.5755544314076024,111
subject_602,10,Horizontal,UTR_IMF,0.37503641385888137,5.000966142478054e-05,111
subject_602,20,Sagittal,MTL_IMF,0.15416536028193426,0.10782240546264779,110
subject_602,20,Sagittal,MTR_IMF,0.0034400447567703805,0.9715475318091591,110
subject_602,20,Sagittal,SCML_IMF,0.04242214448238758,0.6599061296729231,110
subject_602,20,Sagittal,SCMR_IMF,-0.0825366748375815,0.39131941353510513,110
subject_602,20,Sagittal,STL_IMF,0.09372408714015858,0.3301046138298547,110
subject_602,20,Sagittal,STR_IMF,-0.10465690043949338,0.2765495889070513,110
subject_602,20,Sagittal,UTL_IMF,0.15426871895538183,0.1075836499095106,110
subject_602,20,Sagittal,UTR_IMF,-0.01520458482090012,0.8747290852417667,110
subject_602,20,Frontal,MTL_IMF,-0.01861360769235705,0.846952884359843,110
subject_602,20,Frontal,MTR_IMF,0.05872856390852437,0.5422325413059641,110
subject_602,20,Frontal,SCML_IMF,-0.15718753728796014,0.10101018361025016,110
subject_602,20,Frontal,SCMR_IMF,0.17863958964742674,0.06186888069232835,110
subject_602,20,Frontal,STL_IMF,-0.02148213309707767,0.8237235276088014,110
subject_602,20,Frontal,STR_IMF,-0.12106382473270365,0.20771878808524402,110
subject_602,20,Frontal,UTL_IMF,-0.0014327759234962088,0.9881475217524702,110
subject_602,20,Frontal,UTR_IMF,0.04551191432634894,0.6368376098611817,110
subject_602,20,Horizontal,MTL_IMF,-0.007474225848779366,0.9382290327092615,110
subject_602,20,Horizontal,MTR_IMF,-0.034135478912387995,0.7233168961053522,110
subject_602,20,Horizontal,SCML_IMF,0.12839906264137718,0.18128210563592967,110
subject_602,20,Horizontal,SCMR_IMF,0.048750558333370136,0.6130249863777121,110
subject_602,20,Horizontal,STL_IMF,0.05233150162422767,0.587157472315739,110
subject_602,20,Horizontal,STR_IMF,-0.07869084776144092,0.41383884306296176,110
subject_602,20,Horizontal,UTL_IMF,0.006178500023991482,0.9489216475721508,110
subject_602,20,Horizontal,UTR_IMF,0.1415212993538753,0.14027557020110648,110
subject_602,30,Sagittal,MTL_IMF,-0.08135145701408654,0.39599451643482964,111
subject_602,30,Sagittal,MTR_IMF,0.0037257918739493742,0.9690423257391588,111
subject_602,30,Sagittal,SCML_IMF,-0.21798466948929335,0.02154329000531372,111
subject_602,30,Sagittal,SCMR_IMF,-0.2061555050468842,0.02994849810081725,111
subject_602,30,Sagittal,STL_IMF,-0.015838928026560763,0.8689480855204319,111
subject_602,30,Sagittal,STR_IMF,-0.040385361236445344,0.6738708788280227,111
subject_602,30,Sagittal,UTL_IMF,-0.13761634782171864,0.14977462227792854,111
subject_602,30,Sagittal,UTR_IMF,-0.0205351368670415,0.8306059040033387,111
subject_602,30,Frontal,MTL_IMF,0.12434436202889006,0.19350777003447747,111
subject_602,30,Frontal,MTR_IMF,0.14113897711046036,0.13952406472737755,111
subject_602,30,Frontal,SCML_IMF,-0.027633658085035633,0.7734248658689135,111
subject_602,30,Frontal,SCMR_IMF,0.2636024113696052,0.0051834533621263204,111
subject_602,30,Frontal,STL_IMF,0.09075691051280504,0.34347769032370296,111
subject_602,30,Frontal,STR_IMF,-0.03324975479451817,0.7290134037024666,111
subject_602,30,Frontal,UTL_IMF,0.1288852497668458,0.1776103993936812,111
subject_602,30,Frontal,UTR_IMF,0.0011225165210552856,0.9906708898918097,111
subject_602,30,Horizontal,MTL_IMF,-0.05088328771090366,0.5958596397457825,111
subject_602,30,Horizontal,MTR_IMF,-0.00565335107212133,0.9530413378256374,111
subject_602,30,Horizontal,SCML_IMF,0.18036328356871323,0.058185122244207896,111
subject_602,30,Horizontal,SCMR_IMF,0.01893826873337797,0.8436036780613467,111
subject_602,30,Horizontal,STL_IMF,-0.04778382695565802,0.618470226843799,111
subject_602,30,Horizontal,STR_IMF,0.0008484778111874625,0.9929483272445111,111
subject_602,30,Horizontal,UTL_IMF,0.0789058350319622,0.41039512275788453,111
subject_602,30,Horizontal,UTR_IMF,0.19913500366097528,0.03614421212240418,111
subject_602,40,Sagittal,MTL_IMF,0.13764143634853482,0.14969966655608286,111
subject_602,40,Sagittal,MTR_IMF,0.016191048062188004,0.8660614780644762,111
subject_602,40,Sagittal,SCML_IMF,-0.015219819080452446,0.8740275694364964,111
subject_602,40,Sagittal,SCMR_IMF,-0.07804736318919464,0.4155219340281636,111
subject_602,40,Sagittal,STL_IMF,0.015544668908668706,0.8713616846714209,111
subject_602,40,Sagittal,STR_IMF,0.20644035440665062,0.02971741392888881,111
subject_602,40,Sagittal,UTL_IMF,0.08003985280175244,0.40367987994879007,111
subject_602,40,Sagittal,UTR_IMF,-0.05545550443942548,0.5632024942700323,111
subject_602,40,Frontal,MTL_IMF,0.1263093375055958,0.18650646527010598,111
subject_602,40,Frontal,MTR_IMF,0.03167615785866832,0.7413742373654654,111
subject_602,40,Frontal,SCML_IMF,0.12135857374830351,0.20450753991949416,111
subject_602,40,Frontal,SCMR_IMF,0.06952879664097521,0.4683801153186029,111
subject_602,40,Frontal,STL_IMF,-0.026741786141992276,0.780549744656882,111
subject_602,40,Frontal,STR_IMF,-0.01729184244707254,0.8570489193448435,111
subject_602,40,Frontal,UTL_IMF,-0.08974342445125288,0.3489158326642447,111
subject_602,40,Frontal,UTR_IMF,-0.025543302996007804,0.7901526304882744,111
subject_602,40,Horizontal,MTL_IMF,-0.06438461627867433,0.5019961147640104,111
subject_602,40,Horizontal,MTR_IMF,-0.07829564263777884,0.4140353830286075,111
subject_602,40,Horizontal,SCML_IMF,0.08728648378861072,0.3623215819135222,111
subject_602,40,Horizontal,SCMR_IMF,-0.03103086211339986,0.7464624274410949,111
subject_602,40,Horizontal,STL_IMF,-0.05858149890725639,0.541376644165077,111
subject_602,40,Horizontal,STR_IMF,0.08938708020200614,0.35084064173581697,111
subject_602,40,Horizontal,UTL_IMF,-0.21793056074099704,0.021576561070928035,111
subject_602,40,Horizontal,UTR_IMF,0.03891546456895012,0.6851009667953493,111
subject_602,50,Sagittal,MTL_IMF,0.0441178698923855,0.6472044367035641,110
subject_602,50,Sagittal,MTR_IMF,0.1824673814293548,0.05640123272725975,110
subject_602,50,Sagittal,SCML_IMF,0.25837260685018165,0.006423990376320246,110
subject_602,50,Sagittal,SCMR_IMF,-0.034380663875110386,0.7214109496839731,110
subject_602,50,Sagittal,STL_IMF,0.14497147219738493,0.1307631411601158,110
subject_602,50,Sagittal,STR_IMF,0.12156176656961074,0.20584136230548328,110
subject_602,50,Sagittal,UTL_IMF,-0.013758445359893373,0.8865601891135069,110
subject_602,50,Sagittal,UTR_IMF,0.09002675360758042,0.34962164728060663,110
subject_602,50,Frontal,MTL_IMF,0.29413092807482255,0.001815108813157798,110
subject_602,50,Frontal,MTR_IMF,0.2515140301772846,0.008036836489477728,110
subject_602,50,Frontal,SCML_IMF,0.08117538729531945,0.3992052728992787,110
subject_602,50,Frontal,SCMR_IMF,0.10337660933355086,0.2825001800201934,110
subject_602,50,Frontal,STL_IMF,0.07010071852615446,0.46678521770514153,110
subject_602,50,Frontal,STR_IMF,0.015983320093770056,0.8683693732079905,110
subject_602,50,Frontal,UTL_IMF,-0.05459672442243065,0.5710561095615642,110
subject_602,50,Frontal,UTR_IMF,0.03285541910356205,0.7332947039391968,110
subject_602,50,Horizontal,MTL_IMF,-0.02708973280763095,0.7787675898093228,110
subject_602,50,Horizontal,MTR_IMF,-0.05883356090667742,0.541509513411466,110
subject_602,50,Horizontal,SCML_IMF,0.02388260743575259,0.8043999351692263,110
subject_602,50,Horizontal,SCMR_IMF,0.0399099825390678,0.6789013586146712,110
subject_602,50,Horizontal,STL_IMF,-0.043114336400016336,0.6547093793971259,110
subject_602,50,Horizontal,STR_IMF,-0.04139495823367907,0.6676477559432802,110
subject_602,50,Horizontal,UTL_IMF,-0.16466622603436748,0.08560332217614332,110
subject_602,50,Horizontal,UTR_IMF,-0.06413462808042121,0.5056339283821307,110
subject_602,60,Sagittal,MTL_IMF,0.06364566338322623,0.5069262992927879,111
subject_602,60,Sagittal,MTR_IMF,0.09195120692743065,0.3371382890286934,111
subject_602,60,Sagittal,SCML_IMF,0.2501424886802363,0.008101377056716678,111
subject_602,60,Sagittal,SCMR_IMF,-0.17261753144783204,0.07003620051602086,111
subject_602,60,Sagittal,STL_IMF,0.15295561573821334,0.1090028773124163,111
subject_602,60,Sagittal,STR_IMF,0.06722229584238133,0.48329855478269196,111
subject_602,60,Sagittal,UTL_IMF,-0.009431846376832757,0.9217353968269113,111
subject_602,60,Sagittal,UTR_IMF,0.032427602423977145,0.7354630960775177,111
subject_602,60,Frontal,MTL_IMF,0.13185138647419262,0.16775730413205628,111
subject_602,60,Frontal,MTR_IMF,0.22384561571148545,0.018190628868516207,111
subject_602,60,Frontal,SCML_IMF,0.12663643573210334,0.1853591515969907,111
subject_602,60,Frontal,SCMR_IMF,0.20465640224323478,0.031189899701881168,111
subject_602,60,Frontal,STL_IMF,0.08502569511461755,0.374934139644978,111
subject_602,60,Frontal,STR_IMF,-0.10155244924935442,0.28889240901067115,111
subject_602,60,Frontal,UTL_IMF,0.0433853186083998,0.6511743387115875,111
subject_602,60,Frontal,UTR_IMF,0.07289999311048856,0.44703510449918193,111
subject_602,60,Horizontal,MTL_IMF,0.06125329870547532,0.5230582473505582,111
subject_602,60,Horizontal,MTR_IMF,0.05608829825670245,0.5587507061576336,111
subject_602,60,Horizontal,SCML_IMF,-0.03364344422337855,0.7259316066490316,111
subject_602,60,Horizontal,SCMR_IMF,0.1365575471422014,0.15296374921639982,111
subject_602,60,Horizontal,STL_IMF,0.03652890062780821,0.7034805295785305,111
subject_602,60,Horizontal,STR_IMF,-0.20631578737241818,0.029818282296248815,111
subject_602,60,Horizontal,UTL_IMF,0.005465566128534527,0.9545994538532897,111
subject_602,60,Horizontal,UTR_IMF,-0.030785112457971983,0.7484030594612565,111
subject_602,70,Sagittal,MTL_IMF,-0.011206180528856474,0.9070727489876766,111
subject_602,70,Sagittal,MTR_IMF,0.1429073911286163,0.13458324878162356,111
subject_602,70,Sagittal,SCML_IMF,0.23081386533218526,0.014799333356756164,111
subject_602,70,Sagittal,SCMR_IMF,0.11717613876288624,0.2206594335051605,111
subject_602,70,Sagittal,STL_IMF,0.02017480281022275,0.8335349998088628,111
subject_602,70,Sagittal,STR_IMF,0.04388665534644518,0.64741160987215,111
subject_602,70,Sagittal,UTL_IMF,0.07238089451834771,0.45028583489763335,111
subject_602,70,Sagittal,UTR_IMF,0.01923109006058675,0.8412169905458733,111
subject_602,70,Frontal,MTL_IMF,-0.15306299305287346,0.1087516120437954,111
subject_602,70,Frontal,MTR_IMF,0.26052839939581435,0.0057514306454474265,111
subject_602,70,Frontal,SCML_IMF,-0.11668260434827775,0.22262327535077406,111
subject_602,70,Frontal,SCMR_IMF,0.2433924374364659,0.010050041693746485,111
subject_602,70,Frontal,STL_IMF,-0.022891908966133145,0.8115070477468852,111
subject_602,70,Frontal,STR_IMF,-0.06565548257716991,0.4935759666650167,111
subject_602,70,Frontal,UTL_IMF,0.06517996798143394,0.4967177399168526,111
subject_602,70,Frontal,UTR_IMF,0.04095183464758779,0.6695618870366769,111
subject_602,70,Horizontal,MTL_IMF,0.02008025034700224,0.8343039803637401,111
subject_602,70,Horizontal,MTR_IMF,0.13126916379865003,0.1696587169211909,111
subject_602,70,Horizontal,SCML_IMF,0.08451912647805712,0.37779646638615083,111
subject_602,70,Horizontal,SCMR_IMF,0.12889291118718318,0.17758441338504846,111
subject_602,70,Horizontal,STL_IMF,0.0071265492901436975,0.9408243115408399,111
subject_602,70,Horizontal,STR_IMF,-0.1642887175430882,0.08488428791006128,111
subject_602,70,Horizontal,UTL_IMF,-0.05928631537074348,0.5365137690037953,111
subject_602,70,Horizontal,UTR_IMF,-0.059008136897071725,0.5384304675402435,111
subject_602,80,Sagittal,MTL_IMF,0.03786947218739001,0.694480383606312,110
subject_602,80,Sagittal,MTR_IMF,0.18321776156122607,0.05537732009138077,110
subject_602,80,Sagittal,SCML_IMF,0.14491439680961093,0.13091638372578768,110
subject_602,80,Sagittal,SCMR_IMF,0.047125407797879944,0.6249258885851143,110
subject_602,80,Sagittal,STL_IMF,0.08257317931729305,0.3911092373390543,110
subject_602,80,Sagittal,STR_IMF,-0.007830227564241817,0.935293069428559,110
subject_602,80,Sagittal,UTL_IMF,0.05743997698515409,0.551144447309919,110
subject_602,80,Sagittal,UTR_IMF,0.025645506173718746,0.7902827421980052,110
subject_602,80,Frontal,MTL_IMF,-0.136921728407208,0.15376164229275774,110
subject_602,80,Frontal,MTR_IMF,-0.25587896713647673,0.0069737142117369455,110
subject_602,80,Frontal,SCML_IMF,-0.15576172048394776,0.1041807185335833,110
subject_602,80,Frontal,SCMR_IMF,0.05701097445919082,0.5541271196078682,110
subject_602,80,Frontal,STL_IMF,-0.09930437355788295,0.30199285604902437,110
subject_602,80,Frontal,STR_IMF,0.028735456971353497,0.7657041182311615,110
subject_602,80,Frontal,UTL_IMF,0.03020836144118861,0.7540677942773956,110
subject_602,80,Frontal,UTR_IMF,-0.11704686227115103,0.22331323888517382,110
subject_602,80,Horizontal,MTL_IMF,-0.13686217732936867,0.15394240434414733,110
subject_602,80,Horizontal,MTR_IMF,0.21050701520260354,0.027286677434165147,110
subject_602,80,Horizontal,SCML_IMF,0.06740504180984186,0.4841330860930014,110
subject_602,80,Horizontal,SCMR_IMF,-0.1628445177177791,0.08917173250538855,110
subject_602,80,Horizontal,STL_IMF,0.02258853537931603,0.8148032488952728,110
subject_602,80,Horizontal,STR_IMF,-0.05969521020521622,0.5355940335911187,110
subject_602,80,Horizontal,UTL_IMF,-0.06068520658146585,0.5288372803808183,110
subject_602,80,Horizontal,UTR_IMF,0.1329334106974398,0.16622278764498402,110
subject_602,90,Sagittal,MTL_IMF,0.05704106698292842,0.5539176452931,110
subject_602,90,Sagittal,MTR_IMF,0.16852256036081675,0.07842499714090333,110
subject_602,90,Sagittal,SCML_IMF,0.13009613194287137,0.17553307090741685,110
subject_602,90,Sagittal,SCMR_IMF,0.009289749604755166,0.92326581205548,110
subject_602,90,Sagittal,STL_IMF,0.278756487724789,0.003188953416544759,110
subject_602,90,Sagittal,STR_IMF,-0.011100148608402494,0.9083714392612607,110
subject_602,90,Sagittal,UTL_IMF,-0.06367706769219755,0.5086811176222334,110
subject_602,90,Sagittal,UTR_IMF,0.06184196188147148,0.5209969611679289,110
subject_602,90,Frontal,MTL_IMF,-0.21370022290369792,0.024982993494462726,110
subject_602,90,Frontal,MTR_IMF,-0.3171486672387979,0.0007358107858887989,110
subject_602,90,Frontal,SCML_IMF,-0.21393099140245478,0.024823143815606543,110
subject_602,90,Frontal,SCMR_IMF,-0.08955616627086409,0.3521565134955883,110
subject_602,90,Frontal,STL_IMF,-0.2826376384761003,0.0027741504768752363,110
subject_602,90,Frontal,STR_IMF,0.003939578123334042,0.9674180335572243,110
subject_602,90,Frontal,UTL_IMF,0.10518393622789225,0.27412466981753136,110
subject_602,90,Frontal,UTR_IMF,0.15205517949316383,0.11278784661550152,110
subject_602,90,Horizontal,MTL_IMF,-0.14982571830699148,0.11822515196154817,110
subject_602,90,Horizontal,MTR_IMF,0.1287044627151903,0.1802374837649845,110
subject_602,90,Horizontal,SCML_IMF,0.010064363795394604,0.9168894149393161,110
subject_602,90,Horizontal,SCMR_IMF,-0.0005753115256427754,0.9952406551098782,110
subject_602,90,Horizontal,STL_IMF,0.168840597485009,0.07785523208227084,110
subject_602,90,Horizontal,STR_IMF,-0.04086205965564407,0.6716779156292106,110
subject_602,90,Horizontal,UTL_IMF,-0.12052096530832673,0.20977948793859322,110
subject_602,90,Horizontal,UTR_IMF,-0.016690777847934806,0.8625990250228291,110
subject_603,10,Sagittal,MTR_IMF,-0.04222179508290854,0.6079427342200541,150
subject_603,10,Sagittal,SCML_IMF,-0.04621977463762298,0.5743619112526677,150
subject_603,10,Sagittal,SCMR_IMF,-0.18799998861812586,0.021231585008773608,150
subject_603,10,Sagittal,STL_IMF,0.039770486390842734,0.6289512274255752,150
subject_603,10,Sagittal,STR_IMF,0.2025187424540836,0.012940635126329689,150
subject_603,10,Sagittal,UTL_IMF,0.14567982940886026,0.07527542433028438,150
subject_603,10,Sagittal,UTR_IMF,-0.16488016221716612,0.043769673262022024,150
subject_603,10,Frontal,MTR_IMF,-0.04563104542694515,0.579251973996762,150
subject_603,10,Frontal,SCML_IMF,-0.03140667423292027,0.7028115044771507,150
subject_603,10,Frontal,SCMR_IMF,0.009858217163923206,0.9046963327704971,150
subject_603,10,Frontal,STL_IMF,0.018992516330141523,0.8175596915828037,150
subject_603,10,Frontal,STR_IMF,0.11279964336087203,0.16933573351015616,150
subject_603,10,Frontal,UTL_IMF,-0.07556635524773922,0.3580601110619933,150
subject_603,10,Frontal,UTR_IMF,-0.05112887330707854,0.5343585609090542,150
subject_603,10,Horizontal,MTR_IMF,-0.13157629718028244,0.10849842800229827,150
subject_603,10,Horizontal,SCML_IMF,0.047010267429908416,0.5678265634649677,150
subject_603,10,Horizontal,SCMR_IMF,-0.06982953325939616,0.39581655895601436,150
subject_603,10,Horizontal,STL_IMF,-0.10410750686209698,0.20485756221048812,150
subject_603,10,Horizontal,STR_IMF,0.1047237122442662,0.20217522005538316,150
subject_603,10,Horizontal,UTL_IMF,-0.08190098860663843,0.319074300817336,150
subject_603,10,Horizontal,UTR_IMF,-0.05641422887653537,0.49290433660739086,150
subject_603,20,Sagittal,MTR_IMF,-0.1893026531357419,0.02033556699044105,150
subject_603,20,Sagittal,SCML_IMF,-0.0380288051637037,0.6440621230998509,150
subject_603,20,Sagittal,SCMR_IMF,-0.0929991936842363,0.2576640380586149,150
subject_603,20,Sagittal,STL_IMF,-0.07823062748079045,0.34131523449069767,150
subject_603,20,Sagittal,STR_IMF,-0.08177335478996361,0.31983158749512547,150
subject_603,20,Sagittal,UTL_IMF,-0.04870524902058651,0.5539333934858675,150
subject_603,20,Sagittal,UTR_IMF,-0.163552909620202,0.04551797131580831,150
subject_603,20,Frontal,MTR_IMF,-0.005199736805697787,0.9496461098184713,150
subject_603,20,Frontal,SCML_IMF,0.052012402288248646,0.5273095513212225,150
subject_603,20,Frontal,SCMR_IMF,-0.0238178583299085,0.7723450972211536,150
subject_603,20,Frontal,STL_IMF,-0.07393150626516204,0.36858401009852587,150
subject_603,20,Frontal,STR_IMF,0.08812397121957435,0.28356158671767884,150
subject_603,20,Frontal,UTL_IMF,0.1294708354055513,0.114318592673876,150
subject_603,20,Frontal,UTR_IMF,0.055578019831981955,0.499347313631925,150
subject_603,20,Horizontal,MTR_IMF,,,150
subject_603,20,Horizontal,SCML_IMF,,,150
subject_603,20,Horizontal,SCMR_IMF,,,150
subject_603,20,Horizontal,STL_IMF,,,150
subject_603,20,Horizontal,STR_IMF,,,150
subject_603,20,Horizontal,UTL_IMF,,,150
subject_603,20,Horizontal,UTR_IMF,,,150
subject_603,30,Sagittal,MTR_IMF,-0.21929454282290992,0.007012892406134928,150
subject_603,30,Sagittal,SCML_IMF,0.020093390654869828,0.8071853319272417,150
subject_603,30,Sagittal,SCMR_IMF,-0.04019672114363751,0.6252761945346813,150
subject_603,30,Sagittal,STL_IMF,-0.040045934280614044,0.626575244563387,150
subject_603,30,Sagittal,STR_IMF,-0.12808705292764985,0.1182743775560701,150
subject_603,30,Sagittal,UTL_IMF,0.0033969226067391924,0.9670920338658959,150
subject_603,30,Sagittal,UTR_IMF,-0.08458971376579474,0.3033916119756229,150
subject_603,30,Frontal,MTR_IMF,0.014508668194156795,0.8601235062010677,150
subject_603,30,Frontal,SCML_IMF,0.08428582356430386,0.3051382656022807,150
subject_603,30,Frontal,SCMR_IMF,-0.006792094979146802,0.9342563577610388,150
subject_603,30,Frontal,STL_IMF,-0.12044540057319274,0.1420610612572659,150
subject_603,30,Frontal,STR_IMF,-0.0003086714591301773,0.9970088872280912,150
subject_603,30,Frontal,UTL_IMF,0.15898672719531481,0.051983385987355524,150
subject_603,30,Frontal,UTR_IMF,0.1627024163605789,0.046668600953174495,150
subject_603,30,Horizontal,MTR_IMF,,,150
subject_603,30,Horizontal,SCML_IMF,,,150
subject_603,30,Horizontal,SCMR_IMF,,,150
subject_603,30,Horizontal,STL_IMF,,,150
subject_603,30,Horizontal,STR_IMF,,,150
subject_603,30,Horizontal,UTL_IMF,,,150
subject_603,30,Horizontal,UTR_IMF,,,150
subject_603,40,Sagittal,MTR_IMF,-0.07012648870500285,0.39380562585285533,150
subject_603,40,Sagittal,SCML_IMF,0.03121306239178839,0.7045580291214858,150
subject_603,40,Sagittal,SCMR_IMF,0.15977488205023857,0.050816016521775705,150
subject_603,40,Sagittal,STL_IMF,0.08543609158946362,0.29856166470383555,150
subject_603,40,Sagittal,STR_IMF,-0.019378047675929908,0.8139228429386908,150
subject_603,40,Sagittal,UTL_IMF,0.20023442512634826,0.01401887310986746,150
subject_603,40,Sagittal,UTR_IMF,0.14513661736337546,0.0763815280360833,150
subject_603,40,Frontal,MTR_IMF,-0.08696010909137873,0.2899935016038355,150
subject_603,40,Frontal,SCML_IMF,0.036995685262518646,0.6530953353363809,150
subject_603,40,Frontal,SCMR_IMF,0.14776748586523641,0.07114437203762795,150
subject_603,40,Frontal,STL_IMF,0.1379084433940683,0.09238509764800248,150
subject_603,40,Frontal,STR_IMF,-0.007385276706041201,0.9285293069472936,150
subject_603,40,Frontal,UTL_IMF,0.0985986284495684,0.22998127814179126,150
subject_603,40,Frontal,UTR_IMF,0.16750322067799955,0.04047931770780285,150
subject_603,40,Horizontal,MTR_IMF,0.0745315208932995,0.3646996495552021,150
subject_603,40,Horizontal,SCML_IMF,0.055054130039020654,0.5034063188460141,150
subject_603,40,Horizontal,SCMR_IMF,0.04497673185750519,0.5847093764483707,150
subject_603,40,Horizontal,STL_IMF,0.145014830671513,0.07663130523204519,150
subject_603,40,Horizontal,STR_IMF,-0.004027648840635468,0.9609862664858559,150
subject_603,40,Horizontal,UTL_IMF,0.11613973313034893,0.15697750422633022,150
subject_603,40,Horizontal,UTR_IMF,0.03960989830406041,0.6303382014635648,150
subject_603,50,Sagittal,MTR_IMF,0.08897872978198407,0.2788992536215033,150
subject_603,50,Sagittal,SCML_IMF,-0.11559127018383435,0.15895898150247603,150
subject_603,50,Sagittal,SCMR_IMF,0.10847430129302292,0.1863939832555005,150
subject_603,50,Sagittal,STL_IMF,0.16425570119353602,0.04458511240686054,150
subject_603,50,Sagittal,STR_IMF,-0.11431630740090118,0.1636374569611168,150
subject_603,50,Sagittal,UTL_IMF,-0.012271109975503281,0.8815235259018572,150
subject_603,50,Sagittal,UTR_IMF,0.3066761425416875,0.0001350992767837555,150
subject_603,50,Frontal,MTR_IMF,0.07512452199994109,0.36088566835798913,150
subject_603,50,Frontal,SCML_IMF,-0.21667513623361692,0.007739371190074449,150
subject_603,50,Frontal,SCMR_IMF,0.0425342317670821,0.605287445342017,150
subject_603,50,Frontal,STL_IMF,0.14532158051554644,0.07600343708335439,150
subject_603,50,Frontal,STR_IMF,0.04084120353618734,0.6197369008048491,150
subject_603,50,Frontal,UTL_IMF,-0.034352170857136634,0.6764369780615973,150
subject_603,50,Frontal,UTR_IMF,0.1832496052454927,0.024793339370819817,150
subject_603,50,Horizontal,MTR_IMF,0.06313459175475625,0.4427632996741694,150
subject_603,50,Horizontal,SCML_IMF,0.0046997010039189395,0.954482942062155,150
subject_603,50,Horizontal,SCMR_IMF,-0.04901888580688566,0.5513808009746509,150
subject_603,50,Horizontal,STL_IMF,0.13830905447476638,0.09143338432602531,150
subject_603,50,Horizontal,STR_IMF,-0.038935289050592695,0.6361787476872486,150
subject_603,50,Horizontal,UTL_IMF,0.03896464858030881,0.6359240925081532,150
subject_603,50,Horizontal,UTR_IMF,0.05437446811115659,0.5086978079074757,150
subject_603,60,Sagittal,MTR_IMF,-0.06301023984822852,0.44366407731774926,150
subject_603,60,Sagittal,SCML_IMF,0.013332252399535418,0.87136309795125,150
subject_603,60,Sagittal,SCMR_IMF,0.0013007260835652455,0.9873960901214438,150
subject_603,60,Sagittal,STL_IMF,-0.13489439752174162,0.0998002255769239,150
subject_603,60,Sagittal,STR_IMF,-0.3210978115201239,6.166492341098408e-05,150
subject_603,60,Sagittal,UTL_IMF,-0.09325304447040995,0.25636156441761027,150
subject_603,60,Sagittal,UTR_IMF,0.01047858500595017,0.8987300010163709,150
subject_603,60,Frontal,MTR_IMF,0.033447217053372044,0.6845001821653631,150
subject_603,60,Frontal,SCML_IMF,-0.10028231089355273,0.22208279955015242,150
subject_603,60,Frontal,SCMR_IMF,-0.041409366114044256,0.6148712142705199,150
subject_603,60,Frontal,STL_IMF,0.011194005151930298,0.8918565610425384,150
subject_603,60,Frontal,STR_IMF,0.013729244920450398,0.8675672011713529,150
subject_603,60,Frontal,UTL_IMF,-0.11452931561388802,0.16284875663211282,150
subject_603,60,Frontal,UTR_IMF,-0.06723258127658638,0.4136628963379578,150
subject_603,60,Horizontal,MTR_IMF,0.11540886108895404,0.15962212035117995,150
subject_603,60,Horizontal,SCML_IMF,0.02001532426116419,0.8079199277111985,150
subject_603,60,Horizontal,SCMR_IMF,-0.03936806253450607,0.6324293330601243,150
subject_603,60,Horizontal,STL_IMF,0.05002553065223272,0.5432269053180044,150
subject_603,60,Horizontal,STR_IMF,-0.032671371682974584,0.6914415157087896,150
subject_603,60,Horizontal,UTL_IMF,-0.010005951976356087,0.9032750106328196,150
subject_603,60,Horizontal,UTR_IMF,-0.016670327131483132,0.8395453404255304,150
subject_603,70,Sagittal,MTR_IMF,0.10222522259182679,0.21320954145617066,150
subject_603,70,Sagittal,SCML_IMF,0.17183073364881224,0.035505343707774424,150
subject_603,70,Sagittal,SCMR_IMF,-0.026686573620435368,0.7458123601435638,150
subject_603,70,Sagittal,STL_IMF,-0.18248096372634767,0.025415325599364214,150
subject_603,70,Sagittal,STR_IMF,-0.14448781058316773,0.07771979995462408,150
subject_603,70,Sagittal,UTL_IMF,0.30563550027915465,0.00014274536321690247,150
subject_603,70,Sagittal,UTR_IMF,0.12689455967533542,0.12176786397183008,150
subject_603,70,Frontal,MTR_IMF,0.019576176903465598,0.8120553605563836,150
subject_603,70,Frontal,SCML_IMF,0.08500018683936683,0.30104281985498904,150
subject_603,70,Frontal,SCMR_IMF,-0.08099630387667012,0.3244671282913328,150
subject_603,70,Frontal,STL_IMF,0.08219171401414116,0.3173536871553308,150
subject_603,70,Frontal,STR_IMF,0.10228353320800479,0.21294721063104402,150
subject_603,70,Frontal,UTL_IMF,0.0839513863055972,0.30706811093460806,150
subject_603,70,Frontal,UTR_IMF,0.10776850198643782,0.18929275962898887,150
subject_603,70,Horizontal,MTR_IMF,-0.0007980641067193609,0.9922666375164964,150
subject_603,70,Horizontal,SCML_IMF,0.052258534411931686,0.5253542454962745,150
subject_603,70,Horizontal,SCMR_IMF,-0.03545613595553524,0.6666501470424406,150
subject_603,70,Horizontal,STL_IMF,-0.0783885385233699,0.3403385978676038,150
subject_603,70,Horizontal,STR_IMF,-0.07921869878118543,0.33523347526092495,150
subject_603,70,Horizontal,UTL_IMF,-0.01320280366453864,0.8726014779087654,150
subject_603,70,Horizontal,UTR_IMF,0.01659498323841171,0.840260846832953,150
subject_603,80,Sagittal,MTR_IMF,-0.05926014069779706,0.4713111243392672,150
subject_603,80,Sagittal,SCML_IMF,-0.02374044080062802,0.7730649519531915,150
subject_603,80,Sagittal,SCMR_IMF,0.05007785901434728,0.5428046724011651,150
subject_603,80,Sagittal,STL_IMF,0.07070790584661305,0.38988613668291416,150
subject_603,80,Sagittal,STR_IMF,0.18379260240590586,0.02436185114807881,150
subject_603,80,Sagittal,UTL_IMF,-0.19563035105148566,0.016432795993627642,150
subject_603,80,Sagittal,UTR_IMF,-0.10289420974555742,0.21021371653389523,150
subject_603,80,Frontal,MTR_IMF,0.16878077413383066,0.03895349646066797,150
subject_603,80,Frontal,SCML_IMF,0.35298397004999243,9.403467572635068e-06,150
subject_603,80,Frontal,SCMR_IMF,0.08670166953917263,0.29143481646659997,150
subject_603,80,Frontal,STL_IMF,0.295240882211328,0.00024464130099912274,150
subject_603,80,Frontal,STR_IMF,0.4660900726908394,1.8460726550404753e-09,150
subject_603,80,Frontal,UTL_IMF,0.1898260173560972,0.01998488162377497,150
subject_603,80,Frontal,UTR_IMF,-0.23565489723956345,0.0036957515730095983,150
subject_603,80,Horizontal,MTR_IMF,-0.17227373692863782,0.03502661533044413,150
subject_603,80,Horizontal,SCML_IMF,-0.2320871084008662,0.004265559241042832,150
subject_603,80,Horizontal,SCMR_IMF,-0.15517655430430727,0.057944131481777385,150
subject_603,80,Horizontal,STL_IMF,-0.3269166654889769,4.442533730442624e-05,150
subject_603,80,Horizontal,STR_IMF,-0.4659156538851234,1.875322135006481e-09,150
subject_603,80,Horizontal,UTL_IMF,-0.17630744649129038,0.030913195522484706,150
subject_603,80,Horizontal,UTR_IMF,0.3388778223856341,2.216627074795497e-05,150
subject_603,90,Sagittal,MTR_IMF,-0.06869473702690843,0.40515602517610033,149
subject_603,90,Sagittal,SCML_IMF,-0.1840587025143646,0.02463781011787741,149
subject_603,90,Sagittal,SCMR_IMF,0.1650547704158305,0.0442619965598165,149
subject_603,90,Sagittal,STL_IMF,0.11246642374352554,0.17206370872589433,149
subject_603,90,Sagittal,STR_IMF,0.2519236111346863,0.001939339163307552,149
subject_603,90,Sagittal,UTL_IMF,-0.07716724395919038,0.3495775231367496,149
subject_603,90,Sagittal,UTR_IMF,-0.17973920386126513,0.028277543277619364,149
subject_603,90,Frontal,MTR_IMF,-0.11255904137045736,0.17170855196022755,149
subject_603,90,Frontal,SCML_IMF,-0.028134360890078782,0.7334056120590499,149
subject_603,90,Frontal,SCMR_IMF,0.19989861767520933,0.014515517581807316,149
subject_603,90,Frontal,STL_IMF,0.27025735096827785,0.0008579756360947439,149
subject_603,90,Frontal,STR_IMF,0.5333859235891983,2.4959583965097717e-12,149
subject_603,90,Frontal,UTL_IMF,-0.06055624246859898,0.4631733488134862,149
subject_603,90,Frontal,UTR_IMF,-0.5504356721821615,3.539318465037492e-13,149
subject_603,90,Horizontal,MTR_IMF,0.12498534001592926,0.1288245169300478,149
subject_603,90,Horizontal,SCML_IMF,0.07316888190937987,0.37518250549873317,149
subject_603,90,Horizontal,SCMR_IMF,-0.13576855881974623,0.09874614130914414,149
subject_603,90,Horizontal,STL_IMF,-0.19576716131341898,0.016724116252643337,149
subject_603,90,Horizontal,STR_IMF,-0.4540205626277241,6.043280434013775e-09,149
subject_603,90,Horizontal,UTL_IMF,0.02733641122447631,0.7406935371581566,149
subject_603,90,Horizontal,UTR_IMF,0.5611596682605107,9.777703576378993e-14,149
subject_604,10,Sagittal,MTL_IMF,0.08813349900366439,0.28845960772268725,147
subject_604,10,Sagittal,MTR_IMF,0.23131972482098137,0.004817375995866252,147
subject_604,10,Sagittal,SCML_IMF,0.13482499068782666,0.10349221097484256,147
subject_604,10,Sagittal,SCMR_IMF,-0.1366687419730249,0.09881430105450341,147
subject_604,10,Sagittal,STL_IMF,0.030549467865358216,0.7133830347414841,147
subject_604,10,Sagittal,STR_IMF,-0.013961740616195824,0.8667090025390349,147
subject_604,10,Sagittal,UTL_IMF,0.03699913769847806,0.6563822342003942,147
subject_604,10,Sagittal,UTR_IMF,-0.052734281601898504,0.5258507447964555,147
subject_604,10,Frontal,MTL_IMF,0.07123355602252714,0.3912360940289251,147
subject_604,10,Frontal,MTR_IMF,0.14250620066853378,0.08509758696926496,147
subject_604,10,Frontal,SCML_IMF,0.09269313857777736,0.26414124968092917,147
subject_604,10,Frontal,SCMR_IMF,-0.115101554497523,0.16506483102954242,147
subject_604,10,Frontal,STL_IMF,-0.07914805733730944,0.3406290862052721,147
subject_604,10,Frontal,STR_IMF,-0.051814381787800755,0.5331058764330252,147
subject_604,10,Frontal,UTL_IMF,0.1242240996457904,0.13384966835077633,147
subject_604,10,Frontal,UTR_IMF,-0.0380597748936969,0.6471846580309735,147
subject_604,10,Horizontal,MTL_IMF,-0.07062189481971451,0.39532659774895135,147
subject_604,10,Horizontal,MTR_IMF,-0.16829244047455053,0.04159245212133717,147
subject_604,10,Horizontal,SCML_IMF,-0.08584659940785143,0.3012019883654567,147
subject_604,10,Horizontal,SCMR_IMF,0.028376607122183876,0.7329682958869957,147
subject_604,10,Horizontal,STL_IMF,0.026346095782946524,0.7514276086303848,147
subject_604,10,Horizontal,STR_IMF,-0.017341708780780608,0.8348559254684236,147
subject_604,10,Horizontal,UTL_IMF,0.15407512905659576,0.06242622846035307,147
subject_604,10,Horizontal,UTR_IMF,0.11563665178964198,0.1630959034998149,147
subject_604,20,Sagittal,MTL_IMF,-0.040266911332533795,0.628216228211037,147
subject_604,20,Sagittal,MTR_IMF,0.03974397624549806,0.6326890942883076,147
subject_604,20,Sagittal,SCML_IMF,-0.008507737322420729,0.9185407027774249,147
subject_604,20,Sagittal,SCMR_IMF,-0.002835628292255666,0.9728079866806073,147
subject_604,20,Sagittal,STL_IMF,0.11876580076862858,0.15193152078843553,147
subject_604,20,Sagittal,STR_IMF,0.0034076791182836652,0.9673251354605726,147
subject_604,20,Sagittal,UTL_IMF,-0.002842252875207581,0.9727444852426447,147
subject_604,20,Sagittal,UTR_IMF,0.10039794470516111,0.22630633828365798,147
subject_604,20,Frontal,MTL_IMF,,,147
subject_604,20,Frontal,MTR_IMF,,,147
subject_604,20,Frontal,SCML_IMF,,,147
subject_604,20,Frontal,SCMR_IMF,,,147
subject_604,20,Frontal,STL_IMF,,,147
subject_604,20,Frontal,STR_IMF,,,147
subject_604,20,Frontal,UTL_IMF,,,147
subject_604,20,Frontal,UTR_IMF,,,147
subject_604,20,Horizontal,MTL_IMF,-0.07432106946610059,0.37097921695398933,147
subject_604,20,Horizontal,MTR_IMF,0.11426301505306602,0.16818582937509644,147
subject_604,20,Horizontal,SCML_IMF,0.15484727137211943,0.06110873759555471,147
subject_604,20,Horizontal,SCMR_IMF,0.11988401695484399,0.1480847705943281,147
subject_604,20,Horizontal,STL_IMF,-0.030141629481308253,0.7170453478914339,147
subject_604,20,Horizontal,STR_IMF,-0.06468044473970336,0.436374777963678,147
subject_604,20,Horizontal,UTL_IMF,-0.10597497191506525,0.2014222166679817,147
subject_604,20,Horizontal,UTR_IMF,0.06769485865027085,0.4152526651433603,147
subject_604,30,Sagittal,MTL_IMF,0.12422788120056737,0.1338377391498184,147
subject_604,30,Sagittal,MTR_IMF,0.07497149911391843,0.36679545104842265,147
subject_604,30,Sagittal,SCML_IMF,0.011910134167435906,0.8861519483431971,147
subject_604,30,Sagittal,SCMR_IMF,0.09016428731186098,0.27745008628911333,147
subject_604,30,Sagittal,STL_IMF,0.15444280789333167,0.06179599436748467,147
subject_604,30,Sagittal,STR_IMF,0.030652554153760607,0.7124583691069486,147
subject_604,30,Sagittal,UTL_IMF,0.003978047327629787,0.9618599325774904,147
subject_604,30,Sagittal,UTR_IMF,0.1548378916448708,0.06112460419523047,147
subject_604,30,Frontal,MTL_IMF,,,147
subject_604,30,Frontal,MTR_IMF,,,147
subject_604,30,Frontal,SCML_IMF,,,147
subject_604,30,Frontal,SCMR_IMF,,,147
subject_604,30,Frontal,STL_IMF,,,147
subject_604,30,Frontal,STR_IMF,,,147
subject_604,30,Frontal,UTL_IMF,,,147
subject_604,30,Frontal,UTR_IMF,,,147
subject_604,30,Horizontal,MTL_IMF,0.09415509100282404,0.25664928329393166,147
subject_604,30,Horizontal,MTR_IMF,0.2089107864930639,0.011105239940044831,147
subject_604,30,Horizontal,SCML_IMF,0.15928194932331685,0.053976398836687915,147
subject_604,30,Horizontal,SCMR_IMF,0.07718272835817482,0.35279107242563845,147
subject_604,30,Horizontal,STL_IMF,-0.004146868898342164,0.9602426322513966,147
subject_604,30,Horizontal,STR_IMF,-0.07989831216610156,0.3360572659844952,147
subject_604,30,Horizontal,UTL_IMF,-0.021884102226598406,0.7924757694496377,147
subject_604,30,Horizontal,UTR_IMF,0.16832590602134792,0.04155132468568389,147
subject_604,40,Sagittal,MTL_IMF,,,146
subject_604,40,Sagittal,MTR_IMF,,,146
subject_604,40,Sagittal,SCML_IMF,,,146
subject_604,40,Sagittal,SCMR_IMF,,,146
subject_604,40,Sagittal,STL_IMF,,,146
subject_604,40,Sagittal,STR_IMF,,,146
subject_604,40,Sagittal,UTL_IMF,,,146
subject_604,40,Sagittal,UTR_IMF,,,146
subject_604,40,Frontal,MTL_IMF,0.0727950923801316,0.3825621856422386,146
subject_604,40,Frontal,MTR_IMF,-0.016822718950532837,0.8402789127078146,146
subject_604,40,Frontal,SCML_IMF,0.022376529043416738,0.7886329974569125,146
subject_604,40,Frontal,SCMR_IMF,-0.016088981841638216,0.847158389547089,146
subject_604,40,Frontal,STL_IMF,-0.1315726919477906,0.11341608632173432,146
subject_604,40,Frontal,STR_IMF,-0.08537427800854777,0.3055584191253738,146
subject_604,40,Frontal,UTL_IMF,-0.09177989787241186,0.27055921481612616,146
subject_604,40,Frontal,UTR_IMF,0.04198382160911073,0.6148560559297621,146
subject_604,40,Horizontal,MTL_IMF,-0.03389219925082025,0.6846561551999447,146
subject_604,40,Horizontal,MTR_IMF,0.134763036467237,0.10485512457142507,146
subject_604,40,Horizontal,SCML_IMF,0.014439854494505659,0.8626618738974192,146
subject_604,40,Horizontal,SCMR_IMF,-0.138971903089017,0.09434736521309647,146
subject_604,40,Horizontal,STL_IMF,-0.1270779404308121,0.12638995691551275,146
subject_604,40,Horizontal,STR_IMF,-0.13703199583315093,0.09908176359141518,146
subject_604,40,Horizontal,UTL_IMF,0.044400550742031884,0.5946255866284825,146
subject_604,40,Horizontal,UTR_IMF,0.08370705743664661,0.3151345087266884,146
subject_604,50,Sagittal,MTL_IMF,,,147
subject_604,50,Sagittal,MTR_IMF,,,147
subject_604,50,Sagittal,SCML_IMF,,,147
subject_604,50,Sagittal,SCMR_IMF,,,147
subject_604,50,Sagittal,STL_IMF,,,147
subject_604,50,Sagittal,STR_IMF,,,147
subject_604,50,Sagittal,UTL_IMF,,,147
subject_604,50,Sagittal,UTR_IMF,,,147
subject_604,50,Frontal,MTL_IMF,0.10899352961177915,0.1888079588031564,147
subject_604,50,Frontal,MTR_IMF,0.0648541928671322,0.4351409230879699,147
subject_604,50,Frontal,SCML_IMF,0.0049480212129687645,0.952569961175695,147
subject_604,50,Frontal,SCMR_IMF,0.05554960289384265,0.5039613833200315,147
subject_604,50,Frontal,STL_IMF,-0.05799410744353379,0.4853484879535284,147
subject_604,50,Frontal,STR_IMF,-0.015563208143480813,0.8515866605333257,147
subject_604,50,Frontal,UTL_IMF,-0.09990072039362258,0.22862590480956485,147
subject_604,50,Frontal,UTR_IMF,0.05308961351349743,0.5230617240963016,147
subject_604,50,Horizontal,MTL_IMF,-0.10657568452085228,0.19886462474087535,147
subject_604,50,Horizontal,MTR_IMF,0.11216754263149596,0.17617640473132334,147
subject_604,50,Horizontal,SCML_IMF,-0.02266813174642051,0.7852181602832456,147
subject_604,50,Horizontal,SCMR_IMF,0.005919934908143584,0.9432678049247056,147
subject_604,50,Horizontal,STL_IMF,-0.1533397634768707,0.0637024951546775,147
subject_604,50,Horizontal,STR_IMF,-0.1647203647628802,0.04618274334462872,147
subject_604,50,Horizontal,UTL_IMF,-0.05877881851470543,0.4794526221606315,147
subject_604,50,Horizontal,UTR_IMF,-0.007895736865925594,0.9243823748764681,147
subject_604,60,Sagittal,MTL_IMF,,,147
subject_604,60,Sagittal,MTR_IMF,,,147
subject_604,60,Sagittal,SCML_IMF,,,147
subject_604,60,Sagittal,SCMR_IMF,,,147
subject_604,60,Sagittal,STL_IMF,,,147
subject_604,60,Sagittal,STR_IMF,,,147
subject_604,60,Sagittal,UTL_IMF,,,147
subject_604,60,Sagittal,UTR_IMF,,,147
subject_604,60,Frontal,MTL_IMF,0.13875974031683455,0.09371296377586401,147
subject_604,60,Frontal,MTR_IMF,0.12797220092445477,0.12242047904791083,147
subject_604,60,Frontal,SCML_IMF,0.017829577521206962,0.8302790067055964,147
subject_604,60,Frontal,SCMR_IMF,0.1132124651355354,0.17215752249205996,147
subject_604,60,Frontal,STL_IMF,-0.018240329118408248,0.8264299659567279,147
subject_604,60,Frontal,STR_IMF,0.025543635296344118,0.758762406271009,147
subject_604,60,Frontal,UTL_IMF,-0.03939343282645553,0.6356949013430783,147
subject_604,60,Frontal,UTR_IMF,0.056060018255042934,0.5000444501367799,147
subject_604,60,Horizontal,MTL_IMF,-0.13092980267342386,0.113946619671195,147
subject_604,60,Horizontal,MTR_IMF,0.13076577018080135,0.11440429211050548,147
subject_604,60,Horizontal,SCML_IMF,0.02140389114626489,0.7969298366930568,147
subject_604,60,Horizontal,SCMR_IMF,-0.020428866122008296,0.8059934349979699,147
subject_604,60,Horizontal,STL_IMF,-0.10404109852677203,0.20981692942390257,147
subject_604,60,Horizontal,STR_IMF,-0.0020077877001738994,0.9807446529709574,147
subject_604,60,Horizontal,UTL_IMF,0.02212179750673754,0.7902735588881703,147
subject_604,60,Horizontal,UTR_IMF,0.029504020708092545,0.7227838511611641,147
subject_604,70,Sagittal,MTL_IMF,,,147
subject_604,70,Sagittal,MTR_IMF,,,147
subject_604,70,Sagittal,SCML_IMF,,,147
subject_604,70,Sagittal,SCMR_IMF,,,147
subject_604,70,Sagittal,STL_IMF,,,147
subject_604,70,Sagittal,STR_IMF,,,147
subject_604,70,Sagittal,UTL_IMF,,,147
subject_604,70,Sagittal,UTR_IMF,,,147
subject_604,70,Frontal,MTL_IMF,,,147
subject_604,70,Frontal,MTR_IMF,,,147
subject_604,70,Frontal,SCML_IMF,,,147
subject_604,70,Frontal,SCMR_IMF,,,147
subject_604,70,Frontal,STL_IMF,,,147
subject_604,70,Frontal,STR_IMF,,,147
subject_604,70,Frontal,UTL_IMF,,,147
subject_604,70,Frontal,UTR_IMF,,,147
subject_604,70,Horizontal,MTL_IMF,0.04922365353166436,0.5538041705571244,147
subject_604,70,Horizontal,MTR_IMF,0.1430026098780694,0.08400520316157085,147
subject_604,70,Horizontal,SCML_IMF,0.06697355989207979,0.4202516644828759,147
subject_604,70,Horizontal,SCMR_IMF,0.08326977249170471,0.3159977850512543,147
subject_604,70,Horizontal,STL_IMF,0.11000019429051709,0.18473217093173155,147
subject_604,70,Horizontal,STR_IMF,0.11819335055746019,0.153929703147532,147
subject_604,70,Horizontal,UTL_IMF,0.00459186641652195,0.9559803762522793,147
subject_604,70,Horizontal,UTR_IMF,0.17875772914968643,0.030288276828792718,147
subject_604,80,Sagittal,MTL_IMF,,,147
subject_604,80,Sagittal,MTR_IMF,,,147
subject_604,80,Sagittal,SCML_IMF,,,147
subject_604,80,Sagittal,SCMR_IMF,,,147
subject_604,80,Sagittal,STL_IMF,,,147
subject_604,80,Sagittal,STR_IMF,,,147
subject_604,80,Sagittal,UTL_IMF,,,147
subject_604,80,Sagittal,UTR_IMF,,,147
subject_604,80,Frontal,MTL_IMF,,,147
subject_604,80,Frontal,MTR_IMF,,,147
subject_604,80,Frontal,SCML_IMF,,,147
subject_604,80,Frontal,SCMR_IMF,,,147
subject_604,80,Frontal,STL_IMF,,,147
subject_604,80,Frontal,STR_IMF,,,147
subject_604,80,Frontal,UTL_IMF,,,147
subject_604,80,Frontal,UTR_IMF,,,147
subject_604,80,Horizontal,MTL_IMF,0.0829189097813118,0.3180483082709924,147
subject_604,80,Horizontal,MTR_IMF,0.0703981595339765,0.39682920093329505,147
subject_604,80,Horizontal,SCML_IMF,0.0513140182238128,0.5370731059136817,147
subject_604,80,Horizontal,SCMR_IMF,0.11528172308914399,0.16439992065595074,147
subject_604,80,Horizontal,STL_IMF,-0.020295018746482218,0.8072396930556441,147
subject_604,80,Horizontal,STR_IMF,0.11619520754876875,0.1610594095885622,147
subject_604,80,Horizontal,UTL_IMF,0.0589888306425847,0.47788129878450397,147
subject_604,80,Horizontal,UTR_IMF,0.08528288948213951,0.30439906088211083,147
subject_604,90,Sagittal,MTL_IMF,-0.1785862663316034,0.031030095451428003,146
subject_604,90,Sagittal,MTR_IMF,-0.09841170602365666,0.2372997061043104,146
subject_604,90,Sagittal,SCML_IMF,-0.22853540981804965,0.005528938260139406,146
subject_604,90,Sagittal,SCMR_IMF,-0.29951182362456646,0.00024010824506851455,146
subject_604,90,Sagittal,STL_IMF,-0.15271816667857413,0.06573164493293757,146
subject_604,90,Sagittal,STR_IMF,-0.17617831996775488,0.033408430404996324,146
subject_604,90,Sagittal,UTL_IMF,-0.06155094510825779,0.46049601035471277,146
subject_604,90,Sagittal,UTR_IMF,-0.3466561484013861,1.8164321027149987e-05,146
subject_604,90,Frontal,MTL_IMF,0.2090012480410429,0.011351476758226885,146
subject_604,90,Frontal,MTR_IMF,0.04901660139867995,0.5568462709451595,146
subject_604,90,Frontal,SCML_IMF,0.19384670605034335,0.019057286026218718,146
subject_604,90,Frontal,SCMR_IMF,0.21881925673805486,0.007965842827892686,146
subject_604,90,Frontal,STL_IMF,0.009207710013610941,0.9121689193797365,146
subject_604,90,Frontal,STR_IMF,0.191688521983238,0.020459693052192494,146
subject_604,90,Frontal,UTL_IMF,0.1405086712596632,0.09072571784538938,146
subject_604,90,Frontal,UTR_IMF,0.2691752118398448,0.0010185429611782623,146
subject_604,90,Horizontal,MTL_IMF,-0.14068063899433686,0.09032742674899277,146
subject_604,90,Horizontal,MTR_IMF,-0.259859463487866,0.001537545833783081,146
subject_604,90,Horizontal,SCML_IMF,-0.21490576340097695,0.009189957884477898,146
subject_604,90,Horizontal,SCMR_IMF,-0.25966412418748264,0.0015506380425197668,146
subject_604,90,Horizontal,STL_IMF,-0.14208153798671228,0.08713446746073261,146
subject_604,90,Horizontal,STR_IMF,-0.21334741626121417,0.009721876419468064,146
subject_604,90,Horizontal,UTL_IMF,-0.09506010406067815,0.2537329231931127,146
subject_604,90,Horizontal,UTR_IMF,-0.4363052258879928,3.692301657764564e-08,146
subject_605,10,Sagittal,MTL_IMF,0.15281406816034152,0.08887602131297961,125
subject_605,10,Sagittal,MTR_IMF,0.13356388106376782,0.1375572385654483,125
subject_605,10,Sagittal,SCMR_IMF,0.20297248179679006,0.02319616849355469,125
subject_605,10,Sagittal,STL_IMF,-0.11454965728179024,0.2033626872036008,125
subject_605,10,Sagittal,STR_IMF,0.03943648449434877,0.6623625233807321,125
subject_605,10,Sagittal,UTL_IMF,-0.012224211920072267,0.8923724281104433,125
subject_605,10,Sagittal,UTR_IMF,0.20472545017348753,0.022008637423307345,125
subject_605,10,Frontal,MTL_IMF,-0.005560261483824518,0.951128374815486,124
subject_605,10,Frontal,MTR_IMF,-0.048635760984559094,0.5916700315384282,124
subject_605,10,Frontal,SCMR_IMF,0.17486593855153879,0.05207684185053202,124
subject_605,10,Frontal,STL_IMF,-0.08516515078116951,0.34697944132127434,124
subject_605,10,Frontal,STR_IMF,0.0539855174210299,0.5515069963589381,124
subject_605,10,Frontal,UTL_IMF,0.014099393965574636,0.8764887738969448,124
subject_605,10,Frontal,UTR_IMF,0.04082148648023229,0.6526002574407049,124
subject_605,10,Horizontal,MTL_IMF,0.0659946710053347,0.466468354973138,124
subject_605,10,Horizontal,MTR_IMF,-0.03523789185331843,0.6976170285365977,124
subject_605,10,Horizontal,SCMR_IMF,0.029681284626455074,0.743485207270692,124
subject_605,10,Horizontal,STL_IMF,0.03719793415951966,0.6816844827966053,124
subject_605,10,Horizontal,STR_IMF,0.021616530144055957,0.8116472738735399,124
subject_605,10,Horizontal,UTL_IMF,-0.0032538864941480394,0.9713885095737124,124
subject_605,10,Horizontal,UTR_IMF,0.023869423023855238,0.7924394309921076,124
subject_605,20,Sagittal,MTL_IMF,-0.036526328847650946,0.6871284019059904,124
subject_605,20,Sagittal,MTR_IMF,0.07264463342026663,0.4226664268287092,124
subject_605,20,Sagittal,SCMR_IMF,0.004022368576630878,0.964635185295457,124
subject_605,20,Sagittal,STL_IMF,-0.007658772989645628,0.9327209299941557,124
subject_605,20,Sagittal,STR_IMF,-0.14512702366966268,0.10778580476320389,124
subject_605,20,Sagittal,UTL_IMF,0.03503950749426004,0.6992371343341496,124
subject_605,20,Sagittal,UTR_IMF,0.1001133657236044,0.2685937722904484,124
subject_605,20,Frontal,MTL_IMF,0.03500744040504456,0.6994991374650807,124
subject_605,20,Frontal,MTR_IMF,-0.07573169891428586,0.4031700395768749,124
subject_605,20,Frontal,SCMR_IMF,-0.05299052107664893,0.558875733920014,124
subject_605,20,Frontal,STL_IMF,0.04448495782726216,0.623716738884038,124
subject_605,20,Frontal,STR_IMF,-0.0679607840597626,0.45326523788434364,124
subject_605,20,Frontal,UTL_IMF,0.07737571064211622,0.3930081670856133,124
subject_605,20,Frontal,UTR_IMF,-0.019517173334868014,0.8296476920799662,124
subject_605,20,Horizontal,MTL_IMF,0.08797584317653027,0.33123895712767726,124
subject_605,20,Horizontal,MTR_IMF,0.02694494343736381,0.7664196665887439,124
subject_605,20,Horizontal,SCMR_IMF,-0.034399419947859,0.7044736055285492,124
subject_605,20,Horizontal,STL_IMF,0.1237786701149232,0.17079467719973881,124
subject_605,20,Horizontal,STR_IMF,0.05317616628179183,0.5574973071416844,124
subject_605,20,Horizontal,UTL_IMF,-0.025651175135543946,0.7773354724163393,124
subject_605,20,Horizontal,UTR_IMF,0.11670032524061756,0.1967820800160657,124
subject_605,30,Sagittal,MTL_IMF,-0.051257890177633034,0.5718188359144089,124
subject_605,30,Sagittal,MTR_IMF,0.07505259852753934,0.4074126190854681,124
subject_605,30,Sagittal,SCMR_IMF,-0.131169650381468,0.14646478683724082,124
subject_605,30,Sagittal,STL_IMF,-0.14016310526752787,0.12050483268835493,124
subject_605,30,Sagittal,STR_IMF,-0.19244681066835614,0.03224565545227515,124
subject_605,30,Sagittal,UTL_IMF,0.09751471832342426,0.2812789578353091,124
subject_605,30,Sagittal,UTR_IMF,0.04275779427935673,0.6372663886356238,124
subject_605,30,Frontal,MTL_IMF,0.08985062926047087,0.3209974905926107,124
subject_605,30,Frontal,MTR_IMF,0.07680600424795453,0.3965121194213172,124
subject_605,30,Frontal,SCMR_IMF,-0.1771509965025706,0.04903489550328134,124
subject_605,30,Frontal,STL_IMF,-0.07373433216089846,0.41572294625313955,124
subject_605,30,Frontal,STR_IMF,-0.15025942727399344,0.09576449676601466,124
subject_605,30,Frontal,UTL_IMF,0.2054477101574399,0.02207501659270892,124
subject_605,30,Frontal,UTR_IMF,0.009305399768463295,0.9183016170333882,124
subject_605,30,Horizontal,MTL_IMF,-0.016262515044778336,0.8577260881906826,124
subject_605,30,Horizontal,MTR_IMF,-0.001674781924037419,0.9852713161052645,124
subject_605,30,Horizontal,SCMR_IMF,-0.11754713263348841,0.19353058591162262,124
subject_605,30,Horizontal,STL_IMF,-0.03543019123420916,0.6960479138945905,124
subject_605,30,Horizontal,STR_IMF,-0.08656656868669277,0.33907331706470994,124
subject_605,30,Horizontal,UTL_IMF,-0.048467101069070324,0.5929575253361986,124
subject_605,30,Horizontal,UTR_IMF,0.05220743786589499,0.5647080979574273,124
subject_605,40,Sagittal,MTL_IMF,0.04354555260176185,0.6310711843459613,124
subject_605,40,Sagittal,MTR_IMF,-0.03417397022863401,0.706321294279321,124
subject_605,40,Sagittal,SCMR_IMF,-0.12802520326066547,0.1564746502931304,124
subject_605,40,Sagittal,STL_IMF,-0.07828988651382922,0.38742445152381944,124
subject_605,40,Sagittal,STR_IMF,-0.11385327017962577,0.2080033359272634,124
subject_605,40,Sagittal,UTL_IMF,0.0007992858612134186,0.9929704646257947,124
subject_605,40,Sagittal,UTR_IMF,0.07584766886644442,0.4024481567002403,124
subject_605,40,Frontal,MTL_IMF,0.04998832495480163,0.5813911939960892,124
subject_605,40,Frontal,MTR_IMF,0.0175125901118431,0.8469184593752433,124
subject_605,40,Frontal,SCMR_IMF,-0.1335289133402929,0.13927790770973786,124
subject_605,40,Frontal,STL_IMF,-0.005125801553885309,0.9549428557962619,124
subject_605,40,Frontal,STR_IMF,-0.09722503446366874,0.28271751065482303,124
subject_605,40,Frontal,UTL_IMF,0.0798064767127623,0.37826727041797786,124
subject_605,40,Frontal,UTR_IMF,0.034160297880521995,0.7064334020805871,124
subject_605,40,Horizontal,MTL_IMF,0.022639566697207483,0.8029103858018958,124
subject_605,40,Horizontal,MTR_IMF,-0.09520451126313188,0.2928881468727589,124
subject_605,40,Horizontal,SCMR_IMF,-0.16237489219362908,0.07157764558471598,124
subject_605,40,Horizontal,STL_IMF,-0.12053066129357723,0.18238536034046451,124
subject_605,40,Horizontal,STR_IMF,-0.1550906157898278,0.08544183423333988,124
subject_605,40,Horizontal,UTL_IMF,-0.017306799313763797,0.8486957428020151,124
subject_605,40,Horizontal,UTR_IMF,0.057443475364427836,0.5262709261194827,124
subject_605,50,Sagittal,MTL_IMF,0.21519802448813244,0.01638309069683222,124
subject_605,50,Sagittal,MTR_IMF,-0.03728208106053125,0.6810035475374226,124
subject_605,50,Sagittal,SCMR_IMF,0.009251443965410867,0.9187737070489245,124
subject_605,50,Sagittal,STL_IMF,0.15285868936842648,0.0900945792075257,124
subject_605,50,Sagittal,STR_IMF,0.07919356277856715,0.38195208481472903,124
subject_605,50,Sagittal,UTL_IMF,0.030354235467287955,0.7378783146668593,124
subject_605,50,Sagittal,UTR_IMF,-0.020248443399843587,0.8233670591089183,124
subject_605,50,Frontal,MTL_IMF,0.22020817653652847,0.01398899882178666,124
subject_605,50,Frontal,MTR_IMF,-0.11972449986447564,0.1853494055063251,124
subject_605,50,Frontal,SCMR_IMF,0.026413378146449097,0.7708991942498342,124
subject_605,50,Frontal,STL_IMF,0.15205831063238745,0.09181131808428637,124
subject_605,50,Frontal,STR_IMF,0.008070847070167786,0.929110215759321,124
subject_605,50,Frontal,UTL_IMF,0.04606320288432832,0.6114442104159072,124
subject_605,50,Frontal,UTR_IMF,-0.004090703390406908,0.9640347817486724,124
subject_605,50,Horizontal,MTL_IMF,0.12850018915655795,0.15493059499413092,124
subject_605,50,Horizontal,MTR_IMF,0.026542402316729306,0.7698112010070048,124
subject_605,50,Horizontal,SCMR_IMF,-0.0356377469501094,0.6943557523765664,124
subject_605,50,Horizontal,STL_IMF,0.03385467921948394,0.7089409910854739,124
subject_605,50,Horizontal,STR_IMF,-0.13051398596002048,0.1485110130137889,124
subject_605,50,Horizontal,UTL_IMF,0.10382174233806392,0.2511728462216021,124
subject_605,50,Horizontal,UTR_IMF,-0.027118262318792483,0.7649607570578376,124
subject_605,60,Sagittal,MTL_IMF,0.13251468316374862,0.142333924542847,124
subject_605,60,Sagittal,MTR_IMF,-0.09825075395169815,0.2776459524253593,124
subject_605,60,Sagittal,SCMR_IMF,-0.17850742140104042,0.04729989583216175,124
subject_605,60,Sagittal,STL_IMF,0.07887413798547761,0.38388104305136783,124
subject_605,60,Sagittal,STR_IMF,0.20704818163080152,0.02103799079217323,124
subject_605,60,Sagittal,UTL_IMF,-0.06867311305938274,0.44853362741042135,124
subject_605,60,Sagittal,UTR_IMF,-0.01923001792507613,0.8321169397225242,124
subject_605,60,Frontal,MTL_IMF,0.22617765411210036,0.011539503482682163,124
subject_605,60,Frontal,MTR_IMF,-0.027037547815815112,0.765640068258034,124
subject_605,60,Frontal,SCMR_IMF,-0.09995918761918351,0.26933537861468804,124
subject_605,60,Frontal,STL_IMF,0.15471161954920168,0.08621809080052455,124
subject_605,60,Frontal,STR_IMF,0.12952202341557564,0.151647656998588,124
subject_605,60,Frontal,UTL_IMF,-0.08225558823530621,0.36376031935946807,124
subject_605,60,Frontal,UTR_IMF,0.13965802711572792,0.12186143604999451,124
subject_605,60,Horizontal,MTL_IMF,0.1843580636447638,0.04039006118474132,124
subject_605,60,Horizontal,MTR_IMF,0.11330909249962601,0.21019928445018898,124
subject_605,60,Horizontal,SCMR_IMF,-0.005764625099472471,0.9493344756859604,124
subject_605,60,Horizontal,STL_IMF,-0.03072850389743215,0.7347659127671669,124
subject_605,60,Horizontal,STR_IMF,0.03639334843483492,0.6882082325894304,124
subject_605,60,Horizontal,UTL_IMF,0.09351854160698513,0.30155818487090585,124
subject_605,60,Horizontal,UTR_IMF,0.056862988892279885,0.5304662472145821,124
subject_605,70,Sagittal,MTL_IMF,-0.053502954142002714,0.5550748659924228,124
subject_605,70,Sagittal,MTR_IMF,-0.037628337691855744,0.6782042688268275,124
subject_605,70,Sagittal,SCMR_IMF,-0.20178072368818503,0.024617819974661573,124
subject_605,70,Sagittal,STL_IMF,0.2336146294913378,0.009019516461864873,124
subject_605,70,Sagittal,STR_IMF,0.21847696478665027,0.014779291916433263,124
subject_605,70,Sagittal,UTL_IMF,0.07069541587517872,0.43525262435862466,124
subject_605,70,Sagittal,UTR_IMF,-0.09410696754848041,0.29851325291839576,124
subject_605,70,Frontal,MTL_IMF,0.02106121368848065,0.8163995531268601,124
subject_605,70,Frontal,MTR_IMF,0.027057202085124132,0.7654746371404603,124
subject_605,70,Frontal,SCMR_IMF,-0.1425531453512722,0.11424312217695375,124
subject_605,70,Frontal,STL_IMF,0.26889349918930483,0.002529691042714669,124
subject_605,70,Frontal,STR_IMF,0.25158886915365836,0.004822027021940083,124
subject_605,70,Frontal,UTL_IMF,-0.01001885281331028,0.9120619477676865,124
subject_605,70,Frontal,UTR_IMF,0.08111840669642371,0.3704529957345151,124
subject_605,70,Horizontal,MTL_IMF,0.01444354147524771,0.8734988055656328,124
subject_605,70,Horizontal,MTR_IMF,0.030315720876628885,0.7381988424886649,124
subject_605,70,Horizontal,SCMR_IMF,0.004361201478112601,0.9616583315358791,124
subject_605,70,Horizontal,STL_IMF,0.2229089478920281,0.012829642453465174,124
subject_605,70,Horizontal,STR_IMF,0.19622650324445642,0.028944807363800278,124
subject_605,70,Horizontal,UTL_IMF,0.10963325798207213,0.22546734669163657,124
subject_605,70,Horizontal,UTR_IMF,0.08345612770957261,0.3567763759831611,124
subject_605,80,Sagittal,MTL_IMF,0.025802446103912285,0.7760568770901055,124
subject_605,80,Sagittal,MTR_IMF,-0.002396577349308562,0.9789248049096116,124
subject_605,80,Sagittal,SCMR_IMF,-0.13416789360318804,0.1373783490463746,124
subject_605,80,Sagittal,STL_IMF,-0.13590492428573223,0.132314244397265,124
subject_605,80,Sagittal,STR_IMF,-0.0020434221515931257,0.9820298431136861,124
subject_605,80,Sagittal,UTL_IMF,0.17581780909241942,0.05079125149496304,124
subject_605,80,Sagittal,UTR_IMF,-0.07250027704806253,0.4235912608177363,124
subject_605,80,Frontal,MTL_IMF,0.03152749249584397,0.7281359893094967,124
subject_605,80,Frontal,MTR_IMF,0.021679280173724773,0.8111106998399714,124
subject_605,80,Frontal,SCMR_IMF,-0.07236902200448742,0.42443317394934965,124
subject_605,80,Frontal,STL_IMF,-0.12316585405199414,0.17293876204593336,124
subject_605,80,Frontal,STR_IMF,0.06963607205979226,0.4421814746794406,124
subject_605,80,Frontal,UTL_IMF,0.11072032139185037,0.22087284438690633,124
subject_605,80,Frontal,UTR_IMF,0.00039725222395941477,0.9965062244150328,124
subject_605,80,Horizontal,MTL_IMF,-0.1095489590958944,0.22582643333202734,124
subject_605,80,Horizontal,MTR_IMF,-0.1022236026664834,0.25858254526181207,124
subject_605,80,Horizontal,SCMR_IMF,0.12616374719847873,0.1626369637955144,124
subject_605,80,Horizontal,STL_IMF,0.29753185610353045,0.000790907173825677,124
subject_605,80,Horizontal,STR_IMF,0.10975057528592336,0.2249682824369875,124
subject_605,80,Horizontal,UTL_IMF,0.06293252535310533,0.48744498894636723,124
subject_605,80,Horizontal,UTR_IMF,0.011121883252738647,0.9024258039471745,124
subject_605,90,Sagittal,MTL_IMF,-0.11354140727482981,0.20925979396569425,124
subject_605,90,Sagittal,MTR_IMF,0.2900734127400068,0.0010832321523376728,124
subject_605,90,Sagittal,SCMR_IMF,-0.029783325798344824,0.7426341475637253,124
subject_605,90,Sagittal,STL_IMF,0.050696666239965785,0.5760412613964517,124
subject_605,90,Sagittal,STR_IMF,0.00028468798202358506,0.9974962067222207,124
subject_605,90,Sagittal,UTL_IMF,-0.1132685126371735,0.21036369990460935,124
subject_605,90,Sagittal,UTR_IMF,0.21846110736363436,0.014786706791657642,124
subject_605,90,Frontal,MTL_IMF,-0.09175120665291561,0.3108260036271293,124
subject_605,90,Frontal,MTR_IMF,0.3376923295307686,0.000125257017039362,124
subject_605,90,Frontal,SCMR_IMF,0.015389306703461256,0.8652912653131273,124
subject_605,90,Frontal,STL_IMF,0.07025838102547964,0.43810361091608335,124
subject_605,90,Frontal,STR_IMF,0.061554422338076335,0.49704694005434014,124
subject_605,90,Frontal,UTL_IMF,-0.09370269149350788,0.30060307539346265,124
subject_605,90,Frontal,UTR_IMF,0.24403915035468995,0.006306431261791084,124
subject_605,90,Horizontal,MTL_IMF,0.16612265174436697,0.06518851640101615,124
subject_605,90,Horizontal,MTR_IMF,-0.19129191427569794,0.03331568877439882,124
subject_605,90,Horizontal,SCMR_IMF,0.07511518649656343,0.40702051373661124,124
subject_605,90,Horizontal,STL_IMF,-0.11633084649549894,0.19821308328005824,124
subject_605,90,Horizontal,STR_IMF,-0.05015004851063972,0.5801677145432204,124
subject_605,90,Horizontal,UTL_IMF,0.03328962229492688,0.7135854567377015,124
subject_605,90,Horizontal,UTR_IMF,-0.1623946372241093,0.07154270288325189,124
subject_606,10,Sagittal,MTL_IMF,0.23881186158584214,0.03774871311582806,76
subject_606,10,Sagittal,MTR_IMF,0.12663923708676245,0.27566287523889704,76
subject_606,10,Sagittal,SCML_IMF,0.16786042475707363,0.14721836275696884,76
subject_606,10,Sagittal,SCMR_IMF,0.20486141776828717,0.07586133278829242,76
subject_606,10,Sagittal,STL_IMF,0.2608523005332134,0.022850404551586496,76
subject_606,10,Sagittal,STR_IMF,-0.3296120498659096,0.003642231293131516,76
subject_606,10,Sagittal,UTL_IMF,0.308743627951477,0.006655776821980565,76
subject_606,10,Sagittal,UTR_IMF,-0.1302225482257396,0.26219370408345477,76
subject_606,10,Frontal,MTL_IMF,-0.10120084297650363,0.38437530444397455,76
subject_606,10,Frontal,MTR_IMF,-0.10306929321752568,0.37561298681894123,76
subject_606,10,Frontal,SCML_IMF,0.054343025898936845,0.6410403589459079,76
subject_606,10,Frontal,SCMR_IMF,0.09744266712912812,0.40236658448400603,76
subject_606,10,Frontal,STL_IMF,0.17081224809968998,0.1401336982741796,76
subject_606,10,Frontal,STR_IMF,0.08062170657773393,0.48873415372635143,76
subject_606,10,Frontal,UTL_IMF,-0.24174103584831258,0.035392903971222515,76
subject_606,10,Frontal,UTR_IMF,-0.23999512514853014,0.036781794170847947,76
subject_606,10,Horizontal,MTL_IMF,0.09379041609970198,0.42031582331016376,76
subject_606,10,Horizontal,MTR_IMF,0.15742286322089505,0.17442529741307297,76
subject_606,10,Horizontal,SCML_IMF,-0.18612930206425202,0.10743120536168305,76
subject_606,10,Horizontal,SCMR_IMF,-0.17746736679046674,0.12510699384117852,76
subject_606,10,Horizontal,STL_IMF,0.057388159476068915,0.6224274478821654,76
subject_606,10,Horizontal,STR_IMF,-0.08912347311415013,0.44390897218799835,76
subject_606,10,Horizontal,UTL_IMF,0.23892753355664734,0.037653265717365145,76
subject_606,10,Horizontal,UTR_IMF,0.22267677282579706,0.053183417910959103,76
subject_606,20,Sagittal,MTL_IMF,0.11578377511158551,0.3225617662717837,75
subject_606,20,Sagittal,MTR_IMF,0.053376399796295375,0.6492433029847763,75
subject_606,20,Sagittal,SCML_IMF,0.05609428883510744,0.6326444135911528,75
subject_606,20,Sagittal,SCMR_IMF,-0.02724035546823061,0.8165464630809913,75
subject_606,20,Sagittal,STL_IMF,0.06148070430308433,0.60028422201531,75
subject_606,20,Sagittal,STR_IMF,-0.23674085350748858,0.04085788503786659,75
subject_606,20,Sagittal,UTL_IMF,0.2948590269028509,0.010227761838158617,75
subject_606,20,Sagittal,UTR_IMF,-0.08548129313261209,0.4658841737870483,75
subject_606,20,Frontal,MTL_IMF,,,75
subject_606,20,Frontal,MTR_IMF,,,75
subject_606,20,Frontal,SCML_IMF,,,75
subject_606,20,Frontal,SCMR_IMF,,,75
subject_606,20,Frontal,STL_IMF,,,75
subject_606,20,Frontal,STR_IMF,,,75
subject_606,20,Frontal,UTL_IMF,,,75
subject_606,20,Frontal,UTR_IMF,,,75
subject_606,20,Horizontal,MTL_IMF,-0.06033931499704612,0.6070800316435863,75
subject_606,20,Horizontal,MTR_IMF,-0.03564337581579885,0.7614382985239556,75
subject_606,20,Horizontal,SCML_IMF,-0.18926220735291283,0.10389348830554487,75
subject_606,20,Horizontal,SCMR_IMF,0.24400267053558813,0.03488997493632574,75
subject_606,20,Horizontal,STL_IMF,0.03020883525410492,0.7969620117046532,75
subject_606,20,Horizontal,STR_IMF,0.24545207793017731,0.033790632684866255,75
subject_606,20,Horizontal,UTL_IMF,-0.14119557061490162,0.2269257698100081,75
subject_606,20,Horizontal,UTR_IMF,0.07129284017979087,0.5433080244290057,75
subject_606,30,Sagittal,MTL_IMF,-0.08888558611220898,0.4482441521067638,75
subject_606,30,Sagittal,MTR_IMF,-0.2154124156598109,0.06344676393410666,75
subject_606,30,Sagittal,SCML_IMF,-0.0754818231658128,0.519814377727551,75
subject_606,30,Sagittal,SCMR_IMF,-0.4390739855010489,8.123437104905437e-05,75
subject_606,30,Sagittal,STL_IMF,0.04660965785746424,0.6913027872318781,75
subject_606,30,Sagittal,STR_IMF,0.09319658206313483,0.426448900805566,75
subject_606,30,Sagittal,UTL_IMF,-0.11420199364036154,0.3292610741655563,75
subject_606,30,Sagittal,UTR_IMF,0.28125438025530564,0.014509922145442306,75
subject_606,30,Frontal,MTL_IMF,,,75
subject_606,30,Frontal,MTR_IMF,,,75
subject_606,30,Frontal,SCML_IMF,,,75
subject_606,30,Frontal,SCMR_IMF,,,75
subject_606,30,Frontal,STL_IMF,,,75
subject_606,30,Frontal,STR_IMF,,,75
subject_606,30,Frontal,UTL_IMF,,,75
subject_606,30,Frontal,UTR_IMF,,,75
subject_606,30,Horizontal,MTL_IMF,-0.01097133146097633,0.92556875319492,75
subject_606,30,Horizontal,MTR_IMF,-0.03015977953644518,0.7972846758660475,75
subject_606,30,Horizontal,SCML_IMF,-0.00960354067112872,0.9348263823713614,75
subject_606,30,Horizontal,SCMR_IMF,0.09869209163093609,0.3995627674451791,75
subject_606,30,Horizontal,STL_IMF,0.09200094836435418,0.4324322473727325,75
subject_606,30,Horizontal,STR_IMF,0.27554483033447286,0.01672370079997313,75
subject_606,30,Horizontal,UTL_IMF,-0.1453215066410336,0.21349990916691608,75
subject_606,30,Horizontal,UTR_IMF,0.11794265318408126,0.31355985508767437,75
subject_606,40,Sagittal,MTL_IMF,-0.2398031858346449,0.03693722090184684,76
subject_606,40,Sagittal,MTR_IMF,-0.43778297380276493,7.659740345214714e-05,76
subject_606,40,Sagittal,SCML_IMF,-0.07914200492367396,0.49677266340695175,76
subject_606,40,Sagittal,SCMR_IMF,-0.11111766923483532,0.3392691053723338,76
subject_606,40,Sagittal,STL_IMF,0.24210219268284405,0.035111140952898565,76
subject_606,40,Sagittal,STR_IMF,0.15488135421070437,0.18157414596818183,76
subject_606,40,Sagittal,UTL_IMF,-0.1903856757452133,0.09948782067751619,76
subject_606,40,Sagittal,UTR_IMF,0.3997385016732762,0.00034694636810342295,76
subject_606,40,Frontal,MTL_IMF,,,76
subject_606,40,Frontal,MTR_IMF,,,76
subject_606,40,Frontal,SCML_IMF,,,76
subject_606,40,Frontal,SCMR_IMF,,,76
subject_606,40,Frontal,STL_IMF,,,76
subject_606,40,Frontal,STR_IMF,,,76
subject_606,40,Frontal,UTL_IMF,,,76
subject_606,40,Frontal,UTR_IMF,,,76
subject_606,40,Horizontal,MTL_IMF,,,76
subject_606,40,Horizontal,MTR_IMF,,,76
subject_606,40,Horizontal,SCML_IMF,,,76
subject_606,40,Horizontal,SCMR_IMF,,,76
subject_606,40,Horizontal,STL_IMF,,,76
subject_606,40,Horizontal,STR_IMF,,,76
subject_606,40,Horizontal,UTL_IMF,,,76
subject_606,40,Horizontal,UTR_IMF,,,76
subject_606,50,Sagittal,MTL_IMF,-0.04841097293765275,0.6800084614630753,75
subject_606,50,Sagittal,MTR_IMF,-0.03467777714119481,0.7677165386798801,75
subject_606,50,Sagittal,SCML_IMF,-0.06831680578787451,0.5603075241636913,75
subject_606,50,Sagittal,SCMR_IMF,-0.08877755119315095,0.44879818551826706,75
subject_606,50,Sagittal,STL_IMF,-0.09293914161749148,0.4277332083626131,75
subject_606,50,Sagittal,STR_IMF,-0.010414789589094028,0.9293344792342925,75
subject_606,50,Sagittal,UTL_IMF,-0.11674411854825703,0.31853721969447035,75
subject_606,50,Sagittal,UTR_IMF,0.07209062777349388,0.5387940875956724,75
subject_606,50,Frontal,MTL_IMF,,,75
subject_606,50,Frontal,MTR_IMF,,,75
subject_606,50,Frontal,SCML_IMF,,,75
subject_606,50,Frontal,SCMR_IMF,,,75
subject_606,50,Frontal,STL_IMF,,,75
subject_606,50,Frontal,STR_IMF,,,75
subject_606,50,Frontal,UTL_IMF,,,75
subject_606,50,Frontal,UTR_IMF,,,75
subject_606,50,Horizontal,MTL_IMF,0.13160696439938796,0.260372858156056,75
subject_606,50,Horizontal,MTR_IMF,0.021483181814418533,0.8548403794983195,75
subject_606,50,Horizontal,SCML_IMF,-0.12087300274082399,0.30160275624992966,75
subject_606,50,Horizontal,SCMR_IMF,0.1128228344252452,0.3351737286174905,75
subject_606,50,Horizontal,STL_IMF,0.19896165604033908,0.08703081170138513,75
subject_606,50,Horizontal,STR_IMF,0.198783089225432,0.08732038967789472,75
subject_606,50,Horizontal,UTL_IMF,-0.04834094274578675,0.6804462625297212,75
subject_606,50,Horizontal,UTR_IMF,0.17191928557917402,0.14024929674879083,75
subject_606,60,Sagittal,MTL_IMF,0.005137554153356429,0.9651072650430377,75
subject_606,60,Sagittal,MTR_IMF,0.05002582956109477,0.6699425741547681,75
subject_606,60,Sagittal,SCML_IMF,-0.028515965989513024,0.8081161566180254,75
subject_606,60,Sagittal,SCMR_IMF,0.044011954976967145,0.7077090858612531,75
subject_606,60,Sagittal,STL_IMF,-0.1672292421599913,0.1515599281941722,75
subject_606,60,Sagittal,STR_IMF,0.0341963443523534,0.7708523869362683,75
subject_606,60,Sagittal,UTL_IMF,0.21568788143436515,0.06310107661053653,75
subject_606,60,Sagittal,UTR_IMF,0.10605126819343982,0.36516758694462476,75
subject_606,60,Frontal,MTL_IMF,0.016116744562589925,0.8908413400007392,75
subject_606,60,Frontal,MTR_IMF,-0.029539585175909464,0.8013669150517109,75
subject_606,60,Frontal,SCML_IMF,-0.18266033952696004,0.11675432622480318,75
subject_606,60,Frontal,SCMR_IMF,-0.06713972047177179,0.5671001324869457,75
subject_606,60,Frontal,STL_IMF,-0.06724315976008106,0.5665016697348951,75
subject_606,60,Frontal,STR_IMF,0.09408536881690964,0.42203192303678655,75
subject_606,60,Frontal,UTL_IMF,0.17188380033307063,0.14033241705893104,75
subject_606,60,Frontal,UTR_IMF,-0.010745414381159885,0.9270971824373427,75
subject_606,60,Horizontal,MTL_IMF,0.07052246057196518,0.5476843098470804,75
subject_606,60,Horizontal,MTR_IMF,0.1297427914607968,0.2672444977440115,75
subject_606,60,Horizontal,SCML_IMF,-0.12657460641250431,0.2792008254906224,75
subject_606,60,Horizontal,SCMR_IMF,-0.00872004213474125,0.9408108413494153,75
subject_606,60,Horizontal,STL_IMF,0.22277634239405222,0.054717477956495196,75
subject_606,60,Horizontal,STR_IMF,0.051017932945050366,0.6637870170527398,75
subject_606,60,Horizontal,UTL_IMF,0.11695991242049167,0.3176373349372649,75
subject_606,60,Horizontal,UTR_IMF,0.2899318283800593,0.011630590722477522,75
subject_606,70,Sagittal,MTL_IMF,0.06086653443723726,0.6039367938874095,75
subject_606,70,Sagittal,MTR_IMF,0.0208612910601982,0.8589986737098669,75
subject_606,70,Sagittal,SCML_IMF,-0.10604487660526807,0.36519665078436736,75
subject_606,70,Sagittal,SCMR_IMF,0.09783812650668573,0.4036738785496652,75
subject_606,70,Sagittal,STL_IMF,-0.11320896645023239,0.333511614858407,75
subject_606,70,Sagittal,STR_IMF,0.007944735879744218,0.9460651586573163,75
subject_606,70,Sagittal,UTL_IMF,0.305510234181429,0.007689487682665669,75
subject_606,70,Sagittal,UTR_IMF,0.09826953592597094,0.40159392020849194,75
subject_606,70,Frontal,MTL_IMF,0.2703013190829037,0.019006615490895776,75
subject_606,70,Frontal,MTR_IMF,0.1564035536421017,0.18024285148879995,75
subject_606,70,Frontal,SCML_IMF,-0.47829859257406154,1.4241996041570642e-05,75
subject_606,70,Frontal,SCMR_IMF,0.03841791481081665,0.7434851710326312,75
subject_606,70,Frontal,STL_IMF,-0.004120135830789899,0.9720141482710936,75
subject_606,70,Frontal,STR_IMF,0.15445664702904094,0.18579456690253768,75
subject_606,70,Frontal,UTL_IMF,0.23544212477626408,0.04200975772240644,75
subject_606,70,Frontal,UTR_IMF,-0.01990264106683425,0.8654161908151867,75
subject_606,70,Horizontal,MTL_IMF,-0.020669628921873927,0.8602810072594357,75
subject_606,70,Horizontal,MTR_IMF,0.14274167143587765,0.22182731039502923,75
subject_606,70,Horizontal,SCML_IMF,0.1450616943296408,0.2143284047339376,75
subject_606,70,Horizontal,SCMR_IMF,0.09654091716087243,0.4099660587900761,75
subject_606,70,Horizontal,STL_IMF,0.12337751732940816,0.29162204912582973,75
subject_606,70,Horizontal,STR_IMF,0.024213758246548322,0.8366304399816048,75
subject_606,70,Horizontal,UTL_IMF,0.05498110022692165,0.63942167273909,75
subject_606,70,Horizontal,UTR_IMF,0.285783571554344,0.012938376210420452,75
subject_606,80,Sagittal,MTL_IMF,0.0714380284380476,0.542485168910897,75
subject_606,80,Sagittal,MTR_IMF,0.1129989913284125,0.3344148103152612,75
subject_606,80,Sagittal,SCML_IMF,-0.29524974723064973,0.010123114080188806,75
subject_606,80,Sagittal,SCMR_IMF,-0.15786900933441536,0.1761443467273919,75
subject_606,80,Sagittal,STL_IMF,-0.13821611255991448,0.23698041872228576,75
subject_606,80,Sagittal,STR_IMF,-0.008855140536877682,0.9398955195443088,75
subject_606,80,Sagittal,UTL_IMF,-0.0903366501095926,0.4408396591908463,75
subject_606,80,Sagittal,UTR_IMF,0.20421500710876916,0.07884610327147237,75
subject_606,80,Frontal,MTL_IMF,0.09796737665603496,0.40305006184774095,75
subject_606,80,Frontal,MTR_IMF,0.03942807830055606,0.7369819341814595,75
subject_606,80,Frontal,SCML_IMF,-0.230455388534809,0.046685434308803016,75
subject_606,80,Frontal,SCMR_IMF,-0.05853563358444607,0.6178870891830818,75
subject_606,80,Frontal,STL_IMF,-0.04935185940859499,0.6741367045890714,75
subject_606,80,Frontal,STR_IMF,0.014178648800958683,0.9039014467513249,75
subject_606,80,Frontal,UTL_IMF,-0.034541127014513916,0.7686062434739944,75
subject_606,80,Frontal,UTR_IMF,0.04869190477739637,0.6782532496586017,75
subject_606,80,Horizontal,MTL_IMF,0.08379333430873181,0.4747686985934571,75
subject_606,80,Horizontal,MTR_IMF,0.23310594921866534,0.04414948448695249,75
subject_606,80,Horizontal,SCML_IMF,0.26828540871410395,0.019952721614968666,75
subject_606,80,Horizontal,SCMR_IMF,0.06366453609645017,0.5873766076123931,75
subject_606,80,Horizontal,STL_IMF,-0.17093274843024753,0.14257400082072827,75
subject_606,80,Horizontal,STR_IMF,0.19084665604047615,0.1009773902477897,75
subject_606,80,Horizontal,UTL_IMF,0.05020730147587793,0.6688149838223831,75
subject_606,80,Horizontal,UTR_IMF,0.14008358322124426,0.23064291136247264,75
subject_606,90,Sagittal,MTL_IMF,0.019508515296388897,0.868057145535775,75
subject_606,90,Sagittal,MTR_IMF,0.1307688074821514,0.26344747870698354,75
subject_606,90,Sagittal,SCML_IMF,-0.1236908483739165,0.29038887939392183,75
subject_606,90,Sagittal,SCMR_IMF,-0.15021047119560152,0.19833004634306373,75
subject_606,90,Sagittal,STL_IMF,-0.029081120080365924,0.8043880454673122,75
subject_606,90,Sagittal,STR_IMF,-0.014985403412133494,0.8984617309060595,75
subject_606,90,Sagittal,UTL_IMF,-0.12667198842220095,0.27882809518914364,75
subject_606,90,Sagittal,UTR_IMF,0.09950440020034122,0.39567518044889843,75
subject_606,90,Frontal,MTL_IMF,-0.19681069676674384,0.0905698706791769,75
subject_606,90,Frontal,MTR_IMF,-0.0379846401889022,0.7462800406942851,75
subject_606,90,Frontal,SCML_IMF,-0.12332336087529905,0.2918355402649893,75
subject_606,90,Frontal,SCMR_IMF,-0.16137321018981565,0.1666206509254334,75
subject_606,90,Frontal,STL_IMF,-0.12466224885845767,0.2865876298812182,75
subject_606,90,Frontal,STR_IMF,-0.1744774085614548,0.1343543604555112,75
subject_606,90,Frontal,UTL_IMF,0.02991382275323271,0.7989029679462717,75
subject_606,90,Frontal,UTR_IMF,0.0037383222750751195,0.9746066995483658,75
subject_606,90,Horizontal,MTL_IMF,-0.005726730754778359,0.9611086985128785,75
subject_606,90,Horizontal,MTR_IMF,0.18243043930903638,0.11722329700122779,75
subject_606,90,Horizontal,SCML_IMF,0.14138293958551207,0.22630357679591495,75
subject_606,90,Horizontal,SCMR_IMF,-0.07705892854297677,0.5111042365625397,75
subject_606,90,Horizontal,STL_IMF,-0.15070672827981302,0.1968345239844611,75
subject_606,90,Horizontal,STR_IMF,0.10040958924817354,0.3913695522909996,75
subject_606,90,Horizontal,UTL_IMF,0.05545386523340672,0.6365397644590373,75
subject_606,90,Horizontal,UTR_IMF,-0.01965602608181471,0.867068536026609,75
subject_607,10,Sagittal,MTL_IMF,0.020882372844851563,0.8093174162227892,136
subject_607,10,Sagittal,MTR_IMF,0.12671980724226536,0.14153822611211728,136
subject_607,10,Sagittal,SCML_IMF,0.05919485892894093,0.49362572802451277,136
subject_607,10,Sagittal,SCMR_IMF,0.048139221103146924,0.5778445264412975,136
subject_607,10,Sagittal,STL_IMF,0.07317714484521985,0.3971937473444094,136
subject_607,10,Sagittal,STR_IMF,-0.15030786971426477,0.08070093781891789,136
subject_607,10,Sagittal,UTL_IMF,-0.08888468067809872,0.3034631335791085,136
subject_607,10,Sagittal,UTR_IMF,0.00927265951442667,0.914677098563673,136
subject_607,10,Frontal,MTL_IMF,0.05375848526439939,0.5342119597551364,136
subject_607,10,Frontal,MTR_IMF,0.034372613256257546,0.6911701498021476,136
subject_607,10,Frontal,SCML_IMF,-7.245357529598397e-05,0.9993320530237431,136
subject_607,10,Frontal,SCMR_IMF,0.03737056404891898,0.6657848791847758,136
subject_607,10,Frontal,STL_IMF,-0.11266895879732981,0.1915630529168999,136
subject_607,10,Frontal,STR_IMF,0.06649517494548655,0.44180163901374514,136
subject_607,10,Frontal,UTL_IMF,0.10019252563133893,0.2458153641047115,136
subject_607,10,Frontal,UTR_IMF,0.21513912198659724,0.011893117813573216,136
subject_607,10,Horizontal,MTL_IMF,0.06621398710709289,0.443738939137845,136
subject_607,10,Horizontal,MTR_IMF,-0.10064173627856594,0.2436939049018766,136
subject_607,10,Horizontal,SCML_IMF,-0.039041920633645665,0.6517930385121187,136
subject_607,10,Horizontal,SCMR_IMF,0.09131905251504145,0.290358628184769,136
subject_607,10,Horizontal,STL_IMF,0.006229229502873269,0.9426219313080519,136
subject_607,10,Horizontal,STR_IMF,0.08921927850941988,0.3016392761257328,136
subject_607,10,Horizontal,UTL_IMF,0.15591502534485116,0.06989590960845285,136
subject_607,10,Horizontal,UTR_IMF,0.015545912856074416,0.8574411763273918,136
subject_607,20,Sagittal,MTL_IMF,-0.0011619514333339853,0.9892883273122179,136
subject_607,20,Sagittal,MTR_IMF,-0.08683715351524471,0.31478153196162467,136
subject_607,20,Sagittal,SCML_IMF,0.009660477435891943,0.9111229062662002,136
subject_607,20,Sagittal,SCMR_IMF,0.013963708913043495,0.8718191615030473,136
subject_607,20,Sagittal,STL_IMF,0.10513298372738226,0.22318109526973814,136
subject_607,20,Sagittal,STR_IMF,-0.18562729801027242,0.030492984283196356,136
subject_607,20,Sagittal,UTL_IMF,0.017670662966648872,0.8382070615959375,136
subject_607,20,Sagittal,UTR_IMF,0.09959978758142979,0.24863419567691766,136
subject_607,20,Frontal,MTL_IMF,0.019483033062669613,0.8258585708619035,130
subject_607,20,Frontal,MTR_IMF,-0.11392611256828533,0.19683604258853402,130
subject_607,20,Frontal,SCML_IMF,0.04043317023663669,0.6478554819943972,130
subject_607,20,Frontal,SCMR_IMF,0.03890831520530054,0.6602957012103308,130
subject_607,20,Frontal,STL_IMF,-0.1313235572469956,0.13640433647027636,130
subject_607,20,Frontal,STR_IMF,-0.09026923741661881,0.30707722029816065,130
subject_607,20,Frontal,UTL_IMF,-0.012323222747717496,0.8893279849947595,130
subject_607,20,Frontal,UTR_IMF,0.08335739739039982,0.34574051790710886,130
subject_607,20,Horizontal,MTL_IMF,-0.0811081570860742,0.3478886346633242,136
subject_607,20,Horizontal,MTR_IMF,-0.025386354281860417,0.7692409922508208,136
subject_607,20,Horizontal,SCML_IMF,0.06203817924223131,0.47306757482870715,136
subject_607,20,Horizontal,SCMR_IMF,0.1599058982982018,0.06294510180055786,136
subject_607,20,Horizontal,STL_IMF,0.03554014917032524,0.6812412057734559,136
subject_607,20,Horizontal,STR_IMF,-0.0017586439377304246,0.9837882242761518,136
subject_607,20,Horizontal,UTL_IMF,0.04254726708992516,0.6228430268075442,136
subject_607,20,Horizontal,UTR_IMF,0.0024280279836223053,0.9776189951581161,136
subject_607,30,Sagittal,MTL_IMF,0.00524341414405314,0.9518714172265802,135
subject_607,30,Sagittal,MTR_IMF,0.12838423184475778,0.13781763678873407,135
subject_607,30,Sagittal,SCML_IMF,-0.1930363199018882,0.02488620087148463,135
subject_607,30,Sagittal,SCMR_IMF,-0.28783124662860543,0.0007114486532755031,135
subject_607,30,Sagittal,STL_IMF,0.19531447811162922,0.023198088679007214,135
subject_607,30,Sagittal,STR_IMF,0.11341928338275457,0.19026706435983734,135
subject_607,30,Sagittal,UTL_IMF,-0.010168958792427189,0.9068149233231648,135
subject_607,30,Sagittal,UTR_IMF,-0.07735064198211605,0.3725468345639071,135
subject_607,30,Frontal,MTL_IMF,0.02406186355503529,0.8056744669235895,107
subject_607,30,Frontal,MTR_IMF,-0.1450923539285725,0.13592965060177745,107
subject_607,30,Frontal,SCML_IMF,0.05975680736029447,0.5409243915935005,107
subject_607,30,Frontal,SCMR_IMF,0.09549411196473283,0.3278593163356754,107
subject_607,30,Frontal,STL_IMF,-0.26399383640805163,0.006002932265526309,107
subject_607,30,Frontal,STR_IMF,-0.21837567066275104,0.02383926117100919,107
subject_607,30,Frontal,UTL_IMF,-0.05241039764137307,0.5918629138890592,107
subject_607,30,Frontal,UTR_IMF,0.06939180575085262,0.47756751975413997,107
subject_607,30,Horizontal,MTL_IMF,0.006990571707700897,0.9358644149753134,135
subject_607,30,Horizontal,MTR_IMF,-0.08356796607533994,0.33523153327591804,135
subject_607,30,Horizontal,SCML_IMF,-0.05518151179291112,0.5249890538292206,135
subject_607,30,Horizontal,SCMR_IMF,0.052394158059439075,0.5461634946933362,135
subject_607,30,Horizontal,STL_IMF,-0.06331458539393814,0.4656710087375721,135
subject_607,30,Horizontal,STR_IMF,-0.04020168148987249,0.6434037844949986,135
subject_607,30,Horizontal,UTL_IMF,-0.0510116084241014,0.5568192246549633,135
subject_607,30,Horizontal,UTR_IMF,-0.01676713300216516,0.8469445126840226,135
subject_607,40,Sagittal,MTL_IMF,0.030395088904790517,0.7263717988714513,135
subject_607,40,Sagittal,MTR_IMF,0.09795265604020056,0.2583733446676467,135
subject_607,40,Sagittal,SCML_IMF,-0.17519542673699168,0.04211265189904536,135
subject_607,40,Sagittal,SCMR_IMF,-0.16923935902934414,0.04973021596256432,135
subject_607,40,Sagittal,STL_IMF,0.17702249238927223,0.03998149746358205,135
subject_607,40,Sagittal,STR_IMF,0.09938804148201819,0.25142767730949095,135
subject_607,40,Sagittal,UTL_IMF,0.022630443783330324,0.794454761035907,135
subject_607,40,Sagittal,UTR_IMF,-0.09374416103190689,0.2794908754884294,135
subject_607,40,Frontal,MTL_IMF,-0.09108319305496965,0.35544710284330533,105
subject_607,40,Frontal,MTR_IMF,-0.06454799817929467,0.5129923971836765,105
subject_607,40,Frontal,SCML_IMF,0.04664686917679197,0.6365529704359412,105
subject_607,40,Frontal,SCMR_IMF,-0.1614770821552137,0.09983384356651194,105
subject_607,40,Frontal,STL_IMF,-0.08684010376954042,0.3783936117363206,105
subject_607,40,Frontal,STR_IMF,-0.1945786171550779,0.04669852323673761,105
subject_607,40,Frontal,UTL_IMF,-0.15849866918555056,0.106329691462243,105
subject_607,40,Frontal,UTR_IMF,0.06218165501401755,0.528592957182761,105
subject_607,40,Horizontal,MTL_IMF,-0.0667280761060568,0.4419181263702031,135
subject_607,40,Horizontal,MTR_IMF,-0.18521786965342524,0.031502244334225396,135
subject_607,40,Horizontal,SCML_IMF,0.006390168128820284,0.9413625911947148,135
subject_607,40,Horizontal,SCMR_IMF,0.04581433816414158,0.5977480231199142,135
subject_607,40,Horizontal,STL_IMF,-0.06415009127279564,0.4597931448122983,135
subject_607,40,Horizontal,STR_IMF,-0.15110839223965855,0.08021245036541201,135
subject_607,40,Horizontal,UTL_IMF,0.02897365525276773,0.738694191831515,135
subject_607,40,Horizontal,UTR_IMF,0.013704858355463782,0.8746437591853325,135
subject_607,50,Sagittal,MTL_IMF,0.1058230875224467,0.22014082952497785,136
subject_607,50,Sagittal,MTR_IMF,-0.02187189933644818,0.8004661424154722,136
subject_607,50,Sagittal,SCML_IMF,0.13104728430603252,0.12832998036816387,136
subject_607,50,Sagittal,SCMR_IMF,0.05531798148922664,0.5224011719780332,136
subject_607,50,Sagittal,STL_IMF,-0.0003542766850940133,0.99673394427382,136
subject_607,50,Sagittal,STR_IMF,-0.17572491159465498,0.04072457713437869,136
subject_607,50,Sagittal,UTL_IMF,0.17611719046527885,0.04027044800424055,136
subject_607,50,Sagittal,UTR_IMF,0.1683319935389405,0.050118179106169884,136
subject_607,50,Frontal,MTL_IMF,-0.08088357296986741,0.37580967697949347,122
subject_607,50,Frontal,MTR_IMF,-0.052363167340196,0.5667738680913627,122
subject_607,50,Frontal,SCML_IMF,-0.046420906183936926,0.6116419018030834,122
subject_607,50,Frontal,SCMR_IMF,-0.243279392005082,0.006931061152957628,122
subject_607,50,Frontal,STL_IMF,0.045591095206358644,0.618029142727987,122
subject_607,50,Frontal,STR_IMF,-0.0024647353318762843,0.9785046598834326,122
subject_607,50,Frontal,UTL_IMF,-0.05472726154285654,0.5493673189830325,122
subject_607,50,Frontal,UTR_IMF,0.09145303425874848,0.31642366739728994,122
subject_607,50,Horizontal,MTL_IMF,-0.12324622701491021,0.15286776587935144,136
subject_607,50,Horizontal,MTR_IMF,-0.21956554549516927,0.010218740320155448,136
subject_607,50,Horizontal,SCML_IMF,0.10606595859461111,0.21907787778042964,136
subject_607,50,Horizontal,SCMR_IMF,0.004365598698442727,0.959770562098958,136
subject_607,50,Horizontal,STL_IMF,-0.02910264722576933,0.7366213922857197,136
subject_607,50,Horizontal,STR_IMF,-0.18518280313156188,0.03090028094616443,136
subject_607,50,Horizontal,UTL_IMF,0.11499450796071423,0.18249782908555626,136
subject_607,50,Horizontal,UTR_IMF,0.05772411508290053,0.5044423335343705,136
subject_607,60,Sagittal,MTL_IMF,0.06399001887292408,0.46091607932070705,135
subject_607,60,Sagittal,MTR_IMF,-0.004498532113713021,0.958702047794735,135
subject_607,60,Sagittal,SCML_IMF,0.224780684463521,0.00876568299961386,135
subject_607,60,Sagittal,SCMR_IMF,0.16596366671039836,0.054385246587564925,135
subject_607,60,Sagittal,STL_IMF,0.038081248027167856,0.6610174992084832,135
subject_607,60,Sagittal,STR_IMF,-0.171721701936005,0.046426898472337816,135
subject_607,60,Sagittal,UTL_IMF,0.18366002172156792,0.03298502029126503,135
subject_607,60,Sagittal,UTR_IMF,0.2116244029809851,0.013741054061607097,135
subject_607,60,Frontal,MTL_IMF,0.12468644522921324,0.24433866013552621,89
subject_607,60,Frontal,MTR_IMF,-0.09068325231786734,0.39802518164466144,89
subject_607,60,Frontal,SCML_IMF,0.07255523653841776,0.49923124047215456,89
subject_607,60,Frontal,SCMR_IMF,0.009052276574052543,0.9329026111351275,89
subject_607,60,Frontal,STL_IMF,-0.10026673024221368,0.34983920826889725,89
subject_607,60,Frontal,STR_IMF,-0.013870598813623137,0.8973486954817095,89
subject_607,60,Frontal,UTL_IMF,0.20450876586806013,0.05455184815179715,89
subject_607,60,Frontal,UTR_IMF,0.23919849813820107,0.023972286368200747,89
subject_607,60,Horizontal,MTL_IMF,,,135
subject_607,60,Horizontal,MTR_IMF,,,135
subject_607,60,Horizontal,SCML_IMF,,,135
subject_607,60,Horizontal,SCMR_IMF,,,135
subject_607,60,Horizontal,STL_IMF,,,135
subject_607,60,Horizontal,STR_IMF,,,135
subject_607,60,Horizontal,UTL_IMF,,,135
subject_607,60,Horizontal,UTR_IMF,,,135
subject_607,70,Sagittal,MTL_IMF,-0.03247239375878482,0.7084896484838693,135
subject_607,70,Sagittal,MTR_IMF,0.08719295747417924,0.3146144643350243,135
subject_607,70,Sagittal,SCML_IMF,-0.05454302098893798,0.5298024865846884,135
subject_607,70,Sagittal,SCMR_IMF,0.07152168626757703,0.4097487833120888,135
subject_607,70,Sagittal,STL_IMF,0.11364960066616658,0.1893627534119088,135
subject_607,70,Sagittal,STR_IMF,0.027214150355308272,0.7540394019004283,135
subject_607,70,Sagittal,UTL_IMF,-0.02233984439075107,0.7970367744947305,135
subject_607,70,Sagittal,UTR_IMF,-0.042327922305366694,0.6259385485817083,135
subject_607,70,Frontal,MTL_IMF,-0.053031251262702014,0.6925768159931046,58
subject_607,70,Frontal,MTR_IMF,0.010462678427671169,0.9378686879935129,58
subject_607,70,Frontal,SCML_IMF,-0.11556451430858389,0.3876683231831808,58
subject_607,70,Frontal,SCMR_IMF,0.17267454487717762,0.19491195895418917,58
subject_607,70,Frontal,STL_IMF,-0.17202037863501432,0.1966346306336566,58
subject_607,70,Frontal,STR_IMF,-0.01102323716038124,0.9345469697077877,58
subject_607,70,Frontal,UTL_IMF,0.01867748979700212,0.8893243928746243,58
subject_607,70,Frontal,UTR_IMF,0.31039778841314664,0.01772285515517086,58
subject_607,70,Horizontal,MTL_IMF,,,135
subject_607,70,Horizontal,MTR_IMF,,,135
subject_607,70,Horizontal,SCML_IMF,,,135
subject_607,70,Horizontal,SCMR_IMF,,,135
subject_607,70,Horizontal,STL_IMF,,,135
subject_607,70,Horizontal,STR_IMF,,,135
subject_607,70,Horizontal,UTL_IMF,,,135
subject_607,70,Horizontal,UTR_IMF,,,135
subject_607,80,Sagittal,MTL_IMF,0.027262450230609234,0.7527191031542327,136
subject_607,80,Sagittal,MTR_IMF,0.0342315547720114,0.6923733425038019,136
subject_607,80,Sagittal,SCML_IMF,0.20019339811055234,0.019449881523537185,136
subject_607,80,Sagittal,SCMR_IMF,0.12486141663646365,0.14751755184929893,136
subject_607,80,Sagittal,STL_IMF,0.03018206945811432,0.7272312028573709,136
subject_607,80,Sagittal,STR_IMF,-0.10387037927344754,0.22882016560656238,136
subject_607,80,Sagittal,UTL_IMF,-0.05542452275652067,0.5215991548033513,136
subject_607,80,Sagittal,UTR_IMF,-0.053248907187216254,0.5380999184108175,136
subject_607,80,Frontal,MTL_IMF,-0.3774867405931652,0.009702765931070665,46
subject_607,80,Frontal,MTR_IMF,0.10141043204292188,0.5024738129277887,46
subject_607,80,Frontal,SCML_IMF,-0.25602959985433327,0.08589794424491823,46
subject_607,80,Frontal,SCMR_IMF,0.07763194374879792,0.6080840756883749,46
subject_607,80,Frontal,STL_IMF,-0.0625484419606206,0.6796402677015818,46
subject_607,80,Frontal,STR_IMF,-0.0028050276021090426,0.9852391199992533,46
subject_607,80,Frontal,UTL_IMF,-0.27155144679086834,0.06791998073721749,46
subject_607,80,Frontal,UTR_IMF,0.31595189036227056,0.03243196741201235,46
subject_607,80,Horizontal,MTL_IMF,,,136
subject_607,80,Horizontal,MTR_IMF,,,136
subject_607,80,Horizontal,SCML_IMF,,,136
subject_607,80,Horizontal,SCMR_IMF,,,136
subject_607,80,Horizontal,STL_IMF,,,136
subject_607,80,Horizontal,STR_IMF,,,136
subject_607,80,Horizontal,UTL_IMF,,,136
subject_607,80,Horizontal,UTR_IMF,,,136
subject_607,90,Sagittal,MTL_IMF,-0.03360891438467977,0.6987721855949116,135
subject_607,90,Sagittal,MTR_IMF,-0.03167823162537677,0.71530794818396,135
subject_607,90,Sagittal,SCML_IMF,0.24865631283074877,0.003636573350791564,135
subject_607,90,Sagittal,SCMR_IMF,0.10522502366948513,0.22451469299175505,135
subject_607,90,Sagittal,STL_IMF,0.02103957859646311,0.8086163435089194,135
subject_607,90,Sagittal,STR_IMF,-0.056226958011672885,0.5171557546969247,135
subject_607,90,Sagittal,UTL_IMF,-0.0612092724009875,0.48066348167692025,135
subject_607,90,Sagittal,UTR_IMF,0.011071865923338496,0.89858336618205,135
subject_607,90,Frontal,MTL_IMF,-0.29843672032029656,0.15662715293400672,24
subject_607,90,Frontal,MTR_IMF,-0.14913589703740412,0.4867320737232353,24
subject_607,90,Frontal,SCML_IMF,-0.16305067275317342,0.44650413135867867,24
subject_607,90,Frontal,SCMR_IMF,-0.08640650905002757,0.6880826030382209,24
subject_607,90,Frontal,STL_IMF,-0.400314811278911,0.05257645376652219,24
subject_607,90,Frontal,STR_IMF,-0.07121013957922948,0.7409059700335883,24
subject_607,90,Frontal,UTL_IMF,-0.29794698531672303,0.15734124136825167,24
subject_607,90,Frontal,UTR_IMF,0.2184873949579832,0.3050401931398081,24
subject_607,90,Horizontal,MTL_IMF,-0.11588122263549779,0.18076231435118076,135
subject_607,90,Horizontal,MTR_IMF,0.08409422210953753,0.3321862325099028,135
subject_607,90,Horizontal,SCML_IMF,0.15824725605744236,0.06678206987010256,135
subject_607,90,Horizontal,SCMR_IMF,0.05724277715952797,0.5096021782675163,135
subject_607,90,Horizontal,STL_IMF,-0.1277939263221263,0.1396522453324121,135
subject_607,90,Horizontal,STR_IMF,0.00453322925566284,0.9583838016652251,135
subject_607,90,Horizontal,UTL_IMF,0.09946819770175636,0.25104364401515383,135
subject_607,90,Horizontal,UTR_IMF,0.000686548124260532,0.9936945503485374,135
subject_608,10,Sagittal,MTL_IMF,-0.15929710818167497,0.18136077669631595,72
subject_608,10,Sagittal,MTR_IMF,0.10002309186889492,0.4031720990548463,72
subject_608,10,Sagittal,SCML_IMF,-0.06633785832277002,0.5798154184395948,72
subject_608,10,Sagittal,SCMR_IMF,0.2666753020166796,0.023550283086410193,72
subject_608,10,Sagittal,STL_IMF,0.2271009024677343,0.05505557097810818,72
subject_608,10,Sagittal,STR_IMF,0.156379754240591,0.18959095949356133,72
subject_608,10,Sagittal,UTL_IMF,0.09636111797801213,0.4206942444591882,72
subject_608,10,Sagittal,UTR_IMF,-0.026908860279878773,0.8224664892400263,72
subject_608,10,Frontal,MTL_IMF,0.026996583109372974,0.8218972169444667,72
subject_608,10,Frontal,MTR_IMF,0.040840318911565844,0.7333905935915573,72
subject_608,10,Frontal,SCML_IMF,0.013335797530939764,0.9114716462642788,72
subject_608,10,Frontal,SCMR_IMF,-0.22296568267277572,0.0597560747547503,72
subject_608,10,Frontal,STL_IMF,-0.38016126651318854,0.0009879901008563758,72
subject_608,10,Frontal,STR_IMF,-0.2245392781154616,0.057930377849633924,72
subject_608,10,Frontal,UTL_IMF,0.05965387943320138,0.6186498788223602,72
subject_608,10,Frontal,UTR_IMF,-0.05082759060281266,0.6715566848271464,72
subject_608,10,Horizontal,MTL_IMF,0.03855713223922171,0.7477846871371305,72
subject_608,10,Horizontal,MTR_IMF,-0.16243081737772994,0.17281262965300762,72
subject_608,10,Horizontal,SCML_IMF,0.1220814307535991,0.3069735889737505,72
subject_608,10,Horizontal,SCMR_IMF,-0.1337878693190127,0.2625411023942609,72
subject_608,10,Horizontal,STL_IMF,-0.2731975419585126,0.020235755205888002,72
subject_608,10,Horizontal,STR_IMF,-0.09377827268452579,0.4333115766195427,72
subject_608,10,Horizontal,UTL_IMF,-0.174286160570982,0.14313465895452707,72
subject_608,10,Horizontal,UTR_IMF,0.04363429644945578,0.7159007244955137,72
subject_608,20,Sagittal,MTL_IMF,0.02059932048654226,0.8636339808533358,72
subject_608,20,Sagittal,MTR_IMF,0.015843079425647832,0.894914315941988,72
subject_608,20,Sagittal,SCML_IMF,-0.12462987150182289,0.296908978061236,72
subject_608,20,Sagittal,SCMR_IMF,-0.053449317604802066,0.6556593713994991,72
subject_608,20,Sagittal,STL_IMF,-0.03248180522711778,0.7864948514724429,72
subject_608,20,Sagittal,STR_IMF,-0.15805056023677083,0.1848451020501321,72
subject_608,20,Sagittal,UTL_IMF,0.09130044730198997,0.4456145966279414,72
subject_608,20,Sagittal,UTR_IMF,-0.005662441025161518,0.9623483528240705,72
subject_608,20,Frontal,MTL_IMF,-0.08184022842097173,0.49433423972484286,72
subject_608,20,Frontal,MTR_IMF,-0.07046028166841128,0.5564360766465153,72
subject_608,20,Frontal,SCML_IMF,0.0747561887068098,0.5325620087178707,72
subject_608,20,Frontal,SCMR_IMF,0.0763118887348082,0.5240432766085141,72
subject_608,20,Frontal,STL_IMF,0.0128500840512861,0.9146837271249498,72
subject_608,20,Frontal,STR_IMF,-0.06284816943129741,0.5999516140675887,72
subject_608,20,Frontal,UTL_IMF,0.019623985062986942,0.8700330557995879,72
subject_608,20,Frontal,UTR_IMF,-0.158942039997738,0.1823483614423226,72
subject_608,20,Horizontal,MTL_IMF,-0.008149483292803766,0.9458321799794905,72
subject_608,20,Horizontal,MTR_IMF,0.07125049462010583,0.5520064978036635,72
subject_608,20,Horizontal,SCML_IMF,-0.06101239223510372,0.6106671302698196,72
subject_608,20,Horizontal,SCMR_IMF,0.032535232924220135,0.7861520114579303,72
subject_608,20,Horizontal,STL_IMF,0.17310667551924924,0.14590336263527254,72
subject_608,20,Horizontal,STR_IMF,-0.07944720307577831,0.5070850656428418,72
subject_608,20,Horizontal,UTL_IMF,0.1304233165143833,0.2748408994078863,72
subject_608,20,Horizontal,UTR_IMF,0.07766116251793155,0.516710653468535,72
subject_608,30,Sagittal,MTL_IMF,0.11060948537196598,0.3584666481881296,71
subject_608,30,Sagittal,MTR_IMF,-0.019964456254824053,0.8687440903650163,71
subject_608,30,Sagittal,SCML_IMF,-0.16672299557052547,0.16463675293415123,71
subject_608,30,Sagittal,SCMR_IMF,-0.23131073977043431,0.052273666302570104,71
subject_608,30,Sagittal,STL_IMF,0.021954491041258187,0.8557945480523798,71
subject_608,30,Sagittal,STR_IMF,-0.16302444845056466,0.17433905123894916,71
subject_608,30,Sagittal,UTL_IMF,0.10726665692327132,0.3732649136946678,71
subject_608,30,Sagittal,UTR_IMF,0.024283939415365628,0.8406847225933769,71
subject_608,30,Frontal,MTL_IMF,-0.048009550384911996,0.690936445894209,71
subject_608,30,Frontal,MTR_IMF,-0.235655771451051,0.047885431070057334,71
subject_608,30,Frontal,SCML_IMF,0.25231023296908806,0.03377550982790347,71
subject_608,30,Frontal,SCMR_IMF,0.19230962510464142,0.10811943370952408,71
subject_608,30,Frontal,STL_IMF,0.06035916470818954,0.6170581109976166,71
subject_608,30,Frontal,STR_IMF,-0.1206988199855153,0.31603189876454796,71
subject_608,30,Frontal,UTL_IMF,0.09260998738281061,0.4423996129249099,71
subject_608,30,Frontal,UTR_IMF,-0.0883549173832515,0.46373422127866776,71
subject_608,30,Horizontal,MTL_IMF,0.11450792605854379,0.3416718397984125,71
subject_608,30,Horizontal,MTR_IMF,0.06474489731948703,0.5916613682950863,71
subject_608,30,Horizontal,SCML_IMF,-0.03234499721625296,0.7888715958428616,71
subject_608,30,Horizontal,SCMR_IMF,0.13029234812594984,0.27880829772974136,71
subject_608,30,Horizontal,STL_IMF,0.22028915763471402,0.06489368997988215,71
subject_608,30,Horizontal,STR_IMF,-0.10747135376433611,0.37234825599077603,71
subject_608,30,Horizontal,UTL_IMF,0.0033986747358497444,0.9775588701262213,71
subject_608,30,Horizontal,UTR_IMF,0.07780789316863562,0.5189514493295686,71
subject_608,40,Sagittal,MTL_IMF,-0.35120467426072993,0.002672752087800192,71
subject_608,40,Sagittal,MTR_IMF,-0.12630108699745257,0.2939242391323337,71
subject_608,40,Sagittal,SCML_IMF,-0.1653147131678549,0.16828306172892082,71
subject_608,40,Sagittal,SCMR_IMF,-0.32895287209310614,0.00509420169187805,71
subject_608,40,Sagittal,STL_IMF,0.0784640005385067,0.51542230544575,71
subject_608,40,Sagittal,STR_IMF,-0.06887801614052325,0.5681668738105412,71
subject_608,40,Sagittal,UTL_IMF,0.25934579224541165,0.028961194814880336,71
subject_608,40,Sagittal,UTR_IMF,0.18033209006153259,0.13234944619138087,71
subject_608,40,Frontal,MTL_IMF,0.08004180734892055,0.5164373611010791,68
subject_608,40,Frontal,MTR_IMF,0.15496253977892735,0.2070205268709771,68
subject_608,40,Frontal,SCML_IMF,0.24093501788577537,0.04779035324794029,68
subject_608,40,Frontal,SCMR_IMF,0.26368692726754733,0.02980167024756489,68
subject_608,40,Frontal,STL_IMF,0.09110336762402611,0.4599871823007221,68
subject_608,40,Frontal,STR_IMF,0.1673660652176186,0.17250693666943126,68
subject_608,40,Frontal,UTL_IMF,0.06781004527323271,0.582702161972661,68
subject_608,40,Frontal,UTR_IMF,0.08411406761773828,0.49525616013428825,68
subject_608,40,Horizontal,MTL_IMF,-0.07102895250644592,0.559012188147668,70
subject_608,40,Horizontal,MTR_IMF,-0.16619995923336264,0.16910790833339495,70
subject_608,40,Horizontal,SCML_IMF,-0.08043514102225618,0.5080191830579968,70
subject_608,40,Horizontal,SCMR_IMF,0.03278655458857817,0.7875870685762454,70
subject_608,40,Horizontal,STL_IMF,0.13774454480090778,0.2554826278253373,70
subject_608,40,Horizontal,STR_IMF,-0.04158127725762462,0.7325181709870251,70
subject_608,40,Horizontal,UTL_IMF,0.21506850142059936,0.07377928774511913,70
subject_608,40,Horizontal,UTR_IMF,0.11863442437713159,0.32799777248788986,70
subject_608,50,Sagittal,MTL_IMF,-0.22840884363475739,0.05363322662937973,72
subject_608,50,Sagittal,MTR_IMF,0.050430004289068554,0.6739803431910335,72
subject_608,50,Sagittal,SCML_IMF,-0.16875089845665928,0.1564760718899688,72
subject_608,50,Sagittal,SCMR_IMF,-0.237886720492552,0.04419942194184067,72
subject_608,50,Sagittal,STL_IMF,0.06724935235642508,0.5746074670339967,72
subject_608,50,Sagittal,STR_IMF,-0.03335646837841294,0.7808873695338822,72
subject_608,50,Sagittal,UTL_IMF,0.20420469466811358,0.08532520901966982,72
subject_608,50,Sagittal,UTR_IMF,0.16331797551791802,0.17044705497932428,72
subject_608,50,Frontal,MTL_IMF,-0.027401291927413182,0.8231495389437474,69
subject_608,50,Frontal,MTR_IMF,0.17228905186297203,0.15689110598789682,69
subject_608,50,Frontal,SCML_IMF,0.11374769754216353,0.35204863421588756,69
subject_608,50,Frontal,SCMR_IMF,0.06489284665247551,0.5962840828259559,69
subject_608,50,Frontal,STL_IMF,0.18030925452989374,0.13818604175330843,69
subject_608,50,Frontal,STR_IMF,0.29109469131913085,0.015239269206089878,69
subject_608,50,Frontal,UTL_IMF,-0.2204570269268885,0.06871867912989424,69
subject_608,50,Frontal,UTR_IMF,0.09541109879862666,0.43548110621622177,69
subject_608,50,Horizontal,MTL_IMF,-0.0007462937552262284,0.9950716875056812,71
subject_608,50,Horizontal,MTR_IMF,-0.13801105204210776,0.25106656280024403,71
subject_608,50,Horizontal,SCML_IMF,-0.07735297567274563,0.5214055560136275,71
subject_608,50,Horizontal,SCMR_IMF,-0.05556984804553133,0.6453119907290454,71
subject_608,50,Horizontal,STL_IMF,0.11943777734675727,0.32115168757903206,71
subject_608,50,Horizontal,STR_IMF,-0.08346544204961617,0.4889261446991466,71
subject_608,50,Horizontal,UTL_IMF,0.10407264749219441,0.38774451083481387,71
subject_608,50,Horizontal,UTR_IMF,-0.0583463994333376,0.6288677854155857,71
subject_608,60,Sagittal,MTL_IMF,-0.07932571261862893,0.5108058161468679,71
subject_608,60,Sagittal,MTR_IMF,-0.08640152035736932,0.4737129037569788,71
subject_608,60,Sagittal,SCML_IMF,-0.022538245579056235,0.8520029789815734,71
subject_608,60,Sagittal,SCMR_IMF,-0.09275141368987806,0.44170007553474844,71
subject_608,60,Sagittal,STL_IMF,0.038938609784887196,0.7471488947252406,71
subject_608,60,Sagittal,STR_IMF,-0.03259014110100115,0.7873089252010407,71
subject_608,60,Sagittal,UTL_IMF,0.02377362516079498,0.8439901364425177,71
subject_608,60,Sagittal,UTR_IMF,-0.07661460664086162,0.525401172269624,71
subject_608,60,Frontal,MTL_IMF,-0.1016650072353018,0.3988773045318693,71
subject_608,60,Frontal,MTR_IMF,0.07938299219535,0.5104997005886526,71
subject_608,60,Frontal,SCML_IMF,0.14570136038100334,0.2253623655278449,71
subject_608,60,Frontal,SCMR_IMF,0.08214485976332803,0.49585170236533777,71
subject_608,60,Frontal,STL_IMF,0.15615383738856617,0.19345899646197137,71
subject_608,60,Frontal,STR_IMF,0.18027912595195295,0.13246503834743048,71
subject_608,60,Frontal,UTL_IMF,-0.15145308433281637,0.20738022584933674,71
subject_608,60,Frontal,UTR_IMF,0.20060200947347848,0.0934647865796744,71
subject_608,60,Horizontal,MTL_IMF,0.03582232420926641,0.766785857969788,71
subject_608,60,Horizontal,MTR_IMF,-0.14458020519848086,0.22899063117716834,71
subject_608,60,Horizontal,SCML_IMF,-0.0627470408516793,0.6031723239189283,71
subject_608,60,Horizontal,SCMR_IMF,-0.08065266291205075,0.5037384451328113,71
subject_608,60,Horizontal,STL_IMF,-0.030056900306270003,0.8034963773865216,71
subject_608,60,Horizontal,STR_IMF,-0.17418780132837364,0.1462758162699506,71
subject_608,60,Horizontal,UTL_IMF,-0.05597065433458572,0.6429274576941048,71
subject_608,60,Horizontal,UTR_IMF,0.0034637634621107025,0.9771292094474411,71
subject_608,70,Sagittal,MTL_IMF,0.0899687604544068,0.4555772739482579,71
subject_608,70,Sagittal,MTR_IMF,-0.1528994820223877,0.20302309346107203,71
subject_608,70,Sagittal,SCML_IMF,0.20070021703415244,0.09330107916328333,71
subject_608,70,Sagittal,SCMR_IMF,0.07345221804626134,0.5426856759587131,71
subject_608,70,Sagittal,STL_IMF,-0.13965263756701177,0.24541850696864048,71
subject_608,70,Sagittal,STR_IMF,0.12476922655865545,0.29986590167430516,71
subject_608,70,Sagittal,UTL_IMF,0.04551382953379431,0.7062519909477976,71
subject_608,70,Sagittal,UTR_IMF,-0.15955943716696552,0.18380156282386245,71
subject_608,70,Frontal,MTL_IMF,0.05242142822405254,0.6641655961716352,71
subject_608,70,Frontal,MTR_IMF,0.10503104697828683,0.38336498743788494,71
subject_608,70,Frontal,SCML_IMF,0.1507363127224332,0.209563846996755,71
subject_608,70,Frontal,SCMR_IMF,0.17770629506808003,0.13817271517492255,71
subject_608,70,Frontal,STL_IMF,0.21604639674739481,0.07036364499717249,71
subject_608,70,Frontal,STR_IMF,0.17537341894080022,0.14350654751687855,71
subject_608,70,Frontal,UTL_IMF,-0.05066016931822523,0.6748048556329932,71
subject_608,70,Frontal,UTR_IMF,0.34975878087244644,0.0027910926660009334,71
subject_608,70,Horizontal,MTL_IMF,-0.07889653131901982,0.5131024437052197,71
subject_608,70,Horizontal,MTR_IMF,-0.17721628615590337,0.13928047447303643,71
subject_608,70,Horizontal,SCML_IMF,-0.012226171948643042,0.9193958942661842,71
subject_608,70,Horizontal,SCMR_IMF,-0.14223903895365647,0.23669770480382765,71
subject_608,70,Horizontal,STL_IMF,-0.06946505003265124,0.5648656499189563,71
subject_608,70,Horizontal,STR_IMF,-0.012381544502553818,0.9183750423200981,71
subject_608,70,Horizontal,UTL_IMF,0.06825514226361347,0.571679483916736,71
subject_608,70,Horizontal,UTR_IMF,0.013489097094620907,0.9111019439553748,71
subject_608,80,Sagittal,MTL_IMF,0.05400269369676299,0.6523229977484933,72
subject_608,80,Sagittal,MTR_IMF,-0.05159419162075258,0.6668929771369898,72
subject_608,80,Sagittal,SCML_IMF,-0.18952452134465447,0.11082142805209046,72
subject_608,80,Sagittal,SCMR_IMF,-0.09003623661959159,0.4519659645266729,72
subject_608,80,Sagittal,STL_IMF,-0.16860305125670136,0.15684465659619307,72
subject_608,80,Sagittal,STR_IMF,0.016332897083764213,0.8916847069460139,72
subject_608,80,Sagittal,UTL_IMF,0.022438643784696784,0.8515904761571149,72
subject_608,80,Sagittal,UTR_IMF,-0.20926007324650353,0.07770794048557156,72
subject_608,80,Frontal,MTL_IMF,0.17008021016137675,0.15319090471174873,72
subject_608,80,Frontal,MTR_IMF,0.18386757486718686,0.1220860718737524,72
subject_608,80,Frontal,SCML_IMF,-0.11858847904775706,0.3211233050590935,72
subject_608,80,Frontal,SCMR_IMF,-0.10154938576659786,0.39599717765013764,72
subject_608,80,Frontal,STL_IMF,0.19230773289414815,0.105582533929516,72
subject_608,80,Frontal,STR_IMF,0.12130004509463413,0.31010329675327136,72
subject_608,80,Frontal,UTL_IMF,-0.005169124263781631,0.9656265158790907,72
subject_608,80,Frontal,UTR_IMF,0.3158942060201822,0.006868937818166438,72
subject_608,80,Horizontal,MTL_IMF,-0.09932528952361143,0.40647759937762523,72
subject_608,80,Horizontal,MTR_IMF,-0.2783975911236037,0.01788653006911745,72
subject_608,80,Horizontal,SCML_IMF,0.13757527583364132,0.24914691944353975,72
subject_608,80,Horizontal,SCMR_IMF,0.010669929486571791,0.9291174154588012,72
subject_608,80,Horizontal,STL_IMF,-0.06696597246558567,0.5762242771937316,72
subject_608,80,Horizontal,STR_IMF,-0.03280091786242868,0.7844477422913171,72
subject_608,80,Horizontal,UTL_IMF,0.03243624472543328,0.7867872405051821,72
subject_608,80,Horizontal,UTR_IMF,-0.170427094429292,0.15234214473381394,72
subject_608,90,Sagittal,MTL_IMF,0.08605432464870134,0.4754985142543298,71
subject_608,90,Sagittal,MTR_IMF,0.062154525884212185,0.6066050343192131,71
subject_608,90,Sagittal,SCML_IMF,-0.12820031867411388,0.28666560108767625,71
subject_608,90,Sagittal,SCMR_IMF,0.0936395006585483,0.43732151210254694,71
subject_608,90,Sagittal,STL_IMF,-0.08921882057438199,0.4593578813923132,71
subject_608,90,Sagittal,STR_IMF,-0.015850319685782807,0.8956212602737745,71
subject_608,90,Sagittal,UTL_IMF,-0.0034240480258449523,0.9773913763778722,71
subject_608,90,Sagittal,UTR_IMF,-0.09469792276460771,0.4321352033028218,71
subject_608,90,Frontal,MTL_IMF,0.10243330292778137,0.39530447303120747,71
subject_608,90,Frontal,MTR_IMF,0.09532235306968846,0.4290918874815197,71
subject_608,90,Frontal,SCML_IMF,-0.15452545106631063,0.19820333247728927,71
subject_608,90,Frontal,SCMR_IMF,-0.05038624278181535,0.6764653611822323,71
subject_608,90,Frontal,STL_IMF,-0.015537843515366152,0.8976678181465657,71
subject_608,90,Frontal,STR_IMF,0.1347980118295057,0.2623765260459158,71
subject_608,90,Frontal,UTL_IMF,-0.001547452196132747,0.989781273865873,71
subject_608,90,Frontal,UTR_IMF,0.19203381018883586,0.10863578779826939,71
subject_608,90,Horizontal,MTL_IMF,-0.030522062692417737,0.800517576655767,71
subject_608,90,Horizontal,MTR_IMF,-0.1082126315216807,0.36904015646481814,71
subject_608,90,Horizontal,SCML_IMF,-0.03604461850528829,0.7653800643983806,71
subject_608,90,Horizontal,SCMR_IMF,0.005660902099106744,0.9626301472969643,71
subject_608,90,Horizontal,STL_IMF,-0.0843283079461134,0.4844286883249523,71
subject_608,90,Horizontal,STR_IMF,-0.020479395783977797,0.8653898327109956,71
subject_608,90,Horizontal,UTL_IMF,0.09163387532891347,0.4472446285682439,71
subject_608,90,Horizontal,UTR_IMF,-0.1225929049003645,0.3084410260555627,71
subject_609,10,Sagittal,MTL_IMF,-0.07153786613599133,0.4316914173783831,123
subject_609,10,Sagittal,MTR_IMF,0.04567639738120955,0.6159029382480367,123
subject_609,10,Sagittal,SCML_IMF,0.3712824109199329,2.3596887728434225e-05,123
subject_609,10,Sagittal,SCMR_IMF,0.044313476340823214,0.6264841348224627,123
subject_609,10,Sagittal,STL_IMF,0.004966187953183906,0.956524337252022,123
subject_609,10,Sagittal,STR_IMF,0.03319385635980245,0.7155001270540717,123
subject_609,10,Sagittal,UTL_IMF,0.0958240011986767,0.29173785072180514,123
subject_609,10,Sagittal,UTR_IMF,-0.05940088282907803,0.5139898140006621,123
subject_609,10,Frontal,MTL_IMF,-0.04209748109321043,0.6438507058441568,123
subject_609,10,Frontal,MTR_IMF,0.14792888982440577,0.10249926264856385,123
subject_609,10,Frontal,SCML_IMF,-0.08543204054661867,0.3474576646517618,123
subject_609,10,Frontal,SCMR_IMF,0.11353563082714328,0.21116744009044885,123
subject_609,10,Frontal,STL_IMF,-0.0025537874661429065,0.9776352508006234,123
subject_609,10,Frontal,STR_IMF,0.11745921793513263,0.19571080740008706,123
subject_609,10,Frontal,UTL_IMF,-0.04465424975013599,0.6238312602667542,123
subject_609,10,Frontal,UTR_IMF,-0.062494461911949,0.49227687527084696,123
subject_609,10,Horizontal,MTL_IMF,-0.10750967712464332,0.23657156727416717,123
subject_609,10,Horizontal,MTR_IMF,0.12942429726608942,0.1536556656991946,123
subject_609,10,Horizontal,SCML_IMF,0.19373915125565255,0.03178379012460287,123
subject_609,10,Horizontal,SCMR_IMF,-0.09312105321357804,0.30562491605653025,123
subject_609,10,Horizontal,STL_IMF,0.003302062587019409,0.9710847571455204,123
subject_609,10,Horizontal,STR_IMF,-0.14842644131294944,0.10133625554415272,123
subject_609,10,Horizontal,UTL_IMF,-0.1740394738890302,0.05420403534635144,123
subject_609,10,Horizontal,UTR_IMF,-0.1757023703320854,0.05190902842082808,123
subject_609,20,Sagittal,MTL_IMF,0.07567422846292746,0.405469774832639,123
subject_609,20,Sagittal,MTR_IMF,0.11950901069614878,0.1879694104496757,123
subject_609,20,Sagittal,SCML_IMF,0.10569920459212269,0.24460467597266458,123
subject_609,20,Sagittal,SCMR_IMF,0.07992195777287313,0.379545600086724,123
subject_609,20,Sagittal,STL_IMF,-0.12368608826961618,0.17288921576679908,123
subject_609,20,Sagittal,STR_IMF,-0.034047169912982025,0.7085126938593436,123
subject_609,20,Sagittal,UTL_IMF,-0.042534483338783804,0.6404103276384165,123
subject_609,20,Sagittal,UTR_IMF,0.10511384829747872,0.24724190045289662,123
subject_609,20,Frontal,MTL_IMF,,,123
subject_609,20,Frontal,MTR_IMF,,,123
subject_609,20,Frontal,SCML_IMF,,,123
subject_609,20,Frontal,SCMR_IMF,,,123
subject_609,20,Frontal,STL_IMF,,,123
subject_609,20,Frontal,STR_IMF,,,123
subject_609,20,Frontal,UTL_IMF,,,123
subject_609,20,Frontal,UTR_IMF,,,123
subject_609,20,Horizontal,MTL_IMF,-0.11291133516610709,0.21370502461404256,123
subject_609,20,Horizontal,MTR_IMF,-0.07880995577546307,0.38623299923618976,123
subject_609,20,Horizontal,SCML_IMF,0.12131056146787948,0.18135188875040342,123
subject_609,20,Horizontal,SCMR_IMF,-0.06319572391396217,0.4874233663340746,123
subject_609,20,Horizontal,STL_IMF,-0.011049278598016446,0.9034574502829703,123
subject_609,20,Horizontal,STR_IMF,-0.18290082834577553,0.04288060825767298,123
subject_609,20,Horizontal,UTL_IMF,-0.18307262304631258,0.04268228211043179,123
subject_609,20,Horizontal,UTR_IMF,-0.1530788787649013,0.09095712620528823,123
subject_609,30,Sagittal,MTL_IMF,0.05756476590323057,0.5271057453933021,123
subject_609,30,Sagittal,MTR_IMF,0.04495101033978191,0.6215249360639635,123
subject_609,30,Sagittal,SCML_IMF,-0.20506151588755983,0.022890536292679387,123
subject_609,30,Sagittal,SCMR_IMF,-0.0911374679816393,0.31608706804437037,123
subject_609,30,Sagittal,STL_IMF,-0.10807377759092085,0.23410670989665666,123
subject_609,30,Sagittal,STR_IMF,-0.10333744701552117,0.25536529399245367,123
subject_609,30,Sagittal,UTL_IMF,-0.014629107421139763,0.8724110953256494,123
subject_609,30,Sagittal,UTR_IMF,0.1608628376983211,0.0754969157364657,123
subject_609,30,Frontal,MTL_IMF,0.05358259095952025,0.5561194857364742,123
subject_609,30,Frontal,MTR_IMF,0.0727301508635602,0.42403533082201267,123
subject_609,30,Frontal,SCML_IMF,0.11348673161564238,0.21136542134176567,123
subject_609,30,Frontal,SCMR_IMF,-0.047191142389098883,0.6042349356892863,123
subject_609,30,Frontal,STL_IMF,-0.08551897070567542,0.34696548865584204,123
subject_609,30,Frontal,STR_IMF,0.053598081572290034,0.5560051491391393,123
subject_609,30,Frontal,UTL_IMF,-0.13778491750938437,0.12857022202915536,123
subject_609,30,Frontal,UTR_IMF,-0.0650456760592849,0.4747430310340968,123
subject_609,30,Horizontal,MTL_IMF,-0.03954905523202685,0.6640620882224884,123
subject_609,30,Horizontal,MTR_IMF,-0.10080143716177642,0.2672767952405232,123
subject_609,30,Horizontal,SCML_IMF,0.08033330440208394,0.3770897549936876,123
subject_609,30,Horizontal,SCMR_IMF,0.061220941477749896,0.5011560838396395,123
subject_609,30,Horizontal,STL_IMF,0.14933909809797052,0.09922995980336347,123
subject_609,30,Horizontal,STR_IMF,0.10081543914787885,0.267210009849555,123
subject_609,30,Horizontal,UTL_IMF,0.042100947016756325,0.6438233899443876,123
subject_609,30,Horizontal,UTR_IMF,-0.05611783816879481,0.5375590910836375,123
subject_609,40,Sagittal,MTL_IMF,0.05141989050874962,0.5721926115020755,123
subject_609,40,Sagittal,MTR_IMF,-0.0572127140867859,0.5296396864483832,123
subject_609,40,Sagittal,SCML_IMF,-0.14994990383704196,0.09783967636469565,123
subject_609,40,Sagittal,SCMR_IMF,-0.009322970564172278,0.918484237204956,123
subject_609,40,Sagittal,STL_IMF,-0.016463395835361647,0.8565749313656386,123
subject_609,40,Sagittal,STR_IMF,-0.11920234727872692,0.1891131627798096,123
subject_609,40,Sagittal,UTL_IMF,0.03365592916610735,0.7117134376129791,123
subject_609,40,Sagittal,UTR_IMF,0.13588754693587285,0.13396741961402858,123
subject_609,40,Frontal,MTL_IMF,0.04466211021409552,0.6237701242620285,123
subject_609,40,Frontal,MTR_IMF,0.07147172878116669,0.4321184120129748,123
subject_609,40,Frontal,SCML_IMF,0.06250444641425512,0.4922075923090029,123
subject_609,40,Frontal,SCMR_IMF,-0.08421807500393642,0.3543765977832156,123
subject_609,40,Frontal,STL_IMF,-0.0829578545294407,0.3616493922053649,123
subject_609,40,Frontal,STR_IMF,0.05488690608933195,0.5465321914119345,123
subject_609,40,Frontal,UTL_IMF,-0.133956261143767,0.13963709950862474,123
subject_609,40,Frontal,UTR_IMF,-0.07269646648198382,0.42425054798983947,123
subject_609,40,Horizontal,MTL_IMF,0.0,1.0,123
subject_609,40,Horizontal,MTR_IMF,-0.014365521071637763,0.8746910525323904,123
subject_609,40,Horizontal,SCML_IMF,-0.16325427696338204,0.0711975714056588,123
subject_609,40,Horizontal,SCMR_IMF,-0.20426970349571869,0.023434201904919343,123
subject_609,40,Horizontal,STL_IMF,0.1393980843746482,0.1241140804098828,123
subject_609,40,Horizontal,STR_IMF,-0.0021284901553157137,0.9813590484299728,123
subject_609,40,Horizontal,UTL_IMF,-0.05212080963331429,0.5669595879235606,123
subject_609,40,Horizontal,UTR_IMF,-0.11165266670383332,0.2188870513192659,123
subject_609,50,Sagittal,MTL_IMF,0.08844183770303982,0.3306725129523601,123
subject_609,50,Sagittal,MTR_IMF,-0.22699947424652114,0.011573376282245085,123
subject_609,50,Sagittal,SCML_IMF,0.05029730433152456,0.5806206719749666,123
subject_609,50,Sagittal,SCMR_IMF,-0.06690114032699167,0.462206761871059,123
subject_609,50,Sagittal,STL_IMF,0.11443032207250547,0.207568401513615,123
subject_609,50,Sagittal,STR_IMF,-0.1411839952273413,0.11932059962458928,123
subject_609,50,Sagittal,UTL_IMF,-0.10548440168112752,0.2455701602596838,123
subject_609,50,Sagittal,UTR_IMF,0.008494909753845935,0.9257027079251292,123
subject_609,50,Frontal,MTL_IMF,,,123
subject_609,50,Frontal,MTR_IMF,,,123
subject_609,50,Frontal,SCML_IMF,,,123
subject_609,50,Frontal,SCMR_IMF,,,123
subject_609,50,Frontal,STL_IMF,,,123
subject_609,50,Frontal,STR_IMF,,,123
subject_609,50,Frontal,UTL_IMF,,,123
subject_609,50,Frontal,UTR_IMF,,,123
subject_609,50,Horizontal,MTL_IMF,-0.00851189752103792,0.9255545573937729,123
subject_609,50,Horizontal,MTR_IMF,0.06809463021486155,0.4542404873925993,123
subject_609,50,Horizontal,SCML_IMF,-0.2126803245301994,0.018189299873036524,123
subject_609,50,Horizontal,SCMR_IMF,-0.13401433841122362,0.13946398374462932,123
subject_609,50,Horizontal,STL_IMF,0.09098222143724836,0.3169155770123071,123
subject_609,50,Horizontal,STR_IMF,-0.029261774759322727,0.7479951683531948,123
subject_609,50,Horizontal,UTL_IMF,-0.02445922395954154,0.7882864985107811,123
subject_609,50,Horizontal,UTR_IMF,-0.1174954529810778,0.19557198567237288,123
subject_609,60,Sagittal,MTL_IMF,0.03507946114032472,0.7012789095349541,122
subject_609,60,Sagittal,MTR_IMF,-0.2906026848973223,0.0011657046191577826,122
subject_609,60,Sagittal,SCML_IMF,-0.020230117193757072,0.8249590732319588,122
subject_609,60,Sagittal,SCMR_IMF,0.03731945564609222,0.683196143467049,122
subject_609,60,Sagittal,STL_IMF,0.012590566042776398,0.8905240218318061,122
subject_609,60,Sagittal,STR_IMF,0.046642394596671966,0.6099419480402777,122
subject_609,60,Sagittal,UTL_IMF,0.019507060354951127,0.831120484322085,122
subject_609,60,Sagittal,UTR_IMF,-0.11530969807244233,0.20596126686525343,122
subject_609,60,Frontal,MTL_IMF,0.032093220181857895,0.725646558654264,122
subject_609,60,Frontal,MTR_IMF,0.04126557844147226,0.6517781361652898,122
subject_609,60,Frontal,SCML_IMF,0.08616472091973307,0.3453334786261259,122
subject_609,60,Frontal,SCMR_IMF,-0.06234367455374785,0.4951229116077526,122
subject_609,60,Frontal,STL_IMF,-0.13770144164321788,0.1304017563381548,122
subject_609,60,Frontal,STR_IMF,0.053206288849918314,0.5605361913959939,122
subject_609,60,Frontal,UTL_IMF,0.002750201576123001,0.9760157665120908,122
subject_609,60,Frontal,UTR_IMF,0.06417264324154484,0.48253109766040647,122
subject_609,60,Horizontal,MTL_IMF,-0.08056913830650457,0.37767446227038404,122
subject_609,60,Horizontal,MTR_IMF,-0.03193409420185467,0.7269530085414762,122
subject_609,60,Horizontal,SCML_IMF,0.012184555468109112,0.8940334039836135,122
subject_609,60,Horizontal,SCMR_IMF,-0.03135434294896031,0.7317194689106485,122
subject_609,60,Horizontal,STL_IMF,0.06696051962877513,0.4636729355337349,122
subject_609,60,Horizontal,STR_IMF,-0.09883972691818106,0.2787478702104256,122
subject_609,60,Horizontal,UTL_IMF,-0.03486299838748125,0.7030354282302579,122
subject_609,60,Horizontal,UTR_IMF,0.0039798451625719265,0.9652978148396535,122
subject_609,70,Sagittal,MTL_IMF,-0.01631380838970821,0.8578643359560029,123
subject_609,70,Sagittal,MTR_IMF,-0.10349391638815407,0.2546424957477799,123
subject_609,70,Sagittal,SCML_IMF,0.05936530661234027,0.5142423430809158,123
subject_609,70,Sagittal,SCMR_IMF,0.17585974647399108,0.051696051275892205,123
subject_609,70,Sagittal,STL_IMF,-0.09953374574841488,0.27337031332133443,123
subject_609,70,Sagittal,STR_IMF,-0.044655559544995366,0.6238210729518957,123
subject_609,70,Sagittal,UTL_IMF,0.16765573708792633,0.06380366417036297,123
subject_609,70,Sagittal,UTR_IMF,-0.05583820824823855,0.5395910717506626,123
subject_609,70,Frontal,MTL_IMF,0.028985433774760837,0.7502963652558309,123
subject_609,70,Frontal,MTR_IMF,-0.0009058313620810097,0.9920663006350496,123
subject_609,70,Frontal,SCML_IMF,0.08420806586090165,0.3544339991944264,123
subject_609,70,Frontal,SCMR_IMF,-0.04799186538544882,0.5981068781217296,123
subject_609,70,Frontal,STL_IMF,-0.15226769692797976,0.092703371759941,123
subject_609,70,Frontal,STR_IMF,0.05618504165665711,0.5370713113075638,123
subject_609,70,Frontal,UTL_IMF,0.05704472575132249,0.5308509569814028,123
subject_609,70,Frontal,UTR_IMF,0.04799627901796737,0.5980731772519686,123
subject_609,70,Horizontal,MTL_IMF,-0.02515521227677694,0.7824098551796482,123
subject_609,70,Horizontal,MTR_IMF,-0.09972647332811395,0.2724379166528214,123
subject_609,70,Horizontal,SCML_IMF,0.05657849913411746,0.5342199144469519,123
subject_609,70,Horizontal,SCMR_IMF,-0.14459649526084364,0.11056103970089778,123
subject_609,70,Horizontal,STL_IMF,-0.02157495350382473,0.8127636592614996,123
subject_609,70,Horizontal,STR_IMF,-0.1581910158478511,0.08054529068013737,123
subject_609,70,Horizontal,UTL_IMF,-0.040413604807634784,0.6571773925399169,123
subject_609,70,Horizontal,UTR_IMF,0.08353236505090549,0.35832247749174323,123
subject_609,80,Sagittal,MTL_IMF,-0.1937629047165039,0.03176243771772366,123
subject_609,80,Sagittal,MTR_IMF,0.024864958195752424,0.784859173350275,123
subject_609,80,Sagittal,SCML_IMF,-0.11152440941929616,0.21942005619903432,123
subject_609,80,Sagittal,SCMR_IMF,0.01970526344140076,0.8287293292121618,123
subject_609,80,Sagittal,STL_IMF,-0.052144415989485084,0.5667837392123998,123
subject_609,80,Sagittal,STR_IMF,0.07693171851764849,0.39768847710260774,123
subject_609,80,Sagittal,UTL_IMF,-0.028343539094426447,0.7556501112716986,123
subject_609,80,Sagittal,UTR_IMF,0.2416902021884404,0.007077955347688106,123
subject_609,80,Frontal,MTL_IMF,0.12509709606147035,0.16800263010181718,123
subject_609,80,Frontal,MTR_IMF,0.17434017336653068,0.05378294824344684,123
subject_609,80,Frontal,SCML_IMF,0.00830077446907136,0.927395943623218,123
subject_609,80,Frontal,SCMR_IMF,0.10210693921097537,0.2610986195023324,123
subject_609,80,Frontal,STL_IMF,0.044031842099213354,0.6286802286014134,123
subject_609,80,Frontal,STR_IMF,-0.12210513693652157,0.1784881203099224,123
subject_609,80,Frontal,UTL_IMF,-0.023250459875266548,0.798520965721571,123
subject_609,80,Frontal,UTR_IMF,-0.5465135033626517,6.196675611733087e-11,123
subject_609,80,Horizontal,MTL_IMF,,,123
subject_609,80,Horizontal,MTR_IMF,,,123
subject_609,80,Horizontal,SCML_IMF,,,123
subject_609,80,Horizontal,SCMR_IMF,,,123
subject_609,80,Horizontal,STL_IMF,,,123
subject_609,80,Horizontal,STR_IMF,,,123
subject_609,80,Horizontal,UTL_IMF,,,123
subject_609,80,Horizontal,UTR_IMF,,,123
subject_609,90,Sagittal,MTL_IMF,-0.03353528755911242,0.7138432953061616,122
subject_609,90,Sagittal,MTR_IMF,0.15284061309734326,0.09282303571755957,122
subject_609,90,Sagittal,SCML_IMF,-0.19299267245430837,0.033188584337123274,122
subject_609,90,Sagittal,SCMR_IMF,0.027346900017234707,0.7649379196902646,122
subject_609,90,Sagittal,STL_IMF,-0.08049802271017298,0.3780969996028823,122
subject_609,90,Sagittal,STR_IMF,0.012743363322365017,0.8892038519013729,122
subject_609,90,Sagittal,UTL_IMF,0.10608696908762424,0.24483304202584294,122
subject_609,90,Sagittal,UTR_IMF,0.08709998864184082,0.3401031533560049,122
subject_609,90,Frontal,MTL_IMF,0.016290929658337377,0.858645523995291,122
subject_609,90,Frontal,MTR_IMF,0.007280467749755449,0.9365644580324087,122
subject_609,90,Frontal,SCML_IMF,-0.09945718010191729,0.27574113357088326,122
subject_609,90,Frontal,SCMR_IMF,0.04163549083639207,0.6488629789514119,122
subject_609,90,Frontal,STL_IMF,-0.027325012040572375,0.7651205938808661,122
subject_609,90,Frontal,STR_IMF,-0.08257429603847542,0.3658792370576043,122
subject_609,90,Frontal,UTL_IMF,-0.08990705002059206,0.32470808635310655,122
subject_609,90,Frontal,UTR_IMF,-0.43719464464848795,4.77796007933852e-07,122
subject_609,90,Horizontal,MTL_IMF,,,122
subject_609,90,Horizontal,MTR_IMF,,,122
subject_609,90,Horizontal,SCML_IMF,,,122
subject_609,90,Horizontal,SCMR_IMF,,,122
subject_609,90,Horizontal,STL_IMF,,,122
subject_609,90,Horizontal,STR_IMF,,,122
subject_609,90,Horizontal,UTL_IMF,,,122
subject_609,90,Horizontal,UTR_IMF,,,122
subject_610,10,Sagittal,MTL_IMF,0.13365503906245127,0.22548917285906198,84
subject_610,10,Sagittal,MTR_IMF,0.1700037480826168,0.12209465985115511,84
subject_610,10,Sagittal,SCML_IMF,0.09423776456534907,0.3938470411642919,84
subject_610,10,Sagittal,SCMR_IMF,-0.21642605500086426,0.04800107189186588,84
subject_610,10,Sagittal,STL_IMF,-0.05382954332428526,0.6267428706815497,84
subject_610,10,Sagittal,STR_IMF,-0.16843698793892356,0.12562501770955486,84
subject_610,10,Sagittal,UTL_IMF,0.34452567539429885,0.0013311823860538562,84
subject_610,10,Sagittal,UTR_IMF,-0.2299325757372858,0.035372328012073774,84
subject_610,10,Frontal,MTL_IMF,0.09765232393950055,0.376856889128335,84
subject_610,10,Frontal,MTR_IMF,0.08915118659450273,0.41998421315792034,84
subject_610,10,Frontal,SCML_IMF,0.036255346112755146,0.743354414602793,84
subject_610,10,Frontal,SCMR_IMF,0.16205357545917873,0.14081990245755516,84
subject_610,10,Frontal,STL_IMF,0.016183626997369433,0.8838326191984577,84
subject_610,10,Frontal,STR_IMF,0.2999445912212161,0.005571692449302938,84
subject_610,10,Frontal,UTL_IMF,-0.36778021603526284,0.0005780335581671219,84
subject_610,10,Frontal,UTR_IMF,0.20460901962986403,0.061904677769972584,84
subject_610,10,Horizontal,MTL_IMF,-0.05830676321707239,0.5983105160929666,84
subject_610,10,Horizontal,MTR_IMF,0.0786335171323736,0.47708956066708463,84
subject_610,10,Horizontal,SCML_IMF,-0.32207253501190714,0.002811256926903351,84
subject_610,10,Horizontal,SCMR_IMF,-0.33050779636215827,0.0021366757130770082,84
subject_610,10,Horizontal,STL_IMF,0.08713632608217033,0.4306078118426999,84
subject_610,10,Horizontal,STR_IMF,-0.3131013258722559,0.0037326433340821577,84
subject_610,10,Horizontal,UTL_IMF,0.24350499459632516,0.02561287251108312,84
subject_610,10,Horizontal,UTR_IMF,-0.11089625806983187,0.31525651720980685,84
subject_610,20,Sagittal,MTL_IMF,0.17315390019860438,0.11522740926088011,84
subject_610,20,Sagittal,MTR_IMF,0.29121846491393644,0.007197032779375245,84
subject_610,20,Sagittal,SCML_IMF,0.6156994663577237,4.576516428549084e-10,84
subject_610,20,Sagittal,SCMR_IMF,0.3003886657877888,0.0054984559679645394,84
subject_610,20,Sagittal,STL_IMF,0.25622405912626794,0.018644518784139714,84
subject_610,20,Sagittal,STR_IMF,0.04307830090971625,0.6972140549587117,84
subject_610,20,Sagittal,UTL_IMF,0.1094224575510932,0.3217707607608089,84
subject_610,20,Sagittal,UTR_IMF,-0.09723511298993032,0.37890871542709553,84
subject_610,20,Frontal,MTL_IMF,0.16876172414078697,0.12488695403933439,84
subject_610,20,Frontal,MTR_IMF,-0.0018340039931813773,0.9867899715745433,84
subject_610,20,Frontal,SCML_IMF,-0.2939447422990965,0.006649336300518096,84
subject_610,20,Frontal,SCMR_IMF,-0.07395088581289455,0.5037942616028777,84
subject_610,20,Frontal,STL_IMF,-0.02202412555430395,0.8423769668382022,84
subject_610,20,Frontal,STR_IMF,0.17615099295721334,0.10897434528658115,84
subject_610,20,Frontal,UTL_IMF,-0.2646261201140156,0.014993707704574349,84
subject_610,20,Frontal,UTR_IMF,0.154132900692362,0.1615537133368198,84
subject_610,20,Horizontal,MTL_IMF,-0.04756713366641048,0.6674349992489573,84
subject_610,20,Horizontal,MTR_IMF,0.10643873293480136,0.3352209576737098,84
subject_610,20,Horizontal,SCML_IMF,0.006791484137908111,0.9511099346420636,84
subject_610,20,Horizontal,SCMR_IMF,0.0815048264148787,0.46109888964112267,84
subject_610,20,Horizontal,STL_IMF,0.043059857696332096,0.6973373955180251,84
subject_610,20,Horizontal,STR_IMF,-0.1699325940775637,0.12225332226130114,84
subject_610,20,Horizontal,UTL_IMF,-0.14942097445808641,0.17491619812501358,84
subject_610,20,Horizontal,UTR_IMF,-0.10875741189266351,0.3247383210773708,84
subject_610,30,Sagittal,MTL_IMF,-0.30885398724614027,0.004498228313310911,83
subject_610,30,Sagittal,MTR_IMF,-0.38561978571638905,0.00031799164006139494,83
subject_610,30,Sagittal,SCML_IMF,0.5048914221810751,1.1306413104062566e-06,83
subject_610,30,Sagittal,SCMR_IMF,0.02120153642745644,0.8491154079406222,83
subject_610,30,Sagittal,STL_IMF,0.08943194290374379,0.42138528304841205,83
subject_610,30,Sagittal,STR_IMF,-0.2697204870712967,0.013667345949514602,83
subject_610,30,Sagittal,UTL_IMF,-0.1538917335371501,0.16481823931040804,83
subject_610,30,Sagittal,UTR_IMF,-0.022277968745675347,0.8415519945726058,83
subject_610,30,Frontal,MTL_IMF,0.07475111446249136,0.5018208104337208,83
subject_610,30,Frontal,MTR_IMF,0.19614420960559115,0.07554114327282267,83
subject_610,30,Frontal,SCML_IMF,-0.16184667537046907,0.14379926359156653,83
subject_610,30,Frontal,SCMR_IMF,-0.04553157196388558,0.6827352097588693,83
subject_610,30,Frontal,STL_IMF,-0.04442811371247472,0.6900273405898177,83
subject_610,30,Frontal,STR_IMF,0.26603707994912695,0.015059842433965357,83
subject_610,30,Frontal,UTL_IMF,-0.007306039459705272,0.9477340249938667,83
subject_610,30,Frontal,UTR_IMF,0.03990766477197447,0.7201898989887701,83
subject_610,30,Horizontal,MTL_IMF,0.06686466081078449,0.5481061830798042,83
subject_610,30,Horizontal,MTR_IMF,-0.13141881217741172,0.23630652814420702,83
subject_610,30,Horizontal,SCML_IMF,0.1198801438773583,0.28036696775331926,83
subject_610,30,Horizontal,SCMR_IMF,0.1106882394812052,0.3191579612578311,83
subject_610,30,Horizontal,STL_IMF,-0.0899762745877082,0.4185531940671596,83
subject_610,30,Horizontal,STR_IMF,-0.006922052730461333,0.9504774303564004,83
subject_610,30,Horizontal,UTL_IMF,0.14294302472725537,0.1973443565528368,83
subject_610,30,Horizontal,UTR_IMF,0.17063271594998486,0.1230014806965043,83
subject_610,40,Sagittal,MTL_IMF,-0.1287676467365612,0.24597745761420134,83
subject_610,40,Sagittal,MTR_IMF,-0.26381862904853226,0.015956361335431095,83
subject_610,40,Sagittal,SCML_IMF,-0.02451176649128194,0.8259029595905677,83
subject_610,40,Sagittal,SCMR_IMF,-0.07564238214877536,0.496720781039894,83
subject_610,40,Sagittal,STL_IMF,0.1503141972036183,0.17497840747464827,83
subject_610,40,Sagittal,STR_IMF,-0.12085926476529792,0.2764286628769417,83
subject_610,40,Sagittal,UTL_IMF,0.10406083415855545,0.34916682299953333,83
subject_610,40,Sagittal,UTR_IMF,0.2958170736473507,0.006623492828396384,83
subject_610,40,Frontal,MTL_IMF,-0.16706974338139055,0.13113876307906738,83
subject_610,40,Frontal,MTR_IMF,0.07344843720828885,0.5093236527231542,83
subject_610,40,Frontal,SCML_IMF,0.07395772219477346,0.5063835507382922,83
subject_610,40,Frontal,SCMR_IMF,0.021136217366291808,0.8495748101062932,83
subject_610,40,Frontal,STL_IMF,-0.16713122000443967,0.13099497061057477,83
subject_610,40,Frontal,STR_IMF,0.19172259088795424,0.08250496137512829,83
subject_610,40,Frontal,UTL_IMF,0.01610073944291969,0.8851297500791945,83
subject_610,40,Frontal,UTR_IMF,-0.2017020147962247,0.06746444280576784,83
subject_610,40,Horizontal,MTL_IMF,0.05534528279870382,0.6192215784391025,83
subject_610,40,Horizontal,MTR_IMF,-0.11065743227940644,0.31929350482643437,83
subject_610,40,Horizontal,SCML_IMF,0.07838893364801501,0.4811765255068916,83
subject_610,40,Horizontal,SCMR_IMF,0.09685831598607236,0.38370538087509193,83
subject_610,40,Horizontal,STL_IMF,-0.11995890441673024,0.2800487939854751,83
subject_610,40,Horizontal,STR_IMF,0.10607567222610667,0.33986318752365086,83
subject_610,40,Horizontal,UTL_IMF,0.18445714310485153,0.09504672842688172,83
subject_610,40,Horizontal,UTR_IMF,0.1659617507363436,0.13375096906140108,83
subject_610,50,Sagittal,MTL_IMF,-0.11818054936459611,0.28431769180677147,84
subject_610,50,Sagittal,MTR_IMF,-0.10191775904681209,0.35626757405856063,84
subject_610,50,Sagittal,SCML_IMF,0.14987981647026874,0.17358046819429263,84
subject_610,50,Sagittal,SCMR_IMF,-0.03477684777902037,0.7534798675513437,84
subject_610,50,Sagittal,STL_IMF,0.19175102400902144,0.0805770181286473,84
subject_610,50,Sagittal,STR_IMF,-0.02470198809558382,0.8235050237182576,84
subject_610,50,Sagittal,UTL_IMF,0.13897406474572235,0.20739487377794344,84
subject_610,50,Sagittal,UTR_IMF,0.14061508860159938,0.20202714513445233,84
subject_610,50,Frontal,MTL_IMF,-0.06574661640966116,0.5523835675365988,84
subject_610,50,Frontal,MTR_IMF,0.018927160589527533,0.8643131532822179,84
subject_610,50,Frontal,SCML_IMF,-0.15246956580182405,0.16618150279776236,84
subject_610,50,Frontal,SCMR_IMF,0.12520504047150355,0.25645870341301147,84
subject_610,50,Frontal,STL_IMF,-0.11890484295857014,0.2813556474123798,84
subject_610,50,Frontal,STR_IMF,0.05155475525806119,0.6414037100595522,84
subject_610,50,Frontal,UTL_IMF,-0.012095967386454935,0.9130405173775218,84
subject_610,50,Frontal,UTR_IMF,0.01419608940257733,0.8980174448746254,84
subject_610,50,Horizontal,MTL_IMF,,,84
subject_610,50,Horizontal,MTR_IMF,,,84
subject_610,50,Horizontal,SCML_IMF,,,84
subject_610,50,Horizontal,SCMR_IMF,,,84
subject_610,50,Horizontal,STL_IMF,,,84
subject_610,50,Horizontal,STR_IMF,,,84
subject_610,50,Horizontal,UTL_IMF,,,84
subject_610,50,Horizontal,UTR_IMF,,,84
subject_610,60,Sagittal,MTL_IMF,0.13668020482566548,0.21790304828225174,83
subject_610,60,Sagittal,MTR_IMF,-0.0030868649546986248,0.9779044235977622,83
subject_610,60,Sagittal,SCML_IMF,0.2351124010112074,0.032388627011239755,83
subject_610,60,Sagittal,SCMR_IMF,-0.055190631762116846,0.6202026827309256,83
subject_610,60,Sagittal,STL_IMF,-0.002399420864289628,0.9828242503692223,83
subject_610,60,Sagittal,STR_IMF,0.06628727644431895,0.5515743691530418,83
subject_610,60,Sagittal,UTL_IMF,-0.07535464702417069,0.4983642950759901,83
subject_610,60,Sagittal,UTR_IMF,0.09995770780287319,0.36859839548074386,83
subject_610,60,Frontal,MTL_IMF,-0.020834027764695142,0.8517008207699294,83
subject_610,60,Frontal,MTR_IMF,-0.1419876720921326,0.20038697799534655,83
subject_610,60,Frontal,SCML_IMF,-0.09428208166510778,0.3965411000494227,83
subject_610,60,Frontal,SCMR_IMF,0.1776654914897503,0.10808195662898905,83
subject_610,60,Frontal,STL_IMF,0.20023517417192485,0.0695250943249726,83
subject_610,60,Frontal,STR_IMF,0.013161789622988694,0.9059914388558704,83
subject_610,60,Frontal,UTL_IMF,0.09651218461608678,0.38541526515043323,83
subject_610,60,Frontal,UTR_IMF,0.14811994868818598,0.1814328139098113,83
subject_610,60,Horizontal,MTL_IMF,-0.28014779820281244,0.0103132161741076,83
subject_610,60,Horizontal,MTR_IMF,0.1881579508749378,0.08848302349480015,83
subject_610,60,Horizontal,SCML_IMF,-0.13423202268948356,0.2263365304448281,83
subject_610,60,Horizontal,SCMR_IMF,-0.08881555931566587,0.424605528861158,83
subject_610,60,Horizontal,STL_IMF,-0.21261566565250287,0.053635237767512334,83
subject_610,60,Horizontal,STR_IMF,-0.2728193102831003,0.012583689855163059,83
subject_610,60,Horizontal,UTL_IMF,-0.040179522635213426,0.7183632519032771,83
subject_610,60,Horizontal,UTR_IMF,-0.17136278073351613,0.12138295519985862,83
subject_610,70,Sagittal,MTL_IMF,0.10289384525027173,0.3546273412077096,83
subject_610,70,Sagittal,MTR_IMF,-0.10893978898548508,0.32690914594104475,83
subject_610,70,Sagittal,SCML_IMF,0.0787000462636613,0.47943230674675114,83
subject_610,70,Sagittal,SCMR_IMF,0.022546482830805115,0.8396675208272696,83
subject_610,70,Sagittal,STL_IMF,-0.10501262622719065,0.34475226050625674,83
subject_610,70,Sagittal,STR_IMF,0.1404825795222362,0.20524834799393832,83
subject_610,70,Sagittal,UTL_IMF,-0.03791869860015995,0.7336011330109522,83
subject_610,70,Sagittal,UTR_IMF,0.046634901719013536,0.6754728687549187,83
subject_610,70,Frontal,MTL_IMF,0.11039154324835647,0.3204648825624954,83
subject_610,70,Frontal,MTR_IMF,-0.015532641537335492,0.8891566687059846,83
subject_610,70,Frontal,SCML_IMF,0.03827204466689226,0.7312126155293173,83
subject_610,70,Frontal,SCMR_IMF,0.009989308558287025,0.9285820628426891,83
subject_610,70,Frontal,STL_IMF,0.3169930120638721,0.003502032085040447,83
subject_610,70,Frontal,STR_IMF,-0.0005551132759968742,0.99602605326428,83
subject_610,70,Frontal,UTL_IMF,-0.027191403349793686,0.8072202423578864,83
subject_610,70,Frontal,UTR_IMF,-0.040525186607256396,0.7160429724853372,83
subject_610,70,Horizontal,MTL_IMF,-0.23994290284355274,0.028899371937148116,83
subject_610,70,Horizontal,MTR_IMF,0.16172532864184477,0.14410396306836376,83
subject_610,70,Horizontal,SCML_IMF,-0.1437377378494085,0.1948387392227632,83
subject_610,70,Horizontal,SCMR_IMF,-0.15650346656553096,0.15768098887049345,83
subject_610,70,Horizontal,STL_IMF,-0.21791148677481878,0.047814670951387285,83
subject_610,70,Horizontal,STR_IMF,-0.3056882740664304,0.004949168305634257,83
subject_610,70,Horizontal,UTL_IMF,-0.20513350243055836,0.06283612300156954,83
subject_610,70,Horizontal,UTR_IMF,-0.1978076543035032,0.07304648281510798,83
subject_610,80,Sagittal,MTL_IMF,-0.21189915415231944,0.05298751863958126,84
subject_610,80,Sagittal,MTR_IMF,0.09939059069604066,0.3683807930819653,84
subject_610,80,Sagittal,SCML_IMF,-0.23278267008455683,0.03309845776674817,84
subject_610,80,Sagittal,SCMR_IMF,-0.13478254683834565,0.2215641422755464,84
subject_610,80,Sagittal,STL_IMF,-0.19935050781316685,0.06906487386845207,84
subject_610,80,Sagittal,STR_IMF,-0.05344352990294175,0.629220730153012,84
subject_610,80,Sagittal,UTL_IMF,0.2687005091567346,0.013458036667846049,84
subject_610,80,Sagittal,UTR_IMF,0.07367458713759692,0.5053938045434858,84
subject_610,80,Frontal,MTL_IMF,0.17772030911408668,0.10580697121083514,84
subject_610,80,Frontal,MTR_IMF,-0.15878267204442184,0.1491243329281554,84
subject_610,80,Frontal,SCML_IMF,0.18241555129339423,0.09675737040597525,84
subject_610,80,Frontal,SCMR_IMF,0.04470271469428166,0.6863817843106226,84
subject_610,80,Frontal,STL_IMF,0.21201222933039124,0.05285798413922129,84
subject_610,80,Frontal,STR_IMF,0.05471144625645533,0.6210973694721267,84
subject_610,80,Frontal,UTL_IMF,-0.31708936216092176,0.0032941423367884885,84
subject_610,80,Frontal,UTR_IMF,-0.17306263890872473,0.11542207044886202,84
subject_610,80,Horizontal,MTL_IMF,-0.015848883147994215,0.8862192135643344,84
subject_610,80,Horizontal,MTR_IMF,-0.17206400173034117,0.11756879191854709,84
subject_610,80,Horizontal,SCML_IMF,0.013582005417868501,0.9024067800748719,84
subject_610,80,Horizontal,SCMR_IMF,0.04529238927844894,0.6824650397127643,84
subject_610,80,Horizontal,STL_IMF,-0.16084015354045922,0.14385892897800692,84
subject_610,80,Horizontal,STR_IMF,-0.15404018527815005,0.16180912889235188,84
subject_610,80,Horizontal,UTL_IMF,-0.17435537856048505,0.1126882133202672,84
subject_610,80,Horizontal,UTR_IMF,-0.0022651016031624044,0.9836852309457175,84
subject_610,90,Sagittal,MTL_IMF,-0.17503793212277438,0.11348240452710537,83
subject_610,90,Sagittal,MTR_IMF,0.19742120369287994,0.07362005991099893,83
subject_610,90,Sagittal,SCML_IMF,-0.2118404547489483,0.05453404303589601,83
subject_610,90,Sagittal,SCMR_IMF,-0.4021868615010182,0.00016390718133338643,83
subject_610,90,Sagittal,STL_IMF,-0.07199739662265735,0.5177483602818571,83
subject_610,90,Sagittal,STR_IMF,-0.044900194762423296,0.6869041192671289,83
subject_610,90,Sagittal,UTL_IMF,0.1221804436945232,0.27117343641049396,83
subject_610,90,Sagittal,UTR_IMF,0.14348338711744316,0.19563816640838524,83
subject_610,90,Frontal,MTL_IMF,0.14516668886746448,0.19039121937580794,83
subject_610,90,Frontal,MTR_IMF,-0.1589569617042199,0.15118791739001636,83
subject_610,90,Frontal,SCML_IMF,0.03352819757726205,0.7634842075727377,83
subject_610,90,Frontal,SCMR_IMF,0.42637795360713526,5.83948383499292e-05,83
subject_610,90,Frontal,STL_IMF,-0.012185517197650432,0.912936182884912,83
subject_610,90,Frontal,STR_IMF,-0.0008799681066106913,0.9937005201078722,83
subject_610,90,Frontal,UTL_IMF,-0.05587830944776168,0.6158451702413934,83
subject_610,90,Frontal,UTR_IMF,-0.24123144549625258,0.028024173838912765,83
subject_610,90,Horizontal,MTL_IMF,-0.004610556888602356,0.9670030320878793,83
subject_610,90,Horizontal,MTR_IMF,-0.1682915115915973,0.12830352329875702,83
subject_610,90,Horizontal,SCML_IMF,0.05762228085952432,0.6048540748316471,83
subject_610,90,Horizontal,SCMR_IMF,0.011528389794962842,0.9176143880426734,83
subject_610,90,Horizontal,STL_IMF,-0.1337834361615673,0.22790625965286898,83
subject_610,90,Horizontal,STR_IMF,-0.147624653913921,0.18291341277865591,83
subject_610,90,Horizontal,UTL_IMF,-0.17524533151960459,0.11304869511080824,83
subject_610,90,Horizontal,UTR_IMF,0.03689821221788767,0.7405134746851537,83
subject_611,10,Sagittal,MTL_IMF,-0.04623867973981411,0.5807675482864149,145
subject_611,10,Sagittal,MTR_IMF,-0.00740649829982151,0.9295465638997246,145
subject_611,10,Sagittal,SCML_IMF,-0.024060330890326165,0.7739142032033242,145
subject_611,10,Sagittal,SCMR_IMF,-0.07038559764719805,0.4002005052200422,145
subject_611,10,Sagittal,STL_IMF,0.12369300029125709,0.138269000449841,145
subject_611,10,Sagittal,STR_IMF,-0.1266584330941949,0.12899178219441593,145
subject_611,10,Sagittal,UTL_IMF,0.14409731547040924,0.08377690960175078,145
subject_611,10,Sagittal,UTR_IMF,0.3654575723895272,6.1852532908309356e-06,145
subject_611,10,Frontal,MTL_IMF,-0.015489428366027253,0.8532963452683732,145
subject_611,10,Frontal,MTR_IMF,-0.0507958115519969,0.5440098834648978,145
subject_611,10,Frontal,SCML_IMF,-0.013585841263154236,0.8711587974923439,145
subject_611,10,Frontal,SCMR_IMF,-0.07706727451713487,0.3568666533871999,145
subject_611,10,Frontal,STL_IMF,-0.08715709958906498,0.297220697648887,145
subject_611,10,Frontal,STR_IMF,-0.1500304281162017,0.07167478819679259,145
subject_611,10,Frontal,UTL_IMF,0.15963731829869288,0.055114951336971425,145
subject_611,10,Frontal,UTR_IMF,0.3203406056473748,8.563662871648087e-05,145
subject_611,10,Horizontal,MTL_IMF,0.06133930834484964,0.4636067493289084,145
subject_611,10,Horizontal,MTR_IMF,0.10893370628597858,0.19214244879714454,145
subject_611,10,Horizontal,SCML_IMF,-0.01765394072534387,0.833076027651483,145
subject_611,10,Horizontal,SCMR_IMF,0.02598732043575908,0.7563535390773584,145
subject_611,10,Horizontal,STL_IMF,-0.1071697574357224,0.199483682812257,145
subject_611,10,Horizontal,STR_IMF,0.024624662416984702,0.7687591370017963,145
subject_611,10,Horizontal,UTL_IMF,0.0893686127913838,0.28508448826653,145
subject_611,10,Horizontal,UTR_IMF,0.0336350089519996,0.6879583002936589,145
subject_611,20,Sagittal,MTL_IMF,0.06301443862766662,0.4530565696264895,144
subject_611,20,Sagittal,MTR_IMF,-0.02153783611899877,0.7977723013848235,144
subject_611,20,Sagittal,SCML_IMF,-0.010399842181930009,0.9015419010341947,144
subject_611,20,Sagittal,SCMR_IMF,-0.12608331989266996,0.1321109723691246,144
subject_611,20,Sagittal,STL_IMF,0.0693819025748063,0.40862093718649445,144
subject_611,20,Sagittal,STR_IMF,0.030017745544024362,0.7209764865092505,144
subject_611,20,Sagittal,UTL_IMF,0.27567340404750007,0.0008249216381623084,144
subject_611,20,Sagittal,UTR_IMF,0.34112807397223605,2.8633917891663303e-05,144
subject_611,20,Frontal,MTL_IMF,0.010106507204121174,0.9043055772628945,144
subject_611,20,Frontal,MTR_IMF,-0.012627019936085832,0.8805992317729227,144
subject_611,20,Frontal,SCML_IMF,0.08050781085282205,0.33744190630822324,144
subject_611,20,Frontal,SCMR_IMF,0.0870872082394711,0.29931107760702624,144
subject_611,20,Frontal,STL_IMF,-0.033729992643657614,0.6881650333302429,144
subject_611,20,Frontal,STR_IMF,0.11892591056598678,0.15569016972734198,144
subject_611,20,Frontal,UTL_IMF,0.2614060776522785,0.0015521670109032342,144
subject_611,20,Frontal,UTR_IMF,0.18025853959142935,0.030618766919899357,144
subject_611,20,Horizontal,MTL_IMF,-0.08771753094816685,0.2958135956557699,144
subject_611,20,Horizontal,MTR_IMF,-0.010941894222783993,0.8964380492805296,144
subject_611,20,Horizontal,SCML_IMF,0.03525350912002051,0.6748613066684616,144
subject_611,20,Horizontal,SCMR_IMF,0.024077633392767663,0.7745296739900607,144
subject_611,20,Horizontal,STL_IMF,-0.08265697228366325,0.3246606224278937,144
subject_611,20,Horizontal,STR_IMF,0.0855506142699728,0.3079511484543762,144
subject_611,20,Horizontal,UTL_IMF,-0.07634986486565455,0.3630641924681743,144
subject_611,20,Horizontal,UTR_IMF,-0.15488523242390673,0.06379264665616113,144
subject_611,30,Sagittal,MTL_IMF,0.04104344030096829,0.625242002036066,144
subject_611,30,Sagittal,MTR_IMF,0.09919410768986474,0.23685875293337424,144
subject_611,30,Sagittal,SCML_IMF,-0.07450864213322578,0.37478516726138617,144
subject_611,30,Sagittal,SCMR_IMF,-0.19101569146539746,0.021826719968903407,144
subject_611,30,Sagittal,STL_IMF,-0.026568630063474968,0.7519260816537616,144
subject_611,30,Sagittal,STR_IMF,-0.18262025105099744,0.028466180306466016,144
subject_611,30,Sagittal,UTL_IMF,0.08972748269925966,0.2848423633071739,144
subject_611,30,Sagittal,UTR_IMF,0.06997773831649373,0.4045985581835878,144
subject_611,30,Frontal,MTL_IMF,-0.06225385891550647,0.4585389155170021,144
subject_611,30,Frontal,MTR_IMF,0.06727473766405914,0.4230337473699871,144
subject_611,30,Frontal,SCML_IMF,-0.004180665027704604,0.9603367841983715,144
subject_611,30,Frontal,SCMR_IMF,-0.01404634280987022,0.867295051809325,144
subject_611,30,Frontal,STL_IMF,-0.07262138951013031,0.38703635590747265,144
subject_611,30,Frontal,STR_IMF,-0.05854066613415428,0.48582560072583025,144
subject_611,30,Frontal,UTL_IMF,0.02493348266906832,0.7667411799944645,144
subject_611,30,Frontal,UTR_IMF,-0.04302963692429461,0.6085861535850887,144
subject_611,30,Horizontal,MTL_IMF,0.0962044028509645,0.25135926936475167,144
subject_611,30,Horizontal,MTR_IMF,0.08294066053885249,0.32299710442927093,144
subject_611,30,Horizontal,SCML_IMF,0.08334532713037027,0.3206337156263631,144
subject_611,30,Horizontal,SCMR_IMF,0.08015117695213779,0.33959338300593445,144
subject_611,30,Horizontal,STL_IMF,0.05425698224617124,0.5183536283207156,144
subject_611,30,Horizontal,STR_IMF,0.15322531064477865,0.06672506498924956,144
subject_611,30,Horizontal,UTL_IMF,0.09738675839067436,0.24555308230564832,144
subject_611,30,Horizontal,UTR_IMF,-0.007617658274437175,0.9277973071045575,144
subject_611,40,Sagittal,MTL_IMF,-0.06243522807942301,0.45722825436267744,144
subject_611,40,Sagittal,MTR_IMF,0.023802239789838718,0.7770406646442515,144
subject_611,40,Sagittal,SCML_IMF,0.03184979939640746,0.7047155234143534,144
subject_611,40,Sagittal,SCMR_IMF,0.154994369558509,0.06360359436077935,144
subject_611,40,Sagittal,STL_IMF,-0.010832544517118748,0.8974673293901655,144
subject_611,40,Sagittal,STR_IMF,-0.12943367201248107,0.12206140750653559,144
subject_611,40,Sagittal,UTL_IMF,-0.01099297286553533,0.8959573183854773,144
subject_611,40,Sagittal,UTR_IMF,0.022674256799807408,0.7873492232734076,144
subject_611,40,Frontal,MTL_IMF,-0.046071509722681814,0.5834646308560516,144
subject_611,40,Frontal,MTR_IMF,0.10150456508951243,0.22606089885926975,144
subject_611,40,Frontal,SCML_IMF,0.022592101783132815,0.7881014983547537,144
subject_611,40,Frontal,SCMR_IMF,0.06658671206450534,0.42780279356720835,144
subject_611,40,Frontal,STL_IMF,0.06032290079956534,0.47262142842786176,144
subject_611,40,Frontal,STR_IMF,-0.10266073740499976,0.22079004769184257,144
subject_611,40,Frontal,UTL_IMF,-0.05132546325020443,0.5412389376565401,144
subject_611,40,Frontal,UTR_IMF,-0.12886655757608242,0.12371962001552986,144
subject_611,40,Horizontal,MTL_IMF,0.015438925610279495,0.8542775469081794,144
subject_611,40,Horizontal,MTR_IMF,0.09417191010792748,0.2615602629576044,144
subject_611,40,Horizontal,SCML_IMF,0.04386833121973104,0.6016122320592582,144
subject_611,40,Horizontal,SCMR_IMF,-0.011939827257747043,0.887052945878112,144
subject_611,40,Horizontal,STL_IMF,0.12911745524764656,0.12298387551384028,144
subject_611,40,Horizontal,STR_IMF,0.15324057354796666,0.06669760967968762,144
subject_611,40,Horizontal,UTL_IMF,-0.015119946597845678,0.857255948842451,144
subject_611,40,Horizontal,UTR_IMF,-0.06581616928601909,0.433180391387511,144
subject_611,50,Sagittal,MTL_IMF,-0.13673491821444406,0.10221611644030341,144
subject_611,50,Sagittal,MTR_IMF,0.12915771024788197,0.12286614520474172,144
subject_611,50,Sagittal,SCML_IMF,0.011553640123729537,0.8906830737744885,144
subject_611,50,Sagittal,SCMR_IMF,-0.0017760356256849232,0.9831445889989392,144
subject_611,50,Sagittal,STL_IMF,-0.16837832860604957,0.04365825080932073,144
subject_611,50,Sagittal,STR_IMF,-0.11411444072652153,0.1732320305991329,144
subject_611,50,Sagittal,UTL_IMF,0.051474748334209154,0.5400615697418856,144
subject_611,50,Sagittal,UTR_IMF,0.07248067903363373,0.3879593632682827,144
subject_611,50,Frontal,MTL_IMF,0.04984326042971471,0.552996994753264,144
subject_611,50,Frontal,MTR_IMF,0.15767522856749913,0.05910164425494102,144
subject_611,50,Frontal,SCML_IMF,0.10839148254488251,0.19595046111022538,144
subject_611,50,Frontal,SCMR_IMF,-0.05124069121445449,0.5419080741282133,144
subject_611,50,Frontal,STL_IMF,0.02204798385588255,0.7930887707664573,144
subject_611,50,Frontal,STR_IMF,0.028679900323495117,0.7329307976134042,144
subject_611,50,Frontal,UTL_IMF,-0.050909690798815244,0.5445246844605203,144
subject_611,50,Frontal,UTR_IMF,-0.12696143989495332,0.12941764956578453,144
subject_611,50,Horizontal,MTL_IMF,-0.10918275506543501,0.19268668279791343,144
subject_611,50,Horizontal,MTR_IMF,-0.019840074637453166,0.8134100487220217,144
subject_611,50,Horizontal,SCML_IMF,0.0699416764661727,0.4048413369846207,144
subject_611,50,Horizontal,SCMR_IMF,0.07872006155424947,0.3483142057513822,144
subject_611,50,Horizontal,STL_IMF,0.05714112068159914,0.49633132764485355,144
subject_611,50,Horizontal,STR_IMF,-0.0227309719657028,0.7868300096775728,144
subject_611,50,Horizontal,UTL_IMF,0.04814653686256318,0.5666070986098901,144
subject_611,50,Horizontal,UTR_IMF,-0.047858999445130036,0.5689292040523888,144
subject_611,60,Sagittal,MTL_IMF,0.046743403353239094,0.5779808964884646,144
subject_611,60,Sagittal,MTR_IMF,0.18193422775731943,0.029077744659565,144
subject_611,60,Sagittal,SCML_IMF,-0.020664561215722577,0.8058062600472136,144
subject_611,60,Sagittal,SCMR_IMF,-0.001987150205290909,0.9811413622037899,144
subject_611,60,Sagittal,STL_IMF,-0.16600717297072182,0.04675152688836662,144
subject_611,60,Sagittal,STR_IMF,-0.01216068897810516,0.8849779119034276,144
subject_611,60,Sagittal,UTL_IMF,0.07522016017082986,0.3702285733375022,144
subject_611,60,Sagittal,UTR_IMF,0.13133931062828616,0.11661513078834304,144
subject_611,60,Frontal,MTL_IMF,0.05004068465626734,0.5514237363193352,144
subject_611,60,Frontal,MTR_IMF,0.21825628433951513,0.008588580431007575,144
subject_611,60,Frontal,SCML_IMF,0.1170692795211692,0.16229403722711083,144
subject_611,60,Frontal,SCMR_IMF,0.025733546134831996,0.7594813639455377,144
subject_611,60,Frontal,STL_IMF,0.012323914974460759,0.883444876101056,144
subject_611,60,Frontal,STR_IMF,0.0741144496482319,0.37732429292307174,144
subject_611,60,Frontal,UTL_IMF,-0.03457295211264614,0.6807919831712438,144
subject_611,60,Frontal,UTR_IMF,-0.0036794213535278285,0.9650890241192275,144
subject_611,60,Horizontal,MTL_IMF,-0.08047048714935957,0.33766666327140793,144
subject_611,60,Horizontal,MTR_IMF,-0.10824192891233256,0.19657180540282637,144
subject_611,60,Horizontal,SCML_IMF,0.044788955791524525,0.5939983913720782,144
subject_611,60,Horizontal,SCMR_IMF,-0.12143414680668795,0.14709173280515042,144
subject_611,60,Horizontal,STL_IMF,0.015202540169066074,0.8564845533862911,144
subject_611,60,Horizontal,STR_IMF,-0.02918864330941851,0.7283771892255382,144
subject_611,60,Horizontal,UTL_IMF,0.09320282803961628,0.2665223772901295,144
subject_611,60,Horizontal,UTR_IMF,-0.021726343671324023,0.7960408149553374,144
subject_611,70,Sagittal,MTL_IMF,-0.021905690168619252,0.7943943966333944,144
subject_611,70,Sagittal,MTR_IMF,-0.05498230154927377,0.5127686920435065,144
subject_611,70,Sagittal,SCML_IMF,-0.22005895068326412,0.008042931938777463,144
subject_611,70,Sagittal,SCMR_IMF,0.06195236936929816,0.46072222907827276,144
subject_611,70,Sagittal,STL_IMF,-0.03097136751176233,0.7124961976744071,144
subject_611,70,Sagittal,STR_IMF,0.03537843290279862,0.6737748188051237,144
subject_611,70,Sagittal,UTL_IMF,-0.012105128169860684,0.8854998423804551,144
subject_611,70,Sagittal,UTR_IMF,0.10082326033242167,0.2292081726366955,144
subject_611,70,Frontal,MTL_IMF,-0.05522459070319475,0.5109100105054121,144
subject_611,70,Frontal,MTR_IMF,-0.038812965574026165,0.6441742377013209,144
subject_611,70,Frontal,SCML_IMF,-0.19046272129142308,0.02221880973971336,144
subject_611,70,Frontal,SCMR_IMF,0.09310613957100453,0.26702095614740046,144
subject_611,70,Frontal,STL_IMF,-0.10888323568187563,0.1939174357899523,144
subject_611,70,Frontal,STR_IMF,-0.1827345651749195,0.028365346545125913,144
subject_611,70,Frontal,UTL_IMF,0.04648157509690518,0.5801149829980294,144
subject_611,70,Frontal,UTR_IMF,0.04084994932909721,0.6268749293612327,144
subject_611,70,Horizontal,MTL_IMF,0.06443754602853462,0.4428976682291717,144
subject_611,70,Horizontal,MTR_IMF,-0.12384689328129223,0.13916438423536673,144
subject_611,70,Horizontal,SCML_IMF,0.12674612725840065,0.1300741081971267,144
subject_611,70,Horizontal,SCMR_IMF,-0.13782608508606478,0.09948197879687389,144
subject_611,70,Horizontal,STL_IMF,0.10770463643567414,0.19881584948032174,144
subject_611,70,Horizontal,STR_IMF,-0.13086255238107075,0.11795965026343203,144
subject_611,70,Horizontal,UTL_IMF,-0.032202600630611464,0.7015991303088605,144
subject_611,70,Horizontal,UTR_IMF,-0.03522822009187197,0.6750813322745342,144
subject_611,80,Sagittal,MTL_IMF,-0.11658207930522436,0.1640611137318627,144
subject_611,80,Sagittal,MTR_IMF,-0.047556457649125805,0.571377327806881,144
subject_611,80,Sagittal,SCML_IMF,-0.15498185645037815,0.06362524686521823,144
subject_611,80,Sagittal,SCMR_IMF,0.0765785883545887,0.36162419049568856,144
subject_611,80,Sagittal,STL_IMF,0.10468817935158052,0.21175881937587115,144
subject_611,80,Sagittal,STR_IMF,0.05526264171102832,0.5106184252176467,144
subject_611,80,Sagittal,UTL_IMF,0.08198888919061348,0.32859994749525756,144
subject_611,80,Sagittal,UTR_IMF,-0.035390551865530126,0.6736694534645092,144
subject_611,80,Frontal,MTL_IMF,0.02897619492809971,0.7302776094154935,144
subject_611,80,Frontal,MTR_IMF,-0.12283407283496381,0.1424515411362653,144
subject_611,80,Frontal,SCML_IMF,-0.2595983646429663,0.0016775283736657342,144
subject_611,80,Frontal,SCMR_IMF,0.03196104127141084,0.7037323600972688,144
subject_611,80,Frontal,STL_IMF,-0.18353143108882533,0.02767087319478177,144
subject_611,80,Frontal,STR_IMF,-0.10120987995418192,0.22741842570555457,144
subject_611,80,Frontal,UTL_IMF,0.16980845157141408,0.041876657094793705,144
subject_611,80,Frontal,UTR_IMF,-0.04570796046559823,0.5864417449880287,144
subject_611,80,Horizontal,MTL_IMF,0.05291598839822105,0.5287605523548882,144
subject_611,80,Horizontal,MTR_IMF,-0.024924972646684314,0.7668185106170112,144
subject_611,80,Horizontal,SCML_IMF,-0.01829968920938737,0.8276623770059307,144
subject_611,80,Horizontal,SCMR_IMF,-0.10676385156825634,0.20278962758350233,144
subject_611,80,Horizontal,STL_IMF,0.06356288282371082,0.4491261497968924,144
subject_611,80,Horizontal,STR_IMF,-0.0681676577727044,0.4168906313582208,144
subject_611,80,Horizontal,UTL_IMF,0.01017031692936673,0.9037042906415752,144
subject_611,80,Horizontal,UTR_IMF,0.0239065202849166,0.7760895806630039,144
subject_611,90,Sagittal,MTL_IMF,-0.0980965147383102,0.24211272865262642,144
subject_611,90,Sagittal,MTR_IMF,-0.03626776660123708,0.6660596622756955,144
subject_611,90,Sagittal,SCML_IMF,-0.18792238424396004,0.024098882109211357,144
subject_611,90,Sagittal,SCMR_IMF,-0.09291840004142453,0.2679908558399151,144
subject_611,90,Sagittal,STL_IMF,0.11356750302613701,0.17531507248974143,144
subject_611,90,Sagittal,STR_IMF,-0.1618660217933024,0.05259086738962937,144
subject_611,90,Sagittal,UTL_IMF,0.10404996136508005,0.21457280246943833,144
subject_611,90,Sagittal,UTR_IMF,0.17097661241014636,0.040466955955979045,144
subject_611,90,Frontal,MTL_IMF,-0.14324894891748782,0.08673995042747079,144
subject_611,90,Frontal,MTR_IMF,-0.11017255619502106,0.18865990853656373,144
subject_611,90,Frontal,SCML_IMF,-0.0033000274969697007,0.9686868433669737,144
subject_611,90,Frontal,SCMR_IMF,-0.21893995039835842,0.00837790303098934,144
subject_611,90,Frontal,STL_IMF,0.15166776420146322,0.06957560604156289,144
subject_611,90,Frontal,STR_IMF,-0.29410320069454154,0.00034630769246868565,144
subject_611,90,Frontal,UTL_IMF,0.18789204886784563,0.024122133078538395,144
subject_611,90,Frontal,UTR_IMF,0.10544451733806927,0.20845831860272285,144
subject_611,90,Horizontal,MTL_IMF,0.1313942532285202,0.11646095405728217,144
subject_611,90,Horizontal,MTR_IMF,-0.014596512781169312,0.862147747212697,144
subject_611,90,Horizontal,SCML_IMF,-0.08872836014288295,0.290261521487926,144
subject_611,90,Horizontal,SCMR_IMF,0.09665052389184318,0.24915747158559548,144
subject_611,90,Horizontal,STL_IMF,-0.09406209883367349,0.2621193479650321,144
subject_611,90,Horizontal,STR_IMF,0.14912337924091465,0.07444435149626417,144
subject_611,90,Horizontal,UTL_IMF,-0.08829001234507043,0.2926606092350431,144
subject_611,90,Horizontal,UTR_IMF,-0.07284899207727644,0.3855461778313239,144
subject_612,10,Sagittal,MTL_IMF,0.19834787997778533,0.03604276000049046,112
subject_612,10,Sagittal,MTR_IMF,0.11055336247373775,0.24587688045016573,112
subject_612,10,Sagittal,SCML_IMF,0.007079178545367481,0.9409471824216317,112
subject_612,10,Sagittal,SCMR_IMF,-0.1310096118242972,0.16855445639389147,112
subject_612,10,Sagittal,STR_IMF,-0.252138287766435,0.0073200561893336106,112
subject_612,10,Sagittal,UTL_IMF,-0.005072516723219596,0.9576677097218664,112
subject_612,10,Sagittal,UTR_IMF,0.05138139408548844,0.5905598539822019,112
subject_612,10,Frontal,MTL_IMF,-0.11901833596574245,0.21134002423107004,112
subject_612,10,Frontal,MTR_IMF,-0.045410011751436836,0.6344816044414036,112
subject_612,10,Frontal,SCML_IMF,0.06522833135915153,0.4944199812970841,112
subject_612,10,Frontal,SCMR_IMF,0.10005495354901557,0.2938838061410526,112
subject_612,10,Frontal,STR_IMF,0.21175066683999808,0.025006766395072547,112
subject_612,10,Frontal,UTL_IMF,-0.002736982681582608,0.9771512273069312,112
subject_612,10,Frontal,UTR_IMF,-0.005448027825482846,0.9545371430476738,112
subject_612,10,Horizontal,MTL_IMF,-0.17830304153614027,0.059983505693538636,112
subject_612,10,Horizontal,MTR_IMF,-0.12855278730828174,0.17675164237712904,112
subject_612,10,Horizontal,SCML_IMF,-0.07724694306610472,0.41820214759070556,112
subject_612,10,Horizontal,SCMR_IMF,-0.020936594082183572,0.8265640488735677,112
subject_612,10,Horizontal,STR_IMF,0.028468225604970913,0.7657337739159655,112
subject_612,10,Horizontal,UTL_IMF,-0.06740680224080321,0.4800840210895153,112
subject_612,10,Horizontal,UTR_IMF,0.1243102305935961,0.19159039545696918,112
subject_612,20,Sagittal,MTL_IMF,0.0756762168635115,0.4277572888522318,112
subject_612,20,Sagittal,MTR_IMF,0.23000154039081247,0.014703457418550774,112
subject_612,20,Sagittal,SCML_IMF,0.053800411607376294,0.5731687522815991,112
subject_612,20,Sagittal,SCMR_IMF,0.12392881574960621,0.19296742527246946,112
subject_612,20,Sagittal,STR_IMF,0.12298998918435973,0.19638741255709588,112
subject_612,20,Sagittal,UTL_IMF,0.19561520167860172,0.03873546441983997,112
subject_612,20,Sagittal,UTR_IMF,0.17768757686412273,0.06088677796034451,112
subject_612,20,Frontal,MTL_IMF,0.059869733878311765,0.530622175667705,112
subject_612,20,Frontal,MTR_IMF,-0.10194011035047852,0.2848359038371874,112
subject_612,20,Frontal,SCML_IMF,-0.011357673352172689,0.9053912619066746,112
subject_612,20,Frontal,SCMR_IMF,-0.07888273212875548,0.40838424078765934,112
subject_612,20,Frontal,STR_IMF,-0.17100694478824652,0.07142457802348347,112
subject_612,20,Frontal,UTL_IMF,-0.12379512648904663,0.19345177975466948,112
subject_612,20,Frontal,UTR_IMF,-0.19381079826593625,0.04060431692592518,112
subject_612,20,Horizontal,MTL_IMF,-0.1290692021987123,0.17500475921594066,112
subject_612,20,Horizontal,MTR_IMF,-0.0010160280511352507,0.9915170479278523,112
subject_612,20,Horizontal,SCML_IMF,0.02998705088992888,0.7536247081638519,112
subject_612,20,Horizontal,SCMR_IMF,-0.10211605429375727,0.28400103891472456,112
subject_612,20,Horizontal,STR_IMF,-0.037107938446296236,0.6976891832671309,112
subject_612,20,Horizontal,UTL_IMF,-0.17021597028513438,0.07276437169789769,112
subject_612,20,Horizontal,UTR_IMF,0.0187974023184289,0.844047706495133,112
subject_612,30,Sagittal,MTL_IMF,0.09503067790984311,0.3189172128164405,112
subject_612,30,Sagittal,MTR_IMF,0.10799673540466354,0.25703510179975214,112
subject_612,30,Sagittal,SCML_IMF,-0.1038205132878052,0.27599788515714874,112
subject_612,30,Sagittal,SCMR_IMF,0.06617104537215979,0.48818865692709607,112
subject_612,30,Sagittal,STR_IMF,0.13885590960777458,0.14425971230095555,112
subject_612,30,Sagittal,UTL_IMF,0.09514448426652995,0.3183353673848339,112
subject_612,30,Sagittal,UTR_IMF,0.13979269060113955,0.1415458858639573,112
subject_612,30,Frontal,MTL_IMF,0.10520426411948611,0.26961323229182466,112
subject_612,30,Frontal,MTR_IMF,-0.014779506119409263,0.8770851612310061,112
subject_612,30,Frontal,SCML_IMF,0.009330718449131829,0.9222170722034473,112
subject_612,30,Frontal,SCMR_IMF,-0.19390332685349992,0.04050668266551451,112
subject_612,30,Frontal,STR_IMF,-0.1254944356967795,0.1873604890869859,112
subject_612,30,Frontal,UTL_IMF,-0.02215912129077165,0.8166096817302833,112
subject_612,30,Frontal,UTR_IMF,-0.21860120377063244,0.020580964270613872,112
subject_612,30,Horizontal,MTL_IMF,-0.13566466885412204,0.153800226263097,112
subject_612,30,Horizontal,MTR_IMF,0.1158361057485467,0.22389334180449252,112
subject_612,30,Horizontal,SCML_IMF,0.10932558144580405,0.2511929227370204,112
subject_612,30,Horizontal,SCMR_IMF,0.002032611925815153,0.9830304018630449,112
subject_612,30,Horizontal,STR_IMF,0.0594822549291153,0.5332904517622439,112
subject_612,30,Horizontal,UTL_IMF,-0.11432220485419448,0.23004646160992342,112
subject_612,30,Horizontal,UTR_IMF,-0.011176093709455935,0.9068969646528571,112
subject_612,40,Sagittal,MTL_IMF,0.2838774961320736,0.0024194946946821936,112
subject_612,40,Sagittal,MTR_IMF,0.04090773795677466,0.668469566662376,112
subject_612,40,Sagittal,SCML_IMF,0.10885912343828559,0.25323317340688384,112
subject_612,40,Sagittal,SCMR_IMF,0.21496413570403802,0.022838641683914016,112
subject_612,40,Sagittal,STR_IMF,0.03407635832938714,0.7213252464295749,112
subject_612,40,Sagittal,UTL_IMF,0.22679180998987866,0.016188666623043316,112
subject_612,40,Sagittal,UTR_IMF,0.04764491977551585,0.617882766742846,112
subject_612,40,Frontal,MTL_IMF,-0.18249462901537045,0.05411927184131741,112
subject_612,40,Frontal,MTR_IMF,0.06745406445829283,0.47977549796284413,112
subject_612,40,Frontal,SCML_IMF,-0.11144194487774814,0.2420783619987141,112
subject_612,40,Frontal,SCMR_IMF,-0.23734824008410108,0.01174233039113225,112
subject_612,40,Frontal,STR_IMF,-0.03771514893755263,0.6929887140872418,112
subject_612,40,Frontal,UTL_IMF,-0.22170132726142652,0.018810799422420317,112
subject_612,40,Frontal,UTR_IMF,0.007069549640744732,0.9410273599292067,112
subject_612,40,Horizontal,MTL_IMF,-0.07246782188624008,0.44765952234989276,112
subject_612,40,Horizontal,MTR_IMF,0.11811381503927265,0.21485599062200206,112
subject_612,40,Horizontal,SCML_IMF,0.005140283973289268,0.9571026976660115,112
subject_612,40,Horizontal,SCMR_IMF,0.04395916833618715,0.6453557003696214,112
subject_612,40,Horizontal,STR_IMF,0.06567901616973529,0.49143573954522657,112
subject_612,40,Horizontal,UTL_IMF,0.006847294725707206,0.9428781838441416,112
subject_612,40,Horizontal,UTR_IMF,-0.011410695091569868,0.9049516557208547,112
subject_612,50,Sagittal,MTL_IMF,0.26648065936445914,0.004510323090227584,112
subject_612,50,Sagittal,MTR_IMF,-0.02227419141183592,0.8156742034964799,112
subject_612,50,Sagittal,SCML_IMF,0.10783561012804281,0.2577497490843179,112
subject_612,50,Sagittal,SCMR_IMF,0.2387307251360471,0.011247624493031932,112
subject_612,50,Sagittal,STR_IMF,0.11745589715668558,0.2174393743162614,112
subject_612,50,Sagittal,UTL_IMF,0.17542197250484626,0.06430806249369048,112
subject_612,50,Sagittal,UTR_IMF,0.03622879234592136,0.7045150094229891,112
subject_612,50,Frontal,MTL_IMF,-0.15237916921311678,0.10873175767070549,112
subject_612,50,Frontal,MTR_IMF,0.15166874776415437,0.11040979648254087,112
subject_612,50,Frontal,SCML_IMF,-0.010222740653672926,0.9148076939502464,112
subject_612,50,Frontal,SCMR_IMF,-0.21090199575026572,0.025607875874349317,112
subject_612,50,Frontal,STR_IMF,-0.03315102021042922,0.7285935916228774,112
subject_612,50,Frontal,UTL_IMF,-0.14043887774669928,0.1396965698126534,112
subject_612,50,Frontal,UTR_IMF,0.07180217426447474,0.45185270517603143,112
subject_612,50,Horizontal,MTL_IMF,0.03647759121841481,0.7025808858278609,112
subject_612,50,Horizontal,MTR_IMF,0.00965379016471044,0.9195327481611951,112
subject_612,50,Horizontal,SCML_IMF,-0.20828115029230104,0.027542613659405645,112
subject_612,50,Horizontal,SCMR_IMF,-0.045061517132919456,0.6370866005678605,112
subject_612,50,Horizontal,STR_IMF,0.10789129632404777,0.2575026076638214,112
subject_612,50,Horizontal,UTL_IMF,-0.015017231542233781,0.8751239746602633,112
subject_612,50,Horizontal,UTR_IMF,-0.029496116558045682,0.757532383956932,112
subject_612,60,Sagittal,MTL_IMF,-0.0405127758712893,0.6714846885470167,112
subject_612,60,Sagittal,MTR_IMF,-0.013937676675674372,0.8840359899069242,112
subject_612,60,Sagittal,SCML_IMF,-0.12255097502627922,0.19800160832285327,112
subject_612,60,Sagittal,SCMR_IMF,0.03799783512201984,0.6908043728669624,112
subject_612,60,Sagittal,STR_IMF,0.06342169749165198,0.5064780436774771,112
subject_612,60,Sagittal,UTL_IMF,-0.06414091655449908,0.5016595445212436,112
subject_612,60,Sagittal,UTR_IMF,0.09879935543141619,0.3000144601129501,112
subject_612,60,Frontal,MTL_IMF,0.06485376736032744,0.49690743698619944,112
subject_612,60,Frontal,MTR_IMF,0.11613534819828777,0.22269096608981473,112
subject_612,60,Frontal,SCML_IMF,0.032656932017996625,0.7324844818044381,112
subject_612,60,Frontal,SCMR_IMF,-0.07650327460596937,0.42271053837126765,112
subject_612,60,Frontal,STR_IMF,-0.04405315398010748,0.6446489740549944,112
subject_612,60,Frontal,UTL_IMF,0.07543661987760901,0.4292257603131352,112
subject_612,60,Frontal,UTR_IMF,-0.1005347632978063,0.29156310120137074,112
subject_612,60,Horizontal,MTL_IMF,-0.05435332278622932,0.5692275992660883,112
subject_612,60,Horizontal,MTR_IMF,-0.18585373683559098,0.049767769366457576,112
subject_612,60,Horizontal,SCML_IMF,-0.012511256229982576,0.89583352442036,112
subject_612,60,Horizontal,SCMR_IMF,-0.03666339636688196,0.7011377025747793,112
subject_612,60,Horizontal,STR_IMF,0.03408639758096716,0.7212465247122511,112
subject_612,60,Horizontal,UTL_IMF,-0.12249285422973333,0.19821602607617592,112
subject_612,60,Horizontal,UTR_IMF,-0.16560644108899886,0.08098088474737639,112
subject_612,70,Sagittal,MTL_IMF,-0.1279997199232754,0.17863668608211386,112
subject_612,70,Sagittal,MTR_IMF,0.02297820886295639,0.8099564854426089,112
subject_612,70,Sagittal,SCML_IMF,-0.05995916030850653,0.5300073138140226,112
subject_612,70,Sagittal,SCMR_IMF,-0.04022979909715283,0.673648134230524,112
subject_612,70,Sagittal,STR_IMF,0.09357353299060768,0.32642762800704267,112
subject_612,70,Sagittal,UTL_IMF,-0.0547774115393639,0.5662133682347684,112
subject_612,70,Sagittal,UTR_IMF,0.008934189510679426,0.925512926143071,112
subject_612,70,Frontal,MTL_IMF,0.17534591458069076,0.06442557851289961,112
subject_612,70,Frontal,MTR_IMF,0.07522123520361379,0.4305482995357422,112
subject_612,70,Frontal,SCML_IMF,-0.060017599370198606,0.5296057022122491,112
subject_612,70,Frontal,SCMR_IMF,-0.024648283194041453,0.796433349884578,112
subject_612,70,Frontal,STR_IMF,-0.12082789083484803,0.20442965677348862,112
subject_612,70,Frontal,UTL_IMF,0.04832219904921054,0.6128898070477231,112
subject_612,70,Frontal,UTR_IMF,0.015356518524843025,0.8723262384450702,112
subject_612,70,Horizontal,MTL_IMF,-0.0820835801989524,0.3895692727548881,112
subject_612,70,Horizontal,MTR_IMF,-0.011624481847627594,0.9031794306364156,112
subject_612,70,Horizontal,SCML_IMF,0.10538679280067449,0.26877856452398313,112
subject_612,70,Horizontal,SCMR_IMF,0.0913095892450799,0.3383193864051987,112
subject_612,70,Horizontal,STR_IMF,0.07219602394987217,0.4493690463679097,112
subject_612,70,Horizontal,UTL_IMF,-0.12618165545556576,0.18493718418572047,112
subject_612,70,Horizontal,UTR_IMF,-0.060869676727648654,0.523767344747279,112
subject_612,80,Sagittal,MTL_IMF,-0.04170176385539965,0.662423986364832,112
subject_612,80,Sagittal,MTR_IMF,-0.14885868490688883,0.11724566672811669,112
subject_612,80,Sagittal,SCML_IMF,-0.14533350091195182,0.12627923598530652,112
subject_612,80,Sagittal,SCMR_IMF,-0.06319099523556511,0.5080287311881093,112
subject_612,80,Sagittal,STR_IMF,-0.03485329096748463,0.7152416776038915,112
subject_612,80,Sagittal,UTL_IMF,0.005091953692393333,0.9575056510855109,112
subject_612,80,Sagittal,UTR_IMF,-0.13923478326747607,0.14315742736933112,112
subject_612,80,Frontal,MTL_IMF,0.12058305407759029,0.20535504222207734,112
subject_612,80,Frontal,MTR_IMF,0.07032641796534682,0.4612267437105119,112
subject_612,80,Frontal,SCML_IMF,0.1704410823822748,0.0723810162059415,112
subject_612,80,Frontal,SCMR_IMF,0.08427578436547836,0.3769886087657938,112
subject_612,80,Frontal,STR_IMF,-0.13987453592185628,0.14131063277649739,112
subject_612,80,Frontal,UTL_IMF,0.060731593430403394,0.5247112639497362,112
subject_612,80,Frontal,UTR_IMF,0.027192190157917174,0.7759511218930812,112
subject_612,80,Horizontal,MTL_IMF,0.01694378031038017,0.8592592513673112,112
subject_612,80,Horizontal,MTR_IMF,0.07120938210328813,0.45560530756653506,112
subject_612,80,Horizontal,SCML_IMF,0.06086335992523881,0.5238105068210436,112
subject_612,80,Horizontal,SCMR_IMF,0.24026792473504438,0.010719075969128024,112
subject_612,80,Horizontal,STR_IMF,0.19031629365345903,0.044438279037567696,112
subject_612,80,Horizontal,UTL_IMF,-0.04273430346924831,0.654594787364698,112
subject_612,80,Horizontal,UTR_IMF,0.1104823375266646,0.24618226739518878,112
subject_612,90,Sagittal,MTL_IMF,-0.05363886273698491,0.5760756932873506,111
subject_612,90,Sagittal,MTR_IMF,0.05046051074180963,0.598921836304564,111
subject_612,90,Sagittal,SCML_IMF,-0.059155777048129056,0.5374127792786565,111
subject_612,90,Sagittal,SCMR_IMF,0.004959802094688734,0.9587967860193964,111
subject_612,90,Sagittal,STR_IMF,0.15897690052463762,0.09559751777920732,111
subject_612,90,Sagittal,UTL_IMF,0.06513469895685194,0.49701738402380863,111
subject_612,90,Sagittal,UTR_IMF,-0.13582055432724346,0.1552134736758562,111
subject_612,90,Frontal,MTL_IMF,0.07380655865429468,0.4413896504130542,111
subject_612,90,Frontal,MTR_IMF,-0.10588135321777577,0.2687205681272783,111
subject_612,90,Frontal,SCML_IMF,0.17838448703844748,0.06104408730261116,111
subject_612,90,Frontal,SCMR_IMF,0.07715320372119372,0.4209013303317777,111
subject_612,90,Frontal,STR_IMF,-0.1855078341449442,0.05126242843138996,111
subject_612,90,Frontal,UTL_IMF,-0.13549225516509364,0.15622356969571205,111
subject_612,90,Frontal,UTR_IMF,0.008743414718389573,0.9274317674490079,111
subject_612,90,Horizontal,MTL_IMF,0.03865814409247543,0.6870740727810435,111
subject_612,90,Horizontal,MTR_IMF,-0.010169466574939669,0.9156364180569175,111
subject_612,90,Horizontal,SCML_IMF,-0.06582484353556205,0.49245952084601613,111
subject_612,90,Horizontal,SCMR_IMF,0.08410008110018521,0.38017425510658853,111
subject_612,90,Horizontal,STR_IMF,0.002713376686128069,0.977451881586915,111
subject_612,90,Horizontal,UTL_IMF,0.12412771115321761,0.19429120398082703,111
subject_612,90,Horizontal,UTR_IMF,0.09154428745695413,0.33928986080904183,111
subject_613,10,Sagittal,MTL_IMF,0.047712158511899944,0.6238869336187649,108
subject_613,10,Sagittal,MTR_IMF,0.21489512403246477,0.025520568579792905,108
subject_613,10,Sagittal,SCMR_IMF,-0.08042661398077058,0.40799127854344513,108
subject_613,10,Sagittal,STL_IMF,-0.1184728700302486,0.22201573018286,108
subject_613,10,Sagittal,STR_IMF,0.032774689051000255,0.7363191541106953,108
subject_613,10,Sagittal,UTL_IMF,-0.02205936992038419,0.820728806260225,108
subject_613,10,Sagittal,UTR_IMF,0.16873838353617307,0.08086022298323788,108
subject_613,10,Frontal,MTL_IMF,0.10392487045435567,0.28446043696447093,108
subject_613,10,Frontal,MTR_IMF,0.09149586791927472,0.3463124859714574,108
subject_613,10,Frontal,SCMR_IMF,-0.07754958869139149,0.4250193469294229,108
subject_613,10,Frontal,STL_IMF,-0.004664618435987023,0.961786124559491,108
subject_613,10,Frontal,STR_IMF,-0.048163578608940244,0.6206045278790709,108
subject_613,10,Frontal,UTL_IMF,0.11174813695883334,0.24956035590071693,108
subject_613,10,Frontal,UTR_IMF,0.04344941765130444,0.6552387413150991,108
subject_613,10,Horizontal,MTL_IMF,0.019835408665540802,0.8385433816119485,108
subject_613,10,Horizontal,MTR_IMF,0.019831060204851196,0.8385782971888416,108
subject_613,10,Horizontal,SCMR_IMF,-0.13993848689714422,0.14860425073258507,108
subject_613,10,Horizontal,STL_IMF,-0.10935887217296303,0.2598908300103418,108
subject_613,10,Horizontal,STR_IMF,0.08940586955359987,0.3574860366851132,108
subject_613,10,Horizontal,UTL_IMF,0.023155333909432047,0.8119826393457327,108
subject_613,10,Horizontal,UTR_IMF,0.07496504391741798,0.4406594052691054,108
subject_613,20,Sagittal,MTL_IMF,-0.029382516257584868,0.7627556480198011,108
subject_613,20,Sagittal,MTR_IMF,0.02450731214692986,0.8012252779325507,108
subject_613,20,Sagittal,SCMR_IMF,-0.18818130703637287,0.051135227793519776,108
subject_613,20,Sagittal,STL_IMF,-0.09844269210717127,0.3107704936820029,108
subject_613,20,Sagittal,STR_IMF,0.0024500088005223455,0.9799233526651439,108
subject_613,20,Sagittal,UTL_IMF,-0.18107351706184574,0.060736506831436686,108
subject_613,20,Sagittal,UTR_IMF,0.11696076555456689,0.22801393539273648,108
subject_613,20,Frontal,MTL_IMF,,,108
subject_613,20,Frontal,MTR_IMF,,,108
subject_613,20,Frontal,SCMR_IMF,,,108
subject_613,20,Frontal,STL_IMF,,,108
subject_613,20,Frontal,STR_IMF,,,108
subject_613,20,Frontal,UTL_IMF,,,108
subject_613,20,Frontal,UTR_IMF,,,108
subject_613,20,Horizontal,MTL_IMF,-0.0442032740323956,0.6496484053870094,108
subject_613,20,Horizontal,MTR_IMF,-0.09477633313849336,0.3292220865402453,108
subject_613,20,Horizontal,SCMR_IMF,-0.22883383150614894,0.01721240991821066,108
subject_613,20,Horizontal,STL_IMF,-0.17317760967869006,0.07307836368830223,108
subject_613,20,Horizontal,STR_IMF,0.1356984300210015,0.16142466935775854,108
subject_613,20,Horizontal,UTL_IMF,0.023590320290892582,0.8085176359372073,108
subject_613,20,Horizontal,UTR_IMF,0.0943637581833714,0.33134137100305094,108
subject_613,30,Sagittal,MTL_IMF,0.008214936076543665,0.9330729049076563,107
subject_613,30,Sagittal,MTR_IMF,0.012398446019428643,0.8991390508265512,107
subject_613,30,Sagittal,SCMR_IMF,-0.045895745586790916,0.638769025795295,107
subject_613,30,Sagittal,STL_IMF,-0.1041288633419786,0.28580444837508945,107
subject_613,30,Sagittal,STR_IMF,-0.044120384109200474,0.6518135766613976,107
subject_613,30,Sagittal,UTL_IMF,-0.13518444741411575,0.16504077407319775,107
subject_613,30,Sagittal,UTR_IMF,-0.021197956030774054,0.8284248254539329,107
subject_613,30,Frontal,MTL_IMF,-0.03759371180152224,0.7006517492979644,107
subject_613,30,Frontal,MTR_IMF,-0.022915917592544098,0.8147593443811185,107
subject_613,30,Frontal,SCMR_IMF,0.11456920275387247,0.2399678679809878,107
subject_613,30,Frontal,STL_IMF,0.049582515425573036,0.6120330542615009,107
subject_613,30,Frontal,STR_IMF,-0.05139036120837877,0.5991037224534981,107
subject_613,30,Frontal,UTL_IMF,0.12928886137235182,0.18442790802955614,107
subject_613,30,Frontal,UTR_IMF,0.07428671376728249,0.44698340673401593,107
subject_613,30,Horizontal,MTL_IMF,0.03799153993640762,0.6976371618035444,107
subject_613,30,Horizontal,MTR_IMF,-0.10699190422663354,0.27269134920410687,107
subject_613,30,Horizontal,SCMR_IMF,-0.021303816062086697,0.8275812385190786,107
subject_613,30,Horizontal,STL_IMF,-0.1730554662236092,0.07465974070419677,107
subject_613,30,Horizontal,STR_IMF,0.08253826577182555,0.39800043517048683,107
subject_613,30,Horizontal,UTL_IMF,0.07459497420993133,0.4450948371812045,107
subject_613,30,Horizontal,UTR_IMF,0.12790187291584165,0.18922104303963075,107
subject_613,40,Sagittal,MTL_IMF,-0.11887182247763493,0.32702384586117456,70
subject_613,40,Sagittal,MTR_IMF,0.08403036696884608,0.48917957567754056,70
subject_613,40,Sagittal,SCMR_IMF,0.003846633454665605,0.9747879577450282,70
subject_613,40,Sagittal,STL_IMF,-0.09927893266111315,0.41353192143161627,70
subject_613,40,Sagittal,STR_IMF,-0.13478199264695784,0.2659456688030213,70
subject_613,40,Sagittal,UTL_IMF,-0.062358722331797324,0.6080660817908795,70
subject_613,40,Sagittal,UTR_IMF,0.03166538632980699,0.7946889903452968,70
subject_613,40,Frontal,MTL_IMF,0.03505486902160392,0.7732719258403669,70
subject_613,40,Frontal,MTR_IMF,-0.08837059406503885,0.46693578612893727,70
subject_613,40,Frontal,SCMR_IMF,0.09596102755598401,0.4293890822611547,70
subject_613,40,Frontal,STL_IMF,0.07329166587473374,0.5465268142501261,70
subject_613,40,Frontal,STR_IMF,-0.1144749536890818,0.34535988592776407,70
subject_613,40,Frontal,UTL_IMF,0.028975128819569776,0.8117971048500883,70
subject_613,40,Frontal,UTR_IMF,0.15858957758622627,0.18976296342715873,70
subject_613,40,Horizontal,MTL_IMF,-0.05219926553030967,0.6678071224033656,70
subject_613,40,Horizontal,MTR_IMF,0.07690031006656725,0.5268985971785218,70
subject_613,40,Horizontal,SCMR_IMF,0.26907335546732225,0.024296397318381697,70
subject_613,40,Horizontal,STL_IMF,-0.17064569000490556,0.15783209913952428,70
subject_613,40,Horizontal,STR_IMF,0.04402095645784471,0.7174643939027266,70
subject_613,40,Horizontal,UTL_IMF,0.29825778708317047,0.012147338200229769,70
subject_613,40,Horizontal,UTR_IMF,-0.032984721966922155,0.7863335742184401,70
subject_613,50,Sagittal,MTL_IMF,-0.1834639986493998,0.4809086672765386,17
subject_613,50,Sagittal,MTR_IMF,0.5038976949206118,0.03917375676856179,17
subject_613,50,Sagittal,SCMR_IMF,0.23093137697597474,0.37251622920252664,17
subject_613,50,Sagittal,STL_IMF,0.1739622944251933,0.5042921827267162,17
subject_613,50,Sagittal,STR_IMF,-0.15761312097321156,0.5457425515074857,17
subject_613,50,Sagittal,UTL_IMF,-0.015097791828439693,0.9541381303541426,17
subject_613,50,Sagittal,UTR_IMF,0.27759290910100637,0.2807010046193806,17
subject_613,50,Frontal,MTL_IMF,0.22992160291922,0.3746688348835228,17
subject_613,50,Frontal,MTR_IMF,0.15328106861281335,0.5569728991935194,17
subject_613,50,Frontal,SCMR_IMF,-0.10206207261596575,0.696699244080777,17
subject_613,50,Frontal,STL_IMF,0.025721227986156017,0.9219411432871508,17
subject_613,50,Frontal,STR_IMF,-0.2573725866891273,0.3186294040510518,17
subject_613,50,Frontal,UTL_IMF,0.0,1.0,17
subject_613,50,Frontal,UTR_IMF,0.0,1.0,17
subject_613,50,Horizontal,MTL_IMF,-0.40874951630083556,0.10330595624979494,17
subject_613,50,Horizontal,MTR_IMF,0.051093689537604445,0.8455929169251749,17
subject_613,50,Horizontal,SCMR_IMF,0.10206207261596575,0.696699244080777,17
subject_613,50,Horizontal,STL_IMF,-0.33437596382002827,0.18958772962759826,17
subject_613,50,Horizontal,STR_IMF,0.30884710402695276,0.22774830854104994,17
subject_613,50,Horizontal,UTL_IMF,0.10231314820474689,0.6959865149103044,17
subject_613,50,Horizontal,UTR_IMF,0.07678215537139596,0.7695991031171173,17
subject_614,10,Sagittal,MTL_IMF,0.26232585828865684,0.003003266832003268,126
subject_614,10,Sagittal,SCML_IMF,0.06866757665492522,0.4448599818403508,126
subject_614,10,Sagittal,SCMR_IMF,0.13287689937026917,0.13800532429381662,126
subject_614,10,Sagittal,STL_IMF,0.16419200552612462,0.06618456443988015,126
subject_614,10,Sagittal,STR_IMF,0.06588305940999933,0.463581603783657,126
subject_614,10,Sagittal,UTL_IMF,-0.13084911794755275,0.14417293109880738,126
subject_614,10,Sagittal,UTR_IMF,0.04208767728533451,0.6398331666470162,126
subject_614,10,Frontal,MTL_IMF,0.09086974068717148,0.3115667230017814,126
subject_614,10,Frontal,SCML_IMF,0.221385464337645,0.01272861540499298,126
subject_614,10,Frontal,SCMR_IMF,-0.05490205411105434,0.5414691230815573,126
subject_614,10,Frontal,STL_IMF,0.007277364054459715,0.9355412404841237,126
subject_614,10,Frontal,STR_IMF,-0.024237900561073094,0.7876235522203051,126
subject_614,10,Frontal,UTL_IMF,0.09407100504238186,0.2947555921700353,126
subject_614,10,Frontal,UTR_IMF,0.20035039134831154,0.024488824508215882,126
subject_614,10,Horizontal,MTL_IMF,,,126
subject_614,10,Horizontal,SCML_IMF,,,126
subject_614,10,Horizontal,SCMR_IMF,,,126
subject_614,10,Horizontal,STL_IMF,,,126
subject_614,10,Horizontal,STR_IMF,,,126
subject_614,10,Horizontal,UTL_IMF,,,126
subject_614,10,Horizontal,UTR_IMF,,,126
subject_614,20,Sagittal,MTL_IMF,0.056518642321789866,0.5312820747127526,125
subject_614,20,Sagittal,SCML_IMF,-0.20396255597431473,0.022518873818970834,125
subject_614,20,Sagittal,SCMR_IMF,-0.034909376160585794,0.6991297535450478,125
subject_614,20,Sagittal,STL_IMF,-0.0388288730583397,0.667253189079168,125
subject_614,20,Sagittal,STR_IMF,-0.03088223621092732,0.7324361312689015,125
subject_614,20,Sagittal,UTL_IMF,-0.016256885307371252,0.8571970062632113,125
subject_614,20,Sagittal,UTR_IMF,0.21571084217453762,0.015691761754113704,125
subject_614,20,Frontal,MTL_IMF,0.0028311978903854764,0.9750017307490443,125
subject_614,20,Frontal,SCML_IMF,-0.08489831513209183,0.34652190656052156,125
subject_614,20,Frontal,SCMR_IMF,-0.07242106573156792,0.42219881573872375,125
subject_614,20,Frontal,STL_IMF,-0.12006274822125312,0.1823065921626638,125
subject_614,20,Frontal,STR_IMF,0.003963982088848296,0.9650051614071183,125
subject_614,20,Frontal,UTL_IMF,-0.09281958888429902,0.3032196507760595,125
subject_614,20,Frontal,UTR_IMF,0.2593341347217694,0.0034952460553626338,125
subject_614,20,Horizontal,MTL_IMF,,,125
subject_614,20,Horizontal,SCML_IMF,,,125
subject_614,20,Horizontal,SCMR_IMF,,,125
subject_614,20,Horizontal,STL_IMF,,,125
subject_614,20,Horizontal,STR_IMF,,,125
subject_614,20,Horizontal,UTL_IMF,,,125
subject_614,20,Horizontal,UTR_IMF,,,125
subject_614,30,Sagittal,MTL_IMF,-0.09450484766887919,0.29646587024391835,124
subject_614,30,Sagittal,SCML_IMF,-0.017237561307706126,0.8492938784463773,124
subject_614,30,Sagittal,SCMR_IMF,0.057146727525893934,0.5284135035165702,124
subject_614,30,Sagittal,STL_IMF,-0.001985658705167392,0.9825377421363929,124
subject_614,30,Sagittal,STR_IMF,-0.05204861728529144,0.5658945032755787,124
subject_614,30,Sagittal,UTL_IMF,0.11276711914972429,0.21240275887043464,124
subject_614,30,Sagittal,UTR_IMF,0.07802856826312513,0.38901566614609356,124
subject_614,30,Frontal,MTL_IMF,0.00928267366368075,0.9185004571948004,124
subject_614,30,Frontal,SCML_IMF,-0.002930165193767365,0.974233966129929,124
subject_614,30,Frontal,SCMR_IMF,0.051257709195912854,0.5718201952031656,124
subject_614,30,Frontal,STL_IMF,0.06986488408474832,0.44067962827213575,124
subject_614,30,Frontal,STR_IMF,0.04103362581574226,0.6509130585481151,124
subject_614,30,Frontal,UTL_IMF,-0.026372359151397153,0.7712451793404508,124
subject_614,30,Frontal,UTR_IMF,-0.10356415699612691,0.25235713081540256,124
subject_614,30,Horizontal,MTL_IMF,,,124
subject_614,30,Horizontal,SCML_IMF,,,124
subject_614,30,Horizontal,SCMR_IMF,,,124
subject_614,30,Horizontal,STL_IMF,,,124
subject_614,30,Horizontal,STR_IMF,,,124
subject_614,30,Horizontal,UTL_IMF,,,124
subject_614,30,Horizontal,UTR_IMF,,,124
subject_614,40,Sagittal,MTL_IMF,-0.03710378246993558,0.681214155052934,125
subject_614,40,Sagittal,SCML_IMF,0.0726258553494785,0.4208843274954003,125
subject_614,40,Sagittal,SCMR_IMF,-0.10643500908747244,0.23745029391561978,125
subject_614,40,Sagittal,STL_IMF,-0.11166937956488172,0.21503432025609878,125
subject_614,40,Sagittal,STR_IMF,-0.0033245429277354247,0.9706475020481913,125
subject_614,40,Sagittal,UTL_IMF,-0.07379486500736389,0.4134263416164834,125
subject_614,40,Sagittal,UTR_IMF,-0.01629234973995794,0.8568887990670435,125
subject_614,40,Frontal,MTL_IMF,0.03417400503338476,0.7051712917478666,125
subject_614,40,Frontal,SCML_IMF,0.12061336351430572,0.18029479274654722,125
subject_614,40,Frontal,SCMR_IMF,-0.06792080598923977,0.45167922114650344,125
subject_614,40,Frontal,STL_IMF,-0.014175587024172856,0.8753208705537785,125
subject_614,40,Frontal,STR_IMF,0.1388491258824095,0.1225217165754533,125
subject_614,40,Frontal,UTL_IMF,-0.026882916289206995,0.766012738505417,125
subject_614,40,Frontal,UTR_IMF,-0.1271782572351483,0.15755067978587997,125
subject_614,40,Horizontal,MTL_IMF,-0.02989848014897621,0.7406513191810181,125
subject_614,40,Horizontal,SCML_IMF,-0.1219981557798607,0.17530722588459136,125
subject_614,40,Horizontal,SCMR_IMF,-0.0771654261132516,0.39236035267633623,125
subject_614,40,Horizontal,STL_IMF,-0.15319740250199865,0.08806848799402525,125
subject_614,40,Horizontal,STR_IMF,-0.04857515991688621,0.5906126015853363,125
subject_614,40,Horizontal,UTL_IMF,-0.15187081919427006,0.09088817275862174,125
subject_614,40,Horizontal,UTR_IMF,-0.006225649611303939,0.9450642280312058,125
subject_614,50,Sagittal,MTL_IMF,-0.07933490889921767,0.3772093476295858,126
subject_614,50,Sagittal,SCML_IMF,-0.07672093352876604,0.39317869866887745,126
subject_614,50,Sagittal,SCMR_IMF,-0.48112996157250887,1.179553920960041e-08,126
subject_614,50,Sagittal,STL_IMF,-0.02208016165963891,0.8061397605759362,126
subject_614,50,Sagittal,STR_IMF,-0.07719968363161783,0.390224031450943,126
subject_614,50,Sagittal,UTL_IMF,-0.10001719783809411,0.2651513748906731,126
subject_614,50,Sagittal,UTR_IMF,-0.20197224675500133,0.023331386084495517,126
subject_614,50,Frontal,MTL_IMF,-0.04434374715507759,0.6219848794843323,126
subject_614,50,Frontal,SCML_IMF,0.14437131850123971,0.10677172807750467,126
subject_614,50,Frontal,SCMR_IMF,-0.2143948300748423,0.015922241320527778,126
subject_614,50,Frontal,STL_IMF,-0.08057922580080468,0.3697483794036393,126
subject_614,50,Frontal,STR_IMF,0.10348352079995128,0.24886041709831114,126
subject_614,50,Frontal,UTL_IMF,-0.08863927843900986,0.32364179638952567,126
subject_614,50,Frontal,UTR_IMF,-0.08818642676929345,0.3261297049676339,126
subject_614,50,Horizontal,MTL_IMF,-0.017232368401428343,0.8481187783158501,126
subject_614,50,Horizontal,SCML_IMF,-0.11316017640876964,0.20708656156542302,126
subject_614,50,Horizontal,SCMR_IMF,0.003689695645605691,0.9672926274985598,126
subject_614,50,Horizontal,STL_IMF,-0.15139411425199978,0.09060273544782052,126
subject_614,50,Horizontal,STR_IMF,-0.04308707383410586,0.6319004900675661,126
subject_614,50,Horizontal,UTL_IMF,-0.14885592724548383,0.09620586218867458,126
subject_614,50,Horizontal,UTR_IMF,0.012305450324119204,0.891222958501929,126
subject_614,60,Sagittal,MTL_IMF,-0.14073600214738308,0.11747255282887503,125
subject_614,60,Sagittal,SCML_IMF,0.17181615806122025,0.055373023976510546,125
subject_614,60,Sagittal,SCMR_IMF,0.02707828373330815,0.7643618100899905,125
subject_614,60,Sagittal,STL_IMF,-0.15216157114623105,0.0902641153873382,125
subject_614,60,Sagittal,STR_IMF,0.08068060911694987,0.37108986730200627,125
subject_614,60,Sagittal,UTL_IMF,-0.007044046806258079,0.9378562091904052,125
subject_614,60,Sagittal,UTR_IMF,0.1385012106303035,0.12347073844646968,125
subject_614,60,Frontal,MTL_IMF,,,125
subject_614,60,Frontal,SCML_IMF,,,125
subject_614,60,Frontal,SCMR_IMF,,,125
subject_614,60,Frontal,STL_IMF,,,125
subject_614,60,Frontal,STR_IMF,,,125
subject_614,60,Frontal,UTL_IMF,,,125
subject_614,60,Frontal,UTR_IMF,,,125
subject_614,60,Horizontal,MTL_IMF,,,125
subject_614,60,Horizontal,SCML_IMF,,,125
subject_614,60,Horizontal,SCMR_IMF,,,125
subject_614,60,Horizontal,STL_IMF,,,125
subject_614,60,Horizontal,STR_IMF,,,125
subject_614,60,Horizontal,UTL_IMF,,,125
subject_614,60,Horizontal,UTR_IMF,,,125
subject_614,70,Sagittal,MTL_IMF,-0.07139954300185007,0.42879108703833557,125
subject_614,70,Sagittal,SCML_IMF,0.05088569944207865,0.5730473687042249,125
subject_614,70,Sagittal,SCMR_IMF,0.301908460732801,0.0006222296827701943,125
subject_614,70,Sagittal,STL_IMF,0.026873205231287806,0.7660948280562923,125
subject_614,70,Sagittal,STR_IMF,0.1813756993008616,0.042940128520148765,125
subject_614,70,Sagittal,UTL_IMF,0.07707681441922747,0.392905809656011,125
subject_614,70,Sagittal,UTR_IMF,0.13393421100893624,0.13645995452000448,125
subject_614,70,Frontal,MTL_IMF,,,125
subject_614,70,Frontal,SCML_IMF,,,125
subject_614,70,Frontal,SCMR_IMF,,,125
subject_614,70,Frontal,STL_IMF,,,125
subject_614,70,Frontal,STR_IMF,,,125
subject_614,70,Frontal,UTL_IMF,,,125
subject_614,70,Frontal,UTR_IMF,,,125
subject_614,70,Horizontal,MTL_IMF,,,125
subject_614,70,Horizontal,SCML_IMF,,,125
subject_614,70,Horizontal,SCMR_IMF,,,125
subject_614,70,Horizontal,STL_IMF,,,125
subject_614,70,Horizontal,STR_IMF,,,125
subject_614,70,Horizontal,UTL_IMF,,,125
subject_614,70,Horizontal,UTR_IMF,,,125
subject_614,80,Sagittal,MTL_IMF,0.05301741218903074,0.5570620545666495,125
subject_614,80,Sagittal,SCML_IMF,-0.08320747098811535,0.3562454608384308,125
subject_614,80,Sagittal,SCMR_IMF,0.166471254702552,0.06352825990415574,125
subject_614,80,Sagittal,STL_IMF,0.07815007361992012,0.3863298411251726,125
subject_614,80,Sagittal,STR_IMF,0.15554230404829306,0.08325514556753577,125
subject_614,80,Sagittal,UTL_IMF,0.1658035758303525,0.06461257395740659,125
subject_614,80,Sagittal,UTR_IMF,-0.010260549154486868,0.9095811014032195,125
subject_614,80,Frontal,MTL_IMF,-0.011210376882082063,0.9012514954257174,125
subject_614,80,Frontal,SCML_IMF,0.12203436923512358,0.17517817526469984,125
subject_614,80,Frontal,SCMR_IMF,0.09707804024864493,0.2814768268218116,125
subject_614,80,Frontal,STL_IMF,0.05104428241365956,0.5718508192935652,125
subject_614,80,Frontal,STR_IMF,-0.1257660526743178,0.1622522522660066,125
subject_614,80,Frontal,UTL_IMF,-0.14314591769877869,0.11126014090690896,125
subject_614,80,Frontal,UTR_IMF,-0.04108170636188726,0.6491918201225619,125
subject_614,80,Horizontal,MTL_IMF,,,125
subject_614,80,Horizontal,SCML_IMF,,,125
subject_614,80,Horizontal,SCMR_IMF,,,125
subject_614,80,Horizontal,STL_IMF,,,125
subject_614,80,Horizontal,STR_IMF,,,125
subject_614,80,Horizontal,UTL_IMF,,,125
subject_614,80,Horizontal,UTR_IMF,,,125
subject_614,90,Sagittal,MTL_IMF,-0.05191252864376025,0.5669120381429485,124
subject_614,90,Sagittal,SCML_IMF,-0.014250181890333384,0.8751785050902454,124
subject_614,90,Sagittal,SCMR_IMF,0.0575556740498095,0.525461973352321,124
subject_614,90,Sagittal,STL_IMF,0.27077264810693236,0.0023525223041376037,124
subject_614,90,Sagittal,STR_IMF,0.09656769711396171,0.28600004827863157,124
subject_614,90,Sagittal,UTL_IMF,0.049448832826542034,0.5854811820645609,124
subject_614,90,Sagittal,UTR_IMF,-0.16027534665515009,0.07537275082175757,124
subject_614,90,Frontal,MTL_IMF,-0.010085167535160458,0.9114822429544138,124
subject_614,90,Frontal,SCML_IMF,0.10713919893069954,0.2362621717662336,124
subject_614,90,Frontal,SCMR_IMF,0.12850649956095553,0.15491015871859898,124
subject_614,90,Frontal,STL_IMF,0.06803585213855275,0.45276529403992977,124
subject_614,90,Frontal,STR_IMF,-0.12856217622809848,0.15472993716896125,124
subject_614,90,Frontal,UTL_IMF,-0.1373303300250255,0.12826636078906492,124
subject_614,90,Frontal,UTR_IMF,0.026466681480546036,0.7704496610533027,124
subject_614,90,Horizontal,MTL_IMF,,,124
subject_614,90,Horizontal,SCML_IMF,,,124
subject_614,90,Horizontal,SCMR_IMF,,,124
subject_614,90,Horizontal,STL_IMF,,,124
subject_614,90,Horizontal,STR_IMF,,,124
subject_614,90,Horizontal,UTL_IMF,,,124
subject_614,90,Horizontal,UTR_IMF,,,124
subject_615,10,Sagittal,MTL_IMF,0.03175527261035322,0.7384594278303352,113
subject_615,10,Sagittal,MTR_IMF,0.11759068686782018,0.21482145924403775,113
subject_615,10,Sagittal,SCML_IMF,0.13804114206515689,0.1448206642441864,113
subject_615,10,Sagittal,SCMR_IMF,-0.14657171889756662,0.12134950780127458,113
subject_615,10,Sagittal,STL_IMF,-0.015342777997916498,0.8718633899326235,113
subject_615,10,Sagittal,STR_IMF,-0.20983563273462982,0.025702430377358768,113
subject_615,10,Sagittal,UTL_IMF,-0.06462220838220963,0.4964937685975086,113
subject_615,10,Sagittal,UTR_IMF,-0.11452774613712104,0.22708986180700302,113
subject_615,10,Frontal,MTL_IMF,0.047787168718509736,0.6152288119543006,113
subject_615,10,Frontal,MTR_IMF,0.0017725854673983803,0.9851335998428034,113
subject_615,10,Frontal,SCML_IMF,0.016122663449398295,0.8654099121205897,113
subject_615,10,Frontal,SCMR_IMF,0.1622795930504623,0.08592840443368598,113
subject_615,10,Frontal,STL_IMF,0.2448410983037834,0.008957653884204041,113
subject_615,10,Frontal,STR_IMF,0.18317813483656917,0.052134041030302516,113
subject_615,10,Frontal,UTL_IMF,0.09542814700978534,0.3146884322152802,113
subject_615,10,Frontal,UTR_IMF,0.25155975327808144,0.007193502198280594,113
subject_615,10,Horizontal,MTL_IMF,-0.05254384916764229,0.5804548121985572,113
subject_615,10,Horizontal,MTR_IMF,0.13990828945576175,0.13941070320187923,113
subject_615,10,Horizontal,SCML_IMF,0.0944783625387715,0.31955113339558006,113
subject_615,10,Horizontal,SCMR_IMF,0.11006434879278289,0.24583675907323357,113
subject_615,10,Horizontal,STL_IMF,-0.12532354466605158,0.1859630316188573,113
subject_615,10,Horizontal,STR_IMF,-0.10891044631315207,0.25085263160956706,113
subject_615,10,Horizontal,UTL_IMF,-0.046600661215454975,0.6240416489945911,113
subject_615,10,Horizontal,UTR_IMF,0.007298948044824672,0.9388405555772386,113
subject_615,20,Sagittal,MTL_IMF,-0.025863176844869763,0.7866334566779548,112
subject_615,20,Sagittal,MTR_IMF,-0.04151859967734145,0.6638166617110481,112
subject_615,20,Sagittal,SCML_IMF,0.050565300948435574,0.5964805696739239,112
subject_615,20,Sagittal,SCMR_IMF,-0.13443153941502953,0.1576108581938645,112
subject_615,20,Sagittal,STL_IMF,0.1515210233732508,0.11076124680506233,112
subject_615,20,Sagittal,STR_IMF,0.13206049018094754,0.16513544704004196,112
subject_615,20,Sagittal,UTL_IMF,0.11595217441054706,0.22342642796891457,112
subject_615,20,Sagittal,UTR_IMF,0.2988322374103268,0.0013717620793454776,112
subject_615,20,Frontal,MTL_IMF,0.09240635888368398,0.33252455942339654,112
subject_615,20,Frontal,MTR_IMF,0.051010578757978056,0.5932467945214437,112
subject_615,20,Frontal,SCML_IMF,0.02981655852097719,0.7549810717836521,112
subject_615,20,Frontal,SCMR_IMF,0.009082770582816549,0.924277804968811,112
subject_615,20,Frontal,STL_IMF,0.0242983663659184,0.7992618969796274,112
subject_615,20,Frontal,STR_IMF,-0.009127925527975145,0.9239024775570165,112
subject_615,20,Frontal,UTL_IMF,0.1294477751123576,0.1737322519782148,112
subject_615,20,Frontal,UTR_IMF,-0.02250202310057441,0.8138227801478277,112
subject_615,20,Horizontal,MTL_IMF,-0.09497766896965797,0.3191884601343024,112
subject_615,20,Horizontal,MTR_IMF,0.06931588214908828,0.46770700758475814,112
subject_615,20,Horizontal,SCML_IMF,-0.0025662619595635964,0.9785760823156238,112
subject_615,20,Horizontal,SCMR_IMF,0.1505427785244884,0.11311061611007707,112
subject_615,20,Horizontal,STL_IMF,-0.114714384852222,0.22844121465759729,112
subject_615,20,Horizontal,STR_IMF,-0.06588766350981701,0.4900574035934649,112
subject_615,20,Horizontal,UTL_IMF,-0.19332878496143832,0.04111611498092846,112
subject_615,20,Horizontal,UTR_IMF,-0.1831339816112652,0.05326772703061786,112
subject_615,30,Sagittal,MTL_IMF,0.027602579314266497,0.7716538144147187,113
subject_615,30,Sagittal,MTR_IMF,0.23981052937469294,0.01051782565331594,113
subject_615,30,Sagittal,SCML_IMF,0.16495447100908284,0.08081527621033435,113
subject_615,30,Sagittal,SCMR_IMF,-0.15199140663934033,0.10803722763069205,113
subject_615,30,Sagittal,STL_IMF,0.039766086404425194,0.6758120748508067,113
subject_615,30,Sagittal,STR_IMF,0.278528945838564,0.002815160704497173,113
subject_615,30,Sagittal,UTL_IMF,-0.23501420695449876,0.012222417473058045,113
subject_615,30,Sagittal,UTR_IMF,0.2051313483108414,0.029289747100715583,113
subject_615,30,Frontal,MTL_IMF,0.019436160617010617,0.8380946135958984,113
subject_615,30,Frontal,MTR_IMF,-0.17823005385130666,0.058932361225729944,113
subject_615,30,Frontal,SCML_IMF,-0.16927231294155956,0.07307849391194995,113
subject_615,30,Frontal,SCMR_IMF,0.031093460679899387,0.7437192701528659,113
subject_615,30,Frontal,STL_IMF,-0.07591096872606035,0.4242170690607623,113
subject_615,30,Frontal,STR_IMF,-0.19848387762519668,0.035076961833678526,113
subject_615,30,Frontal,UTL_IMF,0.26567472214017196,0.00445429212337013,113
subject_615,30,Frontal,UTR_IMF,-0.1309129634781791,0.16693890080320525,113
subject_615,30,Horizontal,MTL_IMF,-0.006178968580825954,0.9482109117826981,113
subject_615,30,Horizontal,MTR_IMF,-0.1369226396116005,0.1481365985216514,113
subject_615,30,Horizontal,SCML_IMF,-0.09466807865377262,0.31857597080319056,113
subject_615,30,Horizontal,SCMR_IMF,0.06586235734672163,0.48824988268963604,113
subject_615,30,Horizontal,STL_IMF,-0.05559797615711647,0.5586176521523835,113
subject_615,30,Horizontal,STR_IMF,0.055579112300229404,0.5587513120965323,113
subject_615,30,Horizontal,UTL_IMF,-0.024709336828353964,0.795031127827421,113
subject_615,30,Horizontal,UTR_IMF,-0.009266560944418217,0.9223994258475159,113
subject_615,40,Sagittal,MTL_IMF,0.027300317362621302,0.7740869339512544,113
subject_615,40,Sagittal,MTR_IMF,0.22694688241090644,0.015636772755698674,113
subject_615,40,Sagittal,SCML_IMF,-0.14700640111850066,0.12023720391239233,113
subject_615,40,Sagittal,SCMR_IMF,-0.07889018589762048,0.4062078378350568,113
subject_615,40,Sagittal,STL_IMF,-0.03187635414317764,0.7374984125933705,113
subject_615,40,Sagittal,STR_IMF,0.19117630321106313,0.0425209418634134,113
subject_615,40,Sagittal,UTL_IMF,0.013268790636039855,0.8890653023821066,113
subject_615,40,Sagittal,UTR_IMF,0.17375843197598229,0.0656849227133065,113
subject_615,40,Frontal,MTL_IMF,-0.046662202055516556,0.6235832299228544,113
subject_615,40,Frontal,MTR_IMF,-0.028213164304243307,0.7667455599830979,113
subject_615,40,Frontal,SCML_IMF,-0.047919317290704685,0.6142506220281002,113
subject_615,40,Frontal,SCMR_IMF,-0.019943063160065007,0.8339319665148518,113
subject_615,40,Frontal,STL_IMF,0.0895126911019673,0.3457588588319603,113
subject_615,40,Frontal,STR_IMF,-0.0816526640130203,0.38991815610838043,113
subject_615,40,Frontal,UTL_IMF,0.007193730551770745,0.9397205268015022,113
subject_615,40,Frontal,UTR_IMF,-0.03614299989639275,0.703902559530353,113
subject_615,40,Horizontal,MTL_IMF,0.012359946025371112,0.8966201288218155,113
subject_615,40,Horizontal,MTR_IMF,-0.11015328486773059,0.24545306487520602,113
subject_615,40,Horizontal,SCML_IMF,0.07100504713756262,0.4548549064512253,113
subject_615,40,Horizontal,SCMR_IMF,0.0843894814548527,0.3741724651879612,113
subject_615,40,Horizontal,STL_IMF,-0.06795761102414406,0.47448880150544326,113
subject_615,40,Horizontal,STR_IMF,0.07822717583743856,0.4101762603360181,113
subject_615,40,Horizontal,UTL_IMF,-0.09375929859108724,0.32326467153191696,113
subject_615,40,Horizontal,UTR_IMF,-0.0164691876423087,0.8625452696066596,113
subject_615,50,Sagittal,MTL_IMF,0.05293669345893219,0.5793507571375043,112
subject_615,50,Sagittal,MTR_IMF,0.10216868500975426,0.28375162069616977,112
subject_615,50,Sagittal,SCML_IMF,0.0032851060026312423,0.9725770346374091,112
subject_615,50,Sagittal,SCMR_IMF,0.19624415995775585,0.03810122051055556,112
subject_615,50,Sagittal,STL_IMF,0.11841645216106507,0.21367500991857621,112
subject_615,50,Sagittal,STR_IMF,0.09327146007135732,0.327998642110254,112
subject_615,50,Sagittal,UTL_IMF,0.1651323300686854,0.08186652586635483,112
subject_615,50,Sagittal,UTR_IMF,0.09875570114854389,0.30022911086717025,112
subject_615,50,Frontal,MTL_IMF,0.006440251455224433,0.9462686113152533,112
subject_615,50,Frontal,MTR_IMF,0.1475647857824674,0.12050141366028241,112
subject_615,50,Frontal,SCML_IMF,-0.0032181569852001773,0.9731356921234768,112
subject_615,50,Frontal,SCMR_IMF,-0.10136306403491488,0.2875855060648832,112
subject_615,50,Frontal,STL_IMF,0.08106307629662755,0.3955106633857485,112
subject_615,50,Frontal,STR_IMF,0.02628459265427933,0.783241808870101,112
subject_615,50,Frontal,UTL_IMF,-0.003221401141019842,0.9731086208950332,112
subject_615,50,Frontal,UTR_IMF,0.07081352903742655,0.45812081086049145,112
subject_615,50,Horizontal,MTL_IMF,,,112
subject_615,50,Horizontal,MTR_IMF,,,112
subject_615,50,Horizontal,SCML_IMF,,,112
subject_615,50,Horizontal,SCMR_IMF,,,112
subject_615,50,Horizontal,STL_IMF,,,112
subject_615,50,Horizontal,STR_IMF,,,112
subject_615,50,Horizontal,UTL_IMF,,,112
subject_615,50,Horizontal,UTR_IMF,,,112
subject_615,60,Sagittal,MTL_IMF,0.2994112310153797,0.0012745959479924186,113
subject_615,60,Sagittal,MTR_IMF,0.20720756742198668,0.027657262607568223,113
subject_615,60,Sagittal,SCML_IMF,0.23111075221810753,0.013783199596202016,113
subject_615,60,Sagittal,SCMR_IMF,0.16006956055052932,0.09034468388141695,113
subject_615,60,Sagittal,STL_IMF,-0.09994673734836114,0.29221480573442493,113
subject_615,60,Sagittal,STR_IMF,-0.02599503207862968,0.7846189722480658,113
subject_615,60,Sagittal,UTL_IMF,0.050869366125247915,0.5925924602613989,113
subject_615,60,Sagittal,UTR_IMF,-0.045457150021098174,0.6325856635164713,113
subject_615,60,Frontal,MTL_IMF,-0.04965685579305742,0.601452467349766,113
subject_615,60,Frontal,MTR_IMF,0.14138847361991172,0.13523210344081138,113
subject_615,60,Frontal,SCML_IMF,0.008020721791484277,0.9328061470704704,113
subject_615,60,Frontal,SCMR_IMF,-0.022053450517455477,0.8166521706819253,113
subject_615,60,Frontal,STL_IMF,0.015547496541452597,0.8701685310374231,113
subject_615,60,Frontal,STR_IMF,-0.03859474308455505,0.6848473830945416,113
subject_615,60,Frontal,UTL_IMF,-0.0767713766143197,0.41896922273905735,113
subject_615,60,Frontal,UTR_IMF,0.09477101663459503,0.3180476631149384,113
subject_615,60,Horizontal,MTL_IMF,-0.0913510376890086,0.33590308864534707,113
subject_615,60,Horizontal,MTR_IMF,0.013044766815083335,0.8909266180790306,113
subject_615,60,Horizontal,SCML_IMF,-0.1449180170847465,0.12565381835827008,113
subject_615,60,Horizontal,SCMR_IMF,-0.013040531589216435,0.890961812457403,113
subject_615,60,Horizontal,STL_IMF,-0.11453936718576213,0.22704240208347468,113
subject_615,60,Horizontal,STR_IMF,-0.06955167276388677,0.4641618427859972,113
subject_615,60,Horizontal,UTL_IMF,0.1421552443118207,0.13310536535139145,113
subject_615,60,Horizontal,UTR_IMF,0.1522060611926214,0.10753445659407228,113
subject_615,70,Sagittal,MTL_IMF,0.202170635903399,0.031758651562696735,113
subject_615,70,Sagittal,MTR_IMF,0.2081523436070338,0.026940425117444475,113
subject_615,70,Sagittal,SCML_IMF,0.29030649769153527,0.0018137356472787125,113
subject_615,70,Sagittal,SCMR_IMF,0.20615711335923714,0.028473268645789803,113
subject_615,70,Sagittal,STL_IMF,0.026850208030880368,0.7777142353427486,113
subject_615,70,Sagittal,STR_IMF,-0.016892699183981244,0.8590466122687772,113
subject_615,70,Sagittal,UTL_IMF,-0.0589315256616435,0.5352415674696953,113
subject_615,70,Sagittal,UTR_IMF,0.027058415901715996,0.7760357488664855,113
subject_615,70,Frontal,MTL_IMF,-0.10215611382090306,0.2816232984242029,113
subject_615,70,Frontal,MTR_IMF,-0.0022037796699679113,0.9815178164223095,113
subject_615,70,Frontal,SCML_IMF,0.028646392185038054,0.7632685880528272,113
subject_615,70,Frontal,SCMR_IMF,0.11091457060733256,0.24218562290520043,113
subject_615,70,Frontal,STL_IMF,-0.015434558166964095,0.8711034723327981,113
subject_615,70,Frontal,STR_IMF,0.05801378286903537,0.5416283039387653,113
subject_615,70,Frontal,UTL_IMF,-0.037507308906237304,0.693275482295164,113
subject_615,70,Frontal,UTR_IMF,-0.011754250277426537,0.9016601937401525,113
subject_615,70,Horizontal,MTL_IMF,-0.05220189840968092,0.5829241208068854,113
subject_615,70,Horizontal,MTR_IMF,0.04782941739456996,0.6149160053972715,113
subject_615,70,Horizontal,SCML_IMF,-0.14782222379601795,0.11817087986808195,113
subject_615,70,Horizontal,SCMR_IMF,-0.021738879102429998,0.8192225181444962,113
subject_615,70,Horizontal,STL_IMF,-0.1131107137936646,0.23292932770351865,113
subject_615,70,Horizontal,STR_IMF,-0.0014488997155867067,0.9878480719935413,113
subject_615,70,Horizontal,UTL_IMF,0.1422021092334635,0.13297621232476622,113
subject_615,70,Horizontal,UTR_IMF,0.1550932733019452,0.10094813282601607,113
subject_615,80,Sagittal,MTL_IMF,-0.06956825349702207,0.4660839794796209,112
subject_615,80,Sagittal,MTR_IMF,-0.004422688002129685,0.9630867060698713,112
subject_615,80,Sagittal,SCML_IMF,0.18901940962864935,0.04593574005299887,112
subject_615,80,Sagittal,SCMR_IMF,0.10823706309408608,0.25597168642330387,112
subject_615,80,Sagittal,STL_IMF,-0.0002455720991669681,0.9979496503145407,112
subject_615,80,Sagittal,STR_IMF,-0.04299886906529793,0.6525946994137223,112
subject_615,80,Sagittal,UTL_IMF,0.06547402182323742,0.49279194041207725,112
subject_615,80,Sagittal,UTR_IMF,-0.03381038261393217,0.7234119247608588,112
subject_615,80,Frontal,MTL_IMF,,,112
subject_615,80,Frontal,MTR_IMF,,,112
subject_615,80,Frontal,SCML_IMF,,,112
subject_615,80,Frontal,SCMR_IMF,,,112
subject_615,80,Frontal,STL_IMF,,,112
subject_615,80,Frontal,STR_IMF,,,112
subject_615,80,Frontal,UTL_IMF,,,112
subject_615,80,Frontal,UTR_IMF,,,112
subject_615,80,Horizontal,MTL_IMF,,,112
subject_615,80,Horizontal,MTR_IMF,,,112
subject_615,80,Horizontal,SCML_IMF,,,112
subject_615,80,Horizontal,SCMR_IMF,,,112
subject_615,80,Horizontal,STL_IMF,,,112
subject_615,80,Horizontal,STR_IMF,,,112
subject_615,80,Horizontal,UTL_IMF,,,112
subject_615,80,Horizontal,UTR_IMF,,,112
subject_615,90,Sagittal,MTL_IMF,0.23220103398439373,0.0137554331173946,112
subject_615,90,Sagittal,MTR_IMF,-0.11508295990194241,0.22693977281122998,112
subject_615,90,Sagittal,SCML_IMF,-0.11504296534563244,0.22710235967765569,112
subject_615,90,Sagittal,SCMR_IMF,0.17551202257820878,0.06416915310212769,112
subject_615,90,Sagittal,STL_IMF,0.18029117956416882,0.05714027126816299,112
subject_615,90,Sagittal,STR_IMF,-0.10804124367990406,0.25683793126664894,112
subject_615,90,Sagittal,UTL_IMF,0.15052871805488183,0.11314466408750215,112
subject_615,90,Sagittal,UTR_IMF,0.03143692826298274,0.7421207825011681,112
subject_615,90,Frontal,MTL_IMF,0.004279426143555938,0.9642816181102624,112
subject_615,90,Frontal,MTR_IMF,0.0950191130634316,0.3189763775633041,112
subject_615,90,Frontal,SCML_IMF,-0.13690913799283677,0.15002500905079072,112
subject_615,90,Frontal,SCMR_IMF,0.04706070535696467,0.6222036861241381,112
subject_615,90,Frontal,STL_IMF,-0.0008557186992984356,0.9928554532414106,112
subject_615,90,Frontal,STR_IMF,-0.060750313225053684,0.5245832475759061,112
subject_615,90,Frontal,UTL_IMF,0.09844259340370375,0.3017716393775488,112
subject_615,90,Frontal,UTR_IMF,0.08644995513286974,0.36475863483881166,112
subject_615,90,Horizontal,MTL_IMF,,,112
subject_615,90,Horizontal,MTR_IMF,,,112
subject_615,90,Horizontal,SCML_IMF,,,112
subject_615,90,Horizontal,SCMR_IMF,,,112
subject_615,90,Horizontal,STL_IMF,,,112
subject_615,90,Horizontal,STR_IMF,,,112
subject_615,90,Horizontal,UTL_IMF,,,112
subject_615,90,Horizontal,UTR_IMF,,,112
subject_616,10,Sagittal,MTL_IMF,0.023499728276420204,0.7972356010806673,122
subject_616,10,Sagittal,MTR_IMF,-0.0903157559518993,0.32250453068166446,122
subject_616,10,Sagittal,SCML_IMF,0.1329262846682922,0.14440288531939507,122
subject_616,10,Sagittal,SCMR_IMF,-0.16154217906092655,0.07546663200562209,122
subject_616,10,Sagittal,STL_IMF,0.13792877435296,0.129762106710225,122
subject_616,10,Sagittal,STR_IMF,0.23662570136115715,0.008688172717600185,122
subject_616,10,Sagittal,UTL_IMF,-0.009221112711750907,0.9197059304479146,122
subject_616,10,Sagittal,UTR_IMF,-0.3195691786618179,0.0003332513108976198,122
subject_616,10,Frontal,MTL_IMF,-0.08240023020143122,0.36890663254690015,121
subject_616,10,Frontal,MTR_IMF,0.14809073179645701,0.10500897130256974,121
subject_616,10,Frontal,SCML_IMF,-0.3826463351619312,1.4813435047576938e-05,121
subject_616,10,Frontal,SCMR_IMF,0.2409783848198466,0.007753830393373661,121
subject_616,10,Frontal,STL_IMF,-0.10630822694203584,0.245827286199488,121
subject_616,10,Frontal,STR_IMF,-0.27557841364162805,0.0022180691305824806,121
subject_616,10,Frontal,UTL_IMF,0.0902261344337588,0.3250198519358709,121
subject_616,10,Frontal,UTR_IMF,0.046174792327085726,0.6150213235026887,121
subject_616,10,Horizontal,MTL_IMF,-0.0017032494655329013,0.9851447693804958,122
subject_616,10,Horizontal,MTR_IMF,-0.13092043431059977,0.15061249225008796,122
subject_616,10,Horizontal,SCML_IMF,0.28098642627441356,0.0017181912799475727,122
subject_616,10,Horizontal,SCMR_IMF,-0.1670231295752794,0.06594786463581397,122
subject_616,10,Horizontal,STL_IMF,0.042778015091646165,0.6398927673332444,122
subject_616,10,Horizontal,STR_IMF,0.26189348087839687,0.003568662510192367,122
subject_616,10,Horizontal,UTL_IMF,-0.15524394608252534,0.08774009364020638,122
subject_616,10,Horizontal,UTR_IMF,-0.07636930351863455,0.4031184907795573,122
subject_616,20,Sagittal,MTL_IMF,-0.03744360708431744,0.682199024357625,122
subject_616,20,Sagittal,MTR_IMF,-0.07065379680058752,0.43932710053428187,122
subject_616,20,Sagittal,SCML_IMF,0.15258838832079377,0.09336974216164234,122
subject_616,20,Sagittal,SCMR_IMF,0.05047126887042985,0.5808890811923269,122
subject_616,20,Sagittal,STL_IMF,0.03649456390904496,0.6898350346681215,122
subject_616,20,Sagittal,STR_IMF,-0.08377061203094971,0.3589513375115669,122
subject_616,20,Sagittal,UTL_IMF,0.05057565122045598,0.5801060796661628,122
subject_616,20,Sagittal,UTR_IMF,-0.18983634967079382,0.03623243636555814,122
subject_616,20,Frontal,MTL_IMF,-0.1252831329689013,0.18811022151384701,112
subject_616,20,Frontal,MTR_IMF,0.009199383869439996,0.9233085507771713,112
subject_616,20,Frontal,SCML_IMF,-0.17027808902177574,0.07265842299826172,112
subject_616,20,Frontal,SCMR_IMF,0.027274839100271942,0.7752881627253936,112
subject_616,20,Frontal,STL_IMF,0.03122582512142152,0.7437923003374366,112
subject_616,20,Frontal,STR_IMF,0.05761420214762098,0.5462474804185157,112
subject_616,20,Frontal,UTL_IMF,0.009381256992181206,0.9217971013440289,112
subject_616,20,Frontal,UTR_IMF,0.018271283580481596,0.8483596693173326,112
subject_616,20,Horizontal,MTL_IMF,0.09477869326871759,0.2990710057270142,122
subject_616,20,Horizontal,MTR_IMF,-0.044460949087239444,0.6267741129474669,122
subject_616,20,Horizontal,SCML_IMF,0.14574984370131022,0.10918809701379868,122
subject_616,20,Horizontal,SCMR_IMF,0.010456662090611663,0.9089906821166313,122
subject_616,20,Horizontal,STL_IMF,-0.06540300631516581,0.4741581565071113,122
subject_616,20,Horizontal,STR_IMF,-0.03662707770722876,0.6887669308378759,122
subject_616,20,Horizontal,UTL_IMF,0.15436310194046696,0.08957667017539023,122
subject_616,20,Horizontal,UTR_IMF,-0.08366560216744483,0.3595561720961204,122
subject_616,30,Sagittal,MTL_IMF,0.07032148093765692,0.4414875775222359,122
subject_616,30,Sagittal,MTR_IMF,-0.03431039717028591,0.707526677349468,122
subject_616,30,Sagittal,SCML_IMF,-0.02033077206927519,0.8241021937576697,122
subject_616,30,Sagittal,SCMR_IMF,-0.10222213580268964,0.2625455477223819,122
subject_616,30,Sagittal,STL_IMF,-0.023787986975437696,0.7948029496777628,122
subject_616,30,Sagittal,STR_IMF,-0.13728286691523273,0.13158582196234894,122
subject_616,30,Sagittal,UTL_IMF,-0.06686180247680602,0.4643336935658272,122
subject_616,30,Sagittal,UTR_IMF,-0.12470961009303752,0.17111442776252989,122
subject_616,30,Frontal,MTL_IMF,-0.2708002344350939,0.0045874639953248164,108
subject_616,30,Frontal,MTR_IMF,0.01415085833322473,0.8844297368031473,108
subject_616,30,Frontal,SCML_IMF,0.13504052320951063,0.16348557586660234,108
subject_616,30,Frontal,SCMR_IMF,0.02477638150663404,0.7990887152981931,108
subject_616,30,Frontal,STL_IMF,0.15801162371513924,0.10241115648118353,108
subject_616,30,Frontal,STR_IMF,0.07284539362441085,0.453725369732495,108
subject_616,30,Frontal,UTL_IMF,0.035021658853334574,0.7189734283775311,108
subject_616,30,Frontal,UTR_IMF,0.00808872384903825,0.93378499297629,108
subject_616,30,Horizontal,MTL_IMF,0.2235136574224653,0.013332300076057632,122
subject_616,30,Horizontal,MTR_IMF,-0.05134832782206207,0.5743252639094947,122
subject_616,30,Horizontal,SCML_IMF,-0.013916153457089724,0.8790812976431152,122
subject_616,30,Horizontal,SCMR_IMF,-0.026622026111177435,0.7709944320620461,122
subject_616,30,Horizontal,STL_IMF,-0.06256112375931727,0.4936168269725008,122
subject_616,30,Horizontal,STR_IMF,-0.07189061425531236,0.43133908840147306,122
subject_616,30,Horizontal,UTL_IMF,0.10138535490484361,0.26649276978619857,122
subject_616,30,Horizontal,UTR_IMF,-0.04286412081498097,0.6392188127211376,122
subject_616,40,Sagittal,MTL_IMF,0.16885946444842082,0.06409872949459645,121
subject_616,40,Sagittal,MTR_IMF,-0.021980611546499145,0.8108684002969739,121
subject_616,40,Sagittal,SCML_IMF,0.10422035487544204,0.2552770499104029,121
subject_616,40,Sagittal,SCMR_IMF,-0.06104031827967012,0.5059900598971669,121
subject_616,40,Sagittal,STL_IMF,-0.06558982901229175,0.4747516375912758,121
subject_616,40,Sagittal,STR_IMF,-0.09055213981160909,0.32326758826623825,121
subject_616,40,Sagittal,UTL_IMF,-0.16805636124980353,0.06539342735036127,121
subject_616,40,Sagittal,UTR_IMF,-0.1835469100114635,0.04388231566285082,121
subject_616,40,Frontal,MTL_IMF,-0.29378039375477605,0.0014392968210397731,115
subject_616,40,Frontal,MTR_IMF,-0.008037374155262619,0.9320618258521892,115
subject_616,40,Frontal,SCML_IMF,-0.1153544621496096,0.21958672802673257,115
subject_616,40,Frontal,SCMR_IMF,-0.018389488481973533,0.8453401451459176,115
subject_616,40,Frontal,STL_IMF,0.053183759946358364,0.5724128484833688,115
subject_616,40,Frontal,STR_IMF,-0.01571291668511474,0.8676283205824682,115
subject_616,40,Frontal,UTL_IMF,0.08084543749777673,0.39039195565378737,115
subject_616,40,Frontal,UTR_IMF,0.1402245459543304,0.13499043090974033,115
subject_616,40,Horizontal,MTL_IMF,0.20721055166033261,0.022580040859669297,121
subject_616,40,Horizontal,MTR_IMF,0.006939320634188859,0.939784199211459,121
subject_616,40,Horizontal,SCML_IMF,0.019599727210151133,0.8310308975555069,121
subject_616,40,Horizontal,SCMR_IMF,0.03682424673806183,0.6884214680693316,121
subject_616,40,Horizontal,STL_IMF,0.025337935007473958,0.782649075808691,121
subject_616,40,Horizontal,STR_IMF,-0.006034191855816399,0.9476264504392419,121
subject_616,40,Horizontal,UTL_IMF,-0.06728591729676273,0.4633791482617551,121
subject_616,40,Horizontal,UTR_IMF,0.058210312085002505,0.5259469982462127,121
subject_616,50,Sagittal,MTL_IMF,-0.018109008274003725,0.8437120647889724,121
subject_616,50,Sagittal,MTR_IMF,-0.13713901203588064,0.13362294213335174,121
subject_616,50,Sagittal,SCML_IMF,-0.053792730640652674,0.5578738298517104,121
subject_616,50,Sagittal,SCMR_IMF,0.09276373618357725,0.31154123679939455,121
subject_616,50,Sagittal,STL_IMF,0.15271790386691966,0.09446831502728664,121
subject_616,50,Sagittal,STR_IMF,0.07581054142135925,0.4085488050759509,121
subject_616,50,Sagittal,UTL_IMF,-0.07604391532522686,0.4071034846760297,121
subject_616,50,Sagittal,UTR_IMF,-0.01731411791283108,0.8504906013086168,121
subject_616,50,Frontal,MTL_IMF,-0.03510779368168795,0.7058578626396061,118
subject_616,50,Frontal,MTR_IMF,-0.014413344852323201,0.8768920100609381,118
subject_616,50,Frontal,SCML_IMF,0.05832299198990332,0.530436431442214,118
subject_616,50,Frontal,SCMR_IMF,-0.048606103713438896,0.6011928516527865,118
subject_616,50,Frontal,STL_IMF,-0.24360975714099925,0.007854003998932007,118
subject_616,50,Frontal,STR_IMF,-0.07636083744785738,0.411155549318444,118
subject_616,50,Frontal,UTL_IMF,0.0247314892608166,0.7903674135810811,118
subject_616,50,Frontal,UTR_IMF,-0.17120820850339447,0.06378050631134059,118
subject_616,50,Horizontal,MTL_IMF,0.06969118504852737,0.4475117376401266,121
subject_616,50,Horizontal,MTR_IMF,-0.08293409539042017,0.36580197231812867,121
subject_616,50,Horizontal,SCML_IMF,-0.10576447203182403,0.2482646833053024,121
subject_616,50,Horizontal,SCMR_IMF,0.09167967084611191,0.3172541357353663,121
subject_616,50,Horizontal,STL_IMF,0.12620812592866654,0.1677710354537964,121
subject_616,50,Horizontal,STR_IMF,0.09401443950636516,0.3050339097647721,121
subject_616,50,Horizontal,UTL_IMF,-0.12351111908412495,0.17711422098940058,121
subject_616,50,Horizontal,UTR_IMF,-0.011480609838638176,0.9005394141598162,121
subject_616,60,Sagittal,MTL_IMF,-0.07640577205785089,0.4028932782526434,122
subject_616,60,Sagittal,MTR_IMF,-0.009649621629313815,0.9159879753620495,122
subject_616,60,Sagittal,SCML_IMF,0.00505078076178106,0.9559681850478435,122
subject_616,60,Sagittal,SCMR_IMF,0.16273143171093238,0.07331237048146225,122
subject_616,60,Sagittal,STL_IMF,0.08546854339145576,0.3492594243536045,122
subject_616,60,Sagittal,STR_IMF,0.06951340504179844,0.446766092377592,122
subject_616,60,Sagittal,UTL_IMF,0.09273282309867718,0.30967026178108825,122
subject_616,60,Sagittal,UTR_IMF,0.36122997925575634,4.355766403412133e-05,122
subject_616,60,Frontal,MTL_IMF,0.033903873569148896,0.7190639084103425,115
subject_616,60,Frontal,MTR_IMF,0.008649443401596542,0.9269019372282985,115
subject_616,60,Frontal,SCML_IMF,0.07270299085510246,0.4400207566849407,115
subject_616,60,Frontal,SCMR_IMF,0.037794300941753796,0.6884094882911294,115
subject_616,60,Frontal,STL_IMF,-0.04504038737703947,0.6326711735968118,115
subject_616,60,Frontal,STR_IMF,-0.079061999867689,0.40096492327395017,115
subject_616,60,Frontal,UTL_IMF,-0.05546980065989368,0.5559936661869127,115
subject_616,60,Frontal,UTR_IMF,-0.36900039310424826,4.948884972702323e-05,115
subject_616,60,Horizontal,MTL_IMF,-0.022851914761060042,0.8027096489071678,122
subject_616,60,Horizontal,MTR_IMF,-0.0007035410975798037,0.9938636353531669,122
subject_616,60,Horizontal,SCML_IMF,-0.08844909443247558,0.33264733746915376,122
subject_616,60,Horizontal,SCMR_IMF,0.029761034691773797,0.7448712117342041,122
subject_616,60,Horizontal,STL_IMF,0.03208225131448689,0.7257365895764032,122
subject_616,60,Horizontal,STR_IMF,0.14252837185371942,0.11733049003522023,122
subject_616,60,Horizontal,UTL_IMF,0.02448416944026565,0.7889359403820976,122
subject_616,60,Horizontal,UTR_IMF,0.22745066414696202,0.011751268498925143,122
subject_616,70,Sagittal,MTL_IMF,0.0822542046347569,0.36774677489114505,122
subject_616,70,Sagittal,MTR_IMF,0.06095576373423652,0.5047926157873822,122
subject_616,70,Sagittal,SCML_IMF,0.05919213805858076,0.5172202804992563,122
subject_616,70,Sagittal,SCMR_IMF,0.43659068798226225,4.975008183616512e-07,122
subject_616,70,Sagittal,STL_IMF,-0.02616690058335123,0.7748042086217215,122
subject_616,70,Sagittal,STR_IMF,0.12489357718698892,0.17047890639966437,122
subject_616,70,Sagittal,UTL_IMF,0.14983420502513642,0.09950694595038878,122
subject_616,70,Sagittal,UTR_IMF,0.4178143872185294,1.68206680777671e-06,122
subject_616,70,Frontal,MTL_IMF,-0.041383818603009374,0.6577525550981816,117
subject_616,70,Frontal,MTR_IMF,-0.05714922273342701,0.5405199806255206,117
subject_616,70,Frontal,SCML_IMF,0.02591767567503512,0.7814889617756575,117
subject_616,70,Frontal,SCMR_IMF,-0.12271729532905067,0.18746118507436038,117
subject_616,70,Frontal,STL_IMF,0.04442263235351012,0.6343735412613772,117
subject_616,70,Frontal,STR_IMF,-0.08369788802812266,0.3696194487999543,117
subject_616,70,Frontal,UTL_IMF,-0.17145180961256667,0.0645539247218544,117
subject_616,70,Frontal,UTR_IMF,-0.18203724133382013,0.049490878241074086,117
subject_616,70,Horizontal,MTL_IMF,0.0100569711815077,0.9124552898372059,122
subject_616,70,Horizontal,MTR_IMF,0.10095778650173483,0.2685251607831118,122
subject_616,70,Horizontal,SCML_IMF,0.08288715574776692,0.3640595502107393,122
subject_616,70,Horizontal,SCMR_IMF,0.2585156636212228,0.004039710311962636,122
subject_616,70,Horizontal,STL_IMF,-0.1050583069485207,0.24946440170405607,122
subject_616,70,Horizontal,STR_IMF,0.11046705594285189,0.22578092689317214,122
subject_616,70,Horizontal,UTL_IMF,0.10317580811085823,0.2580957679586634,122
subject_616,70,Horizontal,UTR_IMF,0.376093907407914,1.9621876201266487e-05,122
subject_616,80,Sagittal,MTL_IMF,-0.23422477595067664,0.00941265779713538,122
subject_616,80,Sagittal,MTR_IMF,-0.017283769149917548,0.850128637680308,122
subject_616,80,Sagittal,SCML_IMF,-0.023882354859319447,0.7940069938919164,122
subject_616,80,Sagittal,SCMR_IMF,0.05401814595640502,0.5545610245993782,122
subject_616,80,Sagittal,STL_IMF,-0.20746081322717952,0.02185401004074587,122
subject_616,80,Sagittal,STR_IMF,-0.08267608335333793,0.3652865970775074,122
subject_616,80,Sagittal,UTL_IMF,-0.06854785618109475,0.4531194925920001,122
subject_616,80,Sagittal,UTR_IMF,-0.25499338771886376,0.004589547633930969,122
subject_616,80,Frontal,MTL_IMF,0.09899772796664319,0.2840918825683756,119
subject_616,80,Frontal,MTR_IMF,-0.014314004483017794,0.8772099320283581,119
subject_616,80,Frontal,SCML_IMF,0.03869252570974457,0.676102937534166,119
subject_616,80,Frontal,SCMR_IMF,-0.04932103088571596,0.5942591157975489,119
subject_616,80,Frontal,STL_IMF,-0.013576377518966605,0.8834917301822642,119
subject_616,80,Frontal,STR_IMF,0.023649638855289545,0.7984916522296913,119
subject_616,80,Frontal,UTL_IMF,-0.06353451407585078,0.49242431115046237,119
subject_616,80,Frontal,UTR_IMF,-0.0008057412629615384,0.9930610265645088,119
subject_616,80,Horizontal,MTL_IMF,-0.16467265420942925,0.06990290343982163,122
subject_616,80,Horizontal,MTR_IMF,-0.08597891595831739,0.34637855838470344,122
subject_616,80,Horizontal,SCML_IMF,0.05868893392066433,0.5207946508854188,122
subject_616,80,Horizontal,SCMR_IMF,0.0014291532988270157,0.9875351434139609,122
subject_616,80,Horizontal,STL_IMF,-0.19569541902095527,0.030756638169179187,122
subject_616,80,Horizontal,STR_IMF,-0.21386764227530783,0.01801238064474695,122
subject_616,80,Horizontal,UTL_IMF,-0.03445707946502482,0.7063335339745165,122
subject_616,80,Horizontal,UTR_IMF,0.00751815096004378,0.934498024754474,122
subject_616,90,Sagittal,MTL_IMF,-0.05339134980663559,0.560820172047679,121
subject_616,90,Sagittal,MTR_IMF,0.031869865262174495,0.7285779555571577,121
subject_616,90,Sagittal,SCML_IMF,-0.18376903208724552,0.04362310750872596,121
subject_616,90,Sagittal,SCMR_IMF,-0.20381706280985648,0.02494147581161138,121
subject_616,90,Sagittal,STL_IMF,-0.1338187554350929,0.1433806592702446,121
subject_616,90,Sagittal,STR_IMF,-0.05600266473174788,0.541786279710712,121
subject_616,90,Sagittal,UTL_IMF,-0.11649608455173295,0.20319804270050837,121
subject_616,90,Sagittal,UTR_IMF,-0.07634567976474654,0.40523908188049057,121
subject_616,90,Frontal,MTL_IMF,-0.032209083745625366,0.7454961099506476,104
subject_616,90,Frontal,MTR_IMF,-0.027950841916283962,0.7782090551348775,104
subject_616,90,Frontal,SCML_IMF,-0.10344412867903344,0.29603053619608044,104
subject_616,90,Frontal,SCMR_IMF,-0.39091798027288194,4.0796958392736293e-05,104
subject_616,90,Frontal,STL_IMF,-0.10544628981965212,0.28673033815055726,104
subject_616,90,Frontal,STR_IMF,-0.04269078465205264,0.6669798516802687,104
subject_616,90,Frontal,UTL_IMF,-0.040540927302622494,0.6828265401178373,104
subject_616,90,Frontal,UTR_IMF,-0.24601416083713878,0.011823951970384607,104
subject_616,90,Horizontal,MTL_IMF,-0.07925269333919871,0.4171103168133179,107
subject_616,90,Horizontal,MTR_IMF,-0.1355350052022534,0.16393755642705962,107
subject_616,90,Horizontal,SCML_IMF,-0.10203606326463756,0.295651238161359,107
subject_616,90,Horizontal,SCMR_IMF,-0.11271831219311279,0.24769725654005156,107
subject_616,90,Horizontal,STL_IMF,-0.05091725710063721,0.6024754663370574,107
subject_616,90,Horizontal,STR_IMF,-0.08103274500274034,0.40669162323906655,107
subject_616,90,Horizontal,UTL_IMF,0.006166739432464739,0.9497341717864132,107
subject_616,90,Horizontal,UTR_IMF,0.0403317711716277,0.6800002332396691,107
subject_617,10,Sagittal,MTL_IMF,-0.09841996717643886,0.30188330893577525,112
subject_617,10,Sagittal,MTR_IMF,0.06609561326118593,0.48868571947419054,112
subject_617,10,Sagittal,SCML_IMF,0.15126578750773245,0.11137052950120671,112
subject_617,10,Sagittal,SCMR_IMF,-0.05874487413714569,0.5383866506974909,112
subject_617,10,Sagittal,STL_IMF,0.11463437769671501,0.22876805450247342,112
subject_617,10,Sagittal,STR_IMF,-0.07208708552334879,0.450055258810296,112
subject_617,10,Sagittal,UTL_IMF,0.14396433737462266,0.1299285550797821,112
subject_617,10,Sagittal,UTR_IMF,0.038184576306656365,0.6893627972590962,112
subject_617,10,Frontal,MTL_IMF,0.04131416356513544,0.6653724301317149,112
subject_617,10,Frontal,MTR_IMF,0.26663449715152077,0.004486322341721207,112
subject_617,10,Frontal,SCML_IMF,0.21134867821725772,0.02528997394657505,112
subject_617,10,Frontal,SCMR_IMF,-0.06973537888976358,0.46501087763795795,112
subject_617,10,Frontal,STL_IMF,0.13205510910572676,0.16515282210247828,112
subject_617,10,Frontal,STR_IMF,0.031166584210592787,0.7442615851796829,112
subject_617,10,Frontal,UTL_IMF,-0.11321686591290149,0.23461328607134518,112
subject_617,10,Frontal,UTR_IMF,0.16307524435521262,0.08579928573481421,112
subject_617,10,Horizontal,MTL_IMF,-0.10426987041409633,0.2739134870911496,112
subject_617,10,Horizontal,MTR_IMF,0.06818274862323957,0.4750322460711042,112
subject_617,10,Horizontal,SCML_IMF,-0.1677293325509633,0.07710897616800229,112
subject_617,10,Horizontal,SCMR_IMF,-0.029578518425509234,0.7568760621853278,112
subject_617,10,Horizontal,STL_IMF,0.022019258395205875,0.8177470631526534,112
subject_617,10,Horizontal,STR_IMF,-0.04408326937724575,0.6444225878636745,112
subject_617,10,Horizontal,UTL_IMF,0.2439091657606622,0.009553103255148082,112
subject_617,10,Horizontal,UTR_IMF,0.015510852271723413,0.8710541322644473,112
subject_617,20,Sagittal,MTL_IMF,,,112
subject_617,20,Sagittal,MTR_IMF,,,112
subject_617,20,Sagittal,SCML_IMF,,,112
subject_617,20,Sagittal,SCMR_IMF,,,112
subject_617,20,Sagittal,STL_IMF,,,112
subject_617,20,Sagittal,STR_IMF,,,112
subject_617,20,Sagittal,UTL_IMF,,,112
subject_617,20,Sagittal,UTR_IMF,,,112
subject_617,20,Frontal,MTL_IMF,,,112
subject_617,20,Frontal,MTR_IMF,,,112
subject_617,20,Frontal,SCML_IMF,,,112
subject_617,20,Frontal,SCMR_IMF,,,112
subject_617,20,Frontal,STL_IMF,,,112
subject_617,20,Frontal,STR_IMF,,,112
subject_617,20,Frontal,UTL_IMF,,,112
subject_617,20,Frontal,UTR_IMF,,,112
subject_617,20,Horizontal,MTL_IMF,-0.13382222638218183,0.1595196088988616,112
subject_617,20,Horizontal,MTR_IMF,0.06478601571225626,0.4973580728118117,112
subject_617,20,Horizontal,SCML_IMF,-0.16619380284265015,0.079894348227699,112
subject_617,20,Horizontal,SCMR_IMF,-0.11515249758362593,0.22665728144278172,112
subject_617,20,Horizontal,STL_IMF,-0.06779636469175558,0.47754418262772114,112
subject_617,20,Horizontal,STR_IMF,0.007867173248787818,0.9343878190567051,112
subject_617,20,Horizontal,UTL_IMF,0.1698603729645525,0.07337327520239108,112
subject_617,20,Horizontal,UTR_IMF,0.020615142330510122,0.829186093637545,112
subject_617,30,Sagittal,MTL_IMF,0.06193055206918738,0.51463539043709,113
subject_617,30,Sagittal,MTR_IMF,0.22742752089540386,0.015412315582242455,113
subject_617,30,Sagittal,SCML_IMF,0.08950252366435192,0.3458138691320728,113
subject_617,30,Sagittal,SCMR_IMF,0.06134763106032909,0.5186085298911037,113
subject_617,30,Sagittal,STL_IMF,-0.0309919283796721,0.7445272638642839,113
subject_617,30,Sagittal,STR_IMF,-0.10433001062895118,0.2714557071081616,113
subject_617,30,Sagittal,UTL_IMF,0.041667141533388005,0.6612460803651206,113
subject_617,30,Sagittal,UTR_IMF,0.21457325393014584,0.022475471162043577,113
subject_617,30,Frontal,MTL_IMF,,,113
subject_617,30,Frontal,MTR_IMF,,,113
subject_617,30,Frontal,SCML_IMF,,,113
subject_617,30,Frontal,SCMR_IMF,,,113
subject_617,30,Frontal,STL_IMF,,,113
subject_617,30,Frontal,STR_IMF,,,113
subject_617,30,Frontal,UTL_IMF,,,113
subject_617,30,Frontal,UTR_IMF,,,113
subject_617,30,Horizontal,MTL_IMF,-0.062022157459964644,0.5140124379100768,113
subject_617,30,Horizontal,MTR_IMF,-0.3663599374400425,6.584230113816864e-05,113
subject_617,30,Horizontal,SCML_IMF,0.012132699394944187,0.8985106032389517,113
subject_617,30,Horizontal,SCMR_IMF,-0.01381566951103828,0.8845240788427747,113
subject_617,30,Horizontal,STL_IMF,-0.05768976907822731,0.5438921020383218,113
subject_617,30,Horizontal,STR_IMF,0.021946620796615367,0.8175248543840831,113
subject_617,30,Horizontal,UTL_IMF,0.039779633296133446,0.6757078450681359,113
subject_617,30,Horizontal,UTR_IMF,0.02191698185391363,0.8177670121965188,113
subject_617,40,Sagittal,MTL_IMF,0.013865405019717768,0.8846331417759499,112
subject_617,40,Sagittal,MTR_IMF,0.2801269895038465,0.0027764583747401364,112
subject_617,40,Sagittal,SCML_IMF,0.18244611269672117,0.05418434483045492,112
subject_617,40,Sagittal,SCMR_IMF,0.027428781158295605,0.77405376477573,112
subject_617,40,Sagittal,STL_IMF,0.38419584085947944,2.8895133295135045e-05,112
subject_617,40,Sagittal,STR_IMF,0.23783310891441634,0.011566700446704915,112
subject_617,40,Sagittal,UTL_IMF,0.1618501109685204,0.08821213684350152,112
subject_617,40,Sagittal,UTR_IMF,-0.0178258817012126,0.8520136001531228,112
subject_617,40,Frontal,MTL_IMF,,,112
subject_617,40,Frontal,MTR_IMF,,,112
subject_617,40,Frontal,SCML_IMF,,,112
subject_617,40,Frontal,SCMR_IMF,,,112
subject_617,40,Frontal,STL_IMF,,,112
subject_617,40,Frontal,STR_IMF,,,112
subject_617,40,Frontal,UTL_IMF,,,112
subject_617,40,Frontal,UTR_IMF,,,112
subject_617,40,Horizontal,MTL_IMF,0.030572214368797476,0.7489751240426039,112
subject_617,40,Horizontal,MTR_IMF,-0.3279176362641384,0.0004162841084845554,112
subject_617,40,Horizontal,SCML_IMF,0.04353478438243229,0.6485507885890162,112
subject_617,40,Horizontal,SCMR_IMF,0.011816889722683105,0.9015848362066476,112
subject_617,40,Horizontal,STL_IMF,0.06199774589241498,0.5160883153385085,112
subject_617,40,Horizontal,STR_IMF,-0.12871004326645738,0.1762183390259253,112
subject_617,40,Horizontal,UTL_IMF,-0.07354306130486919,0.44093245960756305,112
subject_617,40,Horizontal,UTR_IMF,0.009228795012228943,0.9230641119762077,112
subject_617,50,Sagittal,MTL_IMF,-0.05300614253478959,0.5805912486034418,111
subject_617,50,Sagittal,MTR_IMF,-0.05821031335435684,0.5439463316599881,111
subject_617,50,Sagittal,SCML_IMF,-0.09771008234251549,0.3076194018226808,111
subject_617,50,Sagittal,SCMR_IMF,-0.18014255436872081,0.05849849247942271,111
subject_617,50,Sagittal,STL_IMF,-0.032992258693597176,0.7310314226412092,111
subject_617,50,Sagittal,STR_IMF,0.02209416705646765,0.8179600257706994,111
subject_617,50,Sagittal,UTL_IMF,-0.07938967371378668,0.4075220354000205,111
subject_617,50,Sagittal,UTR_IMF,-0.22750912712589036,0.016332263714955497,111
subject_617,50,Frontal,MTL_IMF,,,111
subject_617,50,Frontal,MTR_IMF,,,111
subject_617,50,Frontal,SCML_IMF,,,111
subject_617,50,Frontal,SCMR_IMF,,,111
subject_617,50,Frontal,STL_IMF,,,111
subject_617,50,Frontal,STR_IMF,,,111
subject_617,50,Frontal,UTL_IMF,,,111
subject_617,50,Frontal,UTR_IMF,,,111
subject_617,50,Horizontal,MTL_IMF,-0.026063134120109743,0.7859835139553333,111
subject_617,50,Horizontal,MTR_IMF,-0.12078078230764158,0.20668693553800238,111
subject_617,50,Horizontal,SCML_IMF,-0.01671557620523384,0.8617647808839822,111
subject_617,50,Horizontal,SCMR_IMF,0.0668285462819538,0.4858705018108407,111
subject_617,50,Horizontal,STL_IMF,0.10069940432226657,0.29298310152312557,111
subject_617,50,Horizontal,STR_IMF,-0.057308971919106756,0.5502110380230417,111
subject_617,50,Horizontal,UTL_IMF,0.08756429739168736,0.3607899982898922,111
subject_617,50,Horizontal,UTR_IMF,-0.23628095216637593,0.012537170924716625,111
subject_617,60,Sagittal,MTL_IMF,-0.05669171202771461,0.5527022377772933,112
subject_617,60,Sagittal,MTR_IMF,0.09787614172460432,0.30457546761469256,112
subject_617,60,Sagittal,SCML_IMF,-0.01938841964720899,0.8392093457546154,112
subject_617,60,Sagittal,SCMR_IMF,-0.18793298681017134,0.04722223990249991,112
subject_617,60,Sagittal,STL_IMF,-0.07415387459368714,0.4371365983732035,112
subject_617,60,Sagittal,STR_IMF,-0.019408057993658377,0.839048678310412,112
subject_617,60,Sagittal,UTL_IMF,-0.004406053931274469,0.9632254426316164,112
subject_617,60,Sagittal,UTR_IMF,-0.10316983568081362,0.27903499950302685,112
subject_617,60,Frontal,MTL_IMF,,,112
subject_617,60,Frontal,MTR_IMF,,,112
subject_617,60,Frontal,SCML_IMF,,,112
subject_617,60,Frontal,SCMR_IMF,,,112
subject_617,60,Frontal,STL_IMF,,,112
subject_617,60,Frontal,STR_IMF,,,112
subject_617,60,Frontal,UTL_IMF,,,112
subject_617,60,Frontal,UTR_IMF,,,112
subject_617,60,Horizontal,MTL_IMF,0.030715160942465992,0.747840660400799,112
subject_617,60,Horizontal,MTR_IMF,-0.007199022131834815,0.9399493241621951,112
subject_617,60,Horizontal,SCML_IMF,0.00940903200348115,0.921566302586601,112
subject_617,60,Horizontal,SCMR_IMF,0.13775898615913518,0.1474872532587298,112
subject_617,60,Horizontal,STL_IMF,0.1352759780212282,0.15499383350547097,112
subject_617,60,Horizontal,STR_IMF,0.032410935051972616,0.7344242197352692,112
subject_617,60,Horizontal,UTL_IMF,0.2296699602080802,0.014851192751223373,112
subject_617,60,Horizontal,UTR_IMF,0.07060790989962881,0.45943047248510227,112
subject_617,70,Sagittal,MTL_IMF,-0.11734285339268105,0.21788546110570284,112
subject_617,70,Sagittal,MTR_IMF,0.10994078777182228,0.24851939884394292,112
subject_617,70,Sagittal,SCML_IMF,0.0002883172255616798,0.9975927603668543,112
subject_617,70,Sagittal,SCMR_IMF,-0.004324425624380071,0.9639062798248279,112
subject_617,70,Sagittal,STL_IMF,0.058066313477084866,0.5430975225027967,112
subject_617,70,Sagittal,STR_IMF,0.1722937726549495,0.06928755093269706,112
subject_617,70,Sagittal,UTL_IMF,0.06747070180497412,0.4796669163812878,112
subject_617,70,Sagittal,UTR_IMF,0.16966985390363673,0.07370119582119652,112
subject_617,70,Frontal,MTL_IMF,,,112
subject_617,70,Frontal,MTR_IMF,,,112
subject_617,70,Frontal,SCML_IMF,,,112
subject_617,70,Frontal,SCMR_IMF,,,112
subject_617,70,Frontal,STL_IMF,,,112
subject_617,70,Frontal,STR_IMF,,,112
subject_617,70,Frontal,UTL_IMF,,,112
subject_617,70,Frontal,UTR_IMF,,,112
subject_617,70,Horizontal,MTL_IMF,0.03465449199082164,0.7167966416831105,112
subject_617,70,Horizontal,MTR_IMF,-0.06595676165094765,0.48960138996094615,112
subject_617,70,Horizontal,SCML_IMF,0.026985574370143324,0.7776091707036419,112
subject_617,70,Horizontal,SCMR_IMF,0.018462393385068446,0.8467928472944405,112
subject_617,70,Horizontal,STL_IMF,0.0014231008301439096,0.9881185560050502,112
subject_617,70,Horizontal,STR_IMF,-0.0690937865323093,0.46913788059359085,112
subject_617,70,Horizontal,UTL_IMF,0.038634540313125264,0.6858938090419633,112
subject_617,70,Horizontal,UTR_IMF,0.08926772741385085,0.349276855972598,112
subject_617,80,Sagittal,MTL_IMF,-0.021794610514681633,0.8195747173332515,112
subject_617,80,Sagittal,MTR_IMF,0.05938982447187771,0.5339279376898042,112
subject_617,80,Sagittal,SCML_IMF,-0.05993735687398464,0.5301571929523327,112
subject_617,80,Sagittal,SCMR_IMF,0.17060807396126182,0.07209769226324501,112
subject_617,80,Sagittal,STL_IMF,0.21166458162892188,0.025067185876766936,112
subject_617,80,Sagittal,STR_IMF,0.16644794172922103,0.07942786343946058,112
subject_617,80,Sagittal,UTL_IMF,0.0180722256604373,0.8499922827966466,112
subject_617,80,Sagittal,UTR_IMF,0.16327299775660728,0.08541479621444875,112
subject_617,80,Frontal,MTL_IMF,,,112
subject_617,80,Frontal,MTR_IMF,,,112
subject_617,80,Frontal,SCML_IMF,,,112
subject_617,80,Frontal,SCMR_IMF,,,112
subject_617,80,Frontal,STL_IMF,,,112
subject_617,80,Frontal,STR_IMF,,,112
subject_617,80,Frontal,UTL_IMF,,,112
subject_617,80,Frontal,UTR_IMF,,,112
subject_617,80,Horizontal,MTL_IMF,-0.002763497365362598,0.9769299390088185,112
subject_617,80,Horizontal,MTR_IMF,-0.16825841372072672,0.07616752961550403,112
subject_617,80,Horizontal,SCML_IMF,0.10620111495377338,0.2650761605814653,112
subject_617,80,Horizontal,SCMR_IMF,0.07855271240093284,0.41035402147146477,112
subject_617,80,Horizontal,STL_IMF,-0.030443664322721737,0.7499957907219895,112
subject_617,80,Horizontal,STR_IMF,-0.20188164299791542,0.03279563789669832,112
subject_617,80,Horizontal,UTL_IMF,-0.21285573278626577,0.024242146572819607,112
subject_617,80,Horizontal,UTR_IMF,-0.06873482691756161,0.4714555537508839,112
subject_617,90,Sagittal,MTL_IMF,-0.006169733718679027,0.9485223973676039,112
subject_617,90,Sagittal,MTR_IMF,-0.13774413965899288,0.14753130729737385,112
subject_617,90,Sagittal,SCML_IMF,-0.03317410996223145,0.7284119300406577,112
subject_617,90,Sagittal,SCMR_IMF,0.0405239511320504,0.6713993051288496,112
subject_617,90,Sagittal,STL_IMF,0.06359014439306718,0.5053473640329724,112
subject_617,90,Sagittal,STR_IMF,-0.015790006896728565,0.8687540194022445,112
subject_617,90,Sagittal,UTL_IMF,0.04403537945010761,0.6447826056159036,112
subject_617,90,Sagittal,UTR_IMF,-0.029891928152482275,0.7543813713919383,112
subject_617,90,Frontal,MTL_IMF,,,112
subject_617,90,Frontal,MTR_IMF,,,112
subject_617,90,Frontal,SCML_IMF,,,112
subject_617,90,Frontal,SCMR_IMF,,,112
subject_617,90,Frontal,STL_IMF,,,112
subject_617,90,Frontal,STR_IMF,,,112
subject_617,90,Frontal,UTL_IMF,,,112
subject_617,90,Frontal,UTR_IMF,,,112
subject_617,90,Horizontal,MTL_IMF,0.049687489509097814,0.6028786370382854,112
subject_617,90,Horizontal,MTR_IMF,-0.1432360438025172,0.1319023377947161,112
subject_617,90,Horizontal,SCML_IMF,0.06366407398089834,0.504851534869063,112
subject_617,90,Horizontal,SCMR_IMF,0.12255985480161861,0.19796886402527847,112
subject_617,90,Horizontal,STL_IMF,0.06632117850654685,0.48720015019055346,112
subject_617,90,Horizontal,STR_IMF,-0.09909039843138522,0.2985859639518236,112
subject_617,90,Horizontal,UTL_IMF,-0.19584318787689017,0.03850454753210072,112
subject_617,90,Horizontal,UTR_IMF,-0.07587117251933212,0.42656455247476194,112
subject_618,10,Sagittal,MTL_IMF,0.13302368464657022,0.12837141466021362,132
subject_618,10,Sagittal,MTR_IMF,0.17419329202605793,0.04576081074118577,132
subject_618,10,Sagittal,SCML_IMF,-0.05303136279556002,0.5459007350536483,132
subject_618,10,Sagittal,SCMR_IMF,-0.13335050811652785,0.127427533381436,132
subject_618,10,Sagittal,STL_IMF,-0.031746666324973576,0.717827799202391,132
subject_618,10,Sagittal,UTL_IMF,0.1051391041788386,0.23021868019388494,132
subject_618,10,Sagittal,UTR_IMF,0.14100086436816942,0.10682360735741252,132
subject_618,10,Frontal,MTL_IMF,-0.1256616040431064,0.15108549452034345,132
subject_618,10,Frontal,MTR_IMF,-0.2051744677195163,0.018273957656945183,132
subject_618,10,Frontal,SCML_IMF,-0.04876385964489587,0.5787196431611137,132
subject_618,10,Frontal,SCMR_IMF,0.08863948085208401,0.31216242573698194,132
subject_618,10,Frontal,STL_IMF,0.03838591597092656,0.6621207205587746,132
subject_618,10,Frontal,UTL_IMF,-0.06639146297427811,0.44943343384511375,132
subject_618,10,Frontal,UTR_IMF,-0.0315883670491425,0.7191757309579198,132
subject_618,10,Horizontal,MTL_IMF,0.07840384312418293,0.37153566011722416,132
subject_618,10,Horizontal,MTR_IMF,0.1972578361507284,0.023384860071636905,132
subject_618,10,Horizontal,SCML_IMF,-0.1013222834611111,0.24767702524077376,132
subject_618,10,Horizontal,SCMR_IMF,-0.2271329702639312,0.008817173546406664,132
subject_618,10,Horizontal,STL_IMF,-0.03764048569934334,0.6682907869906974,132
subject_618,10,Horizontal,UTL_IMF,-0.003644764167664578,0.9669156252089903,132
subject_618,10,Horizontal,UTR_IMF,0.05793398996239469,0.5093599635483014,132
subject_618,20,Sagittal,MTL_IMF,-0.042128856149294514,0.631488312540674,132
subject_618,20,Sagittal,MTR_IMF,-0.049620499565295795,0.5720587533751923,132
subject_618,20,Sagittal,SCML_IMF,-0.1224719205607554,0.1618176401825963,132
subject_618,20,Sagittal,SCMR_IMF,-0.0803560720083718,0.35970766544000293,132
subject_618,20,Sagittal,STL_IMF,0.1813939812090586,0.0373847687895969,132
subject_618,20,Sagittal,UTL_IMF,-0.1059181957696451,0.22676408142166735,132
subject_618,20,Sagittal,UTR_IMF,0.05717145180266894,0.5149590766647559,132
subject_618,20,Frontal,MTL_IMF,0.21247870751828604,0.014446165832300132,132
subject_618,20,Frontal,MTR_IMF,0.03885084534850372,0.6582838288276398,132
subject_618,20,Frontal,SCML_IMF,0.15362928985359417,0.0786225974649662,132
subject_618,20,Frontal,SCMR_IMF,0.12032208407237621,0.16936550619944069,132
subject_618,20,Frontal,STL_IMF,-0.06129328744168756,0.48507386706206057,132
subject_618,20,Frontal,UTL_IMF,0.2773862968811124,0.0012817031019011316,132
subject_618,20,Frontal,UTR_IMF,0.08306699418429796,0.3436756267158681,132
subject_618,20,Horizontal,MTL_IMF,0.022086534288494036,0.8015264309593707,132
subject_618,20,Horizontal,MTR_IMF,0.09325047123484739,0.2875572511601807,132
subject_618,20,Horizontal,SCML_IMF,-0.05058640356466945,0.5645917496915145,132
subject_618,20,Horizontal,SCMR_IMF,-0.20926045702882556,0.016036807378303895,132
subject_618,20,Horizontal,STL_IMF,0.08218594614273347,0.348835821092401,132
subject_618,20,Horizontal,UTL_IMF,-0.06752115630317827,0.44173952047640375,132
subject_618,20,Horizontal,UTR_IMF,-0.047020788828492956,0.5923831136271136,132
subject_618,30,Sagittal,MTL_IMF,-0.1329943444112558,0.12845641267418811,132
subject_618,30,Sagittal,MTR_IMF,-0.07188459504673199,0.41273148829921497,132
subject_618,30,Sagittal,SCML_IMF,0.035577853637135635,0.6854783229799954,132
subject_618,30,Sagittal,SCMR_IMF,0.18870461482422965,0.030239605659077625,132
subject_618,30,Sagittal,STL_IMF,0.25632031580611697,0.0030109952193575085,132
subject_618,30,Sagittal,UTL_IMF,0.02213395865262392,0.8011090939676029,132
subject_618,30,Sagittal,UTR_IMF,0.09278294387041279,0.28999143430023827,132
subject_618,30,Frontal,MTL_IMF,-0.022222866327018746,0.8003268528337084,132
subject_618,30,Frontal,MTR_IMF,-0.19741222755504514,0.02327452850033057,132
subject_618,30,Frontal,SCML_IMF,-0.018403522377922966,0.834099262768181,132
subject_618,30,Frontal,SCMR_IMF,0.02460665035481471,0.7794296344079247,132
subject_618,30,Frontal,STL_IMF,0.05325162952187803,0.5442318701486532,132
subject_618,30,Frontal,UTL_IMF,-0.05716616596531854,0.514997999139822,132
subject_618,30,Frontal,UTR_IMF,-0.08225635332146093,0.34842167506433586,132
subject_618,30,Horizontal,MTL_IMF,-0.03320665865983957,0.7054372309401162,132
subject_618,30,Horizontal,MTR_IMF,0.08625755134845847,0.3253946923639493,132
subject_618,30,Horizontal,SCML_IMF,0.2015483281298121,0.020480625825795084,132
subject_618,30,Horizontal,SCMR_IMF,0.01158875953226388,0.8950770206580613,132
subject_618,30,Horizontal,STL_IMF,-0.038150776526231375,0.6640645918074117,132
subject_618,30,Horizontal,UTL_IMF,0.0043404983167878814,0.9606049521385965,132
subject_618,30,Horizontal,UTR_IMF,-0.06538204406054259,0.4563712863349194,132
subject_618,40,Sagittal,MTL_IMF,-0.20301391796407206,0.019562527605673674,132
subject_618,40,Sagittal,MTR_IMF,-0.0019050505825218948,0.9827038496372597,132
subject_618,40,Sagittal,SCML_IMF,0.2407279120574872,0.005428223459529837,132
subject_618,40,Sagittal,SCMR_IMF,0.20327493328654117,0.019402801645623975,132
subject_618,40,Sagittal,STL_IMF,0.009575455382537118,0.9132264939794748,132
subject_618,40,Sagittal,UTL_IMF,0.09049691695077912,0.3020905991480701,132
subject_618,40,Sagittal,UTR_IMF,0.09513759485980033,0.27787074364101777,132
subject_618,40,Frontal,MTL_IMF,0.0031082763400963466,0.9720019142404231,130
subject_618,40,Frontal,MTR_IMF,-0.13651761336666488,0.12143767070328458,130
subject_618,40,Frontal,SCML_IMF,-0.2146864964641325,0.014173635413352587,130
subject_618,40,Frontal,SCMR_IMF,0.007314772279341203,0.9341721210628732,130
subject_618,40,Frontal,STL_IMF,0.22159924661261662,0.01128324677179568,130
subject_618,40,Frontal,UTL_IMF,-0.19022263995994024,0.03017709061787965,130
subject_618,40,Frontal,UTR_IMF,-0.20168110776181977,0.021391242865553557,130
subject_618,40,Horizontal,MTL_IMF,-0.04467557307855489,0.6137608958292503,130
subject_618,40,Horizontal,MTR_IMF,0.060618339841180736,0.49327418215999125,130
subject_618,40,Horizontal,SCML_IMF,0.2787610069460359,0.0013200913702014906,130
subject_618,40,Horizontal,SCMR_IMF,0.2189291904778441,0.012331805150230782,130
subject_618,40,Horizontal,STL_IMF,-0.24271601987209968,0.0053959635214249095,130
subject_618,40,Horizontal,UTL_IMF,0.0834102972929114,0.345433436853504,130
subject_618,40,Horizontal,UTR_IMF,0.12983693650662992,0.14093695726327848,130
subject_618,50,Sagittal,MTL_IMF,-0.12988694944456738,0.13923456769216042,131
subject_618,50,Sagittal,MTR_IMF,-0.028976451641238108,0.7425025990405096,131
subject_618,50,Sagittal,SCML_IMF,0.20843584528058431,0.016889923344864336,131
subject_618,50,Sagittal,SCMR_IMF,0.05114162051196202,0.5618388140220997,131
subject_618,50,Sagittal,STL_IMF,0.013763958389922691,0.8760068158736838,131
subject_618,50,Sagittal,UTL_IMF,0.18365488299751406,0.03574865217277987,131
subject_618,50,Sagittal,UTR_IMF,-0.007817911647718626,0.9293808541779626,131
subject_618,50,Frontal,MTL_IMF,0.028700682616838273,0.7467931248718954,129
subject_618,50,Frontal,MTR_IMF,-0.07433496864975163,0.402466476412168,129
subject_618,50,Frontal,SCML_IMF,-0.22876999644585824,0.009114885572993666,129
subject_618,50,Frontal,SCMR_IMF,-0.048091096455563406,0.5883651325243082,129
subject_618,50,Frontal,STL_IMF,0.09418252342246845,0.2883910326146451,129
subject_618,50,Frontal,UTL_IMF,-0.1754777628181075,0.046689348063002456,129
subject_618,50,Frontal,UTR_IMF,-0.06521505016372561,0.46278224472150065,129
subject_618,50,Horizontal,MTL_IMF,-0.008032217213809978,0.9280154929810434,129
subject_618,50,Horizontal,MTR_IMF,0.026727490748629925,0.7636700100292524,129
subject_618,50,Horizontal,SCML_IMF,0.13440935462967224,0.12885372840452125,129
subject_618,50,Horizontal,SCMR_IMF,0.13831156758606936,0.11801735101632989,129
subject_618,50,Horizontal,STL_IMF,-0.040394233439566954,0.6494615827438815,129
subject_618,50,Horizontal,UTL_IMF,0.14881274741788575,0.0923514973859513,129
subject_618,50,Horizontal,UTR_IMF,0.08594222818616798,0.3328404888577876,129
subject_618,60,Sagittal,MTL_IMF,0.1230762585686891,0.16136308558469845,131
subject_618,60,Sagittal,MTR_IMF,0.0706696306261895,0.4224937957911683,131
subject_618,60,Sagittal,SCML_IMF,-0.08523148200875155,0.3330782940836757,131
subject_618,60,Sagittal,SCMR_IMF,-0.03907258583920893,0.6577010942045873,131
subject_618,60,Sagittal,STL_IMF,0.15328580630475988,0.08046971873586467,131
subject_618,60,Sagittal,UTL_IMF,0.21854331139108324,0.012149903770162175,131
subject_618,60,Sagittal,UTR_IMF,-0.006474343481335609,0.9414935413772766,131
subject_618,60,Frontal,MTL_IMF,-0.060946143779899535,0.48923994563482504,131
subject_618,60,Frontal,MTR_IMF,-0.14796830200657876,0.09167243544661301,131
subject_618,60,Frontal,SCML_IMF,-0.08182965385741398,0.35280290883768867,131
subject_618,60,Frontal,SCMR_IMF,-0.11337253168043057,0.19728241583378986,131
subject_618,60,Frontal,STL_IMF,0.021855599178695832,0.8043039316244356,131
subject_618,60,Frontal,UTL_IMF,-0.18748342073073446,0.03200627956067697,131
subject_618,60,Frontal,UTR_IMF,-0.03894483320635188,0.6587500730246716,131
subject_618,60,Horizontal,MTL_IMF,0.03117324442345521,0.7237432701430475,131
subject_618,60,Horizontal,MTR_IMF,0.1106516481428858,0.20832104227811735,131
subject_618,60,Horizontal,SCML_IMF,0.0670159129538486,0.44693402859899645,131
subject_618,60,Horizontal,SCMR_IMF,0.01182589349440257,0.8933543603331534,131
subject_618,60,Horizontal,STL_IMF,0.09583260646497156,0.27621996441170205,131
subject_618,60,Horizontal,UTL_IMF,0.13541408627306845,0.12303884769886952,131
subject_618,60,Horizontal,UTR_IMF,0.0639158178510768,0.4682798120859905,131
subject_618,70,Sagittal,MTL_IMF,0.28208991287948554,0.0010493299699584544,132
subject_618,70,Sagittal,MTR_IMF,0.06143647507988036,0.48405264809055976,132
subject_618,70,Sagittal,SCML_IMF,-0.1582768621456867,0.06989193000549418,132
subject_618,70,Sagittal,SCMR_IMF,-0.016517898010628494,0.8508891793969174,132
subject_618,70,Sagittal,STL_IMF,0.09625105032314762,0.27225963480594356,132
subject_618,70,Sagittal,UTL_IMF,0.0837178495621262,0.33989475353946946,132
subject_618,70,Sagittal,UTR_IMF,-0.03270837876467309,0.7096575211379315,132
subject_618,70,Frontal,MTL_IMF,-0.08754262037503883,0.31821162297819217,132
subject_618,70,Frontal,MTR_IMF,-0.11417858330018699,0.19236906460109895,132
subject_618,70,Frontal,SCML_IMF,-0.0002102065777753443,0.9980913668761897,132
subject_618,70,Frontal,SCMR_IMF,-0.028109912350788475,0.749006371058108,132
subject_618,70,Frontal,STL_IMF,-0.06041948667931994,0.49133076024801514,132
subject_618,70,Frontal,UTL_IMF,-0.009711178359240472,0.9120014687414034,132
subject_618,70,Frontal,UTR_IMF,-0.03401204418381494,0.6986347926885819,132
subject_618,70,Horizontal,MTL_IMF,0.14211608279351792,0.1040515036912355,132
subject_618,70,Horizontal,MTR_IMF,-0.11401524588220156,0.19301020062295732,132
subject_618,70,Horizontal,SCML_IMF,0.002805962826755216,0.9745266809436464,132
subject_618,70,Horizontal,SCMR_IMF,-0.01763190825976177,0.8409612621744671,132
subject_618,70,Horizontal,STL_IMF,0.08898515512408083,0.31027165437010346,132
subject_618,70,Horizontal,UTL_IMF,0.06572399266524322,0.45401439291674633,132
subject_618,70,Horizontal,UTR_IMF,0.07137754878241266,0.41604387593136355,132
subject_618,80,Sagittal,MTL_IMF,0.2124850720484668,0.014443161591240844,132
subject_618,80,Sagittal,MTR_IMF,0.15860271750117805,0.06931055520200519,132
subject_618,80,Sagittal,SCML_IMF,-0.004224662377989119,0.9616554860596246,132
subject_618,80,Sagittal,SCMR_IMF,0.020405732136837874,0.8163528957220244,132
subject_618,80,Sagittal,STL_IMF,0.025977739506878803,0.7674800628054573,132
subject_618,80,Sagittal,UTL_IMF,0.04120300161532644,0.6390101267428699,132
subject_618,80,Sagittal,UTR_IMF,-0.15372356527498593,0.07843716562974125,132
subject_618,80,Frontal,MTL_IMF,-0.07943499256177979,0.36525880121091797,132
subject_618,80,Frontal,MTR_IMF,-0.10510363173942378,0.23037684539547088,132
subject_618,80,Frontal,SCML_IMF,0.11319461114749936,0.19625486670578116,132
subject_618,80,Frontal,SCMR_IMF,-0.05854453360298542,0.5048997294527724,132
subject_618,80,Frontal,STL_IMF,-0.04880248543663293,0.5784185305081836,132
subject_618,80,Frontal,UTL_IMF,0.12484048392686135,0.15379560956934246,132
subject_618,80,Frontal,UTR_IMF,-0.02667801762284471,0.7613976876538527,132
subject_618,80,Horizontal,MTL_IMF,0.21087292942709798,0.01522176138412664,132
subject_618,80,Horizontal,MTR_IMF,-0.13989469990194964,0.10963002046324505,132
subject_618,80,Horizontal,SCML_IMF,-0.0735138930326181,0.40219284515209636,132
subject_618,80,Horizontal,SCMR_IMF,-0.0992860710461955,0.25735633032604255,132
subject_618,80,Horizontal,STL_IMF,0.04192528967521412,0.6331389283387604,132
subject_618,80,Horizontal,UTL_IMF,-0.16354050598999317,0.060971534821333724,132
subject_618,80,Horizontal,UTR_IMF,-0.10515784959348771,0.23013512860225857,132
subject_618,90,Sagittal,MTL_IMF,0.32284206353514333,0.0001693019990496891,131
subject_618,90,Sagittal,MTR_IMF,0.05166685961580938,0.5578229199565101,131
subject_618,90,Sagittal,SCML_IMF,0.16420532675172836,0.06091036521483835,131
subject_618,90,Sagittal,SCMR_IMF,0.14161983510356088,0.1066312939470736,131
subject_618,90,Sagittal,STL_IMF,0.09121367787994672,0.3001348345440698,131
subject_618,90,Sagittal,UTL_IMF,0.2165288870671897,0.012988738077959456,131
subject_618,90,Sagittal,UTR_IMF,0.34959246865047655,4.2614058466605576e-05,131
subject_618,90,Frontal,MTL_IMF,-0.08663693673452605,0.32513864306702894,131
subject_618,90,Frontal,MTR_IMF,-0.009807313070508018,0.9114762444365704,131
subject_618,90,Frontal,SCML_IMF,0.12993821937796599,0.13907722482043255,131
subject_618,90,Frontal,SCMR_IMF,0.04576037042067795,0.6037581730833763,131
subject_618,90,Frontal,STL_IMF,0.01962346245037816,0.8239483297508173,131
subject_618,90,Frontal,UTL_IMF,0.1356468123184382,0.12239026221065097,131
subject_618,90,Frontal,UTR_IMF,-0.008172575295282147,0.9261860317273756,131
subject_618,90,Horizontal,MTL_IMF,0.0841010755066411,0.33955312271021576,131
subject_618,90,Horizontal,MTR_IMF,0.06117901580951865,0.48757848110733054,131
subject_618,90,Horizontal,SCML_IMF,-0.03498633110475945,0.6915735679874585,131
subject_618,90,Horizontal,SCMR_IMF,-0.05134967870608178,0.5602463834361368,131
subject_618,90,Horizontal,STL_IMF,-0.14247417186764305,0.10451347094489474,131
subject_618,90,Horizontal,UTL_IMF,-0.08142299651402608,0.3552087153068535,131
subject_618,90,Horizontal,UTR_IMF,0.009616549982342895,0.9131913317522005,131
subject_619,10,Sagittal,MTL_IMF,-0.004965722463381665,0.9574389732252286,118
subject_619,10,Sagittal,MTR_IMF,0.044651062797866285,0.6311484886155998,118
subject_619,10,Sagittal,SCML_IMF,0.09625392347358755,0.29979899800918314,118
subject_619,10,Sagittal,SCMR_IMF,-0.0837763598694047,0.3670868920385806,118
subject_619,10,Sagittal,STL_IMF,0.10555394563414898,0.25529396536733645,118
subject_619,10,Sagittal,STR_IMF,0.01376376671127284,0.8823994483323295,118
subject_619,10,Sagittal,UTL_IMF,0.011341451817841373,0.9029844509175418,118
subject_619,10,Sagittal,UTR_IMF,-0.1741437018188727,0.05929699838243139,118
subject_619,10,Frontal,MTL_IMF,-0.06997607276571677,0.45343541712265373,117
subject_619,10,Frontal,MTR_IMF,-0.0689839895298066,0.4598793407112822,117
subject_619,10,Frontal,SCML_IMF,0.06966082543779024,0.45547758835998536,117
subject_619,10,Frontal,SCMR_IMF,-0.13862506615705936,0.13607524784750408,117
subject_619,10,Frontal,STL_IMF,0.07292427478929195,0.4345856576994152,117
subject_619,10,Frontal,STR_IMF,-0.16942521036519864,0.06782562726382936,117
subject_619,10,Frontal,UTL_IMF,-0.0361189478682035,0.699039255799871,117
subject_619,10,Frontal,UTR_IMF,-0.17957911081854575,0.05270014069628176,117
subject_619,10,Horizontal,MTL_IMF,-0.06994785403459496,0.4555965405677704,116
subject_619,10,Horizontal,MTR_IMF,-0.16532255682992295,0.07614250386780008,116
subject_619,10,Horizontal,SCML_IMF,-0.02123375192887848,0.8210121755303009,116
subject_619,10,Horizontal,SCMR_IMF,-0.05979564508847043,0.5237241950278527,116
subject_619,10,Horizontal,STL_IMF,-0.05041465039226141,0.5909609323677291,116
subject_619,10,Horizontal,STR_IMF,-0.07090773158818368,0.44942031016163864,116
subject_619,10,Horizontal,UTL_IMF,-0.019581384678250706,0.8347339589215139,116
subject_619,10,Horizontal,UTR_IMF,-0.08612635085599957,0.35795274633029805,116
subject_619,20,Sagittal,MTL_IMF,-0.047367105619311,0.6296903947536329,106
subject_619,20,Sagittal,MTR_IMF,0.022515897874188062,0.8187944780914446,106
subject_619,20,Sagittal,SCML_IMF,0.13558847654404635,0.16580012859984047,106
subject_619,20,Sagittal,SCMR_IMF,0.024762882551864863,0.8010679661765692,106
subject_619,20,Sagittal,STL_IMF,-0.04303399531626826,0.6613777632716512,106
subject_619,20,Sagittal,STR_IMF,0.0869052649255747,0.37571829598473355,106
subject_619,20,Sagittal,UTL_IMF,-0.18092046962442887,0.06346047171478007,106
subject_619,20,Sagittal,UTR_IMF,0.10716725733094384,0.2742074714176777,106
subject_619,20,Frontal,MTL_IMF,-0.22063090737549057,0.023045245078738768,106
subject_619,20,Frontal,MTR_IMF,0.15093666237684597,0.12248544288625364,106
subject_619,20,Frontal,SCML_IMF,-0.018338099167280353,0.8519904600444106,106
subject_619,20,Frontal,SCMR_IMF,-0.14101714627382922,0.14934142694187072,106
subject_619,20,Frontal,STL_IMF,0.03624989535525052,0.7121936045077623,106
subject_619,20,Frontal,STR_IMF,0.21107608964489658,0.029861140379313495,106
subject_619,20,Frontal,UTL_IMF,0.008467026865115817,0.9313540906121607,106
subject_619,20,Frontal,UTR_IMF,0.1468689567528043,0.13300958569936142,106
subject_619,20,Horizontal,MTL_IMF,,,106
subject_619,20,Horizontal,MTR_IMF,,,106
subject_619,20,Horizontal,SCML_IMF,,,106
subject_619,20,Horizontal,SCMR_IMF,,,106
subject_619,20,Horizontal,STL_IMF,,,106
subject_619,20,Horizontal,STR_IMF,,,106
subject_619,20,Horizontal,UTL_IMF,,,106
subject_619,20,Horizontal,UTR_IMF,,,106
subject_619,30,Sagittal,MTL_IMF,-0.12593370555753616,0.198330934526543,106
subject_619,30,Sagittal,MTR_IMF,-0.13268195185342796,0.1751468769289636,106
subject_619,30,Sagittal,SCML_IMF,0.009258675101385406,0.9249537366257158,106
subject_619,30,Sagittal,SCMR_IMF,0.05367150439557972,0.5847744301437448,106
subject_619,30,Sagittal,STL_IMF,-0.14110236652247005,0.1490932314395453,106
subject_619,30,Sagittal,STR_IMF,0.068193244439648,0.4873204760139393,106
subject_619,30,Sagittal,UTL_IMF,0.0629812512822291,0.5212755234156912,106
subject_619,30,Sagittal,UTR_IMF,0.056074543188617675,0.5680491381910417,106
subject_619,30,Frontal,MTL_IMF,-0.07007154589680217,0.47537882552007427,106
subject_619,30,Frontal,MTR_IMF,0.13586877579367607,0.16491868488264722,106
subject_619,30,Frontal,SCML_IMF,0.046546099310864765,0.6356451991884955,106
subject_619,30,Frontal,SCMR_IMF,-0.0907169157423829,0.3550583420668904,106
subject_619,30,Frontal,STL_IMF,-0.005179211135948147,0.9579778395140164,106
subject_619,30,Frontal,STR_IMF,0.25575912875125834,0.008141526796216046,106
subject_619,30,Frontal,UTL_IMF,0.10486741803108647,0.2846969572899644,106
subject_619,30,Frontal,UTR_IMF,-0.05323127998897025,0.5878626995350724,106
subject_619,30,Horizontal,MTL_IMF,,,106
subject_619,30,Horizontal,MTR_IMF,,,106
subject_619,30,Horizontal,SCML_IMF,,,106
subject_619,30,Horizontal,SCMR_IMF,,,106
subject_619,30,Horizontal,STL_IMF,,,106
subject_619,30,Horizontal,STR_IMF,,,106
subject_619,30,Horizontal,UTL_IMF,,,106
subject_619,30,Horizontal,UTR_IMF,,,106
subject_619,40,Sagittal,MTL_IMF,-0.009663901538312017,0.9216793688254715,106
subject_619,40,Sagittal,MTR_IMF,0.13988681113957882,0.15266287127393585,106
subject_619,40,Sagittal,SCML_IMF,-0.3179825590042019,0.000894810586198331,106
subject_619,40,Sagittal,SCMR_IMF,0.24718614994949265,0.01063300774605424,106
subject_619,40,Sagittal,STL_IMF,0.006157338935191891,0.9500510930581898,106
subject_619,40,Sagittal,STR_IMF,0.03772268482299728,0.7010447641519747,106
subject_619,40,Sagittal,UTL_IMF,0.17336102214790133,0.07553855580923304,106
subject_619,40,Sagittal,UTR_IMF,0.08618795469398079,0.37968648148984085,106
subject_619,40,Frontal,MTL_IMF,0.06746322394138177,0.492004421762702,106
subject_619,40,Frontal,MTR_IMF,0.17642121722276594,0.07044344873363968,106
subject_619,40,Frontal,SCML_IMF,-0.259997375308799,0.007112045232017355,106
subject_619,40,Frontal,SCMR_IMF,0.20581749023809634,0.03429275326208539,106
subject_619,40,Frontal,STL_IMF,-0.00264625164347133,0.9785220803854846,106
subject_619,40,Frontal,STR_IMF,0.02881025536009691,0.7693971087364446,106
subject_619,40,Frontal,UTL_IMF,0.09980348747054986,0.30872528645074265,106
subject_619,40,Frontal,UTR_IMF,0.11875864523642707,0.22532339904544113,106
subject_619,40,Horizontal,MTL_IMF,,,106
subject_619,40,Horizontal,MTR_IMF,,,106
subject_619,40,Horizontal,SCML_IMF,,,106
subject_619,40,Horizontal,SCMR_IMF,,,106
subject_619,40,Horizontal,STL_IMF,,,106
subject_619,40,Horizontal,STR_IMF,,,106
subject_619,40,Horizontal,UTL_IMF,,,106
subject_619,40,Horizontal,UTR_IMF,,,106
subject_619,50,Sagittal,MTL_IMF,0.1949041994524321,0.0463252432106792,105
subject_619,50,Sagittal,MTR_IMF,0.25100220410674906,0.009802906224761971,105
subject_619,50,Sagittal,SCML_IMF,-0.430678571431222,4.519047171091348e-06,105
subject_619,50,Sagittal,SCMR_IMF,0.31636519861070556,0.001009562144915271,105
subject_619,50,Sagittal,STL_IMF,-0.05479380105734535,0.5787813541166325,105
subject_619,50,Sagittal,STR_IMF,-0.1159647704168154,0.23878058017235493,105
subject_619,50,Sagittal,UTL_IMF,-0.04987070810664308,0.6134042849435022,105
subject_619,50,Sagittal,UTR_IMF,0.17987880879471166,0.06633508874771622,105
subject_619,50,Frontal,MTL_IMF,0.10207442805122874,0.3001366699525577,105
subject_619,50,Frontal,MTR_IMF,0.09568655027134551,0.3315539568774647,105
subject_619,50,Frontal,SCML_IMF,-0.39068099189900374,3.7827987500869605e-05,105
subject_619,50,Frontal,SCMR_IMF,0.2580168194223614,0.007874792738987673,105
subject_619,50,Frontal,STL_IMF,-0.19027949327956942,0.05186567652740136,105
subject_619,50,Frontal,STR_IMF,-0.14366152251224598,0.14372297095220174,105
subject_619,50,Frontal,UTL_IMF,-0.09370874092471347,0.34169129334237786,105
subject_619,50,Frontal,UTR_IMF,0.21502717922771805,0.027606503842106295,105
subject_619,50,Horizontal,MTL_IMF,,,105
subject_619,50,Horizontal,MTR_IMF,,,105
subject_619,50,Horizontal,SCML_IMF,,,105
subject_619,50,Horizontal,SCMR_IMF,,,105
subject_619,50,Horizontal,STL_IMF,,,105
subject_619,50,Horizontal,STR_IMF,,,105
subject_619,50,Horizontal,UTL_IMF,,,105
subject_619,50,Horizontal,UTR_IMF,,,105
subject_619,60,Sagittal,MTL_IMF,0.03765266541246529,0.7029496586460526,105
subject_619,60,Sagittal,MTR_IMF,0.14072578694965152,0.15217678435421564,105
subject_619,60,Sagittal,SCML_IMF,-0.33853048920037493,0.0004120008845378543,105
subject_619,60,Sagittal,SCMR_IMF,0.1816265484720841,0.06369705521301432,105
subject_619,60,Sagittal,STL_IMF,0.10543571273068865,0.2844174001996727,105
subject_619,60,Sagittal,STR_IMF,0.04700124339531214,0.6339906805190078,105
subject_619,60,Sagittal,UTL_IMF,-0.004224832888953167,0.9658819941747581,105
subject_619,60,Sagittal,UTR_IMF,-0.017823513886261532,0.856787730442267,105
subject_619,60,Frontal,MTL_IMF,0.04873992755993213,0.6214822044688718,105
subject_619,60,Frontal,MTR_IMF,0.07014059102155419,0.4770842157129398,105
subject_619,60,Frontal,SCML_IMF,-0.2184140524362787,0.025195928230359994,105
subject_619,60,Frontal,SCMR_IMF,-0.029976145464644943,0.7614666253548787,105
subject_619,60,Frontal,STL_IMF,-0.0847102794291975,0.39024279526279587,105
subject_619,60,Frontal,STR_IMF,0.015025514111474443,0.879083428850154,105
subject_619,60,Frontal,UTL_IMF,-0.022490214910043785,0.8198590637010186,105
subject_619,60,Frontal,UTR_IMF,-0.07500631115548932,0.44698101777739807,105
subject_619,60,Horizontal,MTL_IMF,,,105
subject_619,60,Horizontal,MTR_IMF,,,105
subject_619,60,Horizontal,SCML_IMF,,,105
subject_619,60,Horizontal,SCMR_IMF,,,105
subject_619,60,Horizontal,STL_IMF,,,105
subject_619,60,Horizontal,STR_IMF,,,105
subject_619,60,Horizontal,UTL_IMF,,,105
subject_619,60,Horizontal,UTR_IMF,,,105
subject_619,70,Sagittal,MTL_IMF,-0.15847977669152113,0.24782728814686245,55
subject_619,70,Sagittal,MTR_IMF,-0.013290238850155397,0.9232796332739864,55
subject_619,70,Sagittal,SCML_IMF,-0.33803344768124177,0.011598617108434382,55
subject_619,70,Sagittal,SCMR_IMF,0.4996765213726955,0.00010278787521894485,55
subject_619,70,Sagittal,STL_IMF,-0.10723407900016307,0.4358303133821556,55
subject_619,70,Sagittal,STR_IMF,-0.16892868439633218,0.2176068556488208,55
subject_619,70,Sagittal,UTL_IMF,-0.14299342770816967,0.29765576044015984,55
subject_619,70,Sagittal,UTR_IMF,-0.21771401358803993,0.11032285985270779,55
subject_619,70,Frontal,MTL_IMF,0.015449740230824889,0.910860488231643,55
subject_619,70,Frontal,MTR_IMF,0.11252783452459768,0.413378186276386,55
subject_619,70,Frontal,SCML_IMF,-0.004412139281734863,0.9744960813424393,55
subject_619,70,Frontal,SCMR_IMF,0.16762498666550224,0.22122998228027346,55
subject_619,70,Frontal,STL_IMF,0.16129075062565557,0.2394306359166377,55
subject_619,70,Frontal,STR_IMF,-0.07964743533956824,0.563241530345593,55
subject_619,70,Frontal,UTL_IMF,-0.0573878601910165,0.6772874395986882,55
subject_619,70,Frontal,UTR_IMF,-0.18542368681569169,0.17530919481976734,55
subject_619,70,Horizontal,MTL_IMF,,,55
subject_619,70,Horizontal,MTR_IMF,,,55
subject_619,70,Horizontal,SCML_IMF,,,55
subject_619,70,Horizontal,SCMR_IMF,,,55
subject_619,70,Horizontal,STL_IMF,,,55
subject_619,70,Horizontal,STR_IMF,,,55
subject_619,70,Horizontal,UTL_IMF,,,55
subject_619,70,Horizontal,UTR_IMF,,,55
subject_620,10,Sagittal,MTL_IMF,-0.12672818296647068,0.16963012994342805,119
subject_620,10,Sagittal,MTR_IMF,-0.06819623570441617,0.4611593277205465,119
subject_620,10,Sagittal,SCML_IMF,-0.0032771904819079117,0.9717825790809697,119
subject_620,10,Sagittal,SCMR_IMF,0.3645781913642709,4.575531919421377e-05,119
subject_620,10,Sagittal,STL_IMF,-0.12602849563022966,0.17201767575024474,119
subject_620,10,Sagittal,STR_IMF,-0.2626265018563874,0.003907828388971521,119
subject_620,10,Sagittal,UTL_IMF,-0.0562189871681857,0.5436624599956315,119
subject_620,10,Sagittal,UTR_IMF,-0.2867108989182396,0.00157078800137525,119
subject_620,10,Frontal,MTL_IMF,0.1478845753381325,0.10848491069431679,119
subject_620,10,Frontal,MTR_IMF,0.02943107550047063,0.7506858572288609,119
subject_620,10,Frontal,SCML_IMF,-0.03804906392118907,0.6811942921926399,119
subject_620,10,Frontal,SCMR_IMF,-0.13965070554727635,0.12983262304484747,119
subject_620,10,Frontal,STL_IMF,-0.0679519311025802,0.46277014282798073,119
subject_620,10,Frontal,STR_IMF,0.20949472430846588,0.022217358059112777,119
subject_620,10,Frontal,UTL_IMF,0.19582243786380682,0.032815621282238104,119
subject_620,10,Frontal,UTR_IMF,0.2652422983266091,0.0035532732001793297,119
subject_620,10,Horizontal,MTL_IMF,-0.1260065111611824,0.17209309355809618,119
subject_620,10,Horizontal,MTR_IMF,-0.13946390260594502,0.1303518184124336,119
subject_620,10,Horizontal,SCML_IMF,-0.10321589263855581,0.2639711733604228,119
subject_620,10,Horizontal,SCMR_IMF,0.06702653144762673,0.4688997352781292,119
subject_620,10,Horizontal,STL_IMF,0.0751670198887471,0.41652167225464864,119
subject_620,10,Horizontal,STR_IMF,-0.06032925364155659,0.514554787494827,119
subject_620,10,Horizontal,UTL_IMF,-0.15556199413386612,0.09114861790546337,119
subject_620,10,Horizontal,UTR_IMF,-0.15687926768065677,0.08840836452246413,119
subject_620,20,Sagittal,MTL_IMF,-0.06175737312620959,0.5064663675438993,118
subject_620,20,Sagittal,MTR_IMF,-0.13081136430964152,0.15797254395254784,118
subject_620,20,Sagittal,SCML_IMF,0.24377163366569815,0.007811650281132145,118
subject_620,20,Sagittal,SCMR_IMF,0.0050911381231696935,0.9563650854769049,118
subject_620,20,Sagittal,STL_IMF,-0.24649697106562338,0.007128290487512595,118
subject_620,20,Sagittal,STR_IMF,-0.005934115022181853,0.9491491105633747,118
subject_620,20,Sagittal,UTL_IMF,0.1993646235891529,0.03043542559671435,118
subject_620,20,Sagittal,UTR_IMF,0.1684274433927961,0.06827891597549404,118
subject_620,20,Frontal,MTL_IMF,-0.07243342498996005,0.4356987317430434,118
subject_620,20,Frontal,MTR_IMF,0.0378651447542941,0.6839432034189594,118
subject_620,20,Frontal,SCML_IMF,0.20781979914892587,0.02393421881666064,118
subject_620,20,Frontal,SCMR_IMF,0.10919248133041697,0.23918334879314998,118
subject_620,20,Frontal,STL_IMF,-0.31543819292315023,0.0005026731514370169,118
subject_620,20,Frontal,STR_IMF,-0.10973223602952624,0.2368551161500364,118
subject_620,20,Frontal,UTL_IMF,0.06572126862990403,0.4795162001973765,118
subject_620,20,Frontal,UTR_IMF,0.3088386161908032,0.0006672060245372727,118
subject_620,20,Horizontal,MTL_IMF,,,118
subject_620,20,Horizontal,MTR_IMF,,,118
subject_620,20,Horizontal,SCML_IMF,,,118
subject_620,20,Horizontal,SCMR_IMF,,,118
subject_620,20,Horizontal,STL_IMF,,,118
subject_620,20,Horizontal,STR_IMF,,,118
subject_620,20,Horizontal,UTL_IMF,,,118
subject_620,20,Horizontal,UTR_IMF,,,118
subject_620,30,Sagittal,MTL_IMF,-0.001164909946254921,0.9900111786888138,118
subject_620,30,Sagittal,MTR_IMF,0.0785487881259575,0.39784150388464223,118
subject_620,30,Sagittal,SCML_IMF,-0.14044644973959874,0.12928500902162227,118
subject_620,30,Sagittal,SCMR_IMF,-0.09874769549499425,0.2873928770092347,118
subject_620,30,Sagittal,STL_IMF,0.26247842159785456,0.004086345305231086,118
subject_620,30,Sagittal,STR_IMF,0.2752442400594053,0.0025564273429927033,118
subject_620,30,Sagittal,UTL_IMF,-0.000469992828646829,0.9959698380646168,118
subject_620,30,Sagittal,UTR_IMF,-0.1314634400628498,0.1558922700262425,118
subject_620,30,Frontal,MTL_IMF,-0.23712938116515458,0.009725201262323053,118
subject_620,30,Frontal,MTR_IMF,-0.061583558181848796,0.5076658451072489,118
subject_620,30,Frontal,SCML_IMF,0.26044799378190725,0.004393919435250988,118
subject_620,30,Frontal,SCMR_IMF,0.06485029743864909,0.48537083606025994,118
subject_620,30,Frontal,STL_IMF,-0.28366250383738517,0.0018534626176271171,118
subject_620,30,Frontal,STR_IMF,-0.2832498950412885,0.0018833392221754837,118
subject_620,30,Frontal,UTL_IMF,0.07095443117945567,0.44515303056242367,118
subject_620,30,Frontal,UTR_IMF,0.15241309414608442,0.0994252297764464,118
subject_620,30,Horizontal,MTL_IMF,,,118
subject_620,30,Horizontal,MTR_IMF,,,118
subject_620,30,Horizontal,SCML_IMF,,,118
subject_620,30,Horizontal,SCMR_IMF,,,118
subject_620,30,Horizontal,STL_IMF,,,118
subject_620,30,Horizontal,STR_IMF,,,118
subject_620,30,Horizontal,UTL_IMF,,,118
subject_620,30,Horizontal,UTR_IMF,,,118
subject_620,40,Sagittal,MTL_IMF,-0.008481153901959724,0.9273735515583756,118
subject_620,40,Sagittal,MTR_IMF,0.07119907997306815,0.44358121956309265,118
subject_620,40,Sagittal,SCML_IMF,-0.06547702985657809,0.4811541167823262,118
subject_620,40,Sagittal,SCMR_IMF,0.010659639662438838,0.9087907723485313,118
subject_620,40,Sagittal,STL_IMF,0.13905427194369122,0.13316369256674698,118
subject_620,40,Sagittal,STR_IMF,0.08095397675448969,0.3835054854605864,118
subject_620,40,Sagittal,UTL_IMF,0.01992410482834923,0.8304312759059048,118
subject_620,40,Sagittal,UTR_IMF,-0.0649896248344418,0.4844317236997815,118
subject_620,40,Frontal,MTL_IMF,-0.08354037200530931,0.36844289847964795,118
subject_620,40,Frontal,MTR_IMF,0.07837943662735566,0.39886278498816186,118
subject_620,40,Frontal,SCML_IMF,0.03526263327099168,0.7046206348542438,118
subject_620,40,Frontal,SCMR_IMF,-0.17750013423308367,0.05449035852705126,118
subject_620,40,Frontal,STL_IMF,0.07432174794572885,0.4237956373580485,118
subject_620,40,Frontal,STR_IMF,0.008091673597911605,0.930700288347464,118
subject_620,40,Frontal,UTL_IMF,0.10989770765024548,0.2361445313131162,118
subject_620,40,Frontal,UTR_IMF,0.03732131076318746,0.6882453921527898,118
subject_620,40,Horizontal,MTL_IMF,,,118
subject_620,40,Horizontal,MTR_IMF,,,118
subject_620,40,Horizontal,SCML_IMF,,,118
subject_620,40,Horizontal,SCMR_IMF,,,118
subject_620,40,Horizontal,STL_IMF,,,118
subject_620,40,Horizontal,STR_IMF,,,118
subject_620,40,Horizontal,UTL_IMF,,,118
subject_620,40,Horizontal,UTR_IMF,,,118
subject_620,50,Sagittal,MTL_IMF,0.06406819914243464,0.4906604438811058,118
subject_620,50,Sagittal,MTR_IMF,-0.05612377198230295,0.5460787996795823,118
subject_620,50,Sagittal,SCML_IMF,0.07406912389600818,0.42537709325663114,118
subject_620,50,Sagittal,SCMR_IMF,-0.035563026549017766,0.7022225780909725,118
subject_620,50,Sagittal,STL_IMF,-0.1386947207374267,0.13417972218572308,118
subject_620,50,Sagittal,STR_IMF,-0.12032926654059575,0.1943157169222864,118
subject_620,50,Sagittal,UTL_IMF,0.019122759485159967,0.8371550651999058,118
subject_620,50,Sagittal,UTR_IMF,-0.18940959758341058,0.039951833931495054,118
subject_620,50,Frontal,MTL_IMF,0.02356804869993631,0.8000175442512113,118
subject_620,50,Frontal,MTR_IMF,0.14172312344275026,0.12580479969367708,118
subject_620,50,Frontal,SCML_IMF,0.08068708756378784,0.3850806879657748,118
subject_620,50,Frontal,SCMR_IMF,0.016637546742910476,0.8580802356458745,118
subject_620,50,Frontal,STL_IMF,0.09819455552769162,0.29011470403368045,118
subject_620,50,Frontal,STR_IMF,0.1252986318236082,0.17639549358300866,118
subject_620,50,Frontal,UTL_IMF,0.16391968855294173,0.07611505115896829,118
subject_620,50,Frontal,UTR_IMF,0.1085277226796787,0.24207261929832793,118
subject_620,50,Horizontal,MTL_IMF,,,118
subject_620,50,Horizontal,MTR_IMF,,,118
subject_620,50,Horizontal,SCML_IMF,,,118
subject_620,50,Horizontal,SCMR_IMF,,,118
subject_620,50,Horizontal,STL_IMF,,,118
subject_620,50,Horizontal,STR_IMF,,,118
subject_620,50,Horizontal,UTL_IMF,,,118
subject_620,50,Horizontal,UTR_IMF,,,118
subject_620,60,Sagittal,MTL_IMF,-0.000979919667142389,0.991597362289396,118
subject_620,60,Sagittal,MTR_IMF,0.06397419848364955,0.49129825588560194,118
subject_620,60,Sagittal,SCML_IMF,0.2015838728970277,0.028598715535319612,118
subject_620,60,Sagittal,SCMR_IMF,-0.12420306859657647,0.1802377827943775,118
subject_620,60,Sagittal,STL_IMF,0.037764291435130215,0.6847402794615931,118
subject_620,60,Sagittal,STR_IMF,0.04812484483063137,0.6048039290124285,118
subject_620,60,Sagittal,UTL_IMF,0.15932143881349098,0.08483864013041888,118
subject_620,60,Sagittal,UTR_IMF,-0.21552493445026152,0.019083571087257143,118
subject_620,60,Frontal,MTL_IMF,-0.07296216567530404,0.43234675988680576,118
subject_620,60,Frontal,MTR_IMF,-0.01422559896915952,0.8784832182971039,118
subject_620,60,Frontal,SCML_IMF,-0.04544859986380184,0.625057435635728,118
subject_620,60,Frontal,SCMR_IMF,0.013294488395533871,0.8863817271750809,118
subject_620,60,Frontal,STL_IMF,-0.03742334241912816,0.6874374708554014,118
subject_620,60,Frontal,STR_IMF,-0.013600829271137763,0.8837818022993706,118
subject_620,60,Frontal,UTL_IMF,-0.008353917996500641,0.9284601990443004,118
subject_620,60,Frontal,UTR_IMF,-0.0680798027713252,0.4638549542371552,118
subject_620,60,Horizontal,MTL_IMF,,,118
subject_620,60,Horizontal,MTR_IMF,,,118
subject_620,60,Horizontal,SCML_IMF,,,118
subject_620,60,Horizontal,SCMR_IMF,,,118
subject_620,60,Horizontal,STL_IMF,,,118
subject_620,60,Horizontal,STR_IMF,,,118
subject_620,60,Horizontal,UTL_IMF,,,118
subject_620,60,Horizontal,UTR_IMF,,,118
subject_620,70,Sagittal,MTL_IMF,0.007815239304573462,0.9330621740431313,118
subject_620,70,Sagittal,MTR_IMF,-0.14961951211978405,0.10585696505206858,118
subject_620,70,Sagittal,SCML_IMF,0.008626434996560899,0.9261329542379414,118
subject_620,70,Sagittal,SCMR_IMF,0.11267057499317919,0.22445795389355622,118
subject_620,70,Sagittal,STL_IMF,0.08678320316360022,0.3500790195437011,118
subject_620,70,Sagittal,STR_IMF,0.07822110322358888,0.39981902860959057,118
subject_620,70,Sagittal,UTL_IMF,0.013041949981414587,0.8885259381107055,118
subject_620,70,Sagittal,UTR_IMF,-0.11297147877686456,0.22321474266231892,118
subject_620,70,Frontal,MTL_IMF,-0.10781371950492445,0.24520282045732358,118
subject_620,70,Frontal,MTR_IMF,0.033819411909335934,0.716182028348219,118
subject_620,70,Frontal,SCML_IMF,0.051469733054661924,0.579907584187453,118
subject_620,70,Frontal,SCMR_IMF,-0.00669993256206097,0.9425971792108229,118
subject_620,70,Frontal,STL_IMF,-0.08316332746808178,0.3706158039109944,118
subject_620,70,Frontal,STR_IMF,-0.10778811330545882,0.245315596618696,118
subject_620,70,Frontal,UTL_IMF,-0.11033228735860935,0.23428540645887463,118
subject_620,70,Frontal,UTR_IMF,-0.09543064997999277,0.3039709119077954,118
subject_620,70,Horizontal,MTL_IMF,,,118
subject_620,70,Horizontal,MTR_IMF,,,118
subject_620,70,Horizontal,SCML_IMF,,,118
subject_620,70,Horizontal,SCMR_IMF,,,118
subject_620,70,Horizontal,STL_IMF,,,118
subject_620,70,Horizontal,STR_IMF,,,118
subject_620,70,Horizontal,UTL_IMF,,,118
subject_620,70,Horizontal,UTR_IMF,,,118
subject_620,80,Sagittal,MTL_IMF,-0.03821126179123321,0.6812103766701106,118
subject_620,80,Sagittal,MTR_IMF,-0.17986022518436864,0.05130641033577859,118
subject_620,80,Sagittal,SCML_IMF,-0.06745440728025695,0.4679801276207646,118
subject_620,80,Sagittal,SCMR_IMF,-0.05639357230254525,0.5441477148229446,118
subject_620,80,Sagittal,STL_IMF,-0.05216188447221943,0.5748156762190784,118
subject_620,80,Sagittal,STR_IMF,0.00837465488338676,0.9282830883813047,118
subject_620,80,Sagittal,UTL_IMF,0.015893988697199823,0.8643607684683354,118
subject_620,80,Sagittal,UTR_IMF,-0.17536464206798874,0.05750983388852114,118
subject_620,80,Frontal,MTL_IMF,-0.03323280817170158,0.7208998037720519,118
subject_620,80,Frontal,MTR_IMF,-0.041562664342527145,0.6549666721286485,118
subject_620,80,Frontal,SCML_IMF,0.0015976581670761824,0.9863007784252004,118
subject_620,80,Frontal,SCMR_IMF,0.0901042982007448,0.3318773553155666,118
subject_620,80,Frontal,STL_IMF,-0.037393128595081926,0.6876766775152654,118
subject_620,80,Frontal,STR_IMF,-0.014696494725409924,0.874493152021722,118
subject_620,80,Frontal,UTL_IMF,-0.06266898356652693,0.5001996140105625,118
subject_620,80,Frontal,UTR_IMF,0.098175362353749,0.29020945397083836,118
subject_620,80,Horizontal,MTL_IMF,,,118
subject_620,80,Horizontal,MTR_IMF,,,118
subject_620,80,Horizontal,SCML_IMF,,,118
subject_620,80,Horizontal,SCMR_IMF,,,118
subject_620,80,Horizontal,STL_IMF,,,118
subject_620,80,Horizontal,STR_IMF,,,118
subject_620,80,Horizontal,UTL_IMF,,,118
subject_620,80,Horizontal,UTR_IMF,,,118
subject_620,90,Sagittal,MTL_IMF,-0.10060583488119766,0.27837442118685773,118
subject_620,90,Sagittal,MTR_IMF,0.060165294609392836,0.5175078485528884,118
subject_620,90,Sagittal,SCML_IMF,-0.12091497045229238,0.19213754988918322,118
subject_620,90,Sagittal,SCMR_IMF,-0.19004418579315543,0.039278525669685746,118
subject_620,90,Sagittal,STL_IMF,-0.08335211922357508,0.3695268182246606,118
subject_620,90,Sagittal,STR_IMF,0.11568456081945033,0.21222460948163194,118
subject_620,90,Sagittal,UTL_IMF,-0.1159613516934759,0.21112546956705286,118
subject_620,90,Sagittal,UTR_IMF,-0.06536387964153736,0.48191394369674906,118
subject_620,90,Frontal,MTL_IMF,-0.10276127601583357,0.26815361246936814,118
subject_620,90,Frontal,MTR_IMF,0.007315488840892937,0.937333560909023,118
subject_620,90,Frontal,SCML_IMF,-0.029631266904019283,0.7500894289073331,118
subject_620,90,Frontal,SCMR_IMF,0.09004316532367876,0.33220684840348347,118
subject_620,90,Frontal,STL_IMF,-0.03348927575011598,0.7188358544321175,118
subject_620,90,Frontal,STR_IMF,-0.04001435974975137,0.667041099957579,118
subject_620,90,Frontal,UTL_IMF,0.022727371041687993,0.807009419103629,118
subject_620,90,Frontal,UTR_IMF,0.12168393461971136,0.18930483459055064,118
subject_620,90,Horizontal,MTL_IMF,0.16866980298032153,0.06787688331732306,118
subject_620,90,Horizontal,MTR_IMF,-0.0018542465067839832,0.9841009129364703,118
subject_620,90,Horizontal,SCML_IMF,0.14887884860459386,0.10761570177364373,118
subject_620,90,Horizontal,SCMR_IMF,0.0413872111172693,0.6563305493483429,118
subject_620,90,Horizontal,STL_IMF,-0.21009798318141967,0.022400762505430896,118
subject_620,90,Horizontal,STR_IMF,-0.02717638416696103,0.7701929839636059,118
subject_620,90,Horizontal,UTL_IMF,-0.16139651819974302,0.08080786553035801,118
subject_620,90,Horizontal,UTR_IMF,-0.18977587412981006,0.03956203921446405,118
subject_621,10,Sagittal,SCML_IMF,-0.17797102144308508,0.03746583824452356,137
subject_621,10,Sagittal,SCMR_IMF,-0.11501477061370423,0.18079071644398437,137
subject_621,10,Sagittal,STL_IMF,-0.0325419301555504,0.7057994201280685,137
subject_621,10,Sagittal,STR_IMF,0.058287475266256494,0.4986839862726839,137
subject_621,10,Sagittal,UTL_IMF,-0.07126425973108655,0.4079328520064838,137
subject_621,10,Frontal,SCML_IMF,-0.13197789417273026,0.127042795891989,135
subject_621,10,Frontal,SCMR_IMF,-0.11207698898071021,0.1956000303419537,135
subject_621,10,Frontal,STL_IMF,0.061434627773873436,0.4790463444494333,135
subject_621,10,Frontal,STR_IMF,0.11218405427898868,0.1951707229458094,135
subject_621,10,Frontal,UTL_IMF,-0.03684707112161625,0.6713562910363384,135
subject_621,10,Horizontal,SCML_IMF,-0.13662601494638626,0.11272580603722174,136
subject_621,10,Horizontal,SCMR_IMF,-0.022857819595110834,0.7916722494972598,136
subject_621,10,Horizontal,STL_IMF,0.07346990227061757,0.3953028411916698,136
subject_621,10,Horizontal,STR_IMF,0.020830124065146338,0.8097854611474407,136
subject_621,10,Horizontal,UTL_IMF,0.0015289820674743342,0.9859050910988931,136
subject_621,20,Sagittal,SCML_IMF,,,137
subject_621,20,Sagittal,SCMR_IMF,,,137
subject_621,20,Sagittal,STL_IMF,,,137
subject_621,20,Sagittal,STR_IMF,,,137
subject_621,20,Sagittal,UTL_IMF,,,137
subject_621,20,Frontal,SCML_IMF,-0.29102171023969386,0.0005603818118108119,137
subject_621,20,Frontal,SCMR_IMF,-0.09322730375953814,0.27855940991011946,137
subject_621,20,Frontal,STL_IMF,-0.11446456875208517,0.18289974221354882,137
subject_621,20,Frontal,STR_IMF,-0.04535483393315899,0.5986995441891402,137
subject_621,20,Frontal,UTL_IMF,-0.25789019724573714,0.0023461667985287243,137
subject_621,20,Horizontal,SCML_IMF,-0.20108572465955604,0.018462826695711792,137
subject_621,20,Horizontal,SCMR_IMF,-0.06701164576093259,0.4365456697510164,137
subject_621,20,Horizontal,STL_IMF,-0.026838239607900702,0.7555639449639955,137
subject_621,20,Horizontal,STR_IMF,0.06688168250524511,0.43743772905586514,137
subject_621,20,Horizontal,UTL_IMF,-0.10563420016464163,0.21924873449205057,137
subject_621,30,Sagittal,SCML_IMF,-0.01065961305362549,0.90160991547007,137
subject_621,30,Sagittal,SCMR_IMF,-0.019171443943395358,0.8240333537239842,137
subject_621,30,Sagittal,STL_IMF,-0.12474421142984045,0.14639186221431771,137
subject_621,30,Sagittal,STR_IMF,0.06116274156710431,0.47770587432646494,137
subject_621,30,Sagittal,UTL_IMF,0.08138475505640085,0.34444172650545424,137
subject_621,30,Frontal,SCML_IMF,-0.03243867062544166,0.7066901167672666,137
subject_621,30,Frontal,SCMR_IMF,-0.2470776218944757,0.003605734873195177,137
subject_621,30,Frontal,STL_IMF,-0.06896201306958022,0.42328351924789975,137
subject_621,30,Frontal,STR_IMF,0.025665775228378773,0.7659270265578559,137
subject_621,30,Frontal,UTL_IMF,-0.07665118204909994,0.3733213244597874,137
subject_621,30,Horizontal,SCML_IMF,0.029778710631981824,0.729768224259961,137
subject_621,30,Horizontal,SCMR_IMF,-0.04905883228056016,0.5691522095978739,137
subject_621,30,Horizontal,STL_IMF,-0.15498484425693254,0.0705484992034869,137
subject_621,30,Horizontal,STR_IMF,0.00344077096457638,0.9681694231777496,137
subject_621,30,Horizontal,UTL_IMF,0.05314455378739875,0.5373814139706895,137
subject_621,40,Sagittal,SCML_IMF,-0.01178509950014036,0.8912822422440961,137
subject_621,40,Sagittal,SCMR_IMF,0.05974394977710841,0.4879973659713108,137
subject_621,40,Sagittal,STL_IMF,-0.09009497677750986,0.29509803761315095,137
subject_621,40,Sagittal,STR_IMF,0.0439084886180939,0.6104210633703739,137
subject_621,40,Sagittal,UTL_IMF,0.028041876865328306,0.7449704037786017,137
subject_621,40,Frontal,SCML_IMF,0.025101247294389246,0.7709316686793416,137
subject_621,40,Frontal,SCMR_IMF,-0.0686482005445487,0.425401506896734,137
subject_621,40,Frontal,STL_IMF,-0.002204724294035881,0.9796009379353866,137
subject_621,40,Frontal,STR_IMF,0.09014873701449914,0.2948088101719721,137
subject_621,40,Frontal,UTL_IMF,0.02437300205799027,0.777401619982248,137
subject_621,40,Horizontal,SCML_IMF,0.07167526216665232,0.4052273428053218,137
subject_621,40,Horizontal,SCMR_IMF,0.11560079516608066,0.1785640732293257,137
subject_621,40,Horizontal,STL_IMF,-0.10142514680518494,0.23827181507699224,137
subject_621,40,Horizontal,STR_IMF,-0.0932170459963721,0.2786125320277176,137
subject_621,40,Horizontal,UTL_IMF,-0.016689184645025938,0.846516089246403,137
subject_621,50,Sagittal,SCML_IMF,-0.021418884807906876,0.8037993748654764,137
subject_621,50,Sagittal,SCMR_IMF,0.008450500908895061,0.9219274950562153,137
subject_621,50,Sagittal,STL_IMF,0.05916019047249926,0.492265867334629,137
subject_621,50,Sagittal,STR_IMF,0.0045664111037530385,0.9577645615486895,137
subject_621,50,Sagittal,UTL_IMF,0.16588481519239034,0.052710419988293254,137
subject_621,50,Frontal,SCML_IMF,0.028037704933576556,0.7450070411402143,137
subject_621,50,Frontal,SCMR_IMF,0.05125065119278646,0.5519984613496083,137
subject_621,50,Frontal,STL_IMF,0.13660947374280835,0.11143098547368605,137
subject_621,50,Frontal,STR_IMF,0.15761566266706198,0.06584820128009894,137
subject_621,50,Frontal,UTL_IMF,0.1863463370585043,0.02923688421792168,137
subject_621,50,Horizontal,SCML_IMF,-0.027730598593932877,0.7477055704876819,137
subject_621,50,Horizontal,SCMR_IMF,0.02389178612607628,0.7816853099492914,137
subject_621,50,Horizontal,STL_IMF,0.08472505328457551,0.3249354864981782,137
subject_621,50,Horizontal,STR_IMF,0.06932682076394468,0.4208290431057077,137
subject_621,50,Horizontal,UTL_IMF,-0.08695982091922845,0.31229022177115767,137
subject_621,60,Sagittal,SCML_IMF,-0.03317438801412315,0.7014149659200766,136
subject_621,60,Sagittal,SCMR_IMF,-0.02574877152169872,0.7660410115745907,136
subject_621,60,Sagittal,STL_IMF,-0.007558538432824673,0.9304055757561938,136
subject_621,60,Sagittal,STR_IMF,-0.005535347901173465,0.9490041933995524,136
subject_621,60,Sagittal,UTL_IMF,0.013894546170409567,0.8724486569257418,136
subject_621,60,Frontal,SCML_IMF,-0.0834872665481654,0.3338830992743873,136
subject_621,60,Frontal,SCMR_IMF,0.1350541198662807,0.116964782037257,136
subject_621,60,Frontal,STL_IMF,0.06439566650100445,0.45638182497682556,136
subject_621,60,Frontal,STR_IMF,-0.05643944848049417,0.5139905655268246,136
subject_621,60,Frontal,UTL_IMF,0.20600815925288365,0.016122076089208896,136
subject_621,60,Horizontal,SCML_IMF,,,136
subject_621,60,Horizontal,SCMR_IMF,,,136
subject_621,60,Horizontal,STL_IMF,,,136
subject_621,60,Horizontal,STR_IMF,,,136
subject_621,60,Horizontal,UTL_IMF,,,136
subject_621,70,Sagittal,SCML_IMF,0.3878155218608566,2.8373763737310914e-06,137
subject_621,70,Sagittal,SCMR_IMF,0.1607924836261268,0.06051591445065299,137
subject_621,70,Sagittal,STL_IMF,-0.04019437528371122,0.6409714640870582,137
subject_621,70,Sagittal,STR_IMF,0.15236122161815818,0.07550336700593098,137
subject_621,70,Sagittal,UTL_IMF,0.16542414317516438,0.05338045119745587,137
subject_621,70,Frontal,SCML_IMF,0.1421831159877626,0.0974399004601044,137
subject_621,70,Frontal,SCMR_IMF,0.1577766232283444,0.06556911607091602,137
subject_621,70,Frontal,STL_IMF,-0.1224902412441234,0.15388263124910176,137
subject_621,70,Frontal,STR_IMF,0.02559191908555747,0.7665812305998206,137
subject_621,70,Frontal,UTL_IMF,0.20042065119287808,0.01886197315160104,137
subject_621,70,Horizontal,SCML_IMF,0.058608128405413774,0.49632074052806124,137
subject_621,70,Horizontal,SCMR_IMF,-0.04885867881124267,0.5707311184761996,137
subject_621,70,Horizontal,STL_IMF,0.08466866137099878,0.3252587795262866,137
subject_621,70,Horizontal,STR_IMF,-0.06621136291613222,0.44205520044738744,137
subject_621,70,Horizontal,UTL_IMF,-0.14208662890921858,0.09766969668671714,137
subject_621,80,Sagittal,SCML_IMF,0.38779119149018393,2.8417972344035866e-06,137
subject_621,80,Sagittal,SCMR_IMF,0.1572437387917081,0.06649677399681528,137
subject_621,80,Sagittal,STL_IMF,-0.013083013006505323,0.879395056919291,137
subject_621,80,Sagittal,STR_IMF,-0.018217916978003054,0.8326539702028534,137
subject_621,80,Sagittal,UTL_IMF,-0.06617136235972258,0.4423316120908189,137
subject_621,80,Frontal,SCML_IMF,-0.017662810591493106,0.8376818086358427,137
subject_621,80,Frontal,SCMR_IMF,0.010508757058649218,0.9029954893762311,137
subject_621,80,Frontal,STL_IMF,-0.10990074478247565,0.2010924979370819,137
subject_621,80,Frontal,STR_IMF,-0.045677409281650816,0.596099149750615,137
subject_621,80,Frontal,UTL_IMF,-0.0764795423727421,0.3743956028453696,137
subject_621,80,Horizontal,SCML_IMF,0.10305942134019162,0.23075319001537883,137
subject_621,80,Horizontal,SCMR_IMF,0.03689076053219449,0.6686622999004525,137
subject_621,80,Horizontal,STL_IMF,0.07489578390290397,0.38439718037216225,137
subject_621,80,Horizontal,STR_IMF,-0.047762758745708796,0.5794126362905359,137
subject_621,80,Horizontal,UTL_IMF,-0.13781926434226455,0.10826814748706297,137
subject_621,90,Sagittal,SCML_IMF,0.3158506496895349,0.00017983734741939012,136
subject_621,90,Sagittal,SCMR_IMF,0.1414165537218721,0.10054279337824604,136
subject_621,90,Sagittal,STL_IMF,0.20934320661838862,0.014446217509879978,136
subject_621,90,Sagittal,STR_IMF,-0.18509628814144333,0.030980090325623377,136
subject_621,90,Sagittal,UTL_IMF,-0.12877045948429203,0.13515597345513558,136
subject_621,90,Frontal,SCML_IMF,-0.21770397400142055,0.010895812238615082,136
subject_621,90,Frontal,SCMR_IMF,0.03565100291861595,0.6803012840576605,136
subject_621,90,Frontal,STL_IMF,0.047201294721050883,0.5852856589793659,136
subject_621,90,Frontal,STR_IMF,-0.06629874419878075,0.4431544836160488,136
subject_621,90,Frontal,UTL_IMF,-0.004723122503116755,0.9564790539452094,136
subject_621,90,Horizontal,SCML_IMF,,,136
subject_621,90,Horizontal,SCMR_IMF,,,136
subject_621,90,Horizontal,STL_IMF,,,136
subject_621,90,Horizontal,STR_IMF,,,136
subject_621,90,Horizontal,UTL_IMF,,,136
subject_623,10,Sagittal,MTL_IMF,0.13445882252720223,0.12871173317428233,129
subject_623,10,Sagittal,MTR_IMF,0.16267498825942497,0.06548419025594072,129
subject_623,10,Sagittal,SCML_IMF,0.2640393184881414,0.0024981321526624505,129
subject_623,10,Sagittal,SCMR_IMF,0.10777430514474319,0.22409509498206714,129
subject_623,10,Sagittal,STL_IMF,0.13750494685755682,0.12019734034740075,129
subject_623,10,Sagittal,STR_IMF,-0.01631140121094187,0.8544285671189655,129
subject_623,10,Sagittal,UTR_IMF,0.1590838646558886,0.07174316242339146,129
subject_623,10,Frontal,MTL_IMF,,,129
subject_623,10,Frontal,MTR_IMF,,,129
subject_623,10,Frontal,SCML_IMF,,,129
subject_623,10,Frontal,SCMR_IMF,,,129
subject_623,10,Frontal,STL_IMF,,,129
subject_623,10,Frontal,STR_IMF,,,129
subject_623,10,Frontal,UTR_IMF,,,129
subject_623,10,Horizontal,MTL_IMF,,,129
subject_623,10,Horizontal,MTR_IMF,,,129
subject_623,10,Horizontal,SCML_IMF,,,129
subject_623,10,Horizontal,SCMR_IMF,,,129
subject_623,10,Horizontal,STL_IMF,,,129
subject_623,10,Horizontal,STR_IMF,,,129
subject_623,10,Horizontal,UTR_IMF,,,129
subject_623,20,Sagittal,MTL_IMF,0.05624859232792125,0.5282779046163506,128
subject_623,20,Sagittal,MTR_IMF,-0.36054590357904515,2.90747018859997e-05,128
subject_623,20,Sagittal,SCML_IMF,0.3473161154749216,5.9028499289100446e-05,128
subject_623,20,Sagittal,SCMR_IMF,0.16285004158339186,0.06626238378783086,128
subject_623,20,Sagittal,STL_IMF,0.0059290813513377056,0.9470415063767522,128
subject_623,20,Sagittal,STR_IMF,-0.026133751230729547,0.7696603453581387,128
subject_623,20,Sagittal,UTR_IMF,-0.10055113906459011,0.2587665033308363,128
subject_623,20,Frontal,MTL_IMF,,,128
subject_623,20,Frontal,MTR_IMF,,,128
subject_623,20,Frontal,SCML_IMF,,,128
subject_623,20,Frontal,SCMR_IMF,,,128
subject_623,20,Frontal,STL_IMF,,,128
subject_623,20,Frontal,STR_IMF,,,128
subject_623,20,Frontal,UTR_IMF,,,128
subject_623,20,Horizontal,MTL_IMF,,,128
subject_623,20,Horizontal,MTR_IMF,,,128
subject_623,20,Horizontal,SCML_IMF,,,128
subject_623,20,Horizontal,SCMR_IMF,,,128
subject_623,20,Horizontal,STL_IMF,,,128
subject_623,20,Horizontal,STR_IMF,,,128
subject_623,20,Horizontal,UTR_IMF,,,128
subject_623,30,Sagittal,MTL_IMF,0.044528892803216466,0.6177141864591595,128
subject_623,30,Sagittal,MTR_IMF,0.16800038006515525,0.0580185774536083,128
subject_623,30,Sagittal,SCML_IMF,-0.05157405664537036,0.5631595677823436,128
subject_623,30,Sagittal,SCMR_IMF,0.0935772410374918,0.29342978732482067,128
subject_623,30,Sagittal,STL_IMF,-0.026998924300263547,0.7622582505754844,128
subject_623,30,Sagittal,STR_IMF,0.325194131733173,0.00018011569384425208,128
subject_623,30,Sagittal,UTR_IMF,-0.16751080894823933,0.05876409347389292,128
subject_623,30,Frontal,MTL_IMF,,,128
subject_623,30,Frontal,MTR_IMF,,,128
subject_623,30,Frontal,SCML_IMF,,,128
subject_623,30,Frontal,SCMR_IMF,,,128
subject_623,30,Frontal,STL_IMF,,,128
subject_623,30,Frontal,STR_IMF,,,128
subject_623,30,Frontal,UTR_IMF,,,128
subject_623,30,Horizontal,MTL_IMF,,,128
subject_623,30,Horizontal,MTR_IMF,,,128
subject_623,30,Horizontal,SCML_IMF,,,128
subject_623,30,Horizontal,SCMR_IMF,,,128
subject_623,30,Horizontal,STL_IMF,,,128
subject_623,30,Horizontal,STR_IMF,,,128
subject_623,30,Horizontal,UTR_IMF,,,128
subject_623,40,Sagittal,MTL_IMF,-0.013876440684713111,0.8759703288177478,129
subject_623,40,Sagittal,MTR_IMF,0.047458780405091626,0.5932843547512368,129
subject_623,40,Sagittal,SCML_IMF,-0.3546687305741266,3.724507591773508e-05,129
subject_623,40,Sagittal,SCMR_IMF,-0.035743021934790585,0.6875811134014032,129
subject_623,40,Sagittal,STL_IMF,0.0983002308646293,0.26773420735375086,129
subject_623,40,Sagittal,STR_IMF,0.36070122738190763,2.6791027201474727e-05,129
subject_623,40,Sagittal,UTR_IMF,0.08108105505050565,0.3610083708558122,129
subject_623,40,Frontal,MTL_IMF,,,129
subject_623,40,Frontal,MTR_IMF,,,129
subject_623,40,Frontal,SCML_IMF,,,129
subject_623,40,Frontal,SCMR_IMF,,,129
subject_623,40,Frontal,STL_IMF,,,129
subject_623,40,Frontal,STR_IMF,,,129
subject_623,40,Frontal,UTR_IMF,,,129
subject_623,40,Horizontal,MTL_IMF,,,129
subject_623,40,Horizontal,MTR_IMF,,,129
subject_623,40,Horizontal,SCML_IMF,,,129
subject_623,40,Horizontal,SCMR_IMF,,,129
subject_623,40,Horizontal,STL_IMF,,,129
subject_623,40,Horizontal,STR_IMF,,,129
subject_623,40,Horizontal,UTR_IMF,,,129
subject_623,50,Sagittal,MTL_IMF,-0.12916212920632736,0.1446093987281132,129
subject_623,50,Sagittal,MTR_IMF,-0.04472202574315163,0.6147867876601741,129
subject_623,50,Sagittal,SCML_IMF,-0.2669988417329134,0.0022227332132923345,129
subject_623,50,Sagittal,SCMR_IMF,-0.217397848530302,0.013330877238759675,129
subject_623,50,Sagittal,STL_IMF,-0.03172233131693704,0.7211821216757884,129
subject_623,50,Sagittal,STR_IMF,-0.023552153241482212,0.7910602302275149,129
subject_623,50,Sagittal,UTR_IMF,0.15648328288751023,0.07657135189408622,129
subject_623,50,Frontal,MTL_IMF,,,129
subject_623,50,Frontal,MTR_IMF,,,129
subject_623,50,Frontal,SCML_IMF,,,129
subject_623,50,Frontal,SCMR_IMF,,,129
subject_623,50,Frontal,STL_IMF,,,129
subject_623,50,Frontal,STR_IMF,,,129
subject_623,50,Frontal,UTR_IMF,,,129
subject_623,50,Horizontal,MTL_IMF,,,129
subject_623,50,Horizontal,MTR_IMF,,,129
subject_623,50,Horizontal,SCML_IMF,,,129
subject_623,50,Horizontal,SCMR_IMF,,,129
subject_623,50,Horizontal,STL_IMF,,,129
subject_623,50,Horizontal,STR_IMF,,,129
subject_623,50,Horizontal,UTR_IMF,,,129
subject_623,60,Sagittal,MTL_IMF,-0.012054917739298282,0.8925701199279045,128
subject_623,60,Sagittal,MTR_IMF,0.04995041631751195,0.5755269038258328,128
subject_623,60,Sagittal,SCML_IMF,0.21325345479445226,0.015653761962261446,128
subject_623,60,Sagittal,SCMR_IMF,-0.03904154323945335,0.6617208639214487,128
subject_623,60,Sagittal,STL_IMF,-0.007280391367411527,0.9349955870491773,128
subject_623,60,Sagittal,STR_IMF,0.06092050242925489,0.49453707627156646,128
subject_623,60,Sagittal,UTR_IMF,0.025343067264988303,0.7764433428379085,128
subject_623,60,Frontal,MTL_IMF,,,128
subject_623,60,Frontal,MTR_IMF,,,128
subject_623,60,Frontal,SCML_IMF,,,128
subject_623,60,Frontal,SCMR_IMF,,,128
subject_623,60,Frontal,STL_IMF,,,128
subject_623,60,Frontal,STR_IMF,,,128
subject_623,60,Frontal,UTR_IMF,,,128
subject_623,60,Horizontal,MTL_IMF,,,128
subject_623,60,Horizontal,MTR_IMF,,,128
subject_623,60,Horizontal,SCML_IMF,,,128
subject_623,60,Horizontal,SCMR_IMF,,,128
subject_623,60,Horizontal,STL_IMF,,,128
subject_623,60,Horizontal,STR_IMF,,,128
subject_623,60,Horizontal,UTR_IMF,,,128
subject_623,70,Sagittal,MTL_IMF,-0.10598477934529653,0.2337812011121836,128
subject_623,70,Sagittal,MTR_IMF,0.006572145359705605,0.9413074112500829,128
subject_623,70,Sagittal,SCML_IMF,0.16859715432119346,0.057120333761389336,128
subject_623,70,Sagittal,SCMR_IMF,-0.04950378874264804,0.5789509812005679,128
subject_623,70,Sagittal,STL_IMF,-0.13370304375708048,0.1324263634243788,128
subject_623,70,Sagittal,STR_IMF,0.028917873582869385,0.7459178036694182,128
subject_623,70,Sagittal,UTR_IMF,-0.09720197740341445,0.2750468307787818,128
subject_623,70,Frontal,MTL_IMF,,,128
subject_623,70,Frontal,MTR_IMF,,,128
subject_623,70,Frontal,SCML_IMF,,,128
subject_623,70,Frontal,SCMR_IMF,,,128
subject_623,70,Frontal,STL_IMF,,,128
subject_623,70,Frontal,STR_IMF,,,128
subject_623,70,Frontal,UTR_IMF,,,128
subject_623,70,Horizontal,MTL_IMF,,,128
subject_623,70,Horizontal,MTR_IMF,,,128
subject_623,70,Horizontal,SCML_IMF,,,128
subject_623,70,Horizontal,SCMR_IMF,,,128
subject_623,70,Horizontal,STL_IMF,,,128
subject_623,70,Horizontal,STR_IMF,,,128
subject_623,70,Horizontal,UTR_IMF,,,128
subject_623,80,Sagittal,MTL_IMF,-0.011033026961054383,0.9016290582191807,128
subject_623,80,Sagittal,MTR_IMF,0.018547345327743055,0.8353861858507883,128
subject_623,80,Sagittal,SCML_IMF,0.12697040877280505,0.15323383920566605,128
subject_623,80,Sagittal,SCMR_IMF,-0.03669534326778762,0.6809065791181127,128
subject_623,80,Sagittal,STL_IMF,-0.1614255706419527,0.06870357541263564,128
subject_623,80,Sagittal,STR_IMF,-0.04975536738332476,0.5770210866944654,128
subject_623,80,Sagittal,UTR_IMF,0.039657671436952036,0.6567181077302754,128
subject_623,80,Frontal,MTL_IMF,,,128
subject_623,80,Frontal,MTR_IMF,,,128
subject_623,80,Frontal,SCML_IMF,,,128
subject_623,80,Frontal,SCMR_IMF,,,128
subject_623,80,Frontal,STL_IMF,,,128
subject_623,80,Frontal,STR_IMF,,,128
subject_623,80,Frontal,UTR_IMF,,,128
subject_623,80,Horizontal,MTL_IMF,,,128
subject_623,80,Horizontal,MTR_IMF,,,128
subject_623,80,Horizontal,SCML_IMF,,,128
subject_623,80,Horizontal,SCMR_IMF,,,128
subject_623,80,Horizontal,STL_IMF,,,128
subject_623,80,Horizontal,STR_IMF,,,128
subject_623,80,Horizontal,UTR_IMF,,,128
subject_623,90,Sagittal,MTL_IMF,-0.010323783214568113,0.9079239391300796,128
subject_623,90,Sagittal,MTR_IMF,-0.01303626564000139,0.883883592044718,128
subject_623,90,Sagittal,SCML_IMF,0.06525886261498479,0.4642554732594497,128
subject_623,90,Sagittal,SCMR_IMF,0.07400906739479682,0.40640168065298404,128
subject_623,90,Sagittal,STL_IMF,0.01891451500502323,0.8321748813251199,128
subject_623,90,Sagittal,STR_IMF,0.08412815977681998,0.34509833262485917,128
subject_623,90,Sagittal,UTR_IMF,0.11300156220700991,0.20408558050353817,128
subject_623,90,Frontal,MTL_IMF,0.14945558012439195,0.09222412832310256,128
subject_623,90,Frontal,MTR_IMF,0.049545874428329764,0.5786279275486784,128
subject_623,90,Frontal,SCML_IMF,0.016201546006433077,0.8559646574002936,128
subject_623,90,Frontal,SCMR_IMF,-0.021318403535746225,0.8112208718493624,128
subject_623,90,Frontal,STL_IMF,0.085348301323962,0.33812195240572074,128
subject_623,90,Frontal,STR_IMF,0.023884580264060297,0.7889991267110555,128
subject_623,90,Frontal,UTR_IMF,0.0017074068308777425,0.984739298507645,128
subject_623,90,Horizontal,MTL_IMF,-0.16312279099300106,0.06580311063256596,128
subject_623,90,Horizontal,MTR_IMF,-0.025209639852753686,0.7775896477416531,128
subject_623,90,Horizontal,SCML_IMF,0.058018378415195686,0.5153614659111585,128
subject_623,90,Horizontal,SCMR_IMF,0.04543731533944732,0.6105525838763264,128
subject_623,90,Horizontal,STL_IMF,-0.06646654796349416,0.4560110833114144,128
subject_623,90,Horizontal,STR_IMF,0.007691957995273707,0.931329571039749,128
subject_623,90,Horizontal,UTR_IMF,-0.03919039876296683,0.6605108280561451,128
subject_624,10,Sagittal,MTL_IMF,0.38392684744465644,8.783801552626513e-08,182
subject_624,10,Sagittal,MTR_IMF,0.29361599735404476,5.750175034247768e-05,182
subject_624,10,Sagittal,SCML_IMF,0.4253087332745351,2.1662312943942167e-09,182
subject_624,10,Sagittal,SCMR_IMF,0.28682936273533255,8.648240722417877e-05,182
subject_624,10,Sagittal,STL_IMF,0.1165961064572807,0.11700232762836275,182
subject_624,10,Sagittal,STR_IMF,-0.09116068036274956,0.22098939172308105,182
subject_624,10,Sagittal,UTL_IMF,-0.13976231194989516,0.05986967068155083,182
subject_624,10,Sagittal,UTR_IMF,-0.08336134534731045,0.26322287541040207,182
subject_624,10,Frontal,MTL_IMF,0.31691822304175676,1.3072096463297378e-05,182
subject_624,10,Frontal,MTR_IMF,0.2967104775125974,4.757387320000397e-05,182
subject_624,10,Frontal,SCML_IMF,0.369927397700781,2.7515555075459025e-07,182
subject_624,10,Frontal,SCMR_IMF,0.25998792571149243,0.0003934902701974684,182
subject_624,10,Frontal,STL_IMF,0.12594277634222464,0.09024499585880585,182
subject_624,10,Frontal,STR_IMF,-0.21893473932369023,0.002984300843641147,182
subject_624,10,Frontal,UTL_IMF,-0.07160943828198835,0.3367322322706556,182
subject_624,10,Frontal,UTR_IMF,0.035705208022250655,0.6322777148896869,182
subject_624,10,Horizontal,MTL_IMF,-0.10784337169990219,0.1473118438863627,182
subject_624,10,Horizontal,MTR_IMF,-0.03347447451992966,0.6537132711423482,182
subject_624,10,Horizontal,SCML_IMF,-0.09033688020283477,0.22520794890662182,182
subject_624,10,Horizontal,SCMR_IMF,-0.11181530296344502,0.13289210237674062,182
subject_624,10,Horizontal,STL_IMF,-0.03808096819167333,0.6097811331472296,182
subject_624,10,Horizontal,STR_IMF,0.035381612888350754,0.6353688168365048,182
subject_624,10,Horizontal,UTL_IMF,-0.055785166810023344,0.4544719148605182,182
subject_624,10,Horizontal,UTR_IMF,-0.13320371808956494,0.07303177526238719,182
subject_624,20,Sagittal,MTL_IMF,0.24006651151471625,0.0010976240008908592,182
subject_624,20,Sagittal,MTR_IMF,0.1947205772635724,0.008436387417682142,182
subject_624,20,Sagittal,SCML_IMF,0.12634991494259537,0.089200993815206,182
subject_624,20,Sagittal,SCMR_IMF,0.4444946310675172,3.2583954587500233e-10,182
subject_624,20,Sagittal,STL_IMF,0.1042365531740381,0.16140648698108306,182
subject_624,20,Sagittal,STR_IMF,0.07475906366111446,0.31585584851869564,182
subject_624,20,Sagittal,UTL_IMF,-0.016105855080713927,0.8291461290276742,182
subject_624,20,Sagittal,UTR_IMF,0.11811878719444605,0.1122648730133793,182
subject_624,20,Frontal,MTL_IMF,0.20162462012751511,0.006344731511678832,182
subject_624,20,Frontal,MTR_IMF,0.1489312633996264,0.04479717442026623,182
subject_624,20,Frontal,SCML_IMF,0.0826895586160899,0.2671029844070513,182
subject_624,20,Frontal,SCMR_IMF,0.18600036124714367,0.011938045922351601,182
subject_624,20,Frontal,STL_IMF,-0.008466240270577284,0.9096889293559045,182
subject_624,20,Frontal,STR_IMF,0.02112341001597102,0.7771472940476225,182
subject_624,20,Frontal,UTL_IMF,0.06002777831248466,0.4208395147657665,182
subject_624,20,Frontal,UTR_IMF,0.13355874166177759,0.07226371241255877,182
subject_624,20,Horizontal,MTL_IMF,-0.22237753507948765,0.0025508852773970954,182
subject_624,20,Horizontal,MTR_IMF,-0.11927620462032971,0.10876524073246047,182
subject_624,20,Horizontal,SCML_IMF,0.01360226791763662,0.8553875381133694,182
subject_624,20,Horizontal,SCMR_IMF,-0.1689733105569495,0.022590471107638208,182
subject_624,20,Horizontal,STL_IMF,0.011824002602990285,0.8741250606642565,182
subject_624,20,Horizontal,STR_IMF,0.028309855012121184,0.704416487859401,182
subject_624,20,Horizontal,UTL_IMF,-0.08571122737960052,0.2499547756954153,182
subject_624,20,Horizontal,UTR_IMF,-0.1346067159183732,0.07003469697891856,182
subject_624,30,Sagittal,MTL_IMF,0.21079480076107435,0.004285422661991249,182
subject_624,30,Sagittal,MTR_IMF,0.13055690305352333,0.07896888713358931,182
subject_624,30,Sagittal,SCML_IMF,-0.028322320176892103,0.7042924176972615,182
subject_624,30,Sagittal,SCMR_IMF,0.009650365890205796,0.8971229945485633,182
subject_624,30,Sagittal,STL_IMF,0.2787347989429781,0.00013884200322141627,182
subject_624,30,Sagittal,STR_IMF,0.128066896870514,0.08490392807709159,182
subject_624,30,Sagittal,UTL_IMF,0.1315416942482457,0.07671595676907966,182
subject_624,30,Sagittal,UTR_IMF,0.04033066222583947,0.5888097621990106,182
subject_624,30,Frontal,MTL_IMF,0.2565207391583218,0.0004732011834027413,182
subject_624,30,Frontal,MTR_IMF,0.11601549384656326,0.11884922466394988,182
subject_624,30,Frontal,SCML_IMF,-0.04389803344853495,0.5562502356306732,182
subject_624,30,Frontal,SCMR_IMF,-0.053190529327935575,0.4757588554014644,182
subject_624,30,Frontal,STL_IMF,0.20162376322133452,0.006344959426861952,182
subject_624,30,Frontal,STR_IMF,0.0692244277206456,0.35311267840550586,182
subject_624,30,Frontal,UTL_IMF,0.06588197533342816,0.37689426571651113,182
subject_624,30,Frontal,UTR_IMF,0.04926203221413658,0.5089950276421932,182
subject_624,30,Horizontal,MTL_IMF,-0.0539638889899393,0.46935793676022797,182
subject_624,30,Horizontal,MTR_IMF,-0.1542078913264779,0.037663906059601106,182
subject_624,30,Horizontal,SCML_IMF,-0.017001309957967125,0.8198045260460365,182
subject_624,30,Horizontal,SCMR_IMF,-0.03341857013193394,0.654254219436518,182
subject_624,30,Horizontal,STL_IMF,-0.09146042558574383,0.21946846868501813,182
subject_624,30,Horizontal,STR_IMF,0.06778948909507498,0.36320464095581473,182
subject_624,30,Horizontal,UTL_IMF,0.032534408403840406,0.6628334360675365,182
subject_624,30,Horizontal,UTR_IMF,-0.03344766588985315,0.6539726573153789,182
subject_624,40,Sagittal,MTL_IMF,-0.04602792438602021,0.5372350754274479,182
subject_624,40,Sagittal,MTR_IMF,-0.01792331622086583,0.8102123685238908,182
subject_624,40,Sagittal,SCML_IMF,0.011614245916866701,0.8763400927851321,182
subject_624,40,Sagittal,SCMR_IMF,-0.11292822765329293,0.12905274300936917,182
subject_624,40,Sagittal,STL_IMF,0.09980605061710321,0.1800731466984904,182
subject_624,40,Sagittal,STR_IMF,0.08880873561255487,0.23318371139387575,182
subject_624,40,Sagittal,UTL_IMF,0.0553243329594874,0.45821335878562375,182
subject_624,40,Sagittal,UTR_IMF,0.01074030645159637,0.8855790487136445,182
subject_624,40,Frontal,MTL_IMF,0.06460640156499252,0.3862223257205548,182
subject_624,40,Frontal,MTR_IMF,-0.0012145207852787409,0.9870174776893909,182
subject_624,40,Frontal,SCML_IMF,-0.0682057284427345,0.3602589547731045,182
subject_624,40,Frontal,SCMR_IMF,0.023662601340900927,0.7511898020245202,182
subject_624,40,Frontal,STL_IMF,0.10805595297689753,0.14651120968923947,182
subject_624,40,Frontal,STR_IMF,0.07517217724973689,0.31318154590968844,182
subject_624,40,Frontal,UTL_IMF,-0.029427352654823654,0.6933249881160274,182
subject_624,40,Frontal,UTR_IMF,0.07425953847888685,0.31910933984922946,182
subject_624,40,Horizontal,MTL_IMF,0.08810356577435777,0.23693037098329361,182
subject_624,40,Horizontal,MTR_IMF,-0.0567385086442655,0.4467863295231165,182
subject_624,40,Horizontal,SCML_IMF,-0.1422410781303079,0.05543301558829809,182
subject_624,40,Horizontal,SCMR_IMF,0.0022341263724293525,0.9761209766227136,182
subject_624,40,Horizontal,STL_IMF,0.028569517630813692,0.701833590124963,182
subject_624,40,Horizontal,STR_IMF,0.08182109720269638,0.27217659273523404,182
subject_624,40,Horizontal,UTL_IMF,0.02931989608691926,0.6943887444615954,182
subject_624,40,Horizontal,UTR_IMF,0.0072032016913051175,0.9231169502311698,182
subject_624,50,Sagittal,MTL_IMF,-0.009783753345870012,0.895998282792081,181
subject_624,50,Sagittal,MTR_IMF,-0.09613134321697402,0.19797640745783465,181
subject_624,50,Sagittal,SCML_IMF,0.20943494059977794,0.0046608043286984245,181
subject_624,50,Sagittal,SCMR_IMF,-0.15215859700550124,0.040872201227452366,181
subject_624,50,Sagittal,STL_IMF,0.11723479877147658,0.11601308465377631,181
subject_624,50,Sagittal,STR_IMF,0.29496165623124687,5.5573015465550964e-05,181
subject_624,50,Sagittal,UTL_IMF,0.1397005324821407,0.06070121641854376,181
subject_624,50,Sagittal,UTR_IMF,0.18317678839072649,0.013577972597286157,181
subject_624,50,Frontal,MTL_IMF,-0.07543316758738092,0.31285128801933887,181
subject_624,50,Frontal,MTR_IMF,-0.08950059629372602,0.23085031860051847,181
subject_624,50,Frontal,SCML_IMF,0.07350607008212977,0.325409272591616,181
subject_624,50,Frontal,SCMR_IMF,-0.027560914972010884,0.7126530855650393,181
subject_624,50,Frontal,STL_IMF,0.003880196917776662,0.9586551965665053,181
subject_624,50,Frontal,STR_IMF,0.0049873055339237655,0.9468739628310855,181
subject_624,50,Frontal,UTL_IMF,-0.03873544077779621,0.6046564640471089,181
subject_624,50,Frontal,UTR_IMF,0.05687879596340965,0.4469316680451437,181
subject_624,50,Horizontal,MTL_IMF,0.024153444828604848,0.7468867343475821,181
subject_624,50,Horizontal,MTR_IMF,-0.07510161389637138,0.31498901988469263,181
subject_624,50,Horizontal,SCML_IMF,0.016734949463651914,0.8230673645758659,181
subject_624,50,Horizontal,SCMR_IMF,0.07643193964824889,0.3064689755345597,181
subject_624,50,Horizontal,STL_IMF,0.07379990842101461,0.3234737431161857,181
subject_624,50,Horizontal,STR_IMF,-0.16224466002300567,0.029099577711906587,181
subject_624,50,Horizontal,UTL_IMF,-0.09669063681624415,0.19536741477630684,181
subject_624,50,Horizontal,UTR_IMF,-0.06499610048377223,0.3846860439731088,181
subject_624,60,Sagittal,MTL_IMF,-0.023951265132278445,0.748934384329475,181
subject_624,60,Sagittal,MTR_IMF,-0.16069547538196494,0.030693604712922828,181
subject_624,60,Sagittal,SCML_IMF,0.027084250452792263,0.7174093810107505,181
subject_624,60,Sagittal,SCMR_IMF,0.18399360468228337,0.013159019209599134,181
subject_624,60,Sagittal,STL_IMF,0.043863115276012075,0.5576660404683155,181
subject_624,60,Sagittal,STR_IMF,-0.08020693154616065,0.2831238852932704,181
subject_624,60,Sagittal,UTL_IMF,-0.04880600359014417,0.5141060957142125,181
subject_624,60,Sagittal,UTR_IMF,0.12083700712970903,0.10515157773319292,181
subject_624,60,Frontal,MTL_IMF,-0.1390947642489154,0.06183847430710332,181
subject_624,60,Frontal,MTR_IMF,-0.15194995574656403,0.04115280188947194,181
subject_624,60,Frontal,SCML_IMF,0.17690063203195883,0.01720555523374547,181
subject_624,60,Frontal,SCMR_IMF,0.15634670856558064,0.03557079416367568,181
subject_624,60,Frontal,STL_IMF,0.008714888010355698,0.9073064221998568,181
subject_624,60,Frontal,STR_IMF,-0.13422019214080247,0.0716402583879975,181
subject_624,60,Frontal,UTL_IMF,-0.10657135319948088,0.15331853946414892,181
subject_624,60,Frontal,UTR_IMF,-0.08511257058733489,0.2546164972963114,181
subject_624,60,Horizontal,MTL_IMF,-0.13862477128822,0.06273282678732388,181
subject_624,60,Horizontal,MTR_IMF,-0.09885631461748431,0.18550073623940946,181
subject_624,60,Horizontal,SCML_IMF,0.012632155280085952,0.8659715949066227,181
subject_624,60,Horizontal,SCMR_IMF,0.13711421375247076,0.06567934372207183,181
subject_624,60,Horizontal,STL_IMF,0.1436944090518464,0.05362614048772515,181
subject_624,60,Horizontal,STR_IMF,-0.29040101615148795,7.318630452446971e-05,181
subject_624,60,Horizontal,UTL_IMF,-0.026964132460372967,0.7186096771302204,181
subject_624,60,Horizontal,UTR_IMF,0.01600937771819871,0.830620633824643,181
subject_624,70,Sagittal,MTL_IMF,-0.10092194730711235,0.1752282438858673,182
subject_624,70,Sagittal,MTR_IMF,-0.066702729969242,0.37096572635921643,182
subject_624,70,Sagittal,SCML_IMF,-0.04336192671792658,0.5610872376644516,182
subject_624,70,Sagittal,SCMR_IMF,0.1027899904794788,0.16733469473287133,182
subject_624,70,Sagittal,STL_IMF,0.13098556724651364,0.07798174766450786,182
subject_624,70,Sagittal,STR_IMF,-0.026709908386920726,0.720405022240423,182
subject_624,70,Sagittal,UTL_IMF,-0.10507343806091268,0.15804941418888419,182
subject_624,70,Sagittal,UTR_IMF,0.11318535685294016,0.12817797287804525,182
subject_624,70,Frontal,MTL_IMF,-0.020905177439112212,0.7793902459635272,182
subject_624,70,Frontal,MTR_IMF,-0.09340708967897686,0.20977214372150374,182
subject_624,70,Frontal,SCML_IMF,0.033107562214650145,0.6572669106697487,182
subject_624,70,Frontal,SCMR_IMF,0.2940932618650552,5.5853097362328664e-05,182
subject_624,70,Frontal,STL_IMF,0.18267485132760505,0.01357777884916012,182
subject_624,70,Frontal,STR_IMF,-0.07040986122845665,0.344909514559499,182
subject_624,70,Frontal,UTL_IMF,-0.09351658182095318,0.20923604921715863,182
subject_624,70,Frontal,UTR_IMF,-0.025940551418060398,0.7281372278717525,182
subject_624,70,Horizontal,MTL_IMF,-0.005150247198502813,0.9449877308405087,182
subject_624,70,Horizontal,MTR_IMF,-0.04477727241065938,0.548361269926756,182
subject_624,70,Horizontal,SCML_IMF,-0.1586887816810273,0.03238262980757513,182
subject_624,70,Horizontal,SCMR_IMF,0.14137700632117142,0.05694768923750758,182
subject_624,70,Horizontal,STL_IMF,0.07361616204706496,0.3233316917499845,182
subject_624,70,Horizontal,STR_IMF,-0.05495965081429588,0.4611862633354655,182
subject_624,70,Horizontal,UTL_IMF,0.04396787667635694,0.5556215659295934,182
subject_624,70,Horizontal,UTR_IMF,-0.009972448677223923,0.8937093418593804,182
subject_624,80,Sagittal,MTL_IMF,0.0924295918240618,0.2146019030541329,182
subject_624,80,Sagittal,MTR_IMF,0.0714811566718511,0.3376007510569727,182
subject_624,80,Sagittal,SCML_IMF,-0.2120983575816706,0.004047632383862017,182
subject_624,80,Sagittal,SCMR_IMF,-0.05921703917863157,0.4271520901991655,182
subject_624,80,Sagittal,STL_IMF,-0.038749286976827994,0.6035168167085335,182
subject_624,80,Sagittal,STR_IMF,0.19336357068897175,0.008912971382340245,182
subject_624,80,Sagittal,UTL_IMF,0.005961822580028634,0.9363359264636664,182
subject_624,80,Sagittal,UTR_IMF,0.09122853148008443,0.2206444572314857,182
subject_624,80,Frontal,MTL_IMF,0.13739222809667267,0.06438093654863683,182
subject_624,80,Frontal,MTR_IMF,0.1086315600069723,0.14435990199854223,182
subject_624,80,Frontal,SCML_IMF,-0.3264335229486461,6.8820853579707996e-06,182
subject_624,80,Frontal,SCMR_IMF,0.04451991129178098,0.5506647580110827,182
subject_624,80,Frontal,STL_IMF,0.113357414575443,0.12759517906579335,182
subject_624,80,Frontal,STR_IMF,0.1899720970906793,0.01020983156256651,182
subject_624,80,Frontal,UTL_IMF,0.009266728361844261,0.9011915066091228,182
subject_624,80,Frontal,UTR_IMF,0.09329496096921275,0.21032216868844136,182
subject_624,80,Horizontal,MTL_IMF,0.07534818310827042,0.3120466706941565,182
subject_624,80,Horizontal,MTR_IMF,-0.0514206436225654,0.4905847398602493,182
subject_624,80,Horizontal,SCML_IMF,0.1308834842506365,0.07821591860649486,182
subject_624,80,Horizontal,SCMR_IMF,0.09557669011217801,0.1993322217071509,182
subject_624,80,Horizontal,STL_IMF,0.05564839664343127,0.4555805470487765,182
subject_624,80,Horizontal,STR_IMF,-0.15318770677929575,0.03896294934867461,182
subject_624,80,Horizontal,UTL_IMF,-0.0377541187994502,0.6128551676430377,182
subject_624,80,Horizontal,UTR_IMF,0.05781237284424793,0.43821763136753367,182
subject_624,90,Sagittal,MTL_IMF,0.14050622874901378,0.05921530225569212,181
subject_624,90,Sagittal,MTR_IMF,0.10465179066432878,0.160902010509641,181
subject_624,90,Sagittal,SCML_IMF,0.04812210712705965,0.5200267322416661,181
subject_624,90,Sagittal,SCMR_IMF,-0.025790009407653663,0.7303781270193932,181
subject_624,90,Sagittal,STL_IMF,-0.07457555156143796,0.3184003559912399,181
subject_624,90,Sagittal,STR_IMF,0.17738949425126715,0.01689544641845324,181
subject_624,90,Sagittal,UTL_IMF,0.11091786088630842,0.13714708318431013,181
subject_624,90,Sagittal,UTR_IMF,0.02108272714033057,0.7781694789286644,181
subject_624,90,Frontal,MTL_IMF,0.05129478257103401,0.4928573660270839,181
subject_624,90,Frontal,MTR_IMF,0.1774886600429305,0.01683313767582699,181
subject_624,90,Frontal,SCML_IMF,-0.05595967379727203,0.4543207950862002,181
subject_624,90,Frontal,SCMR_IMF,-0.06929187839174768,0.35398731652649795,181
subject_624,90,Frontal,STL_IMF,-0.007803164586848844,0.9169669021211033,181
subject_624,90,Frontal,STR_IMF,0.18865882467300008,0.010976624617521285,181
subject_624,90,Frontal,UTL_IMF,0.05991216549936709,0.4230323941637012,181
subject_624,90,Frontal,UTR_IMF,0.11475770071487132,0.12397598751801991,181
subject_624,90,Horizontal,MTL_IMF,0.08163928769673363,0.27458717751000833,181
subject_624,90,Horizontal,MTR_IMF,0.0323264959263148,0.6657353340036914,181
subject_624,90,Horizontal,SCML_IMF,0.06868500642255436,0.3582285499608721,181
subject_624,90,Horizontal,SCMR_IMF,-0.03928099490409784,0.5995740708715201,181
subject_624,90,Horizontal,STL_IMF,0.04032388355570823,0.5899122935497267,181
subject_624,90,Horizontal,STR_IMF,0.0822000243555302,0.27129321513752347,181
subject_624,90,Horizontal,UTL_IMF,0.10596838504263238,0.1556710300131594,181
subject_624,90,Horizontal,UTR_IMF,0.22946225552318344,0.0018881827889702444,181
subject_625,10,Sagittal,MTL_IMF,0.3648599788308401,4.105801702903823e-07,182
subject_625,10,Sagittal,MTR_IMF,0.25582561861450526,0.000490879966956832,182
subject_625,10,Sagittal,SCML_IMF,0.4649938764052626,3.7627309478715064e-11,182
subject_625,10,Sagittal,SCMR_IMF,0.2709094329539046,0.00021644973627233703,182
subject_625,10,Sagittal,STL_IMF,0.1425907581998629,0.054829580930799884,182
subject_625,10,Sagittal,STR_IMF,-0.1260232292915455,0.09003792565217919,182
subject_625,10,Sagittal,UTL_IMF,-0.1494614628237791,0.044032786457508036,182
subject_625,10,Sagittal,UTR_IMF,-0.015696753565846863,0.8334220453610779,182
subject_625,10,Frontal,MTL_IMF,0.33060175538123965,0.18025348007922465,18
subject_625,10,Frontal,MTR_IMF,0.057555446306895415,0.8205451455807579,18
subject_625,10,Frontal,SCML_IMF,-0.0574959574576069,0.8207277777566944,18
subject_625,10,Frontal,SCMR_IMF,0.12936590427961553,0.6089248047185495,18
subject_625,10,Frontal,STL_IMF,0.0,1.0,18
subject_625,10,Frontal,STR_IMF,-0.23022178522758166,0.3580656225295347,18
subject_625,10,Frontal,UTL_IMF,-0.04325623505463543,0.864676420858346,18
subject_625,10,Frontal,UTR_IMF,-0.028777723153447708,0.9097522770172776,18
subject_625,10,Horizontal,MTL_IMF,-0.10576067071041187,0.15533209032942613,182
subject_625,10,Horizontal,MTR_IMF,-0.019318099001971418,0.7957556545526806,182
subject_625,10,Horizontal,SCML_IMF,-0.2390042446348067,0.001156687749685578,182
subject_625,10,Horizontal,SCMR_IMF,-0.05434295899172528,0.46623779316465636,182
subject_625,10,Horizontal,STL_IMF,-0.09341876494098186,0.20971493247627218,182
subject_625,10,Horizontal,STR_IMF,0.10495520749761557,0.1585204763912508,182
subject_625,10,Horizontal,UTL_IMF,0.047034257464110114,0.528364851329772,182
subject_625,10,Horizontal,UTR_IMF,0.031120974522948413,0.6766394633689137,182
subject_625,20,Sagittal,MTL_IMF,0.1950529639615334,0.008323155291386454,182
subject_625,20,Sagittal,MTR_IMF,0.24692781098960245,0.0007780794348275293,182
subject_625,20,Sagittal,SCML_IMF,0.17204987004017402,0.020209631618775304,182
subject_625,20,Sagittal,SCMR_IMF,0.4864550198060417,3.3496134255774022e-12,182
subject_625,20,Sagittal,STL_IMF,0.0756003941772143,0.3104251198801528,182
subject_625,20,Sagittal,STR_IMF,0.0421729308866613,0.571886365970488,182
subject_625,20,Sagittal,UTL_IMF,-0.032861604798879514,0.65965338663311,182
subject_625,20,Sagittal,UTR_IMF,0.1576694981764594,0.03352517328425849,182
subject_625,20,Horizontal,MTL_IMF,-0.09474429950252075,0.2032921872799897,182
subject_625,20,Horizontal,MTR_IMF,0.021441633690412167,0.7738799565512424,182
subject_625,20,Horizontal,SCML_IMF,-0.09823437557588176,0.18706329897483456,182
subject_625,20,Horizontal,SCMR_IMF,-0.16028752045752176,0.030657249652668812,182
subject_625,20,Horizontal,STL_IMF,-0.1107875982723443,0.1365147909672272,182
subject_625,20,Horizontal,STR_IMF,-0.0675307951513574,0.3650429026755392,182
subject_625,20,Horizontal,UTL_IMF,0.037807734820556646,0.6123504410484635,182
subject_625,20,Horizontal,UTR_IMF,-0.13833012423678373,0.06256353138772813,182
subject_625,30,Sagittal,MTL_IMF,0.17999873214770257,0.015037361579186805,182
subject_625,30,Sagittal,MTR_IMF,0.15512569096123466,0.036526645039782396,182
subject_625,30,Sagittal,SCML_IMF,-0.043586793558328396,0.5590559292456954,182
subject_625,30,Sagittal,SCMR_IMF,0.062312957150765215,0.40334157311804075,182
subject_625,30,Sagittal,STL_IMF,0.25344749274418255,0.0005560852109658037,182
subject_625,30,Sagittal,STR_IMF,0.12880949670728012,0.0830976168984053,182
subject_625,30,Sagittal,UTL_IMF,0.1093204442207979,0.14181688669491793,182
subject_625,30,Sagittal,UTR_IMF,0.049079285969680066,0.5105699416790244,182
subject_625,30,Horizontal,MTL_IMF,0.019827215594489002,0.7904957297782168,182
subject_625,30,Horizontal,MTR_IMF,0.09128297215969151,0.22036797429766644,182
subject_625,30,Horizontal,SCML_IMF,-0.08701940096855662,0.2427726314773413,182
subject_625,30,Horizontal,SCMR_IMF,-0.0021223092668931558,0.9773157841367964,182
subject_625,30,Horizontal,STL_IMF,-0.019112116048260387,0.7978863945893631,182
subject_625,30,Horizontal,STR_IMF,0.12596237102907332,0.09019452798244207,182
subject_625,30,Horizontal,UTL_IMF,0.07368065848904154,0.32290679321004223,182
subject_625,30,Horizontal,UTR_IMF,0.06443276378402496,0.38750282988199086,182
subject_625,40,Sagittal,MTL_IMF,-0.04988583552941572,0.5036381406694765,182
subject_625,40,Sagittal,MTR_IMF,0.01365163733065355,0.8548684358255604,182
subject_625,40,Sagittal,SCML_IMF,0.025548013748629778,0.7320929710506886,182
subject_625,40,Sagittal,SCMR_IMF,-0.03384903523915132,0.6500935691480264,182
subject_625,40,Sagittal,STL_IMF,0.1022634335162757,0.16953238898122416,182
subject_625,40,Sagittal,STR_IMF,0.055712472012336735,0.4550609768485727,182
subject_625,40,Sagittal,UTL_IMF,-0.0023153232711083005,0.9752533905947012,182
subject_625,40,Sagittal,UTR_IMF,0.031514915872880314,0.6727804608169407,182
subject_625,40,Horizontal,MTL_IMF,-0.07533137981270935,0.31215490114082456,182
subject_625,40,Horizontal,MTR_IMF,0.00501763572591449,0.9464020751126605,182
subject_625,40,Horizontal,SCML_IMF,-0.10634417131462483,0.15305265916389663,182
subject_625,40,Horizontal,SCMR_IMF,0.04364071881545382,0.5585693286247595,182
subject_625,40,Horizontal,STL_IMF,-0.09086383428813527,0.22250297399294472,182
subject_625,40,Horizontal,STR_IMF,0.027598151002604564,0.7115131719932354,182
subject_625,40,Horizontal,UTL_IMF,-0.03916358493442162,0.5996479637984574,182
subject_625,40,Horizontal,UTR_IMF,0.0,1.0,182
subject_625,50,Sagittal,MTL_IMF,-0.07744055415380192,0.3001112013299346,181
subject_625,50,Sagittal,MTR_IMF,-0.06739095068149867,0.3673776128389487,181
subject_625,50,Sagittal,SCML_IMF,0.1845183944860362,0.01289586866900742,181
subject_625,50,Sagittal,SCMR_IMF,-0.12863205164280941,0.0843916022422992,181
subject_625,50,Sagittal,STL_IMF,0.09382471255581329,0.20900344834566578,181
subject_625,50,Sagittal,STR_IMF,0.2694669285614671,0.0002441873165458138,181
subject_625,50,Sagittal,UTL_IMF,0.1271111744779112,0.08816051773306455,181
subject_625,50,Sagittal,UTR_IMF,0.16573728411840177,0.02576318521977168,181
subject_625,50,Horizontal,MTL_IMF,-0.10883404964553764,0.1447292748493154,181
subject_625,50,Horizontal,MTR_IMF,-0.1751993513879445,0.018323674429553214,181
subject_625,50,Horizontal,SCML_IMF,0.12080435974866065,0.1052462912365778,181
subject_625,50,Horizontal,SCMR_IMF,-0.09244195738882308,0.21582174061692508,181
subject_625,50,Horizontal,STL_IMF,-0.06179468509600458,0.408581292045225,181
subject_625,50,Horizontal,STR_IMF,-0.011225342752556388,0.8807804185220769,181
subject_625,50,Horizontal,UTL_IMF,0.028960785717619272,0.6987492973117446,181
subject_625,50,Horizontal,UTR_IMF,-0.05406534697803304,0.4697631738046933,181
subject_625,60,Sagittal,MTL_IMF,-0.06820139651961808,0.3616309398278941,181
subject_625,60,Sagittal,MTR_IMF,-0.1777863567725594,0.016647286125329563,181
subject_625,60,Sagittal,SCML_IMF,0.00810023068111812,0.9138178306028848,181
subject_625,60,Sagittal,SCMR_IMF,0.0997174136813776,0.18168088227719578,181
subject_625,60,Sagittal,STL_IMF,0.004242141946139374,0.9548024689821063,181
subject_625,60,Sagittal,STR_IMF,-0.02705281911014641,0.7177233964834115,181
subject_625,60,Sagittal,UTL_IMF,-0.041557960941609254,0.5785720694725801,181
subject_625,60,Sagittal,UTR_IMF,0.03380803014274167,0.6513997152321723,181
subject_625,60,Horizontal,MTL_IMF,-0.07574181709466958,0.3108697685286185,181
subject_625,60,Horizontal,MTR_IMF,-0.1805530353211528,0.015003792333000785,181
subject_625,60,Horizontal,SCML_IMF,0.1320305085781563,0.07643656563130873,181
subject_625,60,Horizontal,SCMR_IMF,-0.06940449572779787,0.35320374510881264,181
subject_625,60,Horizontal,STL_IMF,-0.0874959145424564,0.24150656573434745,181
subject_625,60,Horizontal,STR_IMF,-0.10608985913299125,0.15519492489207629,181
subject_625,60,Horizontal,UTL_IMF,0.1055079697730724,0.15748556135411126,181
subject_625,60,Horizontal,UTR_IMF,-0.08097519260610476,0.27852320243958084,181
subject_625,70,Sagittal,MTL_IMF,-0.01903821006783383,0.7986512618524354,182
subject_625,70,Sagittal,MTR_IMF,-0.07812062698798394,0.29452508014320905,182
subject_625,70,Sagittal,SCML_IMF,-0.045456213595895766,0.5423072090485765,182
subject_625,70,Sagittal,SCMR_IMF,0.06050766200398568,0.4171287725131572,182
subject_625,70,Sagittal,STL_IMF,0.05389344659016079,0.46993901045781705,182
subject_625,70,Sagittal,STR_IMF,0.057728963864402745,0.4388798026864631,182
subject_625,70,Sagittal,UTL_IMF,-0.14566356718856113,0.04975700424322986,182
subject_625,70,Sagittal,UTR_IMF,0.05327355515929674,0.47506940340437565,182
subject_625,70,Horizontal,MTL_IMF,0.019542979051030578,0.7934311619460305,182
subject_625,70,Horizontal,MTR_IMF,0.0009603276144718663,0.9897344868013334,182
subject_625,70,Horizontal,SCML_IMF,-0.02591531637389741,0.7283913159055007,182
subject_625,70,Horizontal,SCMR_IMF,0.044149515341109155,0.5539882207114531,182
subject_625,70,Horizontal,STL_IMF,-0.007363950203239536,0.9214066614905462,182
subject_625,70,Horizontal,STR_IMF,-0.09764707780669418,0.18972571330831042,182
subject_625,70,Horizontal,UTL_IMF,-0.0701253383486356,0.3468673262776407,182
subject_625,70,Horizontal,UTR_IMF,0.06948371180227277,0.3513080667279898,182
subject_625,80,Sagittal,MTL_IMF,0.1271191994061084,0.08725471153331002,182
subject_625,80,Sagittal,MTR_IMF,0.11526778738517841,0.12126092798680319,182
subject_625,80,Sagittal,SCML_IMF,-0.16968549998895258,0.022018829638607764,182
subject_625,80,Sagittal,SCMR_IMF,-0.01804102468935995,0.8089897801609877,182
subject_625,80,Sagittal,STL_IMF,-0.02814801469725954,0.706028048311666,182
subject_625,80,Sagittal,STR_IMF,0.16833761923842724,0.023111469138866744,182
subject_625,80,Sagittal,UTL_IMF,-0.01653267214517162,0.8246903957956099,182
subject_625,80,Sagittal,UTR_IMF,0.08335129874776824,0.2632806169832153,182
subject_625,80,Horizontal,MTL_IMF,-0.07473543681179666,0.31600924579658246,182
subject_625,80,Horizontal,MTR_IMF,0.03096068257685413,0.6782120845807663,182
subject_625,80,Horizontal,SCML_IMF,0.05113787819385993,0.4929760011475488,182
subject_625,80,Horizontal,SCMR_IMF,0.006364058953128729,0.9320505809554422,182
subject_625,80,Horizontal,STL_IMF,0.024825813789641774,0.7393892445192269,182
subject_625,80,Horizontal,STR_IMF,-0.15124666294890776,0.04153888558861033,182
subject_625,80,Horizontal,UTL_IMF,-0.04919937381007004,0.5095347356348412,182
subject_625,80,Horizontal,UTR_IMF,0.13570062158746732,0.06776800379708757,182
subject_625,90,Sagittal,MTL_IMF,0.1434008328646346,0.054121839582049185,181
subject_625,90,Sagittal,MTR_IMF,0.14952106668530762,0.04454017109269723,181
subject_625,90,Sagittal,SCML_IMF,0.03467007636831715,0.6431163971335504,181
subject_625,90,Sagittal,SCMR_IMF,0.007731208968061266,0.9177298693656412,181
subject_625,90,Sagittal,STL_IMF,-0.049218448384118804,0.5105523543252886,181
subject_625,90,Sagittal,STR_IMF,0.1695598662700494,0.022492917403213637,181
subject_625,90,Sagittal,UTL_IMF,0.0994523820996818,0.18285035163517638,181
subject_625,90,Sagittal,UTR_IMF,0.03689630822371492,0.6219292303875029,181
subject_625,90,Horizontal,MTL_IMF,0.05446904196980694,0.4664483714867558,181
subject_625,90,Horizontal,MTR_IMF,0.019756525346804447,0.7917944359574591,181
subject_625,90,Horizontal,SCML_IMF,0.08944382329133801,0.23114747182259918,181
subject_625,90,Horizontal,SCMR_IMF,-0.05363564896979672,0.47330562794200887,181
subject_625,90,Horizontal,STL_IMF,-0.047362144181216335,0.5266465478776184,181
subject_625,90,Horizontal,STR_IMF,-0.02712440610449662,0.7170082740396049,181
subject_625,90,Horizontal,UTL_IMF,0.10632780299751997,0.15426550664878677,181
subject_625,90,Horizontal,UTR_IMF,0.20693508729117147,0.005189040684078654,181
subject_626,10,Sagittal,MTL_IMF,-0.07809940594565172,0.3470849758171255,147
subject_626,10,Sagittal,MTR_IMF,-0.12286516605315771,0.13818945996522092,147
subject_626,10,Sagittal,SCML_IMF,-0.019621385412715533,0.8135192112282861,147
subject_626,10,Sagittal,SCMR_IMF,0.12575568694541636,0.12908442021570507,147
subject_626,10,Sagittal,STL_IMF,-0.05103306515357611,0.5393071168084859,147
subject_626,10,Sagittal,STR_IMF,-0.2064708878358155,0.012105563397533011,147
subject_626,10,Sagittal,UTL_IMF,0.2732927754911139,0.0008104369706446922,147
subject_626,10,Sagittal,UTR_IMF,-0.08974727213110902,0.2796874185840461,147
subject_626,10,Frontal,MTL_IMF,0.0743228197578369,0.37096791934833173,147
subject_626,10,Frontal,MTR_IMF,0.016247686118335304,0.8451393743257332,147
subject_626,10,Frontal,SCML_IMF,0.1236029416382641,0.13582022788044493,147
subject_626,10,Frontal,SCMR_IMF,-0.1256264240053898,0.12948148844925,147
subject_626,10,Frontal,STL_IMF,0.13757250802753768,0.09658312584250092,147
subject_626,10,Frontal,STR_IMF,0.15358466801766152,0.06327510208276005,147
subject_626,10,Frontal,UTL_IMF,-0.22180940328787643,0.0069327579165143274,147
subject_626,10,Frontal,UTR_IMF,0.13292618359331962,0.10849011068197142,147
subject_626,10,Horizontal,MTL_IMF,-0.08631845701022613,0.29854293230989287,147
subject_626,10,Horizontal,MTR_IMF,0.08407523641464716,0.3113230326591497,147
subject_626,10,Horizontal,SCML_IMF,-0.23146542759328778,0.004790050215307431,147
subject_626,10,Horizontal,SCMR_IMF,-0.17320010848970407,0.035914412101088235,147
subject_626,10,Horizontal,STL_IMF,-0.16505366266673566,0.045737307502214615,147
subject_626,10,Horizontal,STR_IMF,0.010831793372299786,0.8963993347377945,147
subject_626,10,Horizontal,UTL_IMF,0.04110545880629636,0.6210719814716761,147
subject_626,10,Horizontal,UTR_IMF,-0.14779206805780357,0.0740329105375436,147
subject_626,20,Sagittal,MTL_IMF,-0.04828405493101043,0.5627637038361235,146
subject_626,20,Sagittal,MTR_IMF,-0.14596056491501988,0.0787618389952083,146
subject_626,20,Sagittal,SCML_IMF,-0.033370200041665826,0.6892602132423207,146
subject_626,20,Sagittal,SCMR_IMF,0.020718617934659678,0.8039651120508131,146
subject_626,20,Sagittal,STL_IMF,-0.09609818358319447,0.2485614314862905,146
subject_626,20,Sagittal,STR_IMF,-0.1760834658461189,0.03350519328873256,146
subject_626,20,Sagittal,UTL_IMF,0.11137214218886399,0.18079375802515646,146
subject_626,20,Sagittal,UTR_IMF,0.11419829876036916,0.16990875522180737,146
subject_626,20,Frontal,MTL_IMF,0.06953406605760336,0.4042970405553709,146
subject_626,20,Frontal,MTR_IMF,0.01672541606288179,0.8411905368483448,146
subject_626,20,Frontal,SCML_IMF,0.3028731506005419,0.00020253064910641827,146
subject_626,20,Frontal,SCMR_IMF,0.09785748724950015,0.23996446087292342,146
subject_626,20,Frontal,STL_IMF,-0.1260871177293671,0.12939806559159966,146
subject_626,20,Frontal,STR_IMF,0.06710991229579043,0.42091781324877797,146
subject_626,20,Frontal,UTL_IMF,-0.0051085130987889565,0.9512029380987104,146
subject_626,20,Frontal,UTR_IMF,0.0834627821298934,0.31655377747878466,146
subject_626,20,Horizontal,MTL_IMF,-0.06480983528972292,0.4370486961013826,146
subject_626,20,Horizontal,MTR_IMF,0.04380783450564652,0.5995593196466334,146
subject_626,20,Horizontal,SCML_IMF,-0.09115541186176662,0.27384644368103184,146
subject_626,20,Horizontal,SCMR_IMF,-0.015640826479474828,0.8513659799363074,146
subject_626,20,Horizontal,STL_IMF,0.07019880716074166,0.39980818192545853,146
subject_626,20,Horizontal,STR_IMF,0.01833656311163998,0.826123841603632,146
subject_626,20,Horizontal,UTL_IMF,-0.022363455160096284,0.7887535948095041,146
subject_626,20,Horizontal,UTR_IMF,-0.08986342320274751,0.28073277978733363,146
subject_626,30,Sagittal,MTL_IMF,0.21005757626192392,0.010934765674183462,146
subject_626,30,Sagittal,MTR_IMF,0.177131412401858,0.03244922171316707,146
subject_626,30,Sagittal,SCML_IMF,-0.14098462198329728,0.089626784379153,146
subject_626,30,Sagittal,SCMR_IMF,-0.07782890207434648,0.3504358908256013,146
subject_626,30,Sagittal,STL_IMF,0.2437415595610915,0.0030300561235524237,146
subject_626,30,Sagittal,STR_IMF,-0.19168055034395834,0.02046503390413665,146
subject_626,30,Sagittal,UTL_IMF,0.023979840416880772,0.7738824120359813,146
subject_626,30,Sagittal,UTR_IMF,0.007202455284470079,0.9312433096221511,146
subject_626,30,Frontal,MTL_IMF,-0.24408113090905414,0.00298836788777917,146
subject_626,30,Frontal,MTR_IMF,-0.0637438571743714,0.444642435220697,146
subject_626,30,Frontal,SCML_IMF,0.0271911479207332,0.744584716611328,146
subject_626,30,Frontal,SCMR_IMF,0.1263035978876063,0.12873618553629032,146
subject_626,30,Frontal,STL_IMF,-0.17733343477398683,0.03224892979569041,146
subject_626,30,Frontal,STR_IMF,0.2781059692227317,0.0006768540346686843,146
subject_626,30,Frontal,UTL_IMF,0.10736433125655642,0.1970961358106686,146
subject_626,30,Frontal,UTR_IMF,0.14290408042070551,0.08530212149553613,146
subject_626,30,Horizontal,MTL_IMF,-0.07553304583251108,0.3648725314469799,146
subject_626,30,Horizontal,MTR_IMF,0.006706290340491483,0.9359693939244985,146
subject_626,30,Horizontal,SCML_IMF,0.14748088973281537,0.07566238416932196,146
subject_626,30,Horizontal,SCMR_IMF,0.05721022665331752,0.4927799659901695,146
subject_626,30,Horizontal,STL_IMF,-0.06796875389663166,0.41498442719010753,146
subject_626,30,Horizontal,STR_IMF,0.03892297882519234,0.6408988636078387,146
subject_626,30,Horizontal,UTL_IMF,0.010286056702300914,0.901931434302095,146
subject_626,30,Horizontal,UTR_IMF,-0.031298861433344004,0.7076405547083549,146
subject_626,40,Sagittal,MTL_IMF,0.07127149319930708,0.39262741978819676,146
subject_626,40,Sagittal,MTR_IMF,0.0632223031989345,0.4483848110220694,146
subject_626,40,Sagittal,SCML_IMF,0.08604952143285735,0.3017349114650592,146
subject_626,40,Sagittal,SCMR_IMF,-0.0005408759519161332,0.994830339826407,146
subject_626,40,Sagittal,STL_IMF,0.1403822362512439,0.09101944216420751,146
subject_626,40,Sagittal,STR_IMF,0.00871913524773668,0.9168121503693414,146
subject_626,40,Sagittal,UTL_IMF,0.101022118503923,0.22502691479826653,146
subject_626,40,Sagittal,UTR_IMF,0.09442833975856305,0.25691627296457764,146
subject_626,40,Frontal,MTL_IMF,-0.2902199734226332,0.0003802965108794013,146
subject_626,40,Frontal,MTR_IMF,-0.2594140372844114,0.0015675478582764493,146
subject_626,40,Frontal,SCML_IMF,-0.17649761774411646,0.03308444411077685,146
subject_626,40,Frontal,SCMR_IMF,0.19682724630506587,0.017257658160245656,146
subject_626,40,Frontal,STL_IMF,-0.2080122784292296,0.011754194906825197,146
subject_626,40,Frontal,STR_IMF,0.17774639174916532,0.03184276996993295,146
subject_626,40,Frontal,UTL_IMF,0.019266267096219064,0.8174580537492401,146
subject_626,40,Frontal,UTR_IMF,0.06532289871211103,0.4334202779409501,146
subject_626,40,Horizontal,MTL_IMF,,,146
subject_626,40,Horizontal,MTR_IMF,,,146
subject_626,40,Horizontal,SCML_IMF,,,146
subject_626,40,Horizontal,SCMR_IMF,,,146
subject_626,40,Horizontal,STL_IMF,,,146
subject_626,40,Horizontal,STR_IMF,,,146
subject_626,40,Horizontal,UTL_IMF,,,146
subject_626,40,Horizontal,UTR_IMF,,,146
subject_626,50,Sagittal,MTL_IMF,-0.011637990655906571,0.8891195603149694,146
subject_626,50,Sagittal,MTR_IMF,0.22458303490582054,0.006425768630642514,146
subject_626,50,Sagittal,SCML_IMF,0.2520878088646313,0.002143907147228782,146
subject_626,50,Sagittal,SCMR_IMF,0.019684500082656438,0.8135668176782868,146
subject_626,50,Sagittal,STL_IMF,0.07129400873479512,0.3924775303899968,146
subject_626,50,Sagittal,STR_IMF,0.11289280737696106,0.17487488644454646,146
subject_626,50,Sagittal,UTL_IMF,0.08853673814314442,0.28792415185102865,146
subject_626,50,Sagittal,UTR_IMF,0.11379618893878739,0.171427115386215,146
subject_626,50,Frontal,MTL_IMF,0.10439161185541498,0.2098581396367949,146
subject_626,50,Frontal,MTR_IMF,0.21639226181235685,0.00870668705371197,146
subject_626,50,Frontal,SCML_IMF,-0.05712669190692035,0.49341280578864694,146
subject_626,50,Frontal,SCMR_IMF,0.07717838029156383,0.3544895843116259,146
subject_626,50,Frontal,STL_IMF,-0.029917015869462323,0.719997794513542,146
subject_626,50,Frontal,STR_IMF,-0.14311467669089756,0.0848379756080561,146
subject_626,50,Frontal,UTL_IMF,-0.06301313783535428,0.44989062096998067,146
subject_626,50,Frontal,UTR_IMF,0.030439984903801443,0.7153123882613145,146
subject_626,50,Horizontal,MTL_IMF,,,146
subject_626,50,Horizontal,MTR_IMF,,,146
subject_626,50,Horizontal,SCML_IMF,,,146
subject_626,50,Horizontal,SCMR_IMF,,,146
subject_626,50,Horizontal,STL_IMF,,,146
subject_626,50,Horizontal,STR_IMF,,,146
subject_626,50,Horizontal,UTL_IMF,,,146
subject_626,50,Horizontal,UTR_IMF,,,146
subject_626,60,Sagittal,MTL_IMF,0.06394892893099724,0.4431758003580796,146
subject_626,60,Sagittal,MTR_IMF,0.3412372256210472,2.4981490114882598e-05,146
subject_626,60,Sagittal,SCML_IMF,0.24574684582316633,0.0027912763571257162,146
subject_626,60,Sagittal,SCMR_IMF,0.036855811896652886,0.6587405336125941,146
subject_626,60,Sagittal,STL_IMF,0.10987892950562754,0.18674773708366138,146
subject_626,60,Sagittal,STR_IMF,0.16412746264919667,0.047753154652167444,146
subject_626,60,Sagittal,UTL_IMF,-0.029417874929304526,0.7244794497114202,146
subject_626,60,Sagittal,UTR_IMF,0.1068094300564924,0.19943463907103795,146
subject_626,60,Frontal,MTL_IMF,0.0216800648362031,0.795064298318435,146
subject_626,60,Frontal,MTR_IMF,0.009090640293272024,0.9132812417152881,146
subject_626,60,Frontal,SCML_IMF,-0.04194761744626693,0.6151613890667327,146
subject_626,60,Frontal,SCMR_IMF,0.04895408773484636,0.5573500765871698,146
subject_626,60,Frontal,STL_IMF,-0.0132904875316504,0.8734985070574516,146
subject_626,60,Frontal,STR_IMF,-0.03358975008258879,0.6873223717766697,146
subject_626,60,Frontal,UTL_IMF,0.047579366864816744,0.568484286316169,146
subject_626,60,Frontal,UTR_IMF,0.15176352873580295,0.06745800006341708,146
subject_626,60,Horizontal,MTL_IMF,,,146
subject_626,60,Horizontal,MTR_IMF,,,146
subject_626,60,Horizontal,SCML_IMF,,,146
subject_626,60,Horizontal,SCMR_IMF,,,146
subject_626,60,Horizontal,STL_IMF,,,146
subject_626,60,Horizontal,STR_IMF,,,146
subject_626,60,Horizontal,UTL_IMF,,,146
subject_626,60,Horizontal,UTR_IMF,,,146
subject_626,70,Sagittal,MTL_IMF,0.03168226702201877,0.7042252247957402,146
subject_626,70,Sagittal,MTR_IMF,0.13107818563870893,0.1147904785578004,146
subject_626,70,Sagittal,SCML_IMF,-0.0076732314070876205,0.9267612739194546,146
subject_626,70,Sagittal,SCMR_IMF,-0.10000620848456976,0.22974875485783353,146
subject_626,70,Sagittal,STL_IMF,0.05379792548265829,0.5189773457497374,146
subject_626,70,Sagittal,STR_IMF,0.1302381120622465,0.11715499604076335,146
subject_626,70,Sagittal,UTL_IMF,0.030619359581571904,0.7137077580002569,146
subject_626,70,Sagittal,UTR_IMF,0.08150362967703408,0.3280865469403389,146
subject_626,70,Frontal,MTL_IMF,-0.14338145141396458,0.08425291915556306,146
subject_626,70,Frontal,MTR_IMF,0.022381170896814465,0.7885901808387988,146
subject_626,70,Frontal,SCML_IMF,-0.03635768674344207,0.6630692300261768,146
subject_626,70,Frontal,SCMR_IMF,0.034968048933680496,0.6752037565530147,146
subject_626,70,Frontal,STL_IMF,0.03567408777807798,0.6690278331395608,146
subject_626,70,Frontal,STR_IMF,-0.06158733651578751,0.4602303930503657,146
subject_626,70,Frontal,UTL_IMF,-0.1728672952753284,0.03692931920199074,146
subject_626,70,Frontal,UTR_IMF,0.03076986440397383,0.7123623543290465,146
subject_626,70,Horizontal,MTL_IMF,,,146
subject_626,70,Horizontal,MTR_IMF,,,146
subject_626,70,Horizontal,SCML_IMF,,,146
subject_626,70,Horizontal,SCMR_IMF,,,146
subject_626,70,Horizontal,STL_IMF,,,146
subject_626,70,Horizontal,STR_IMF,,,146
subject_626,70,Horizontal,UTL_IMF,,,146
subject_626,70,Horizontal,UTR_IMF,,,146
subject_626,80,Sagittal,MTL_IMF,0.11768156283912193,0.15717118763270307,146
subject_626,80,Sagittal,MTR_IMF,0.07683648247737966,0.35663180303543135,146
subject_626,80,Sagittal,SCML_IMF,0.23159995627016086,0.004912346102738329,146
subject_626,80,Sagittal,SCMR_IMF,0.14117937929461896,0.08918017385370841,146
subject_626,80,Sagittal,STL_IMF,0.038472063720587195,0.6447736866516147,146
subject_626,80,Sagittal,STR_IMF,0.0602978718780817,0.4696936502285874,146
subject_626,80,Sagittal,UTL_IMF,0.16234564684665684,0.050256244719014215,146
subject_626,80,Sagittal,UTR_IMF,0.07310599667815064,0.3805276788842649,146
subject_626,80,Frontal,MTL_IMF,-0.09410138977681429,0.25857444388522965,146
subject_626,80,Frontal,MTR_IMF,-0.009711305937801569,0.9073860382056529,146
subject_626,80,Frontal,SCML_IMF,-0.15856338359804695,0.05593114169823308,146
subject_626,80,Frontal,SCMR_IMF,-0.17262694999366046,0.037196639829716834,146
subject_626,80,Frontal,STL_IMF,0.06259973937725492,0.4528750590472433,146
subject_626,80,Frontal,STR_IMF,-0.07774936358278373,0.3509299639479046,146
subject_626,80,Frontal,UTL_IMF,-0.15675289636532413,0.05882890975733521,146
subject_626,80,Frontal,UTR_IMF,-0.09278304720334582,0.26533497736844813,146
subject_626,80,Horizontal,MTL_IMF,-0.24481314048952374,0.0029002572018316498,146
subject_626,80,Horizontal,MTR_IMF,-0.05268716029800395,0.5276560267323381,146
subject_626,80,Horizontal,SCML_IMF,-0.21363501251899955,0.009621713478879773,146
subject_626,80,Horizontal,SCMR_IMF,-0.12312085091196018,0.13873280730520715,146
subject_626,80,Horizontal,STL_IMF,-0.02694235702206169,0.746842090323623,146
subject_626,80,Horizontal,STR_IMF,-0.030510634126714342,0.7146802331550363,146
subject_626,80,Horizontal,UTL_IMF,-0.12734065409492218,0.12560147443455622,146
subject_626,80,Horizontal,UTR_IMF,0.002367608172084603,0.9773733870615359,146
subject_626,90,Sagittal,MTL_IMF,-0.049563871591062625,0.5524451509401556,146
subject_626,90,Sagittal,MTR_IMF,0.08267872145029147,0.32113725805278776,146
subject_626,90,Sagittal,SCML_IMF,0.07565334302921707,0.3641070818558066,146
subject_626,90,Sagittal,SCMR_IMF,-0.047047338563523174,0.5728213780121209,146
subject_626,90,Sagittal,STL_IMF,0.14761929235369162,0.07538518705512924,146
subject_626,90,Sagittal,STR_IMF,0.08257707956913536,0.3217345638866209,146
subject_626,90,Sagittal,UTL_IMF,0.08413527373837419,0.31265652026764046,146
subject_626,90,Sagittal,UTR_IMF,-0.1683978074681309,0.04217367901696663,146
subject_626,90,Frontal,MTL_IMF,-0.15874149552206152,0.05565253434386169,146
subject_626,90,Frontal,MTR_IMF,-0.0578596363841911,0.4878749050952745,146
subject_626,90,Frontal,SCML_IMF,0.11417974957813463,0.16997857642859865,146
subject_626,90,Frontal,SCMR_IMF,-0.22496577742705,0.006333584717026598,146
subject_626,90,Frontal,STL_IMF,0.021877843068917414,0.793236549308821,146
subject_626,90,Frontal,STR_IMF,-0.02977422836917524,0.7212788817253857,146
subject_626,90,Frontal,UTL_IMF,-0.25275434424511417,0.0020844604820108048,146
subject_626,90,Frontal,UTR_IMF,-0.0014628781537201873,0.9860185089456822,146
subject_626,90,Horizontal,MTL_IMF,-0.2512655128511672,0.002219363151056957,146
subject_626,90,Horizontal,MTR_IMF,-0.04292289309681612,0.6069594443310383,146
subject_626,90,Horizontal,SCML_IMF,0.020780479490493903,0.8033916436098124,146
subject_626,90,Horizontal,SCMR_IMF,-0.21772191961373535,0.008293592250242,146
subject_626,90,Horizontal,STL_IMF,-0.03764803088185428,0.6518794646955546,146
subject_626,90,Horizontal,STR_IMF,0.00699488640580083,0.933220168258749,146
subject_626,90,Horizontal,UTL_IMF,-0.2801239922145799,0.0006159728760333927,146
subject_626,90,Horizontal,UTR_IMF,0.021479066793016047,0.7969229439276594,146
subject_627,10,Sagittal,SCML_IMF,-0.0356922179683278,0.6699568762431757,145
subject_627,10,Sagittal,SCMR_IMF,0.0386790222105933,0.6441538553723137,145
subject_627,10,Sagittal,STL_IMF,0.02515688119403923,0.7639066628153225,145
subject_627,10,Sagittal,STR_IMF,-0.02174494979500082,0.7951659410494719,145
subject_627,10,Sagittal,UTL_IMF,0.14176345982230124,0.08896466019472016,145
subject_627,10,Sagittal,UTR_IMF,-0.020363959347965973,0.807914449566332,145
subject_627,10,Frontal,SCML_IMF,-0.1693383499751595,0.04173180136243356,145
subject_627,10,Frontal,SCMR_IMF,-0.09560091057978541,0.2526875801695414,145
subject_627,10,Frontal,STL_IMF,-0.011339416724452885,0.8923215539121574,145
subject_627,10,Frontal,STR_IMF,0.034195807123815466,0.6830331867797612,145
subject_627,10,Frontal,UTL_IMF,0.19357903138504273,0.019651438240182253,145
subject_627,10,Frontal,UTR_IMF,0.23925774017931672,0.0037516009030924957,145
subject_627,10,Horizontal,SCML_IMF,0.14370590256495358,0.08462962781391488,145
subject_627,10,Horizontal,SCMR_IMF,-0.1842451949736374,0.026525425561378466,145
subject_627,10,Horizontal,STL_IMF,-0.007686286980459711,0.9268923549984767,145
subject_627,10,Horizontal,STR_IMF,-0.00904554762169262,0.9140097427551129,145
subject_627,10,Horizontal,UTL_IMF,-0.11980028123337053,0.15120868883867608,145
subject_627,10,Horizontal,UTR_IMF,-0.06780960668702588,0.41770919149770036,145
subject_627,20,Sagittal,SCML_IMF,-0.07957438862418993,0.3430913681070768,144
subject_627,20,Sagittal,SCMR_IMF,0.093556447782313,0.26470431923888454,144
subject_627,20,Sagittal,STL_IMF,-0.008055869243743493,0.9236560204551036,144
subject_627,20,Sagittal,STR_IMF,0.06651137275380141,0.42832688223798804,144
subject_627,20,Sagittal,UTL_IMF,0.07865894611846559,0.3486897348333562,144
subject_627,20,Sagittal,UTR_IMF,0.015116175346322149,0.8572911742564391,144
subject_627,20,Frontal,SCML_IMF,-0.1146409904828141,0.1712439843847133,144
subject_627,20,Frontal,SCMR_IMF,-0.11399302769108653,0.17369285071661228,144
subject_627,20,Frontal,STL_IMF,0.037645067350525425,0.6541802300136219,144
subject_627,20,Frontal,STR_IMF,-0.08505871689009684,0.310751183872029,144
subject_627,20,Frontal,UTL_IMF,-0.09600885305200937,0.2523286122775215,144
subject_627,20,Frontal,UTR_IMF,-0.05324525617197763,0.5261955221952112,144
subject_627,20,Horizontal,SCML_IMF,,,144
subject_627,20,Horizontal,SCMR_IMF,,,144
subject_627,20,Horizontal,STL_IMF,,,144
subject_627,20,Horizontal,STR_IMF,,,144
subject_627,20,Horizontal,UTL_IMF,,,144
subject_627,20,Horizontal,UTR_IMF,,,144
subject_627,30,Sagittal,SCML_IMF,-0.04226421320787549,0.6149817149414518,144
subject_627,30,Sagittal,SCMR_IMF,-0.11972308365756479,0.1529174330914025,144
subject_627,30,Sagittal,STL_IMF,-0.01812745825605906,0.8292595213663932,144
subject_627,30,Sagittal,STR_IMF,-0.09170664683834205,0.2743086061649408,144
subject_627,30,Sagittal,UTL_IMF,-0.09583818699335088,0.25317671043094897,144
subject_627,30,Sagittal,UTR_IMF,-0.1089118369815234,0.19379966439624763,144
subject_627,30,Frontal,SCML_IMF,0.00017922540200712364,0.9982989429675916,144
subject_627,30,Frontal,SCMR_IMF,0.037987687687853613,0.6512383418500705,144
subject_627,30,Frontal,STL_IMF,0.05237491426976538,0.5329892082462137,144
subject_627,30,Frontal,STR_IMF,-0.032307845102400534,0.7006704341255835,144
subject_627,30,Frontal,UTL_IMF,-0.11660998674090182,0.16395950772764076,144
subject_627,30,Frontal,UTR_IMF,-0.21373436446618838,0.010103864515968893,144
subject_627,30,Horizontal,SCML_IMF,,,144
subject_627,30,Horizontal,SCMR_IMF,,,144
subject_627,30,Horizontal,STL_IMF,,,144
subject_627,30,Horizontal,STR_IMF,,,144
subject_627,30,Horizontal,UTL_IMF,,,144
subject_627,30,Horizontal,UTR_IMF,,,144
subject_627,40,Sagittal,SCML_IMF,-0.010060146515705576,0.9047424736109655,144
subject_627,40,Sagittal,SCMR_IMF,-0.12778453936628967,0.12693157827660237,144
subject_627,40,Sagittal,STL_IMF,-0.07654424767010429,0.36184016699010035,144
subject_627,40,Sagittal,STR_IMF,-0.1209552659519153,0.14870500236214776,144
subject_627,40,Sagittal,UTL_IMF,-0.08769911574113078,0.29591539096177644,144
subject_627,40,Sagittal,UTR_IMF,-0.09876757882464658,0.23889091580784488,144
subject_627,40,Frontal,SCML_IMF,0.06637175190649894,0.42929911411467936,144
subject_627,40,Frontal,SCMR_IMF,-0.048325079969682404,0.5651674803249163,144
subject_627,40,Frontal,STL_IMF,-0.06214380471681917,0.4593352352132961,144
subject_627,40,Frontal,STR_IMF,0.06408821050308454,0.445379408680662,144
subject_627,40,Frontal,UTL_IMF,0.00758089198967705,0.928144854249337,144
subject_627,40,Frontal,UTR_IMF,-0.1622672609631002,0.05199990461216377,144
subject_627,40,Horizontal,SCML_IMF,,,144
subject_627,40,Horizontal,SCMR_IMF,,,144
subject_627,40,Horizontal,STL_IMF,,,144
subject_627,40,Horizontal,STR_IMF,,,144
subject_627,40,Horizontal,UTL_IMF,,,144
subject_627,40,Horizontal,UTR_IMF,,,144
subject_627,50,Sagittal,SCML_IMF,-0.12594215182063595,0.13254793536054033,144
subject_627,50,Sagittal,SCMR_IMF,0.15151862631141547,0.06985366320052779,144
subject_627,50,Sagittal,STL_IMF,0.037001353276210534,0.6597218092139641,144
subject_627,50,Sagittal,STR_IMF,-0.11797611043995866,0.1590428594735835,144
subject_627,50,Sagittal,UTL_IMF,0.04527182176608813,0.5900224605941861,144
subject_627,50,Sagittal,UTR_IMF,0.038847443236056385,0.6438798055251347,144
subject_627,50,Frontal,SCML_IMF,0.08045518673627418,0.3377588272399124,144
subject_627,50,Frontal,SCMR_IMF,0.04076542211676894,0.6275888481718136,144
subject_627,50,Frontal,STL_IMF,-0.15540781789403826,0.06289154950020608,144
subject_627,50,Frontal,STR_IMF,-0.07440884406870248,0.37542700998996403,144
subject_627,50,Frontal,UTL_IMF,0.14420654533554988,0.08463169282637098,144
subject_627,50,Frontal,UTR_IMF,0.09939572575762717,0.23590237957478344,144
subject_627,50,Horizontal,SCML_IMF,,,144
subject_627,50,Horizontal,SCMR_IMF,,,144
subject_627,50,Horizontal,STL_IMF,,,144
subject_627,50,Horizontal,STR_IMF,,,144
subject_627,50,Horizontal,UTL_IMF,,,144
subject_627,50,Horizontal,UTR_IMF,,,144
subject_627,60,Sagittal,SCML_IMF,-0.15325218417480946,0.06667673034484858,144
subject_627,60,Sagittal,SCMR_IMF,-0.08568388348252134,0.3071953906039968,144
subject_627,60,Sagittal,STL_IMF,-0.0806506122744101,0.33658285901422486,144
subject_627,60,Sagittal,STR_IMF,-0.13606667066956113,0.10391953850480164,144
subject_627,60,Sagittal,UTL_IMF,0.08748914161432085,0.2970777230499089,144
subject_627,60,Sagittal,UTR_IMF,-0.07514953979679971,0.3706793014841062,144
subject_627,60,Frontal,SCML_IMF,-0.05668482664131198,0.4997822413549199,144
subject_627,60,Frontal,SCMR_IMF,0.13900048893659742,0.09660411947150509,144
subject_627,60,Frontal,STL_IMF,0.03347823032535252,0.6903728416008805,144
subject_627,60,Frontal,STR_IMF,-0.00957220843801351,0.9093424360907071,144
subject_627,60,Frontal,UTL_IMF,-0.008705423030909671,0.9175212484286981,144
subject_627,60,Frontal,UTR_IMF,0.16582207773152843,0.04700048316639377,144
subject_627,60,Horizontal,SCML_IMF,,,144
subject_627,60,Horizontal,SCMR_IMF,,,144
subject_627,60,Horizontal,STL_IMF,,,144
subject_627,60,Horizontal,STR_IMF,,,144
subject_627,60,Horizontal,UTL_IMF,,,144
subject_627,60,Horizontal,UTR_IMF,,,144
subject_627,70,Sagittal,SCML_IMF,-0.030242020889316823,0.7189789692151014,144
subject_627,70,Sagittal,SCMR_IMF,-0.08551416967958435,0.30815803425303084,144
subject_627,70,Sagittal,STL_IMF,-0.06967781759577209,0.4066203319487991,144
subject_627,70,Sagittal,STR_IMF,-0.023932246876042382,0.7758549938533363,144
subject_627,70,Sagittal,UTL_IMF,0.058605963560516276,0.485338367458837,144
subject_627,70,Sagittal,UTR_IMF,-0.03711695720583859,0.6587252298618396,144
subject_627,70,Frontal,SCML_IMF,-0.04816016466558742,0.5664971544018411,144
subject_627,70,Frontal,SCMR_IMF,0.0800925872981209,0.33994766921075087,144
subject_627,70,Frontal,STL_IMF,-0.0031875343972800874,0.969753748017787,144
subject_627,70,Frontal,STR_IMF,-0.0002256564719287368,0.9978582591763884,144
subject_627,70,Frontal,UTL_IMF,0.029910129070942676,0.7219356470268874,144
subject_627,70,Frontal,UTR_IMF,0.013536173535522633,0.8720731006381065,144
subject_627,70,Horizontal,SCML_IMF,,,144
subject_627,70,Horizontal,SCMR_IMF,,,144
subject_627,70,Horizontal,STL_IMF,,,144
subject_627,70,Horizontal,STR_IMF,,,144
subject_627,70,Horizontal,UTL_IMF,,,144
subject_627,70,Horizontal,UTR_IMF,,,144
subject_627,80,Sagittal,SCML_IMF,-0.013370657632180549,0.873624260146721,144
subject_627,80,Sagittal,SCMR_IMF,-0.0028939734100335295,0.9725381803469644,144
subject_627,80,Sagittal,STL_IMF,0.009481068790009739,0.9102019794200507,144
subject_627,80,Sagittal,STR_IMF,0.03810944811465637,0.6501941432433962,144
subject_627,80,Sagittal,UTL_IMF,0.011906604980853093,0.8873651415483682,144
subject_627,80,Sagittal,UTR_IMF,0.018225396491785936,0.8283512274622759,144
subject_627,80,Frontal,SCML_IMF,-0.06925913782104277,0.4127822793084862,142
subject_627,80,Frontal,SCMR_IMF,0.0733604457890626,0.3855948596321958,142
subject_627,80,Frontal,STL_IMF,-0.10364243672920645,0.21965931218562224,142
subject_627,80,Frontal,STR_IMF,-0.0428573926423399,0.6125593076763225,142
subject_627,80,Frontal,UTL_IMF,-0.025684216725593626,0.7615792249684706,142
subject_627,80,Frontal,UTR_IMF,0.04578376894649306,0.5884812253895447,142
subject_627,80,Horizontal,SCML_IMF,0.09971848510780572,0.23437700640843515,144
subject_627,80,Horizontal,SCMR_IMF,0.21272920030023806,0.0104710729426673,144
subject_627,80,Horizontal,STL_IMF,-0.12272570501294094,0.14280671773719475,144
subject_627,80,Horizontal,STR_IMF,-0.06065982089321893,0.47014742492029454,144
subject_627,80,Horizontal,UTL_IMF,-0.0600835007524999,0.47438364336362865,144
subject_627,80,Horizontal,UTR_IMF,-0.16178398708645092,0.0527123731035819,144
subject_627,90,Sagittal,SCML_IMF,-0.011960291461909519,0.8868606487230427,144
subject_627,90,Sagittal,SCMR_IMF,-0.041100675823899376,0.6247593226381203,144
subject_627,90,Sagittal,STL_IMF,0.00871879506742295,0.917395004741477,144
subject_627,90,Sagittal,STR_IMF,0.04203756813670036,0.6168810652935949,144
subject_627,90,Sagittal,UTL_IMF,-0.0053528464964159445,0.9492291837631437,144
subject_627,90,Sagittal,UTR_IMF,0.03876664729248694,0.6445698733054063,144
subject_627,90,Frontal,SCML_IMF,-0.12354779502798197,0.1429625357589526,142
subject_627,90,Frontal,SCMR_IMF,-0.014770618657339264,0.8614992224191664,142
subject_627,90,Frontal,STL_IMF,0.0718225143153065,0.3956604246700665,142
subject_627,90,Frontal,STR_IMF,0.06522046826269942,0.44062172482563816,142
subject_627,90,Frontal,UTL_IMF,0.08597811810494804,0.3089740249190654,142
subject_627,90,Frontal,UTR_IMF,0.20539414664824482,0.014201591311165973,142
subject_627,90,Horizontal,SCML_IMF,0.03208962170633585,0.7086758320862213,138
subject_627,90,Horizontal,SCMR_IMF,0.2927000354351997,0.0004943674566431302,138
subject_627,90,Horizontal,STL_IMF,0.251131653873531,0.002967738365070199,138
subject_627,90,Horizontal,STR_IMF,0.04537570182580166,0.5971748351932907,138
subject_627,90,Horizontal,UTL_IMF,0.05424347088392666,0.5274614531721891,138
subject_627,90,Horizontal,UTR_IMF,0.05155544197854089,0.5481530597629429,138
subject_628,10,Sagittal,MTL_IMF,-0.18932771446155064,0.03373199925982021,126
subject_628,10,Sagittal,MTR_IMF,-0.11345298677293567,0.20590611640279666,126
subject_628,10,Sagittal,SCML_IMF,0.014805726558066081,0.8693008984672852,126
subject_628,10,Sagittal,SCMR_IMF,0.1235443525018243,0.1681269963422194,126
subject_628,10,Sagittal,STL_IMF,-0.07887746353570897,0.37997509457534,126
subject_628,10,Sagittal,STR_IMF,-0.12838404819104032,0.15194900843813292,126
subject_628,10,Sagittal,UTL_IMF,-0.22016244874323487,0.013243188166079221,126
subject_628,10,Sagittal,UTR_IMF,-0.13235069652468226,0.139586153779393,126
subject_628,10,Frontal,MTL_IMF,-0.08217773170899363,0.36029769978144555,126
subject_628,10,Frontal,MTR_IMF,-0.00809566799099565,0.9283114912502297,126
subject_628,10,Frontal,SCML_IMF,-0.19673441569323943,0.027247431805800013,126
subject_628,10,Frontal,SCMR_IMF,-0.04295641261158108,0.6329352590070445,126
subject_628,10,Frontal,STL_IMF,-0.038000266586203674,0.6726940546348547,126
subject_628,10,Frontal,STR_IMF,-0.06168563791257884,0.4926042560919363,126
subject_628,10,Frontal,UTL_IMF,-0.05353642108847508,0.5515875467246786,126
subject_628,10,Frontal,UTR_IMF,0.03984291140129768,0.6577987987847613,126
subject_628,10,Horizontal,MTL_IMF,,,126
subject_628,10,Horizontal,MTR_IMF,,,126
subject_628,10,Horizontal,SCML_IMF,,,126
subject_628,10,Horizontal,SCMR_IMF,,,126
subject_628,10,Horizontal,STL_IMF,,,126
subject_628,10,Horizontal,STR_IMF,,,126
subject_628,10,Horizontal,UTL_IMF,,,126
subject_628,10,Horizontal,UTR_IMF,,,126
subject_628,20,Sagittal,MTL_IMF,-0.14576005962462796,0.10481409141572177,125
subject_628,20,Sagittal,MTR_IMF,0.07214896697025613,0.4239490143130955,125
subject_628,20,Sagittal,SCML_IMF,0.26025531743547936,0.0033765832793383375,125
subject_628,20,Sagittal,SCMR_IMF,0.01580962738994665,0.861085776776874,125
subject_628,20,Sagittal,STL_IMF,0.08397594313815328,0.3518053258506741,125
subject_628,20,Sagittal,STR_IMF,-0.25738892881330666,0.0037582134559946308,125
subject_628,20,Sagittal,UTL_IMF,-0.1522407044142645,0.0900948581083773,125
subject_628,20,Sagittal,UTR_IMF,-0.20620521825128446,0.021047217369330882,125
subject_628,20,Frontal,MTL_IMF,-0.07236305044385882,0.42257163146585647,125
subject_628,20,Frontal,MTR_IMF,-0.01014152699666844,0.9106255892062963,125
subject_628,20,Frontal,SCML_IMF,-0.1940632162454491,0.030116460422123577,125
subject_628,20,Frontal,SCMR_IMF,-0.12562755856718688,0.1627189040472898,125
subject_628,20,Frontal,STL_IMF,-0.09731176301720122,0.28031453046331023,125
subject_628,20,Frontal,STR_IMF,0.1352676228044933,0.1325642825234466,125
subject_628,20,Frontal,UTL_IMF,0.19006560866980063,0.033750295437350565,125
subject_628,20,Frontal,UTR_IMF,-0.019426688839158032,0.8297398402422758,125
subject_628,20,Horizontal,MTL_IMF,-0.04596061598146327,0.6107788254499423,125
subject_628,20,Horizontal,MTR_IMF,0.08754569586657113,0.33163646214907905,125
subject_628,20,Horizontal,SCML_IMF,0.007957291474022996,0.9298187832914422,125
subject_628,20,Horizontal,SCMR_IMF,0.03448366539303454,0.7026249714389783,125
subject_628,20,Horizontal,STL_IMF,-0.019479045891883883,0.8292879422010199,125
subject_628,20,Horizontal,STR_IMF,-0.06988411438760868,0.4386788201778234,125
subject_628,20,Horizontal,UTL_IMF,0.12374468595001932,0.16916273867547973,125
subject_628,20,Horizontal,UTR_IMF,-0.009721675769002815,0.9143112314020535,125
subject_628,30,Sagittal,MTL_IMF,0.07944069165467264,0.378510585711238,125
subject_628,30,Sagittal,MTR_IMF,0.12587338767009595,0.16189127685343163,125
subject_628,30,Sagittal,SCML_IMF,0.15959322876603527,0.07543772281009062,125
subject_628,30,Sagittal,SCMR_IMF,-0.02977916123866453,0.7416497427506767,125
subject_628,30,Sagittal,STL_IMF,0.12756093916464384,0.15629437209591837,125
subject_628,30,Sagittal,STR_IMF,-0.11538605364010532,0.2000603824091527,125
subject_628,30,Sagittal,UTL_IMF,0.08473350248202606,0.3474622860710869,125
subject_628,30,Sagittal,UTR_IMF,-0.1637759286259396,0.06799826086619504,125
subject_628,30,Frontal,MTL_IMF,0.026704956993974113,0.767517475742013,125
subject_628,30,Frontal,MTR_IMF,-0.06317846885578328,0.48395216571496513,125
subject_628,30,Frontal,SCML_IMF,-0.058573309105356186,0.5164366976507548,125
subject_628,30,Frontal,SCMR_IMF,-0.199172348498889,0.025960409101706775,125
subject_628,30,Frontal,STL_IMF,-0.07428608104612709,0.410315716384941,125
subject_628,30,Frontal,STR_IMF,0.030323728775406244,0.7370964889866902,125
subject_628,30,Frontal,UTL_IMF,-0.24704325700768268,0.005478457931298639,125
subject_628,30,Frontal,UTR_IMF,-0.2780906150956772,0.0016889452697907087,125
subject_628,30,Horizontal,MTL_IMF,-0.10868110207002632,0.227639510041182,125
subject_628,30,Horizontal,MTR_IMF,-0.013768664617328202,0.8788722026521254,125
subject_628,30,Horizontal,SCML_IMF,0.036244252606889724,0.6882110691509433,125
subject_628,30,Horizontal,SCMR_IMF,-0.014503124277580022,0.8724641531493511,125
subject_628,30,Horizontal,STL_IMF,0.0391658535704069,0.6645390913010558,125
subject_628,30,Horizontal,STR_IMF,-0.1384963074401073,0.1234841534572373,125
subject_628,30,Horizontal,UTL_IMF,-0.036230319818573234,0.6883247069317127,125
subject_628,30,Horizontal,UTR_IMF,-0.11665087025351781,0.19514031092147877,125
subject_628,40,Sagittal,MTL_IMF,0.23658872638468478,0.007898173457078094,125
subject_628,40,Sagittal,MTR_IMF,0.10556231416954256,0.24134061604886095,125
subject_628,40,Sagittal,SCML_IMF,-0.12923448778368196,0.15088834485259717,125
subject_628,40,Sagittal,SCMR_IMF,0.3110801041014861,0.00041388129437837736,125
subject_628,40,Sagittal,STL_IMF,0.18332142362855494,0.04071887280867128,125
subject_628,40,Sagittal,STR_IMF,-0.10803786940504519,0.2304194778852119,125
subject_628,40,Sagittal,UTL_IMF,0.12284711931472794,0.17230024334533098,125
subject_628,40,Sagittal,UTR_IMF,0.05670030840795582,0.529960939133093,125
subject_628,40,Frontal,MTL_IMF,0.13314182836018376,0.13881595530185756,125
subject_628,40,Frontal,MTR_IMF,-0.01109578368831514,0.9022558802696359,125
subject_628,40,Frontal,SCML_IMF,-0.009646875732377571,0.914968052975136,125
subject_628,40,Frontal,SCMR_IMF,0.03376167752745444,0.7085669043757756,125
subject_628,40,Frontal,STL_IMF,0.12653875937181494,0.15966693360225853,125
subject_628,40,Frontal,STR_IMF,-0.0878377645098797,0.33001963034075316,125
subject_628,40,Frontal,UTL_IMF,-0.16397596493036348,0.06765796846146425,125
subject_628,40,Frontal,UTR_IMF,-0.1900057731454873,0.033807382028856414,125
subject_628,40,Horizontal,MTL_IMF,-0.10333863198073327,0.25145303939284236,125
subject_628,40,Horizontal,MTR_IMF,-0.10334451204945487,0.25142591988292134,125
subject_628,40,Horizontal,SCML_IMF,-0.03859202463758153,0.6691633853615456,125
subject_628,40,Horizontal,SCMR_IMF,0.01867223985746201,0.8362576579186096,125
subject_628,40,Horizontal,STL_IMF,0.11094084478195326,0.21806063036365067,125
subject_628,40,Horizontal,STR_IMF,-0.13203678247222334,0.1421531046740447,125
subject_628,40,Horizontal,UTL_IMF,-0.06472675025710442,0.4732819196411812,125
subject_628,40,Horizontal,UTR_IMF,-0.11948709128332337,0.18442741761439382,125
subject_628,50,Sagittal,MTL_IMF,-0.04654029610505389,0.6062817208129849,125
subject_628,50,Sagittal,MTR_IMF,0.07588279095039042,0.400299904217712,125
subject_628,50,Sagittal,SCML_IMF,-0.029005307119297066,0.7481354765831784,125
subject_628,50,Sagittal,SCMR_IMF,0.025491474047421248,0.7778009131665504,125
subject_628,50,Sagittal,STL_IMF,-0.14877202314848886,0.09775427258930859,125
subject_628,50,Sagittal,STR_IMF,-0.29532435175333865,0.0008271209275708455,125
subject_628,50,Sagittal,UTL_IMF,-0.3045998344803472,0.0005528169471345647,125
subject_628,50,Sagittal,UTR_IMF,-0.005515259944251565,0.9513245972192137,125
subject_628,50,Frontal,MTL_IMF,-0.17502891122246078,0.05090003261008216,125
subject_628,50,Frontal,MTR_IMF,-0.08573752137475422,0.341758466841731,125
subject_628,50,Frontal,SCML_IMF,0.08218994925938633,0.3621779973690096,125
subject_628,50,Frontal,SCMR_IMF,0.025629793687321545,0.7766267686097243,125
subject_628,50,Frontal,STL_IMF,0.015047115650624773,0.8677232097805443,125
subject_628,50,Frontal,STR_IMF,0.041590077642787236,0.6451436621523133,125
subject_628,50,Frontal,UTL_IMF,-0.12282548597851844,0.17237639119772416,125
subject_628,50,Frontal,UTR_IMF,-0.06451241069673425,0.47475141087311395,125
subject_628,50,Horizontal,MTL_IMF,-0.1941065498162054,0.03007896598809783,125
subject_628,50,Horizontal,MTR_IMF,-0.008822102478420605,0.9222141193503689,125
subject_628,50,Horizontal,SCML_IMF,-0.010710988619901038,0.9056296485898894,125
subject_628,50,Horizontal,SCMR_IMF,-0.002520298473636913,0.9777460933468851,125
subject_628,50,Horizontal,STL_IMF,0.0694131727132905,0.4417777325716314,125
subject_628,50,Horizontal,STR_IMF,0.12617309071346575,0.16088652415236515,125
subject_628,50,Horizontal,UTL_IMF,-0.16946142093311722,0.05885291447091724,125
subject_628,50,Horizontal,UTR_IMF,-0.09891563330760275,0.27242546447479216,125
subject_628,60,Sagittal,MTL_IMF,-0.08370032066851336,0.3514365034679901,126
subject_628,60,Sagittal,MTR_IMF,0.09077935719227818,0.31205025284553434,126
subject_628,60,Sagittal,SCML_IMF,0.05801382369276267,0.5187604601693535,126
subject_628,60,Sagittal,SCMR_IMF,0.11550460162890043,0.19777043323760443,126
subject_628,60,Sagittal,STL_IMF,-0.21186499601118136,0.017238581875450534,126
subject_628,60,Sagittal,STR_IMF,-0.07734067762259299,0.38935641703525825,126
subject_628,60,Sagittal,UTL_IMF,-0.27214828351639636,0.002050511378744038,126
subject_628,60,Sagittal,UTR_IMF,-0.10035464644306612,0.26353428597674955,126
subject_628,60,Frontal,MTL_IMF,-0.059436626674062916,0.5085417048748041,126
subject_628,60,Frontal,MTR_IMF,-0.11528996344929368,0.19861053382066116,126
subject_628,60,Frontal,SCML_IMF,0.09020633972704202,0.31512711838824287,126
subject_628,60,Frontal,SCMR_IMF,0.04654444919334826,0.6047835649296585,126
subject_628,60,Frontal,STL_IMF,0.07883135994788663,0.3802545215047509,126
subject_628,60,Frontal,STR_IMF,-0.05518336297688036,0.5393962433696674,126
subject_628,60,Frontal,UTL_IMF,-0.08948974476524092,0.3190025516174162,126
subject_628,60,Frontal,UTR_IMF,-0.05870262923612499,0.5138003179473015,126
subject_628,60,Horizontal,MTL_IMF,-0.2749280970049642,0.0018358954758699655,126
subject_628,60,Horizontal,MTR_IMF,0.004313621722500672,0.9617657050226575,126
subject_628,60,Horizontal,SCML_IMF,0.0701522355326467,0.43505469616181885,126
subject_628,60,Horizontal,SCMR_IMF,0.001725404641485295,0.9847018120097619,126
subject_628,60,Horizontal,STL_IMF,-0.0230240380145872,0.7980262013107596,126
subject_628,60,Horizontal,STR_IMF,0.139586799634078,0.11902372862317172,126
subject_628,60,Horizontal,UTL_IMF,-0.1742292445733969,0.051035883452498675,126
subject_628,60,Horizontal,UTR_IMF,-0.08941065223442725,0.3194321741597296,126
subject_628,70,Sagittal,MTL_IMF,0.009825581468021188,0.9133989280533604,125
subject_628,70,Sagittal,MTR_IMF,0.24447504471136466,0.0060018935133132854,125
subject_628,70,Sagittal,SCML_IMF,0.06556361234203933,0.46756820941226995,125
subject_628,70,Sagittal,SCMR_IMF,-0.00040978706917888435,0.996381182398879,125
subject_628,70,Sagittal,STL_IMF,-0.17857868776452776,0.04630973692061039,125
subject_628,70,Sagittal,STR_IMF,0.05103436839175323,0.5719255887547664,125
subject_628,70,Sagittal,UTL_IMF,-0.0777130415583695,0.38899953203258164,125
subject_628,70,Sagittal,UTR_IMF,0.10056723388374812,0.2644599090122826,125
subject_628,70,Frontal,MTL_IMF,0.10585851281830384,0.24001527622705326,125
subject_628,70,Frontal,MTR_IMF,-0.1344972007321574,0.1348046210464572,125
subject_628,70,Frontal,SCML_IMF,-0.009959599653708793,0.9122224003911955,125
subject_628,70,Frontal,SCMR_IMF,0.029893142153573665,0.7406959766640854,125
subject_628,70,Frontal,STL_IMF,0.10465483150926481,0.24543279140208887,125
subject_628,70,Frontal,STR_IMF,-0.10719977861762328,0.23407724184693543,125
subject_628,70,Frontal,UTL_IMF,-0.056025763021944903,0.5348747448980472,125
subject_628,70,Frontal,UTR_IMF,-0.1543847138859841,0.08560432386735504,125
subject_628,70,Horizontal,MTL_IMF,-0.17635630576321104,0.04914133384524324,125
subject_628,70,Horizontal,MTR_IMF,0.10377564067607069,0.24944299752580987,125
subject_628,70,Horizontal,SCML_IMF,0.06492587429005295,0.47191896230016306,125
subject_628,70,Horizontal,SCMR_IMF,-0.06403238628675444,0.4780513691948384,125
subject_628,70,Horizontal,STL_IMF,0.009249102242464526,0.9184618678906407,125
subject_628,70,Horizontal,STR_IMF,-0.06292510276302637,0.485710469410771,125
subject_628,70,Horizontal,UTL_IMF,-0.13702176320376988,0.1275697005805193,125
subject_628,70,Horizontal,UTR_IMF,0.05268379501503787,0.5595495655467484,125
subject_628,80,Sagittal,MTL_IMF,-0.0953256778762879,0.2902940991887508,125
subject_628,80,Sagittal,MTR_IMF,0.10462773910835492,0.24555569560088383,125
subject_628,80,Sagittal,SCML_IMF,0.11976974117432335,0.183383840514702,125
subject_628,80,Sagittal,SCMR_IMF,-0.07855116077123649,0.3838894743474797,125
subject_628,80,Sagittal,STL_IMF,-0.21317411541578246,0.01699021840404215,125
subject_628,80,Sagittal,STR_IMF,-0.003275550224705018,0.9710798716650918,125
subject_628,80,Sagittal,UTL_IMF,-0.009793232984168206,0.913682939236376,125
subject_628,80,Sagittal,UTR_IMF,-0.05322456113067386,0.5555201962894607,125
subject_628,80,Frontal,MTL_IMF,-0.08400242030653259,0.3516529636377793,125
subject_628,80,Frontal,MTR_IMF,-0.11137449846372115,0.21625562536051143,125
subject_628,80,Frontal,SCML_IMF,-0.03446950811065048,0.7027413143874556,125
subject_628,80,Frontal,SCMR_IMF,-0.0716092340401245,0.42743306999081615,125
subject_628,80,Frontal,STL_IMF,-0.05837062468035808,0.5178916323021783,125
subject_628,80,Frontal,STR_IMF,0.10079825144648774,0.2633585027021679,125
subject_628,80,Frontal,UTL_IMF,0.010607633360308557,0.9065361258950686,125
subject_628,80,Frontal,UTR_IMF,-0.08043305653102382,0.37256426220330385,125
subject_628,80,Horizontal,MTL_IMF,-0.0688424153595965,0.4455499955733078,125
subject_628,80,Horizontal,MTR_IMF,0.12110210484572403,0.1785227533424033,125
subject_628,80,Horizontal,SCML_IMF,0.009159916704557925,0.9192454385362504,125
subject_628,80,Horizontal,SCMR_IMF,-0.18972689030905204,0.034074529568584144,125
subject_628,80,Horizontal,STL_IMF,-0.004471133013506661,0.9605313342740094,125
subject_628,80,Horizontal,STR_IMF,-0.02503245006901928,0.7817009777131289,125
subject_628,80,Horizontal,UTL_IMF,0.029494998228814236,0.744029258059806,125
subject_628,80,Horizontal,UTR_IMF,0.13718250855860287,0.12711934037089243,125
subject_628,90,Sagittal,MTL_IMF,-0.12204546354443084,0.17513865349126934,125
subject_628,90,Sagittal,MTR_IMF,-0.05198465290775113,0.5647796968246155,125
subject_628,90,Sagittal,SCML_IMF,-0.06040600618754237,0.5033766630418609,125
subject_628,90,Sagittal,SCMR_IMF,0.019764684446607506,0.8268235583366758,125
subject_628,90,Sagittal,STL_IMF,0.04169343993531403,0.6443218529467216,125
subject_628,90,Sagittal,STR_IMF,-0.08546961320593534,0.3432746296330637,125
subject_628,90,Sagittal,UTL_IMF,0.011391248518877458,0.8996665125128863,125
subject_628,90,Sagittal,UTR_IMF,0.03606052163912344,0.6897101625694831,125
subject_628,90,Frontal,MTL_IMF,-0.042417511948146365,0.638577007794758,125
subject_628,90,Frontal,MTR_IMF,0.04174228440427989,0.6439336513662648,125
subject_628,90,Frontal,SCML_IMF,0.08185582513318529,0.3641393238314652,125
subject_628,90,Frontal,SCMR_IMF,-0.0038835825922004298,0.9657145083449375,125
subject_628,90,Frontal,STL_IMF,-0.0061485328483897265,0.9457436707845042,125
subject_628,90,Frontal,STR_IMF,0.0271875040961151,0.7634393172126687,125
subject_628,90,Frontal,UTL_IMF,-0.09835595281242576,0.2751611764396853,125
subject_628,90,Frontal,UTR_IMF,0.09218404742734591,0.3065567084340298,125
subject_628,90,Horizontal,MTL_IMF,-0.01962260919966519,0.8280491220613655,125
subject_628,90,Horizontal,MTR_IMF,0.009214162698573183,0.9187688321611347,125
subject_628,90,Horizontal,SCML_IMF,-0.0746484714352996,0.4080297108197512,125
subject_628,90,Horizontal,SCMR_IMF,-0.1706055928680794,0.0571402603509486,125
subject_628,90,Horizontal,STL_IMF,0.12333693924363652,0.17058275717083393,125
subject_628,90,Horizontal,STR_IMF,0.10681524858162313,0.23576901408783368,125
subject_628,90,Horizontal,UTL_IMF,0.0850421701334112,0.34570241575306826,125
subject_628,90,Horizontal,UTR_IMF,0.09777234250464745,0.27803352021610067,125
subject_629,10,Sagittal,MTL_IMF,0.02237499355346199,0.8408709559588023,83
subject_629,10,Sagittal,MTR_IMF,-0.18689204895098716,0.09068661387020834,83
subject_629,10,Sagittal,SCML_IMF,0.062472571712261456,0.5747504010671911,83
subject_629,10,Sagittal,SCMR_IMF,0.20690989474554505,0.06054335145797872,83
subject_629,10,Sagittal,STL_IMF,0.022944549197205504,0.8368754909227928,83
subject_629,10,Sagittal,STR_IMF,-0.08541624337782777,0.4426166501779234,83
subject_629,10,Sagittal,UTL_IMF,-0.02907714611816768,0.7941363803911571,83
subject_629,10,Sagittal,UTR_IMF,0.020804554086623545,0.8519082353871537,83
subject_629,10,Frontal,MTL_IMF,0.3019910070086238,0.005526256472769271,83
subject_629,10,Frontal,MTR_IMF,0.304528311582857,0.005124179593128854,83
subject_629,10,Frontal,SCML_IMF,0.09509272213897894,0.3924750454628801,83
subject_629,10,Frontal,SCMR_IMF,-0.015509299229672615,0.8893221896369954,83
subject_629,10,Frontal,STL_IMF,-0.027739852756232766,0.8034092972679658,83
subject_629,10,Frontal,STR_IMF,0.0695857594935477,0.5319051036562465,83
subject_629,10,Frontal,UTL_IMF,0.2553436202456155,0.019818053641372377,83
subject_629,10,Frontal,UTR_IMF,0.22458235167418547,0.04123428743362839,83
subject_629,10,Horizontal,MTL_IMF,-0.22095571941107414,0.04471156433089219,83
subject_629,10,Horizontal,MTR_IMF,-0.0812276552816057,0.4653878544490579,83
subject_629,10,Horizontal,SCML_IMF,-0.08971851635631362,0.4198929047448731,83
subject_629,10,Horizontal,SCMR_IMF,-0.1897837458849471,0.08571532837136843,83
subject_629,10,Horizontal,STL_IMF,-0.16675412496130407,0.13187887942346402,83
subject_629,10,Horizontal,STR_IMF,-0.023813753056884532,0.8307859608729574,83
subject_629,10,Horizontal,UTL_IMF,-0.09582483586052003,0.38882427579818507,83
subject_629,10,Horizontal,UTR_IMF,0.0073233452732824325,0.9476103971394287,83
subject_629,20,Sagittal,MTL_IMF,-0.3068969681996067,0.005040685177676465,82
subject_629,20,Sagittal,MTR_IMF,-0.12123976488111228,0.27790983230557237,82
subject_629,20,Sagittal,SCML_IMF,0.03161315735724363,0.7779856831195773,82
subject_629,20,Sagittal,SCMR_IMF,0.01589553918610789,0.8872858530905143,82
subject_629,20,Sagittal,STL_IMF,-0.0349915318081695,0.7549698838501955,82
subject_629,20,Sagittal,STR_IMF,-0.1067310999695641,0.3398896045512953,82
subject_629,20,Sagittal,UTL_IMF,-0.34638232280155007,0.0014337340190313454,82
subject_629,20,Sagittal,UTR_IMF,-0.16341695305970352,0.1423850673659249,82
subject_629,20,Frontal,MTL_IMF,0.32948310591454916,0.0025055103170117726,82
subject_629,20,Frontal,MTR_IMF,0.35465673310589857,0.0010784804889012697,82
subject_629,20,Frontal,SCML_IMF,-0.17631112915530928,0.11308117490577783,82
subject_629,20,Frontal,SCMR_IMF,-0.04469881022012419,0.6900771091084108,82
subject_629,20,Frontal,STL_IMF,0.09723324574951803,0.38483126005343005,82
subject_629,20,Frontal,STR_IMF,-0.11466543573587118,0.3049918546933647,82
subject_629,20,Frontal,UTL_IMF,0.2222100922114268,0.044806378887573134,82
subject_629,20,Frontal,UTR_IMF,0.21511978083473826,0.05227338670605659,82
subject_629,20,Horizontal,MTL_IMF,0.03851058940235118,0.7312208100956671,82
subject_629,20,Horizontal,MTR_IMF,-0.04076914767140825,0.7161089562542944,82
subject_629,20,Horizontal,SCML_IMF,-0.0010121356045174794,0.992799530104682,82
subject_629,20,Horizontal,SCMR_IMF,-0.09124165503670707,0.41493116980830047,82
subject_629,20,Horizontal,STL_IMF,-0.011683807003839749,0.9170259878826845,82
subject_629,20,Horizontal,STR_IMF,0.1169725428913983,0.2952988534275341,82
subject_629,20,Horizontal,UTL_IMF,0.23903242554690055,0.03055982765313389,82
subject_629,20,Horizontal,UTR_IMF,0.04912568007749549,0.661177950046654,82
subject_629,30,Sagittal,MTL_IMF,0.08256139075873793,0.4608742903678696,82
subject_629,30,Sagittal,MTR_IMF,0.008438921812584346,0.9400191033723827,82
subject_629,30,Sagittal,SCML_IMF,-0.05694401372477344,0.6113506852710204,82
subject_629,30,Sagittal,SCMR_IMF,-0.05741469597748266,0.6084036316411907,82
subject_629,30,Sagittal,STL_IMF,0.042631595123845005,0.7037287150041248,82
subject_629,30,Sagittal,STR_IMF,-0.12853776505127668,0.24978512052909074,82
subject_629,30,Sagittal,UTL_IMF,-0.2589024298560919,0.018840744217039327,82
subject_629,30,Sagittal,UTR_IMF,0.033649257269058735,0.7640900911629221,82
subject_629,30,Frontal,MTL_IMF,-0.05075016367147584,0.6506934231628179,82
subject_629,30,Frontal,MTR_IMF,0.15257280982107488,0.17118009573546908,82
subject_629,30,Frontal,SCML_IMF,0.14630140118643384,0.18967316399004333,82
subject_629,30,Frontal,SCMR_IMF,0.13262401402677632,0.23492020498682048,82
subject_629,30,Frontal,STL_IMF,0.05812904484602427,0.6039428308266043,82
subject_629,30,Frontal,STR_IMF,0.01268934012736757,0.9099137336251325,82
subject_629,30,Frontal,UTL_IMF,0.1505742558793724,0.17692361083944116,82
subject_629,30,Frontal,UTR_IMF,0.07238525153987893,0.5181096400860867,82
subject_629,30,Horizontal,MTL_IMF,-0.06204151861839805,0.5797712754768648,82
subject_629,30,Horizontal,MTR_IMF,0.012939627085304247,0.9081445027773759,82
subject_629,30,Horizontal,SCML_IMF,-0.032945935525534625,0.7688818153242669,82
subject_629,30,Horizontal,SCMR_IMF,0.02722719597421033,0.8081505077097061,82
subject_629,30,Horizontal,STL_IMF,-0.020470673411969793,0.8551564940627172,82
subject_629,30,Horizontal,STR_IMF,0.15873396177008978,0.15433689358095934,82
subject_629,30,Horizontal,UTL_IMF,0.13540854690006307,0.22514971657008082,82
subject_629,30,Horizontal,UTR_IMF,-0.08717423923630158,0.43612008028652705,82
subject_629,40,Sagittal,MTL_IMF,0.21351424248431924,0.05409878011085635,82
subject_629,40,Sagittal,MTR_IMF,-0.02831988555862664,0.8006073526736633,82
subject_629,40,Sagittal,SCML_IMF,0.0920141445987846,0.4109755151547851,82
subject_629,40,Sagittal,SCMR_IMF,0.21745924557283416,0.049704300125969,82
subject_629,40,Sagittal,STL_IMF,-0.18253202596792586,0.1007261267560325,82
subject_629,40,Sagittal,STR_IMF,0.284689678708959,0.009534300857009482,82
subject_629,40,Sagittal,UTL_IMF,0.14585084679628071,0.19105528983494774,82
subject_629,40,Sagittal,UTR_IMF,-0.17166587806902045,0.12304733169507356,82
subject_629,40,Frontal,MTL_IMF,-0.20629972196577717,0.06295616976769607,82
subject_629,40,Frontal,MTR_IMF,-0.1250825887432517,0.2628474278776424,82
subject_629,40,Frontal,SCML_IMF,0.19830806750610996,0.07410405956951366,82
subject_629,40,Frontal,SCMR_IMF,0.03206366054390847,0.7749049962849448,82
subject_629,40,Frontal,STL_IMF,0.015862878541323844,0.8875159344102781,82
subject_629,40,Frontal,STR_IMF,-0.08385818979871465,0.45383840633905365,82
subject_629,40,Frontal,UTL_IMF,-0.08173582806110076,0.4653844225934234,82
subject_629,40,Frontal,UTR_IMF,0.16741452139982416,0.13274584680038812,82
subject_629,40,Horizontal,MTL_IMF,-0.07185260177198745,0.5212016815159242,82
subject_629,40,Horizontal,MTR_IMF,0.01426546196640629,0.8987800868607976,82
subject_629,40,Horizontal,SCML_IMF,-0.16644028951985623,0.1350479918447167,82
subject_629,40,Horizontal,SCMR_IMF,-0.12016292526186204,0.28223203299998056,82
subject_629,40,Horizontal,STL_IMF,0.07260684371748079,0.5168260403825551,82
subject_629,40,Horizontal,STR_IMF,-0.28550889745819147,0.009320677962938383,82
subject_629,40,Horizontal,UTL_IMF,-0.155026165208965,0.16431831071429337,82
subject_629,40,Horizontal,UTR_IMF,0.04942195746161316,0.6592608108661908,82
subject_629,50,Sagittal,MTL_IMF,0.0972325291559038,0.384834779773621,82
subject_629,50,Sagittal,MTR_IMF,-0.0041354913925339245,0.9705857016746554,82
subject_629,50,Sagittal,SCML_IMF,0.1492786537726154,0.18072145778968274,82
subject_629,50,Sagittal,SCMR_IMF,0.215643167074566,0.051689367728920445,82
subject_629,50,Sagittal,STL_IMF,-0.3413292506655828,0.0016996752865796238,82
subject_629,50,Sagittal,STR_IMF,0.2070663582547467,0.06196241934585457,82
subject_629,50,Sagittal,UTL_IMF,0.03671840509287084,0.7432857611352339,82
subject_629,50,Sagittal,UTR_IMF,-0.29129019286805585,0.00792867321855331,82
subject_629,50,Frontal,MTL_IMF,-0.09404928397546791,0.40066002655393385,82
subject_629,50,Frontal,MTR_IMF,-0.10308122057882985,0.3567538945861433,82
subject_629,50,Frontal,SCML_IMF,-0.09102171107101684,0.41606145241664416,82
subject_629,50,Frontal,SCMR_IMF,-0.19529112883974373,0.07870334833703971,82
subject_629,50,Frontal,STL_IMF,0.20925928755599033,0.0591899755044198,82
subject_629,50,Frontal,STR_IMF,-0.0721363798553987,0.5195531854687312,82
subject_629,50,Frontal,UTL_IMF,-0.11381310913491209,0.308624595228799,82
subject_629,50,Frontal,UTR_IMF,0.15004387100597366,0.1784712329543125,82
subject_629,50,Horizontal,MTL_IMF,-0.004793571975438129,0.9659076093938491,82
subject_629,50,Horizontal,MTR_IMF,0.046359026047572416,0.6791842136975461,82
subject_629,50,Horizontal,SCML_IMF,-0.21269398581684873,0.055051310746845966,82
subject_629,50,Horizontal,SCMR_IMF,-0.18006212934863827,0.10549871673732655,82
subject_629,50,Horizontal,STL_IMF,0.2856514186417985,0.009283944522965503,82
subject_629,50,Horizontal,STR_IMF,-0.2092016532268005,0.05926152564777204,82
subject_629,50,Horizontal,UTL_IMF,-0.09717113290290526,0.3851364137944259,82
subject_629,50,Horizontal,UTR_IMF,0.16972881089660086,0.1273967328997261,82
subject_629,60,Sagittal,MTL_IMF,-0.010162552792813627,0.9277982136076813,82
subject_629,60,Sagittal,MTR_IMF,-0.19550493186555173,0.07837008052749476,82
subject_629,60,Sagittal,SCML_IMF,-0.014326864895218203,0.8983467207368311,82
subject_629,60,Sagittal,SCMR_IMF,0.04955085064776513,0.6584274584257411,82
subject_629,60,Sagittal,STL_IMF,-0.16563809394940995,0.136966227863477,82
subject_629,60,Sagittal,STR_IMF,0.08630639976268599,0.44071893180646277,82
subject_629,60,Sagittal,UTL_IMF,0.03456174122053805,0.757886556890923,82
subject_629,60,Sagittal,UTR_IMF,0.08665367154147671,0.43887540573795064,82
subject_629,60,Frontal,MTL_IMF,0.0903410764437327,0.419570481890512,82
subject_629,60,Frontal,MTR_IMF,0.19464805874041755,0.07971256373072652,82
subject_629,60,Frontal,SCML_IMF,-0.043305035319842436,0.6992708570408335,82
subject_629,60,Frontal,SCMR_IMF,-0.053468734741899594,0.6332991693500577,82
subject_629,60,Frontal,STL_IMF,0.14396480586800797,0.1969198714472354,82
subject_629,60,Frontal,STR_IMF,-0.2009587861821798,0.07024326811217481,82
subject_629,60,Frontal,UTL_IMF,-0.10169117749638361,0.3633102714800813,82
subject_629,60,Frontal,UTR_IMF,-0.16748516217306114,0.13258008659817203,82
subject_629,60,Horizontal,MTL_IMF,0.038394557761487674,0.7319999976944116,82
subject_629,60,Horizontal,MTR_IMF,0.2548413867905885,0.020857752237140266,82
subject_629,60,Horizontal,SCML_IMF,0.0024950605967000105,0.9822510007254599,82
subject_629,60,Horizontal,SCMR_IMF,-0.09892633111646318,0.3765692755068528,82
subject_629,60,Horizontal,STL_IMF,0.18316981644710037,0.09952156817150513,82
subject_629,60,Horizontal,STR_IMF,-0.02133045652073355,0.8491431598720814,82
subject_629,60,Horizontal,UTL_IMF,-0.14565491956047227,0.19165858175021902,82
subject_629,60,Horizontal,UTR_IMF,-0.04205526007545831,0.7075517384031117,82
subject_629,70,Sagittal,MTL_IMF,0.05832444117673865,0.6027251803113988,82
subject_629,70,Sagittal,MTR_IMF,-0.18366984763828334,0.09858509618227583,82
subject_629,70,Sagittal,SCML_IMF,-0.06655326968742827,0.5524635219240324,82
subject_629,70,Sagittal,SCMR_IMF,-0.1905187238622459,0.08644120187645775,82
subject_629,70,Sagittal,STL_IMF,0.01071179444620371,0.9239073519890643,82
subject_629,70,Sagittal,STR_IMF,0.04036837741238509,0.7187827266753838,82
subject_629,70,Sagittal,UTL_IMF,-0.17254470784846992,0.12111197169528229,82
subject_629,70,Sagittal,UTR_IMF,-0.05614622584611732,0.6163599367371215,82
subject_629,70,Frontal,MTL_IMF,0.003010967912620039,0.9785818051600588,82
subject_629,70,Frontal,MTR_IMF,0.152682946135044,0.17086761242055956,82
subject_629,70,Frontal,SCML_IMF,-0.004960906999539299,0.9647182535067629,82
subject_629,70,Frontal,SCMR_IMF,0.025707304564830072,0.8186717801329941,82
subject_629,70,Frontal,STL_IMF,-0.07129077157357117,0.5244731848782885,82
subject_629,70,Frontal,STR_IMF,-0.24959789609447564,0.023732825809165053,82
subject_629,70,Frontal,UTL_IMF,-0.11106494748817561,0.32052802325100066,82
subject_629,70,Frontal,UTR_IMF,-0.2405563009721994,0.029483265747668467,82
subject_629,70,Horizontal,MTL_IMF,-0.06218562219139454,0.5788895572252281,82
subject_629,70,Horizontal,MTR_IMF,0.1853264218915901,0.09553186413823254,82
subject_629,70,Horizontal,SCML_IMF,0.16261812460964434,0.1443729222757284,82
subject_629,70,Horizontal,SCMR_IMF,0.19930730264324087,0.07262915413741293,82
subject_629,70,Horizontal,STL_IMF,-0.02656239720447314,0.8127484308992197,82
subject_629,70,Horizontal,STR_IMF,-0.009266521198409185,0.9341493525611142,82
subject_629,70,Horizontal,UTL_IMF,0.19887715277993945,0.07326115408502452,82
subject_629,70,Horizontal,UTR_IMF,0.1632780435005149,0.1427292496238412,82
subject_629,80,Sagittal,MTL_IMF,0.12051707595335842,0.2808056413295071,82
subject_629,80,Sagittal,MTR_IMF,0.07036520306529558,0.5298851282947908,82
subject_629,80,Sagittal,SCML_IMF,0.0924861231046943,0.4085695256045558,82
subject_629,80,Sagittal,SCMR_IMF,-0.1128183494175441,0.31289975863484343,82
subject_629,80,Sagittal,STL_IMF,0.1136351031859521,0.3093868113903433,82
subject_629,80,Sagittal,STR_IMF,-0.07051207795821171,0.5290244730237644,82
subject_629,80,Sagittal,UTL_IMF,0.027472649297032806,0.8064545209143255,82
subject_629,80,Sagittal,UTR_IMF,0.20293529529158577,0.06747119732170187,82
subject_629,80,Frontal,MTL_IMF,-0.19838143666206773,0.07399495353482471,82
subject_629,80,Frontal,MTR_IMF,-0.1599754736364707,0.15109785279988996,82
subject_629,80,Frontal,SCML_IMF,0.11173479101430421,0.3175998746837763,82
subject_629,80,Frontal,SCMR_IMF,0.44295759865097334,3.081877231415779e-05,82
subject_629,80,Frontal,STL_IMF,-0.4351545933567238,4.397412051598304e-05,82
subject_629,80,Frontal,STR_IMF,-0.010313695539723508,0.9267273362585943,82
subject_629,80,Frontal,UTL_IMF,-0.19916284882034313,0.07284090355418574,82
subject_629,80,Frontal,UTR_IMF,-0.5633634767720621,3.586808321255113e-08,82
subject_629,80,Horizontal,MTL_IMF,-0.07417517951728209,0.5077876940915088,82
subject_629,80,Horizontal,MTR_IMF,-0.11022653149262554,0.32421738183026366,82
subject_629,80,Horizontal,SCML_IMF,-0.15396814061238215,0.16725213944305423,82
subject_629,80,Horizontal,SCMR_IMF,0.013206838673246464,0.9062561284592255,82
subject_629,80,Horizontal,STL_IMF,-0.028695977773962673,0.7980152550756572,82
subject_629,80,Horizontal,STR_IMF,0.09066465004928088,0.4179001658121098,82
subject_629,80,Horizontal,UTL_IMF,0.06512464336530027,0.5610430810292683,82
subject_629,80,Horizontal,UTR_IMF,-0.04740539856315668,0.672352268470194,82
subject_629,90,Sagittal,MTL_IMF,0.050691331054085284,0.6510719674237779,82
subject_629,90,Sagittal,MTR_IMF,-0.02157055667588257,0.8474654180078899,82
subject_629,90,Sagittal,SCML_IMF,0.12736805827516234,0.2541564222209753,82
subject_629,90,Sagittal,SCMR_IMF,-0.009383634586609776,0.9333190018760378,82
subject_629,90,Sagittal,STL_IMF,0.10942112597115763,0.3277869266591806,82
subject_629,90,Sagittal,STR_IMF,0.09545510807971068,0.39362433287084836,82
subject_629,90,Sagittal,UTL_IMF,0.028910865294653764,0.7965351884824329,82
subject_629,90,Sagittal,UTR_IMF,0.022904177699757264,0.8381590489744234,82
subject_629,90,Frontal,MTL_IMF,0.21446539070963613,0.053011190361326246,82
subject_629,90,Frontal,MTR_IMF,0.02969780046395069,0.7911212309296511,82
subject_629,90,Frontal,SCML_IMF,-0.002312713023339651,0.9835479708875978,82
subject_629,90,Frontal,SCMR_IMF,-0.02759883660355827,0.8055829626869476,82
subject_629,90,Frontal,STL_IMF,-0.02134235161201886,0.8490600249897015,82
subject_629,90,Frontal,STR_IMF,-0.0014186754017598063,0.9899074805329681,82
subject_629,90,Frontal,UTL_IMF,0.03862302438985295,0.7304660345259656,82
subject_629,90,Frontal,UTR_IMF,-0.13465348342884365,0.22777051742725293,82
subject_629,90,Horizontal,MTL_IMF,-0.0595526296979826,0.595096448447889,82
subject_629,90,Horizontal,MTR_IMF,-0.028611236996459014,0.7985991147399698,82
subject_629,90,Horizontal,SCML_IMF,-0.14360531154836206,0.1980522240766652,82
subject_629,90,Horizontal,SCMR_IMF,0.05685928233809633,0.6118818669738598,82
subject_629,90,Horizontal,STL_IMF,-0.11554624469541012,0.30126708851818546,82
subject_629,90,Horizontal,STR_IMF,-0.053487647566208184,0.6331788390196803,82
subject_629,90,Horizontal,UTL_IMF,0.011949717418454752,0.915144515174817,82
subject_629,90,Horizontal,UTR_IMF,0.03494152455419854,0.7553090710860896,82
subject_630,10,Sagittal,MTL_IMF,-0.04182472679045751,0.6600442189664275,113
subject_630,10,Sagittal,MTR_IMF,-0.14222958531270433,0.13290053668898183,113
subject_630,10,Sagittal,SCML_IMF,-0.15274315282856596,0.10628447014031099,113
subject_630,10,Sagittal,SCMR_IMF,0.05489814687532197,0.5635865287870448,113
subject_630,10,Sagittal,STL_IMF,-0.26769222922107505,0.004150695058744615,113
subject_630,10,Sagittal,STR_IMF,0.008681889999952525,0.9272817652009508,113
subject_630,10,Sagittal,UTL_IMF,-0.015593889821779236,0.8697845238731483,113
subject_630,10,Sagittal,UTR_IMF,-0.21859442289726738,0.020015372529573208,113
subject_630,10,Frontal,MTL_IMF,-0.04957400250540654,0.6020600361223917,113
subject_630,10,Frontal,MTR_IMF,0.10575126926486814,0.26494403379334375,113
subject_630,10,Frontal,SCML_IMF,-0.06868821482151748,0.4697402786627623,113
subject_630,10,Frontal,SCMR_IMF,-0.02446505544365351,0.7970135708047101,113
subject_630,10,Frontal,STL_IMF,-0.2252006072478746,0.016476324961289545,113
subject_630,10,Frontal,STR_IMF,-0.051735748413158845,0.586298065327859,113
subject_630,10,Frontal,UTL_IMF,0.04789660716136305,0.6144186788063045,113
subject_630,10,Frontal,UTR_IMF,-0.15785753224821372,0.09494345883304037,113
subject_630,10,Horizontal,MTL_IMF,0.006656048694543388,0.9442184618880337,113
subject_630,10,Horizontal,MTR_IMF,-0.07390793116207532,0.4365799078623308,113
subject_630,10,Horizontal,SCML_IMF,0.20693055244840272,0.027870495921519967,113
subject_630,10,Horizontal,SCMR_IMF,0.15550432573320913,0.10003679094287027,113
subject_630,10,Horizontal,STL_IMF,0.036325523369809196,0.7024774571513928,113
subject_630,10,Horizontal,STR_IMF,0.08293878783605706,0.38246981863268664,113
subject_630,10,Horizontal,UTL_IMF,-0.07512846603051353,0.4290225007678361,113
subject_630,10,Horizontal,UTR_IMF,-0.050871731967338026,0.592575230521575,113
subject_630,20,Sagittal,MTL_IMF,-0.09050519578889,0.3426098315779978,112
subject_630,20,Sagittal,MTR_IMF,0.09635390934775839,0.31219447105537684,112
subject_630,20,Sagittal,SCML_IMF,-0.068042737341659,0.47594165192795235,112
subject_630,20,Sagittal,SCMR_IMF,0.3873414701824288,2.4520099415904138e-05,112
subject_630,20,Sagittal,STL_IMF,-0.03937000159202942,0.6802378448505743,112
subject_630,20,Sagittal,STR_IMF,0.24279047880996266,0.009898843834031766,112
subject_630,20,Sagittal,UTL_IMF,0.010219670729277132,0.9148331814271463,112
subject_630,20,Sagittal,UTR_IMF,-0.04428495881506941,0.6429072688151855,112
subject_630,20,Frontal,MTL_IMF,-0.0351208714295971,0.7131505588272362,112
subject_630,20,Frontal,MTR_IMF,0.024141462453256976,0.8005310736813477,112
subject_630,20,Frontal,SCML_IMF,0.07898411984882482,0.4077802074548952,112
subject_630,20,Frontal,SCMR_IMF,0.3631174923488527,8.321420076731157e-05,112
subject_630,20,Frontal,STL_IMF,-0.07428807328273931,0.43630512230000623,112
subject_630,20,Frontal,STR_IMF,0.2345521827254378,0.01280134689553115,112
subject_630,20,Frontal,UTL_IMF,0.08520312003909368,0.3717420373469607,112
subject_630,20,Frontal,UTR_IMF,-0.10421899734607057,0.2741489339863136,112
subject_630,20,Horizontal,MTL_IMF,0.0018802638387384334,0.9843021367318109,112
subject_630,20,Horizontal,MTR_IMF,0.15394641095914763,0.10510028456674837,112
subject_630,20,Horizontal,SCML_IMF,0.01241082847089532,0.8966650225950374,112
subject_630,20,Horizontal,SCMR_IMF,0.0970641335340677,0.30862441004959157,112
subject_630,20,Horizontal,STL_IMF,0.05834741908962554,0.5411435073268669,112
subject_630,20,Horizontal,STR_IMF,0.012047492099870485,0.8996742184530437,112
subject_630,20,Horizontal,UTL_IMF,0.006401505101107254,0.9465913963101582,112
subject_630,20,Horizontal,UTR_IMF,0.03577733220091382,0.7080293990035961,112
subject_630,30,Sagittal,MTL_IMF,-0.03720446572682824,0.6956293862196409,113
subject_630,30,Sagittal,MTR_IMF,0.225642392160275,0.01626032079949712,113
subject_630,30,Sagittal,SCML_IMF,-0.04702182329972367,0.6209072830218958,113
subject_630,30,Sagittal,SCMR_IMF,0.05472730253035236,0.5648027283329634,113
subject_630,30,Sagittal,STL_IMF,0.0025005899880966406,0.9790291236398562,113
subject_630,30,Sagittal,STR_IMF,-0.03055424583699999,0.7480135056500166,113
subject_630,30,Sagittal,UTL_IMF,0.17755114891079668,0.059919364936068205,113
subject_630,30,Sagittal,UTR_IMF,-0.0340597051374895,0.720240073490668,113
subject_630,30,Frontal,MTL_IMF,0.045407561358528165,0.6329572843600177,113
subject_630,30,Frontal,MTR_IMF,0.08322592989797817,0.38081871674298085,113
subject_630,30,Frontal,SCML_IMF,0.07335539290996211,0.4400258800211592,113
subject_630,30,Frontal,SCMR_IMF,0.1767713692160652,0.06106966489320223,113
subject_630,30,Frontal,STL_IMF,0.11425877842101619,0.2281902612832869,113
subject_630,30,Frontal,STR_IMF,0.03574313491328939,0.7070281970716773,113
subject_630,30,Frontal,UTL_IMF,0.10312798729389462,0.27704664664134904,113
subject_630,30,Frontal,UTR_IMF,-0.0330162814374547,0.7284709174831896,113
subject_630,30,Horizontal,MTL_IMF,0.015594712936087508,0.8697777110520887,113
subject_630,30,Horizontal,MTR_IMF,0.21015319018586917,0.02547440466275107,113
subject_630,30,Horizontal,SCML_IMF,-0.03360105526811888,0.7238541697862472,113
subject_630,30,Horizontal,SCMR_IMF,-0.0912444683708056,0.3364695113307925,113
subject_630,30,Horizontal,STL_IMF,-0.10929401239279275,0.24917755856531526,113
subject_630,30,Horizontal,STR_IMF,-0.006408423368648738,0.9462905507709404,113
subject_630,30,Horizontal,UTL_IMF,-0.00841277639511041,0.9295299379784424,113
subject_630,30,Horizontal,UTR_IMF,0.04285320133235953,0.6522216688204239,113
subject_630,40,Sagittal,MTL_IMF,0.22485137562723784,0.01664883174526033,113
subject_630,40,Sagittal,MTR_IMF,0.04287172060461782,0.652081153786779,113
subject_630,40,Sagittal,SCML_IMF,-0.07801943311992054,0.41142435758753254,113
subject_630,40,Sagittal,SCMR_IMF,-0.13453366084210036,0.15541015131885624,113
subject_630,40,Sagittal,STL_IMF,0.0928797736133769,0.3278444659830279,113
subject_630,40,Sagittal,STR_IMF,-0.0908484592962265,0.3385796315161389,113
subject_630,40,Sagittal,UTL_IMF,0.19129012693039263,0.04239561279862494,113
subject_630,40,Sagittal,UTR_IMF,-0.0042890285759692726,0.9640385458264047,113
subject_630,40,Frontal,MTL_IMF,0.13440843555957405,0.15579866282218358,113
subject_630,40,Frontal,MTR_IMF,-0.04866567213520738,0.6087386963097811,113
subject_630,40,Frontal,SCML_IMF,-0.036573071169008625,0.7005463074704731,113
subject_630,40,Frontal,SCMR_IMF,-0.09960998594463216,0.2938520352087544,113
subject_630,40,Frontal,STL_IMF,0.0713187693864718,0.45285962729550083,113
subject_630,40,Frontal,STR_IMF,-0.06327454387331036,0.5055346892788887,113
subject_630,40,Frontal,UTL_IMF,0.08257498025902056,0.3845679621434225,113
subject_630,40,Frontal,UTR_IMF,-0.036854958889389354,0.6983495912014138,113
subject_630,40,Horizontal,MTL_IMF,-0.12860985828760207,0.174595088691266,113
subject_630,40,Horizontal,MTR_IMF,0.10919158563779406,0.24962411017760883,113
subject_630,40,Horizontal,SCML_IMF,0.03602394855044813,0.7048326391370388,113
subject_630,40,Horizontal,SCMR_IMF,-0.11845886513464036,0.21143138724314242,113
subject_630,40,Horizontal,STL_IMF,-0.06695096351874923,0.4810738347546815,113
subject_630,40,Horizontal,STR_IMF,0.029882515477006346,0.7533738700975353,113
subject_630,40,Horizontal,UTL_IMF,-0.0525989916012194,0.5800570684617778,113
subject_630,40,Horizontal,UTR_IMF,0.014425139260486618,0.8794675193940545,113
subject_630,50,Sagittal,MTL_IMF,0.13099478928212807,0.16860305310927357,112
subject_630,50,Sagittal,MTR_IMF,-0.10063730207933659,0.29106872988458793,112
subject_630,50,Sagittal,SCML_IMF,-0.039762798727937386,0.6772243203661762,112
subject_630,50,Sagittal,SCMR_IMF,-0.10266428142167133,0.2814101528283535,112
subject_630,50,Sagittal,STL_IMF,-0.00037847821499093913,0.9968399849446724,112
subject_630,50,Sagittal,STR_IMF,-0.09184838209621252,0.3354647064418264,112
subject_630,50,Sagittal,UTL_IMF,0.08450450590575391,0.37569040897709416,112
subject_630,50,Sagittal,UTR_IMF,-0.013767786364023663,0.8854398283579941,112
subject_630,50,Frontal,MTL_IMF,0.10246684311736894,0.28234140467611407,112
subject_630,50,Frontal,MTR_IMF,-0.11499997680168167,0.22727720909974036,112
subject_630,50,Frontal,SCML_IMF,-0.04418053838108054,0.6436916107298787,112
subject_630,50,Frontal,SCMR_IMF,-0.07760121208836865,0.4160642973269744,112
subject_630,50,Frontal,STL_IMF,-0.03837258201837964,0.6879125826372846,112
subject_630,50,Frontal,STR_IMF,0.008497084531652599,0.9291474978297062,112
subject_630,50,Frontal,UTL_IMF,0.10469777787078782,0.27193847292004125,112
subject_630,50,Frontal,UTR_IMF,0.05317014935823269,0.5776767711013908,112
subject_630,50,Horizontal,MTL_IMF,,,112
subject_630,50,Horizontal,MTR_IMF,,,112
subject_630,50,Horizontal,SCML_IMF,,,112
subject_630,50,Horizontal,SCMR_IMF,,,112
subject_630,50,Horizontal,STL_IMF,,,112
subject_630,50,Horizontal,STR_IMF,,,112
subject_630,50,Horizontal,UTL_IMF,,,112
subject_630,50,Horizontal,UTR_IMF,,,112
subject_630,60,Sagittal,MTL_IMF,0.05051212997103257,0.5951967033595011,113
subject_630,60,Sagittal,MTR_IMF,-0.043852905712166844,0.6446539339716885,113
subject_630,60,Sagittal,SCML_IMF,-0.03840588457178386,0.6863083819693596,113
subject_630,60,Sagittal,SCMR_IMF,-0.07717065240448823,0.4165467935813802,113
subject_630,60,Sagittal,STL_IMF,-0.03644699056345163,0.7015296395572813,113
subject_630,60,Sagittal,STR_IMF,-0.03842962278267209,0.6861246808138969,113
subject_630,60,Sagittal,UTL_IMF,-0.055300053761150846,0.5607303707502553,113
subject_630,60,Sagittal,UTR_IMF,0.0652575549391832,0.4922611828604496,113
subject_630,60,Frontal,MTL_IMF,0.012188947938934594,0.8980426158704211,113
subject_630,60,Frontal,MTR_IMF,-0.044751887450489386,0.6378795144970685,113
subject_630,60,Frontal,SCML_IMF,-0.12426094187336192,0.18975177421217887,113
subject_630,60,Frontal,SCMR_IMF,-0.03151070937985752,0.7404017366417657,113
subject_630,60,Frontal,STL_IMF,-0.08249195076264484,0.38504777955436004,113
subject_630,60,Frontal,STR_IMF,-0.025136447809047963,0.791568090178986,113
subject_630,60,Frontal,UTL_IMF,-0.1381203780909404,0.14458790474844543,113
subject_630,60,Frontal,UTR_IMF,0.11047060047271715,0.2440874570560989,113
subject_630,60,Horizontal,MTL_IMF,-0.016033766641974347,0.8661450860864143,113
subject_630,60,Horizontal,MTR_IMF,-0.06166269435506059,0.516459145742714,113
subject_630,60,Horizontal,SCML_IMF,-0.13592954425711107,0.15112841554792888,113
subject_630,60,Horizontal,SCMR_IMF,0.001690484726562765,0.9858220928301552,113
subject_630,60,Horizontal,STL_IMF,-0.03210963114841385,0.7356480520491555,113
subject_630,60,Horizontal,STR_IMF,-0.09549505464967396,0.3143476976171346,113
subject_630,60,Horizontal,UTL_IMF,-0.07864282502010417,0.407685755866541,113
subject_630,60,Horizontal,UTR_IMF,-0.08372634748563047,0.3779515938381517,113
subject_630,70,Sagittal,MTL_IMF,-0.2864388411698637,0.0020997455529726313,113
subject_630,70,Sagittal,MTR_IMF,0.09441078307442345,0.3198989644062669,113
subject_630,70,Sagittal,SCML_IMF,-0.4474393622803642,6.741668527118659e-07,113
subject_630,70,Sagittal,SCMR_IMF,-0.1991761194954027,0.03443254189701923,113
subject_630,70,Sagittal,STL_IMF,-0.09501422663201173,0.31680168929898017,113
subject_630,70,Sagittal,STR_IMF,-0.17667809169017304,0.06120846435877652,113
subject_630,70,Sagittal,UTL_IMF,-0.15624806493758947,0.09840431068425859,113
subject_630,70,Sagittal,UTR_IMF,-0.07907235135483996,0.405121466013637,113
subject_630,70,Frontal,MTL_IMF,-0.35358890824991884,0.00012214456061104568,113
subject_630,70,Frontal,MTR_IMF,0.07000288054826904,0.4612613160805287,113
subject_630,70,Frontal,SCML_IMF,-0.5099347589037649,7.97488861948993e-09,113
subject_630,70,Frontal,SCMR_IMF,-0.20969131155033474,0.02580663599247079,113
subject_630,70,Frontal,STL_IMF,-0.10236459853393702,0.2806372848311478,113
subject_630,70,Frontal,STR_IMF,-0.22510945155293025,0.016521202289005776,113
subject_630,70,Frontal,UTL_IMF,-0.1412213191214407,0.13569914756056717,113
subject_630,70,Frontal,UTR_IMF,-0.1121116495964723,0.23710902042394266,113
subject_630,70,Horizontal,MTL_IMF,-0.26855712545981986,0.004026315885439372,113
subject_630,70,Horizontal,MTR_IMF,0.03546785168153461,0.7091828511277507,113
subject_630,70,Horizontal,SCML_IMF,-0.4654265300965304,2.05550183536726e-07,113
subject_630,70,Horizontal,SCMR_IMF,-0.18067569515406848,0.055486625073915725,113
subject_630,70,Horizontal,STL_IMF,-0.048035827388403715,0.6133887522993986,113
subject_630,70,Horizontal,STR_IMF,-0.2241388314981757,0.017005658297747618,113
subject_630,70,Horizontal,UTL_IMF,-0.17561133747717148,0.06281422462215742,113
subject_630,70,Horizontal,UTR_IMF,-0.17090494152391272,0.07031363159966293,113
subject_630,80,Sagittal,MTL_IMF,0.1278800174397701,0.17904660793260668,112
subject_630,80,Sagittal,MTR_IMF,0.14352319582645023,0.13112139478566925,112
subject_630,80,Sagittal,SCML_IMF,-0.12394228751217777,0.19291866603192492,112
subject_630,80,Sagittal,SCMR_IMF,-0.043680235633049014,0.6474549972388627,112
subject_630,80,Sagittal,STL_IMF,0.09726834825156506,0.30760283885695444,112
subject_630,80,Sagittal,STR_IMF,-0.1034884304090447,0.2775451313046393,112
subject_630,80,Sagittal,UTL_IMF,-0.05605227958617004,0.5571979588260719,112
subject_630,80,Sagittal,UTR_IMF,-0.05878674845570676,0.5380966041593078,112
subject_630,80,Frontal,MTL_IMF,-0.00012819526740995884,0.998929661249511,112
subject_630,80,Frontal,MTR_IMF,0.0911651613607352,0.3390872139084517,112
subject_630,80,Frontal,SCML_IMF,-0.058011085164433665,0.5434818312707705,112
subject_630,80,Frontal,SCMR_IMF,-0.08982885245255913,0.34624371559793926,112
subject_630,80,Frontal,STL_IMF,-0.020578506099818594,0.8294850508775808,112
subject_630,80,Frontal,STR_IMF,-0.17041575119744048,0.07242407243701401,112
subject_630,80,Frontal,UTL_IMF,0.0005775441474132647,0.9951779471663385,112
subject_630,80,Frontal,UTR_IMF,-0.028170053344005172,0.768117745698769,112
subject_630,80,Horizontal,MTL_IMF,0.11784733970456679,0.21589969250244007,112
subject_630,80,Horizontal,MTR_IMF,0.06854553039086887,0.47268027669062723,112
subject_630,80,Horizontal,SCML_IMF,-0.08795509854282146,0.35643697284891596,112
subject_630,80,Horizontal,SCMR_IMF,-0.0320150166019719,0.7375496279265357,112
subject_630,80,Horizontal,STL_IMF,0.017036602069349763,0.8584962445744114,112
subject_630,80,Horizontal,STR_IMF,-0.13929864569701575,0.14297225712380546,112
subject_630,80,Horizontal,UTL_IMF,-0.14025740904610526,0.1402140511764244,112
subject_630,80,Horizontal,UTR_IMF,-0.05289867878769898,0.5796235522419141,112
subject_630,90,Sagittal,MTL_IMF,-0.1274925481137355,0.1803782297842151,112
subject_630,90,Sagittal,MTR_IMF,0.15943872519930263,0.09311868819065143,112
subject_630,90,Sagittal,SCML_IMF,-0.08322754018601261,0.38297316599353004,112
subject_630,90,Sagittal,SCMR_IMF,-0.0012991838129459824,0.9891530711575817,112
subject_630,90,Sagittal,STL_IMF,-0.13088830767031473,0.16895246521750704,112
subject_630,90,Sagittal,STR_IMF,-0.14287141418544672,0.13289910675369987,112
subject_630,90,Sagittal,UTL_IMF,-0.012716290116512792,0.8941362843248857,112
subject_630,90,Sagittal,UTR_IMF,-0.19496787751308425,0.03939744344355672,112
subject_630,90,Frontal,MTL_IMF,-0.04201479388886816,0.6600465507994303,112
subject_630,90,Frontal,MTR_IMF,0.3428663329615188,0.00021502360952032945,112
subject_630,90,Frontal,SCML_IMF,-0.20594845326725272,0.029367892515895045,112
subject_630,90,Frontal,SCMR_IMF,-0.13281228712771667,0.16272127218075125,112
subject_630,90,Frontal,STL_IMF,-0.13847867280982018,0.14536359808704447,112
subject_630,90,Frontal,STR_IMF,-0.07487422344436545,0.43268397478261417,112
subject_630,90,Frontal,UTL_IMF,0.007148706445141339,0.9403682583629667,112
subject_630,90,Frontal,UTR_IMF,-0.3455869334926387,0.00018997693163404407,112
subject_630,90,Horizontal,MTL_IMF,0.0071960283350086885,0.9399742504018291,112
subject_630,90,Horizontal,MTR_IMF,0.09853742599705881,0.3013038973403106,112
subject_630,90,Horizontal,SCML_IMF,-0.03697505578899023,0.6987193745107848,112
subject_630,90,Horizontal,SCMR_IMF,-0.02523536887270522,0.7916935893764219,112
subject_630,90,Horizontal,STL_IMF,-0.16172752465339907,0.08845650584694943,112
subject_630,90,Horizontal,STR_IMF,-0.097555433507663,0.3061704503681451,112
subject_630,90,Horizontal,UTL_IMF,-0.06405427129169836,0.5022387645204354,112
subject_630,90,Horizontal,UTR_IMF,-0.10161476275326242,0.2863840076368461,112
subject_631,10,Sagittal,MTL_IMF,0.2251871563141789,0.01600205058756363,114
subject_631,10,Sagittal,MTR_IMF,-0.2411296573798048,0.009753726784070816,114
subject_631,10,Sagittal,SCML_IMF,0.12060887582575378,0.20116824526415944,114
subject_631,10,Sagittal,SCMR_IMF,0.05248777341774002,0.5791529244806867,114
subject_631,10,Sagittal,STL_IMF,0.19973952300535974,0.033117892737492244,114
subject_631,10,Sagittal,STR_IMF,0.0697467331625923,0.46088946649198836,114
subject_631,10,Sagittal,UTL_IMF,0.025421435403143403,0.7883308269335993,114
subject_631,10,Sagittal,UTR_IMF,-0.002930154659673894,0.9753167770671237,114
subject_631,10,Frontal,MTL_IMF,0.10154291806431007,0.28236811050383387,114
subject_631,10,Frontal,MTR_IMF,0.2204079779778676,0.018451307460367085,114
subject_631,10,Frontal,SCML_IMF,-0.020309571176295053,0.8301733798092953,114
subject_631,10,Frontal,SCMR_IMF,-0.09544512204805014,0.3124222215604679,114
subject_631,10,Frontal,STL_IMF,0.10986686711958418,0.24456352108948665,114
subject_631,10,Frontal,STR_IMF,-0.13335911483115778,0.1572091909951131,114
subject_631,10,Frontal,UTL_IMF,0.13304332740758507,0.15820314790461065,114
subject_631,10,Frontal,UTR_IMF,0.20016002636976257,0.03274225600312666,114
subject_631,10,Horizontal,MTL_IMF,0.07577226975276945,0.422979238330309,114
subject_631,10,Horizontal,MTR_IMF,0.1615960747839298,0.08585726006361835,114
subject_631,10,Horizontal,SCML_IMF,-0.15012217380707538,0.11087999789537734,114
subject_631,10,Horizontal,SCMR_IMF,0.012866285406134938,0.8919272151809854,114
subject_631,10,Horizontal,STL_IMF,0.15182162582584108,0.10685124436733492,114
subject_631,10,Horizontal,STR_IMF,-0.05159869248910243,0.5856055486047457,114
subject_631,10,Horizontal,UTL_IMF,0.10724272807990352,0.25608267273097884,114
subject_631,10,Horizontal,UTR_IMF,0.13590001858280615,0.1493808613795101,114
subject_631,20,Sagittal,MTL_IMF,0.17269485419056452,0.06615287765324206,114
subject_631,20,Sagittal,MTR_IMF,0.089773055765353,0.34217822357649935,114
subject_631,20,Sagittal,SCML_IMF,-0.17162067994659105,0.06788273583774669,114
subject_631,20,Sagittal,SCMR_IMF,-0.11399673653529342,0.22717051869935992,114
subject_631,20,Sagittal,STL_IMF,0.2190849218838654,0.019184075843602637,114
subject_631,20,Sagittal,STR_IMF,-0.04360321296550079,0.6450544699472363,114
subject_631,20,Sagittal,UTL_IMF,0.09758581643328626,0.30164303195785996,114
subject_631,20,Sagittal,UTR_IMF,-0.11979677739151863,0.2042411322480309,114
subject_631,20,Frontal,MTL_IMF,,,114
subject_631,20,Frontal,MTR_IMF,,,114
subject_631,20,Frontal,SCML_IMF,,,114
subject_631,20,Frontal,SCMR_IMF,,,114
subject_631,20,Frontal,STL_IMF,,,114
subject_631,20,Frontal,STR_IMF,,,114
subject_631,20,Frontal,UTL_IMF,,,114
subject_631,20,Frontal,UTR_IMF,,,114
subject_631,20,Horizontal,MTL_IMF,,,114
subject_631,20,Horizontal,MTR_IMF,,,114
subject_631,20,Horizontal,SCML_IMF,,,114
subject_631,20,Horizontal,SCMR_IMF,,,114
subject_631,20,Horizontal,STL_IMF,,,114
subject_631,20,Horizontal,STR_IMF,,,114
subject_631,20,Horizontal,UTL_IMF,,,114
subject_631,20,Horizontal,UTR_IMF,,,114
subject_631,30,Sagittal,MTL_IMF,-0.04402619000887705,0.6418482218846697,114
subject_631,30,Sagittal,MTR_IMF,0.006912021902235304,0.9418158738998098,114
subject_631,30,Sagittal,SCML_IMF,-0.0623429270882453,0.509930476984716,114
subject_631,30,Sagittal,SCMR_IMF,0.040090369885256154,0.6719297754802113,114
subject_631,30,Sagittal,STL_IMF,-0.06130901593787186,0.5169868720679291,114
subject_631,30,Sagittal,STR_IMF,-0.18220430568949045,0.05235004864742902,114
subject_631,30,Sagittal,UTL_IMF,-0.052561979539732226,0.5786158560796665,114
subject_631,30,Sagittal,UTR_IMF,-0.21202689763171753,0.023531552601237175,114
subject_631,30,Frontal,MTL_IMF,,,114
subject_631,30,Frontal,MTR_IMF,,,114
subject_631,30,Frontal,SCML_IMF,,,114
subject_631,30,Frontal,SCMR_IMF,,,114
subject_631,30,Frontal,STL_IMF,,,114
subject_631,30,Frontal,STR_IMF,,,114
subject_631,30,Frontal,UTL_IMF,,,114
subject_631,30,Frontal,UTR_IMF,,,114
subject_631,30,Horizontal,MTL_IMF,,,114
subject_631,30,Horizontal,MTR_IMF,,,114
subject_631,30,Horizontal,SCML_IMF,,,114
subject_631,30,Horizontal,SCMR_IMF,,,114
subject_631,30,Horizontal,STL_IMF,,,114
subject_631,30,Horizontal,STR_IMF,,,114
subject_631,30,Horizontal,UTL_IMF,,,114
subject_631,30,Horizontal,UTR_IMF,,,114
subject_631,40,Sagittal,MTL_IMF,0.13672362980987715,0.14690742430479464,114
subject_631,40,Sagittal,MTR_IMF,0.17136834186373,0.06829438138417826,114
subject_631,40,Sagittal,SCML_IMF,0.25833761224353247,0.005517367298821402,114
subject_631,40,Sagittal,SCMR_IMF,0.18601223605129857,0.04753424266297904,114
subject_631,40,Sagittal,STL_IMF,0.15084847855470496,0.10914396297175001,114
subject_631,40,Sagittal,STR_IMF,-0.19901349597640403,0.03377501917742925,114
subject_631,40,Sagittal,UTL_IMF,-0.05804201676437381,0.5396073120896098,114
subject_631,40,Sagittal,UTR_IMF,0.18433144975901256,0.04961256592901474,114
subject_631,40,Frontal,MTL_IMF,,,114
subject_631,40,Frontal,MTR_IMF,,,114
subject_631,40,Frontal,SCML_IMF,,,114
subject_631,40,Frontal,SCMR_IMF,,,114
subject_631,40,Frontal,STL_IMF,,,114
subject_631,40,Frontal,STR_IMF,,,114
subject_631,40,Frontal,UTL_IMF,,,114
subject_631,40,Frontal,UTR_IMF,,,114
subject_631,40,Horizontal,MTL_IMF,,,114
subject_631,40,Horizontal,MTR_IMF,,,114
subject_631,40,Horizontal,SCML_IMF,,,114
subject_631,40,Horizontal,SCMR_IMF,,,114
subject_631,40,Horizontal,STL_IMF,,,114
subject_631,40,Horizontal,STR_IMF,,,114
subject_631,40,Horizontal,UTL_IMF,,,114
subject_631,40,Horizontal,UTR_IMF,,,114
subject_631,50,Sagittal,MTL_IMF,0.09273688989899312,0.3285923812544893,113
subject_631,50,Sagittal,MTR_IMF,-0.03696564968529818,0.6974876712941557,113
subject_631,50,Sagittal,SCML_IMF,-0.013057919342402245,0.8908173230111451,113
subject_631,50,Sagittal,SCMR_IMF,-0.006262093753570078,0.9475151828267835,113
subject_631,50,Sagittal,STL_IMF,-0.08114246037593154,0.39289683869344894,113
subject_631,50,Sagittal,STR_IMF,-0.05810917588444888,0.540962703464942,113
subject_631,50,Sagittal,UTL_IMF,-0.2659114334443695,0.004417672136404385,113
subject_631,50,Sagittal,UTR_IMF,-0.07951631231237456,0.4024810221443247,113
subject_631,50,Frontal,MTL_IMF,,,113
subject_631,50,Frontal,MTR_IMF,,,113
subject_631,50,Frontal,SCML_IMF,,,113
subject_631,50,Frontal,SCMR_IMF,,,113
subject_631,50,Frontal,STL_IMF,,,113
subject_631,50,Frontal,STR_IMF,,,113
subject_631,50,Frontal,UTL_IMF,,,113
subject_631,50,Frontal,UTR_IMF,,,113
subject_631,50,Horizontal,MTL_IMF,,,113
subject_631,50,Horizontal,MTR_IMF,,,113
subject_631,50,Horizontal,SCML_IMF,,,113
subject_631,50,Horizontal,SCMR_IMF,,,113
subject_631,50,Horizontal,STL_IMF,,,113
subject_631,50,Horizontal,STR_IMF,,,113
subject_631,50,Horizontal,UTL_IMF,,,113
subject_631,50,Horizontal,UTR_IMF,,,113
subject_631,60,Sagittal,MTL_IMF,0.04180813410647482,0.6601707263312143,113
subject_631,60,Sagittal,MTR_IMF,0.02070230152253977,0.8277057692952586,113
subject_631,60,Sagittal,SCML_IMF,0.03670343853802764,0.6995300622271282,113
subject_631,60,Sagittal,SCMR_IMF,0.12203225293026626,0.1978798296775868,113
subject_631,60,Sagittal,STL_IMF,-0.09748867677524146,0.3043048000691217,113
subject_631,60,Sagittal,STR_IMF,0.049615712807135,0.6017541375413037,113
subject_631,60,Sagittal,UTL_IMF,-0.21081831877180723,0.025002391876494466,113
subject_631,60,Sagittal,UTR_IMF,-0.04760222351388166,0.6165989462570847,113
subject_631,60,Frontal,MTL_IMF,,,113
subject_631,60,Frontal,MTR_IMF,,,113
subject_631,60,Frontal,SCML_IMF,,,113
subject_631,60,Frontal,SCMR_IMF,,,113
subject_631,60,Frontal,STL_IMF,,,113
subject_631,60,Frontal,STR_IMF,,,113
subject_631,60,Frontal,UTL_IMF,,,113
subject_631,60,Frontal,UTR_IMF,,,113
subject_631,60,Horizontal,MTL_IMF,,,113
subject_631,60,Horizontal,MTR_IMF,,,113
subject_631,60,Horizontal,SCML_IMF,,,113
subject_631,60,Horizontal,SCMR_IMF,,,113
subject_631,60,Horizontal,STL_IMF,,,113
subject_631,60,Horizontal,STR_IMF,,,113
subject_631,60,Horizontal,UTL_IMF,,,113
subject_631,60,Horizontal,UTR_IMF,,,113
subject_631,70,Sagittal,MTL_IMF,0.29127525930709663,0.00166562074086599,114
subject_631,70,Sagittal,MTR_IMF,0.02735293686757142,0.7726694302929276,114
subject_631,70,Sagittal,SCML_IMF,0.06057385623808759,0.5220344801938444,114
subject_631,70,Sagittal,SCMR_IMF,0.18522796962916352,0.048494836653347716,114
subject_631,70,Sagittal,STL_IMF,-0.0013471367821036786,0.9886504949243075,114
subject_631,70,Sagittal,STR_IMF,0.21546784866076196,0.021316756058457932,114
subject_631,70,Sagittal,UTL_IMF,0.0625465877770607,0.5085463874481928,114
subject_631,70,Sagittal,UTR_IMF,-0.0738359137370245,0.43496119491374435,114
subject_631,70,Frontal,MTL_IMF,,,114
subject_631,70,Frontal,MTR_IMF,,,114
subject_631,70,Frontal,SCML_IMF,,,114
subject_631,70,Frontal,SCMR_IMF,,,114
subject_631,70,Frontal,STL_IMF,,,114
subject_631,70,Frontal,STR_IMF,,,114
subject_631,70,Frontal,UTL_IMF,,,114
subject_631,70,Frontal,UTR_IMF,,,114
subject_631,70,Horizontal,MTL_IMF,,,114
subject_631,70,Horizontal,MTR_IMF,,,114
subject_631,70,Horizontal,SCML_IMF,,,114
subject_631,70,Horizontal,SCMR_IMF,,,114
subject_631,70,Horizontal,STL_IMF,,,114
subject_631,70,Horizontal,STR_IMF,,,114
subject_631,70,Horizontal,UTL_IMF,,,114
subject_631,70,Horizontal,UTR_IMF,,,114
subject_631,80,Sagittal,MTL_IMF,0.030947367942901018,0.7437705520757497,114
subject_631,80,Sagittal,MTR_IMF,-0.15911304287426647,0.09085013722543711,114
subject_631,80,Sagittal,SCML_IMF,-0.04075441860551983,0.6668162826651766,114
subject_631,80,Sagittal,SCMR_IMF,0.2602299593420467,0.005170404607428612,114
subject_631,80,Sagittal,STL_IMF,-0.12224764037180023,0.19506895202851499,114
subject_631,80,Sagittal,STR_IMF,-0.005683538741861563,0.9521434523062234,114
subject_631,80,Sagittal,UTL_IMF,-0.2396185586074155,0.010235990380403735,114
subject_631,80,Sagittal,UTR_IMF,0.0016776056535930362,0.9858665836855712,114
subject_631,80,Frontal,MTL_IMF,-0.16439017178518542,0.08050309502443807,114
subject_631,80,Frontal,MTR_IMF,0.07958033837364645,0.3999797617842325,114
subject_631,80,Frontal,SCML_IMF,0.5206998182132139,2.874271110473205e-09,114
subject_631,80,Frontal,SCMR_IMF,0.24482100534929524,0.008658709686114057,114
subject_631,80,Frontal,STL_IMF,-0.005146208859774828,0.9566632575817013,114
subject_631,80,Frontal,STR_IMF,-0.13414428223738514,0.15475808426703827,114
subject_631,80,Frontal,UTL_IMF,0.18860168569787397,0.04447401951364877,114
subject_631,80,Frontal,UTR_IMF,0.5079418326613084,7.992021401787557e-09,114
subject_631,80,Horizontal,MTL_IMF,0.1537243972037804,0.10247728272664602,114
subject_631,80,Horizontal,MTR_IMF,-0.027970759236120635,0.7676787652254,114
subject_631,80,Horizontal,SCML_IMF,-0.32169718924516133,0.00048267999210764367,114
subject_631,80,Horizontal,SCMR_IMF,-0.005685682254407422,0.9521254248762158,114
subject_631,80,Horizontal,STL_IMF,-0.04934303660452623,0.6021222014128429,114
subject_631,80,Horizontal,STR_IMF,0.031530311494690974,0.7391159293158114,114
subject_631,80,Horizontal,UTL_IMF,-0.25022938508076337,0.007250093239237713,114
subject_631,80,Horizontal,UTR_IMF,-0.42809051438377765,2.0224678506133084e-06,114
subject_631,90,Sagittal,MTL_IMF,0.048069992424106665,0.6131361203204599,113
subject_631,90,Sagittal,MTR_IMF,-0.2322520976188655,0.013309809377255311,113
subject_631,90,Sagittal,SCML_IMF,-0.03115838728960079,0.743202730217737,113
subject_631,90,Sagittal,SCMR_IMF,-0.17757425450370096,0.05988555274829912,113
subject_631,90,Sagittal,STL_IMF,-0.10555100725040019,0.265855076340424,113
subject_631,90,Sagittal,STR_IMF,-0.013363848476997339,0.8882756901262973,113
subject_631,90,Sagittal,UTL_IMF,-0.04452021959118023,0.6396224624128048,113
subject_631,90,Sagittal,UTR_IMF,-0.11977097937144145,0.20638051194748283,113
subject_631,90,Frontal,MTL_IMF,-0.01964703210507269,0.8363624022395983,113
subject_631,90,Frontal,MTR_IMF,-0.07129375492423162,0.453018540632992,113
subject_631,90,Frontal,SCML_IMF,0.39696216065479506,1.342284201222241e-05,113
subject_631,90,Frontal,SCMR_IMF,0.019280499413397597,0.8393737953108797,113
subject_631,90,Frontal,STL_IMF,-0.20541328614774404,0.02906337683085507,113
subject_631,90,Frontal,STR_IMF,0.003269537148738992,0.9725826569419123,113
subject_631,90,Frontal,UTL_IMF,0.3238890315480542,0.0004660728344190121,113
subject_631,90,Frontal,UTR_IMF,0.4480373984515467,6.487642363769655e-07,113
subject_631,90,Horizontal,MTL_IMF,0.0811624378694041,0.3927799503668512,113
subject_631,90,Horizontal,MTR_IMF,0.0005387801262386344,0.9954811003118484,113
subject_631,90,Horizontal,SCML_IMF,-0.2737219479661981,0.003350615259540375,113
subject_631,90,Horizontal,SCMR_IMF,-0.08731795695852548,0.35776074510886985,113
subject_631,90,Horizontal,STL_IMF,-0.060548608371501875,0.5240798897802076,113
subject_631,90,Horizontal,STR_IMF,-0.009902150271991664,0.9170951647361746,113
subject_631,90,Horizontal,UTL_IMF,-0.24680902491959475,0.008405170352152326,113
subject_631,90,Horizontal,UTR_IMF,-0.3566193359268585,0.00010573412353403703,113
subject_632,10,Sagittal,SCML_IMF,0.14720998463381807,0.10419816746908624,123
subject_632,10,Sagittal,SCMR_IMF,0.0026916200234808636,0.9764285225478541,123
subject_632,10,Sagittal,STL_IMF,-0.055033529095589326,0.5454595245104584,123
subject_632,10,Sagittal,STR_IMF,-0.04772763011675616,0.60012603047206,123
subject_632,10,Sagittal,UTR_IMF,0.04772519354680379,0.6001446636697664,123
subject_632,10,Frontal,SCML_IMF,-0.1307589070187456,0.1494218652638749,123
subject_632,10,Frontal,SCMR_IMF,0.07310300785147178,0.42165727802387126,123
subject_632,10,Frontal,STL_IMF,0.13581362042679176,0.13418115844653677,123
subject_632,10,Frontal,STR_IMF,0.19304138094666248,0.032416472616144845,123
subject_632,10,Frontal,UTR_IMF,0.1535081116801086,0.0900437342833705,123
subject_632,10,Horizontal,SCML_IMF,,,123
subject_632,10,Horizontal,SCMR_IMF,,,123
subject_632,10,Horizontal,STL_IMF,,,123
subject_632,10,Horizontal,STR_IMF,,,123
subject_632,10,Horizontal,UTR_IMF,,,123
subject_632,20,Sagittal,SCML_IMF,-0.058005355779734355,0.5256703030098326,122
subject_632,20,Sagittal,SCMR_IMF,0.05329936779567603,0.5598495820168368,122
subject_632,20,Sagittal,STL_IMF,0.19082820701216555,0.03525157053452704,122
subject_632,20,Sagittal,STR_IMF,0.004394062575833731,0.9616886667292415,122
subject_632,20,Sagittal,UTR_IMF,0.2932219557109547,0.001046347612963227,122
subject_632,20,Frontal,SCML_IMF,-0.09758301254022328,0.2849353488531224,122
subject_632,20,Frontal,SCMR_IMF,0.13313567455697856,0.14376600448762672,122
subject_632,20,Frontal,STL_IMF,0.3245252175753761,0.000265514309312982,122
subject_632,20,Frontal,STR_IMF,-0.033240530957336284,0.7162504812632198,122
subject_632,20,Frontal,UTR_IMF,0.505066861329641,2.9811938041400635e-09,122
subject_632,20,Horizontal,SCML_IMF,-0.18058582257309846,0.04653607149335183,122
subject_632,20,Horizontal,SCMR_IMF,-0.08709058047537929,0.3401555160017562,122
subject_632,20,Horizontal,STL_IMF,0.14308904199028222,0.11588051503752765,122
subject_632,20,Horizontal,STR_IMF,0.09176612886023786,0.314762724775489,122
subject_632,20,Horizontal,UTR_IMF,0.19625665971757494,0.03027104300367672,122
subject_632,30,Sagittal,SCML_IMF,0.08127581968290487,0.37349130511966316,122
subject_632,30,Sagittal,SCMR_IMF,-0.10934225437177675,0.2305706777894035,122
subject_632,30,Sagittal,STL_IMF,0.10315907888545874,0.2581733778483229,122
subject_632,30,Sagittal,STR_IMF,-0.14723581566630806,0.10558416601000914,122
subject_632,30,Sagittal,UTR_IMF,0.2144610021774082,0.017688122364508334,122
subject_632,30,Frontal,SCML_IMF,0.10151980829465879,0.2658558287517345,122
subject_632,30,Frontal,SCMR_IMF,-0.13794139138702716,0.12972667654058134,122
subject_632,30,Frontal,STL_IMF,0.13760617876895315,0.13067051614211433,122
subject_632,30,Frontal,STR_IMF,-0.10037538482245283,0.2713104024100724,122
subject_632,30,Frontal,UTR_IMF,0.3016382980225875,0.0007343971049243481,122
subject_632,30,Horizontal,SCML_IMF,-0.15035404746806735,0.09832486453756163,122
subject_632,30,Horizontal,SCMR_IMF,-0.16046079287572923,0.07746951762508288,122
subject_632,30,Horizontal,STL_IMF,0.10642861214243496,0.24330812343214894,122
subject_632,30,Horizontal,STR_IMF,0.13125231111493332,0.14957143793724748,122
subject_632,30,Horizontal,UTR_IMF,0.19001129463479857,0.03605778026045,122
subject_632,40,Sagittal,SCML_IMF,0.307853508369874,0.0005323625081273668,123
subject_632,40,Sagittal,SCMR_IMF,-0.08525133459743656,0.3484821775051422,123
subject_632,40,Sagittal,STL_IMF,0.16625543376321059,0.06608482335693597,123
subject_632,40,Sagittal,STR_IMF,-0.17328402339373727,0.055273934497373306,123
subject_632,40,Sagittal,UTR_IMF,0.20569622140020577,0.02246258862349775,123
subject_632,40,Frontal,SCML_IMF,0.32926306807514344,0.00020027811185674847,123
subject_632,40,Frontal,SCMR_IMF,-0.010264593558706198,0.9102838959219904,123
subject_632,40,Frontal,STL_IMF,0.11781670367478556,0.1943443440964392,123
subject_632,40,Frontal,STR_IMF,-0.11112428399510905,0.22108878734435597,123
subject_632,40,Frontal,UTR_IMF,0.20521540989030118,0.02278613666744641,123
subject_632,40,Horizontal,SCML_IMF,,,123
subject_632,40,Horizontal,SCMR_IMF,,,123
subject_632,40,Horizontal,STL_IMF,,,123
subject_632,40,Horizontal,STR_IMF,,,123
subject_632,40,Horizontal,UTR_IMF,,,123
subject_632,50,Sagittal,SCML_IMF,0.25482930574888074,0.0044487610879489084,123
subject_632,50,Sagittal,SCMR_IMF,-0.03159386573285971,0.7286650326078113,123
subject_632,50,Sagittal,STL_IMF,0.16282469235890012,0.07195492919161962,123
subject_632,50,Sagittal,STR_IMF,-0.11979524199106452,0.1869064191527914,123
subject_632,50,Sagittal,UTR_IMF,0.13476262197074818,0.13724808067270017,123
subject_632,50,Frontal,SCML_IMF,0.1389311248962204,0.12539157146528124,123
subject_632,50,Frontal,SCMR_IMF,0.04084057110107223,0.6537878417045749,123
subject_632,50,Frontal,STL_IMF,0.019557284472413436,0.8299960324710324,123
subject_632,50,Frontal,STR_IMF,-0.05068599595357011,0.5776959924309537,123
subject_632,50,Frontal,UTR_IMF,0.2091142007643876,0.02027422128227622,123
subject_632,50,Horizontal,SCML_IMF,-0.13776757049132698,0.12861879924609199,123
subject_632,50,Horizontal,SCMR_IMF,0.0,1.0,123
subject_632,50,Horizontal,STL_IMF,0.043374702640756664,0.6338170008034477,123
subject_632,50,Horizontal,STR_IMF,-0.049775356071950376,0.5845587666537517,123
subject_632,50,Horizontal,UTR_IMF,-0.021706070192177095,0.8116468239512301,123
subject_632,60,Sagittal,SCML_IMF,0.13905775473785184,0.1266210537559552,122
subject_632,60,Sagittal,SCMR_IMF,-0.0702079357058826,0.4422271412000079,122
subject_632,60,Sagittal,STL_IMF,0.14964279339565062,0.09994501051148041,122
subject_632,60,Sagittal,STR_IMF,0.07946614331341927,0.38426027513491745,122
subject_632,60,Sagittal,UTR_IMF,0.06465303671385478,0.4792524868828922,122
subject_632,60,Frontal,SCML_IMF,-0.07735226151942293,0.3970742854383296,122
subject_632,60,Frontal,SCMR_IMF,-0.002159251371163728,0.981168309911352,122
subject_632,60,Frontal,STL_IMF,0.020991259765101265,0.8184846122645694,122
subject_632,60,Frontal,STR_IMF,0.029442033661070694,0.7475133495073573,122
subject_632,60,Frontal,UTR_IMF,0.03292375020756477,0.7188406390082397,122
subject_632,60,Horizontal,SCML_IMF,-0.10849148804408587,0.23424056173934893,122
subject_632,60,Horizontal,SCMR_IMF,0.011621588692829414,0.8989028253483685,122
subject_632,60,Horizontal,STL_IMF,0.023252716015099074,0.7993217179817302,122
subject_632,60,Horizontal,STR_IMF,-0.0413443893741996,0.651156610661172,122
subject_632,60,Horizontal,UTR_IMF,0.007752085842124763,0.9324646050667083,122
subject_632,70,Sagittal,SCML_IMF,-0.04135814628318558,0.6510481442758134,122
subject_632,70,Sagittal,SCMR_IMF,-0.15225789878631793,0.09408994800964376,122
subject_632,70,Sagittal,STL_IMF,0.1055641110454854,0.24717961275282188,122
subject_632,70,Sagittal,STR_IMF,0.19172630087918036,0.03438282679418944,122
subject_632,70,Sagittal,UTR_IMF,0.006613830514947775,0.9423624532234985,122
subject_632,70,Frontal,SCML_IMF,-0.03950658879217988,0.6657115352294659,122
subject_632,70,Frontal,SCMR_IMF,-0.1239179158768301,0.17386936376103618,122
subject_632,70,Frontal,STL_IMF,-0.05768415756049151,0.5279691969365805,122
subject_632,70,Frontal,STR_IMF,0.16518212220219905,0.06902971742951575,122
subject_632,70,Frontal,UTR_IMF,-0.03929442051114244,0.6674000220136287,122
subject_632,70,Horizontal,SCML_IMF,,,122
subject_632,70,Horizontal,SCMR_IMF,,,122
subject_632,70,Horizontal,STL_IMF,,,122
subject_632,70,Horizontal,STR_IMF,,,122
subject_632,70,Horizontal,UTR_IMF,,,122
subject_632,80,Sagittal,SCML_IMF,0.028105519406128855,0.758614625675651,122
subject_632,80,Sagittal,SCMR_IMF,-0.15851965391231004,0.08117189814220196,122
subject_632,80,Sagittal,STL_IMF,0.03011975276801075,0.7419036542547673,122
subject_632,80,Sagittal,STR_IMF,0.21703249055776944,0.016340566462357164,122
subject_632,80,Sagittal,UTR_IMF,0.021378224650505876,0.8151976479519603,122
subject_632,80,Frontal,SCML_IMF,0.2313538519532109,0.010348406913565358,122
subject_632,80,Frontal,SCMR_IMF,-0.17280798266345243,0.05698536771522657,122
subject_632,80,Frontal,STL_IMF,-0.04990326662190531,0.5851583636357439,122
subject_632,80,Frontal,STR_IMF,0.3007429038271337,0.0007629690463308248,122
subject_632,80,Frontal,UTR_IMF,0.07835464513329377,0.3909665631410603,122
subject_632,80,Horizontal,SCML_IMF,0.015498296826749226,0.8654567045802475,122
subject_632,80,Horizontal,SCMR_IMF,0.10074526300664931,0.26953926443973564,122
subject_632,80,Horizontal,STL_IMF,0.015509385117324853,0.8653613523829199,122
subject_632,80,Horizontal,STR_IMF,0.04650535505859895,0.6109935008306651,122
subject_632,80,Horizontal,UTR_IMF,-0.15637464217967248,0.08542666946911516,122
subject_632,90,Sagittal,SCML_IMF,0.05050559379452486,0.5806315463261589,122
subject_632,90,Sagittal,SCMR_IMF,-0.15871149422968756,0.08079979615980303,122
subject_632,90,Sagittal,STL_IMF,-0.009779231779968952,0.9148637672866167,122
subject_632,90,Sagittal,STR_IMF,0.03461350924622497,0.705061887433637,122
subject_632,90,Sagittal,UTR_IMF,0.013341571259746712,0.8840382815872434,122
subject_632,90,Frontal,SCML_IMF,0.1900080685304519,0.03606099461189802,122
subject_632,90,Frontal,SCMR_IMF,-0.21135502446826016,0.019443091667520895,122
subject_632,90,Frontal,STL_IMF,0.1727265597178111,0.05710419221108717,122
subject_632,90,Frontal,STR_IMF,0.1760348373455338,0.052437305794403366,122
subject_632,90,Frontal,UTR_IMF,0.0726131938980219,0.4267110370489482,122
subject_632,90,Horizontal,SCML_IMF,0.04390131110520203,0.6311238958715033,122
subject_632,90,Horizontal,SCMR_IMF,0.11623934154350508,0.20230387197709224,122
subject_632,90,Horizontal,STL_IMF,0.03875638697736731,0.671689269068295,122
subject_632,90,Horizontal,STR_IMF,0.0943042424724003,0.3015074891090492,122
subject_632,90,Horizontal,UTR_IMF,-0.15377083460796692,0.09082865122260846,122
