subject,angle,muscle,r,p,n,duration_s
subject_541,Sagittal,MTL_IMF,0.043204101937081914,0.34089062057061414,488,487.9996
subject_541,Sagittal,MTR_IMF,-0.008331623286313082,0.8543407884858044,488,487.9996
subject_541,Sagittal,SCML_IMF,-0.03069664531913833,0.4987032625413674,488,487.9996
subject_541,Sagittal,SCMR_IMF,0.00896422505338412,0.8434188052434552,488,487.9996
subject_541,Sagittal,STL_IMF,-0.015316744207448737,0.7357324601215697,488,487.9996
subject_541,Sagittal,STR_IMF,-0.0028799943557331195,0.9494016994829332,488,487.9996
subject_541,Sagittal,UTL_IMF,-0.009421690751704324,0.8355391138882433,488,487.9996
subject_541,Sagittal,UTR_IMF,-0.07707554201467799,0.08897703109501767,488,487.9996
subject_541,Frontal,MTL_IMF,-0.07731284526260875,0.087994863957199,488,487.9996
subject_541,Frontal,MTR_IMF,-0.060056193938455,0.18534430099387045,488,487.9996
subject_541,Frontal,SCML_IMF,0.10692582290696924,0.01813802024032214,488,487.9996
subject_541,Frontal,SCMR_IMF,0.27869909977191243,3.717785020900782e-10,488,487.9996
subject_541,Frontal,STL_IMF,0.10303925522499834,0.022819906691865,488,487.9996
subject_541,Frontal,STR_IMF,0.07773549307970123,0.08626717937753936,488,487.9996
subject_541,Frontal,UTL_IMF,-0.03340058617957589,0.4616355940340253,488,487.9996
subject_541,Frontal,UTR_IMF,-0.002996357700205339,0.9473602268719788,488,487.9996
subject_541,Horizontal,MTL_IMF,-0.0886952629202513,0.05020908564071929,488,487.9996
subject_541,Horizontal,MTR_IMF,-0.03389619250836451,0.4550117762671915,488,487.9996
subject_541,Horizontal,SCML_IMF,0.09556053711835628,0.03482225420690484,488,487.9996
subject_541,Horizontal,SCMR_IMF,0.10243698848023902,0.023631998887326065,488,487.9996
subject_541,Horizontal,STL_IMF,0.033505600593012094,0.46022760193865375,488,487.9996
subject_541,Horizontal,STR_IMF,0.0875520558876137,0.05325577609604051,488,487.9996
subject_541,Horizontal,UTL_IMF,0.07005109059813187,0.1222472201724837,488,487.9996
subject_541,Horizontal,UTR_IMF,0.04792728262173008,0.2906757297199645,488,487.9996
subject_560,Sagittal,MTL_IMF,-0.07863646362378054,0.08757119964398548,473,472.9995
subject_560,Sagittal,MTR_IMF,0.009060180778230377,0.844196465955566,473,472.9995
subject_560,Sagittal,SCML_IMF,0.09598579731913479,0.036901679510750345,473,472.9995
subject_560,Sagittal,SCMR_IMF,0.1597228290394462,0.0004885410950526334,473,472.9995
subject_560,Sagittal,STL_IMF,0.09474441999925239,0.03942357336585148,473,472.9995
subject_560,Sagittal,STR_IMF,0.08014496765123279,0.08164366210477701,473,472.9995
subject_560,Sagittal,UTL_IMF,0.1637732247511473,0.00034811201008713103,473,472.9995
subject_560,Sagittal,UTR_IMF,0.003612387874961895,0.937544374517264,473,472.9995
subject_560,Frontal,MTL_IMF,0.08717056921106592,0.05816850955338834,473,472.9995
subject_560,Frontal,MTR_IMF,-0.1674169571282378,0.00025489738913464543,473,472.9995
subject_560,Frontal,SCML_IMF,-0.1619258871976133,0.00040669972767521046,473,472.9995
subject_560,Frontal,SCMR_IMF,-0.22090601864068474,1.2238120130453138e-06,473,472.9995
subject_560,Frontal,STL_IMF,-0.13998414585472843,0.0022774936966045824,473,472.9995
subject_560,Frontal,STR_IMF,-0.18045318400107233,7.924939461039559e-05,473,472.9995
subject_560,Frontal,UTL_IMF,-0.2774765022435943,8.266835858228464e-10,473,472.9995
subject_560,Frontal,UTR_IMF,-0.14232086443126016,0.0019163856295840345,473,472.9995
subject_560,Horizontal,MTL_IMF,0.0612086007364805,0.18387332553059335,473,472.9995
subject_560,Horizontal,MTR_IMF,-0.12031608000164809,0.00881105497267311,473,472.9995
subject_560,Horizontal,SCML_IMF,-0.07190391983535228,0.11836075529889344,473,472.9995
subject_560,Horizontal,SCMR_IMF,-0.1964407156623948,1.6850412130536837e-05,473,472.9995
subject_560,Horizontal,STL_IMF,-0.2079427273099801,5.104816659273398e-06,473,472.9995
subject_560,Horizontal,STR_IMF,-0.16775827058817736,0.00024748163750868156,473,472.9995
subject_560,Horizontal,UTL_IMF,-0.21189934729787224,3.332067375477373e-06,473,472.9995
subject_560,Horizontal,UTR_IMF,-0.1968560457526968,1.6158296558570954e-05,473,472.9995
subject_570,Sagittal,SCML_IMF,0.025442369071684866,0.6247409056697305,372,371.9996
subject_570,Sagittal,STL_IMF,-0.06190115446113895,0.23364153317018588,372,371.9996
subject_570,Frontal,SCML_IMF,-0.2221507411113966,1.5293141202741168e-05,372,371.9996
subject_570,Frontal,STL_IMF,-0.13167127930598213,0.01101842318751579,372,371.9996
subject_570,Horizontal,SCML_IMF,-0.1667219789503306,0.0012491532374334494,372,371.9996
subject_570,Horizontal,STL_IMF,-0.04498692076612713,0.38693214531539233,372,371.9996
subject_571,Sagittal,MTL_IMF,-0.06959187175057255,0.08540079764473185,612,611.9995
subject_571,Sagittal,MTR_IMF,-0.14530714073921408,0.0003103436014169364,612,611.9995
subject_571,Sagittal,SCML_IMF,-0.15972470456204982,7.223541361868706e-05,612,611.9995
subject_571,Sagittal,SCMR_IMF,-0.21870022494891897,4.6138749817677244e-08,612,611.9995
subject_571,Sagittal,STL_IMF,-0.18447713027500676,4.351066251845148e-06,612,611.9995
subject_571,Sagittal,STR_IMF,-0.12820875856073327,0.0014811519418895737,612,611.9995
subject_571,Sagittal,UTL_IMF,-0.18626744192046102,3.496890720633897e-06,612,611.9995
subject_571,Sagittal,UTR_IMF,0.23018269372251476,8.397006122961494e-09,612,611.9995
subject_571,Frontal,MTL_IMF,0.02668547473714151,0.5099407874335417,612,611.9995
subject_571,Frontal,MTR_IMF,-0.06698881609915572,0.09778584215973493,612,611.9995
subject_571,Frontal,SCML_IMF,0.050495706342351995,0.21223737695501182,612,611.9995
subject_571,Frontal,SCMR_IMF,0.05554667052351409,0.1699392205451707,612,611.9995
subject_571,Frontal,STL_IMF,0.06860454301825486,0.08994058568919854,612,611.9995
subject_571,Frontal,STR_IMF,0.00858969491763555,0.8320549217798002,612,611.9995
subject_571,Frontal,UTL_IMF,0.04973713999786564,0.2191940899130394,612,611.9995
subject_571,Frontal,UTR_IMF,-0.0833877967936846,0.039181507615324546,612,611.9995
subject_571,Horizontal,MTL_IMF,0.06962302135056288,0.08526063407984401,612,611.9995
subject_571,Horizontal,MTR_IMF,-0.016045465330799844,0.6919892981163593,612,611.9995
subject_571,Horizontal,SCML_IMF,0.04327108737758345,0.2851689275370346,612,611.9995
subject_571,Horizontal,SCMR_IMF,0.007618769546127735,0.8508019030898485,612,611.9995
subject_571,Horizontal,STL_IMF,0.02131682361594998,0.5986583972391812,612,611.9995
subject_571,Horizontal,STR_IMF,0.007780874286457502,0.8476657679951886,612,611.9995
subject_571,Horizontal,UTL_IMF,0.0780201607910672,0.05371750927567635,612,611.9995
subject_571,Horizontal,UTR_IMF,0.06710830238641159,0.09718758863930897,612,611.9995
subject_572,Sagittal,MTL_IMF,-0.037172013825641524,0.2742517159774892,867,866.9994
subject_572,Sagittal,MTR_IMF,-0.030068903405171418,0.37653570347363186,867,866.9994
subject_572,Sagittal,SCML_IMF,0.08080271421294553,0.017327468270787245,867,866.9994
subject_572,Sagittal,SCMR_IMF,-0.12553975176527246,0.00021069275932023308,867,866.9994
subject_572,Sagittal,STL_IMF,-0.15073662457246034,8.29176734334885e-06,867,866.9994
subject_572,Sagittal,STR_IMF,-0.16757181330216012,6.972130690420066e-07,867,866.9994
subject_572,Sagittal,UTL_IMF,-0.208598656792543,5.587612685214259e-10,867,866.9994
subject_572,Sagittal,UTR_IMF,-0.2515446524205165,5.595818037962979e-14,867,866.9994
subject_572,Frontal,MTL_IMF,0.04415836250779799,0.1939457240646821,867,866.9994
subject_572,Frontal,MTR_IMF,0.11136276580961092,0.0010214454793339377,867,866.9994
subject_572,Frontal,SCML_IMF,0.030973268113736633,0.36234466594095127,867,866.9994
subject_572,Frontal,SCMR_IMF,0.1089725289489209,0.0013106995241903845,867,866.9994
subject_572,Frontal,STL_IMF,0.17758760194384832,1.4142357702854094e-07,867,866.9994
subject_572,Frontal,STR_IMF,-0.020467061696445712,0.5472783594143328,867,866.9994
subject_572,Frontal,UTL_IMF,-0.03936114358006575,0.2469619475316487,867,866.9994
subject_572,Frontal,UTR_IMF,-0.02781726352501868,0.4133274109438279,867,866.9994
subject_572,Horizontal,MTL_IMF,0.043007693448873535,0.20583044029025965,867,866.9994
subject_572,Horizontal,MTR_IMF,-0.01182877127018135,0.7279857068683762,867,866.9994
subject_572,Horizontal,SCML_IMF,-0.02263852766216288,0.5055952122062332,867,866.9994
subject_572,Horizontal,SCMR_IMF,0.04664099176290897,0.17003135201467884,867,866.9994
subject_572,Horizontal,STL_IMF,0.08481683432228473,0.012478344786965275,867,866.9994
subject_572,Horizontal,STR_IMF,0.08749971072181377,0.0099476045398388,867,866.9994
subject_572,Horizontal,UTL_IMF,-0.024400511149907888,0.4730409558118585,867,866.9994
subject_572,Horizontal,UTR_IMF,-0.005366741011361928,0.8746174619025422,867,866.9994
subject_573,Sagittal,MTL_IMF,-0.06566035055128838,0.07425129958863919,740,739.9993
subject_573,Sagittal,MTR_IMF,-0.06556346703091949,0.07468041271886955,740,739.9993
subject_573,Sagittal,SCML_IMF,0.1250066893957009,0.0006539815023369591,740,739.9993
subject_573,Sagittal,SCMR_IMF,0.08635492260295584,0.01879728283607858,740,739.9993
subject_573,Sagittal,STL_IMF,0.06153402837071724,0.09439383666653545,740,739.9993
subject_573,Sagittal,STR_IMF,0.05511435399760931,0.13416530965546322,740,739.9993
subject_573,Sagittal,UTL_IMF,0.039970789981887266,0.27751487275079156,740,739.9993
subject_573,Sagittal,UTR_IMF,0.04240131678370972,0.24931747959780334,740,739.9993
subject_573,Frontal,MTL_IMF,-0.060353105985742526,0.1009007946498493,740,739.9993
subject_573,Frontal,MTR_IMF,-0.05083741293695701,0.16713060341155286,740,739.9993
subject_573,Frontal,SCML_IMF,-0.2544226039449954,2.1365548156770066e-12,740,739.9993
subject_573,Frontal,SCMR_IMF,-0.17208302639488823,2.4964690545445722e-06,740,739.9993
subject_573,Frontal,STL_IMF,-0.09726853522472095,0.008101790345425368,740,739.9993
subject_573,Frontal,STR_IMF,-0.0006004835453446143,0.986989229212859,740,739.9993
subject_573,Frontal,UTL_IMF,-0.1767182720390663,1.3164763437661304e-06,740,739.9993
subject_573,Frontal,UTR_IMF,-0.21101679897756465,6.7931351302711676e-09,740,739.9993
subject_573,Horizontal,MTL_IMF,-0.17909117653542206,9.425618653300416e-07,740,739.9993
subject_573,Horizontal,MTR_IMF,-0.1600964881056248,1.2088318168752678e-05,740,739.9993
subject_573,Horizontal,SCML_IMF,-0.35102765145357895,6.997001228835373e-23,740,739.9993
subject_573,Horizontal,SCMR_IMF,-0.29053992103766224,7.336544863120694e-16,740,739.9993
subject_573,Horizontal,STL_IMF,-0.05295708810287528,0.1501042944720888,740,739.9993
subject_573,Horizontal,STR_IMF,-0.051807447137818576,0.15916719426012646,740,739.9993
subject_573,Horizontal,UTL_IMF,-0.34172967656435127,1.0698516889635041e-21,740,739.9993
subject_573,Horizontal,UTR_IMF,-0.3899565233216914,2.748619772428026e-28,740,739.9993
subject_574,Sagittal,MTL_IMF,0.1280020655483822,0.0030171920501184625,535,534.9995
subject_574,Sagittal,MTR_IMF,-0.20298732510676412,2.20686091606065e-06,535,534.9995
subject_574,Sagittal,SCML_IMF,-0.4676297274801112,2.017859766145441e-30,535,534.9995
subject_574,Sagittal,SCMR_IMF,-0.023491471921474518,0.5877060540765605,535,534.9995
subject_574,Sagittal,STL_IMF,-0.12919364922536397,0.002755046888724422,535,534.9995
subject_574,Sagittal,STR_IMF,-0.31513706289836224,8.451837877457579e-14,535,534.9995
subject_574,Sagittal,UTL_IMF,0.28200563571416765,3.076819327865529e-11,535,534.9995
subject_574,Sagittal,UTR_IMF,0.11670887442237335,0.006883866909469329,535,534.9995
subject_574,Frontal,MTL_IMF,0.10099394327837462,0.019464698474817046,535,534.9995
subject_574,Frontal,MTR_IMF,-0.16047096383539675,0.000193615842014468,535,534.9995
subject_574,Frontal,SCML_IMF,-0.4254686245270683,6.204954657315151e-25,535,534.9995
subject_574,Frontal,SCMR_IMF,-0.012020232481953148,0.7814818071309111,535,534.9995
subject_574,Frontal,STL_IMF,-0.16890723237958705,8.63916442397619e-05,535,534.9995
subject_574,Frontal,STR_IMF,-0.29884789399256306,1.6875377334334583e-12,535,534.9995
subject_574,Frontal,UTL_IMF,0.2377544142600811,2.6001606071824814e-08,535,534.9995
subject_574,Frontal,UTR_IMF,0.09282418361933865,0.03182161748768081,535,534.9995
subject_574,Horizontal,MTL_IMF,-0.13772453927396028,0.0014062905526783204,535,534.9995
subject_574,Horizontal,MTR_IMF,0.11206797282242321,0.00947965422880745,535,534.9995
subject_574,Horizontal,SCML_IMF,0.31738919575520896,5.505115800815865e-14,535,534.9995
subject_574,Horizontal,SCMR_IMF,-0.08335436328368523,0.053999980808623685,535,534.9995
subject_574,Horizontal,STL_IMF,0.09774180415643922,0.02376529901450815,535,534.9995
subject_574,Horizontal,STR_IMF,0.23535611833850612,3.616232659947147e-08,535,534.9995
subject_574,Horizontal,UTL_IMF,-0.25765278136153535,1.4666166086982198e-09,535,534.9995
subject_574,Horizontal,UTR_IMF,-0.0340800639027318,0.4314815427245674,535,534.9995
subject_575,Sagittal,MTL_IMF,-0.10862503949139643,0.005281295212616234,658,657.9995
subject_575,Sagittal,MTR_IMF,0.183677365090166,2.105200746692252e-06,658,657.9995
subject_575,Sagittal,SCML_IMF,-0.31984846608057854,4.067493706414636e-17,658,657.9995
subject_575,Sagittal,SCMR_IMF,-0.07858359447397929,0.04389708936360978,658,657.9995
subject_575,Sagittal,STL_IMF,-0.02024476360148159,0.604196999553338,658,657.9995
subject_575,Sagittal,STR_IMF,-0.0388200810474464,0.32008892176409665,658,657.9995
subject_575,Sagittal,UTL_IMF,-0.09254875655837344,0.01756798889927153,658,657.9995
subject_575,Sagittal,UTR_IMF,0.07083452511079175,0.06939504618372991,658,657.9995
subject_575,Frontal,MTL_IMF,-0.08015377942005529,0.03983418651216347,658,657.9995
subject_575,Frontal,MTR_IMF,0.10929271562576953,0.005006669122541292,658,657.9995
subject_575,Frontal,SCML_IMF,-0.30423907824937124,1.4720288470087292e-15,658,657.9995
subject_575,Frontal,SCMR_IMF,-0.10041514611852449,0.009954095659317071,658,657.9995
subject_575,Frontal,STL_IMF,-0.16771077778668086,1.5286355118794436e-05,658,657.9995
subject_575,Frontal,STR_IMF,-0.2480218939641747,1.110388596857212e-10,658,657.9995
subject_575,Frontal,UTL_IMF,-0.162452952394247,2.825601439063307e-05,658,657.9995
subject_575,Frontal,UTR_IMF,0.035515910868201474,0.3630379637911189,658,657.9995
subject_575,Horizontal,MTL_IMF,-0.0490110248667311,0.20927153409940444,658,657.9995
subject_575,Horizontal,MTR_IMF,0.06461742600815683,0.09769871549530947,658,657.9995
subject_575,Horizontal,SCML_IMF,-0.18205764719262732,2.5950974758389753e-06,658,657.9995
subject_575,Horizontal,SCMR_IMF,-0.014122449903799194,0.7176573797044006,658,657.9995
subject_575,Horizontal,STL_IMF,0.043613616000737744,0.2639260932084319,658,657.9995
subject_575,Horizontal,STR_IMF,-0.002137968429939894,0.9563472683858658,658,657.9995
subject_575,Horizontal,UTL_IMF,-0.0376846329326199,0.33445835063237955,658,657.9995
subject_575,Horizontal,UTR_IMF,-0.013590237947360657,0.7278676925738639,658,657.9995
subject_577,Sagittal,SCML_IMF,-0.009404169955401963,0.8533181255064459,389,388.9993
subject_577,Sagittal,SCMR_IMF,0.057116593259672374,0.26109463344218053,389,388.9993
subject_577,Sagittal,STL_IMF,-0.033025115268771325,0.5160552387501259,389,388.9993
subject_577,Sagittal,STR_IMF,0.11031176574014419,0.029605451864704948,389,388.9993
subject_577,Sagittal,UTL_IMF,0.06697179996795351,0.1874635340866766,389,388.9993
subject_577,Sagittal,UTR_IMF,-0.0725513487519724,0.15323025786610545,389,388.9993
subject_577,Frontal,SCML_IMF,-0.0883615226518344,0.08176087902356038,389,388.9993
subject_577,Frontal,SCMR_IMF,0.0848323466629439,0.09476436585899468,389,388.9993
subject_577,Frontal,STL_IMF,-0.016023097250725937,0.7527403242750406,389,388.9993
subject_577,Frontal,STR_IMF,0.1071178579451081,0.03468855023383184,389,388.9993
subject_577,Frontal,UTL_IMF,0.09747600046208853,0.05474218159033681,389,388.9993
subject_577,Frontal,UTR_IMF,-0.004962962491312101,0.9222733381448037,389,388.9993
subject_577,Horizontal,SCML_IMF,0.1445071121833081,0.004290712097025973,389,388.9993
subject_577,Horizontal,SCMR_IMF,-0.5243229839059734,7.42355808085955e-29,389,388.9993
subject_577,Horizontal,STL_IMF,0.023382991642978128,0.6456860566313603,389,388.9993
subject_577,Horizontal,STR_IMF,-0.4562305999292477,2.149128686977594e-21,389,388.9993
subject_577,Horizontal,UTL_IMF,-0.2914337610252621,4.710268799339685e-09,389,388.9993
subject_577,Horizontal,UTR_IMF,0.2198977085762492,1.204392576440817e-05,389,388.9993
subject_578,Sagittal,MTL_IMF,0.24621551011376033,2.468633250134529e-10,643,642.9995
subject_578,Sagittal,MTR_IMF,0.06395030867240509,0.10520655117974083,643,642.9995
subject_578,Sagittal,SCML_IMF,0.38300451715004774,6.770692380124417e-24,643,642.9995
subject_578,Sagittal,SCMR_IMF,0.15614882376331454,7.001159389203824e-05,643,642.9995
subject_578,Sagittal,STL_IMF,0.12842762568589042,0.001099345970008581,643,642.9995
subject_578,Sagittal,STR_IMF,0.3638723507658273,1.4587879694746095e-21,643,642.9995
subject_578,Sagittal,UTL_IMF,0.2939455640422964,2.78562752530154e-14,643,642.9995
subject_578,Sagittal,UTR_IMF,0.2762842066396856,9.928066979985161e-13,643,642.9995
subject_578,Horizontal,MTL_IMF,-0.11870747530118421,0.0025704039489941976,643,642.9995
subject_578,Horizontal,MTR_IMF,-0.10342197321771433,0.008678776318713645,643,642.9995
subject_578,Horizontal,SCML_IMF,-0.05131048975174108,0.1937973209383351,643,642.9995
subject_578,Horizontal,SCMR_IMF,0.2642854076254264,9.759159139696144e-12,643,642.9995
subject_578,Horizontal,STL_IMF,-0.013065113475726042,0.7408957433411993,643,642.9995
subject_578,Horizontal,STR_IMF,0.010091003837493177,0.7984213603543183,643,642.9995
subject_578,Horizontal,UTL_IMF,-0.2674479288250844,5.402347571208901e-12,643,642.9995
subject_578,Horizontal,UTR_IMF,-0.24189750095191279,5.149133514290183e-10,643,642.9995
subject_579,Sagittal,MTL_IMF,0.29960472584089254,2.2583630208821005e-22,1009,1008.999
subject_579,Sagittal,MTR_IMF,0.2559551247073702,1.4785952687552746e-16,1009,1008.999
subject_579,Sagittal,SCML_IMF,0.11862359111261335,0.00015890633057912622,1009,1008.999
subject_579,Sagittal,SCMR_IMF,0.3257236985492772,2.2850217292366285e-26,1009,1008.999
subject_579,Sagittal,STL_IMF,-0.20655206498103063,3.484104087394831e-11,1009,1008.999
subject_579,Sagittal,STR_IMF,-0.03827618128795198,0.22445314384017592,1009,1008.999
subject_579,Sagittal,UTL_IMF,0.0797829089337744,0.011238771335890664,1009,1008.999
subject_579,Sagittal,UTR_IMF,0.03951125864835779,0.20984214456686576,1009,1008.999
subject_579,Frontal,MTL_IMF,-0.20311691875316462,3.8381342556898766e-08,720,1008.999
subject_579,Frontal,MTR_IMF,-0.17578292638244458,2.0793565015191114e-06,720,1008.999
subject_579,Frontal,SCML_IMF,-0.12559843421107722,0.000730979440920246,720,1008.999
subject_579,Frontal,SCMR_IMF,-0.2763082286343317,4.396655642998609e-14,720,1008.999
subject_579,Frontal,STL_IMF,0.09603008910458191,0.009930461996821556,720,1008.999
subject_579,Frontal,STR_IMF,0.023777325241150754,0.5241286877420411,720,1008.999
subject_579,Frontal,UTL_IMF,-0.06290952860590798,0.09164607676968783,720,1008.999
subject_579,Frontal,UTR_IMF,-0.0103225462529446,0.7821570784418108,720,1008.999
subject_579,Horizontal,MTL_IMF,-0.17641693554735502,1.688720785505268e-08,1009,1008.999
subject_579,Horizontal,MTR_IMF,-0.15699493923794502,5.391347692340404e-07,1009,1008.999
subject_579,Horizontal,SCML_IMF,0.15719044376461322,5.217016117677254e-07,1009,1008.999
subject_579,Horizontal,SCMR_IMF,0.04473270042402011,0.15564466833988108,1009,1008.999
subject_579,Horizontal,STL_IMF,0.08557944395931581,0.006527554618995219,1009,1008.999
subject_579,Horizontal,STR_IMF,-0.026046762490718335,0.40852969546183315,1009,1008.999
subject_579,Horizontal,UTL_IMF,-0.11980372970534413,0.00013642246432127092,1009,1008.999
subject_579,Horizontal,UTR_IMF,0.03765515341792676,0.23206823398972706,1009,1008.999
subject_580,Sagittal,MTL_IMF,-0.3285952951490434,7.204938320834463e-21,771,770.9993
subject_580,Sagittal,MTR_IMF,-0.26172611040199656,1.5287944734194617e-13,771,770.9993
subject_580,Sagittal,SCML_IMF,0.010371176874239857,0.7737174122313132,771,770.9993
subject_580,Sagittal,SCMR_IMF,-0.02492493487967011,0.4895201017959204,771,770.9993
subject_580,Sagittal,STL_IMF,-0.06746937255230351,0.06113623408294939,771,770.9993
subject_580,Sagittal,STR_IMF,-0.0006762833784036936,0.9850422811396728,771,770.9993
subject_580,Sagittal,UTL_IMF,-0.09093895598441759,0.011529367287764176,771,770.9993
subject_580,Sagittal,UTR_IMF,0.2853170225190032,6.583095925617897e-16,771,770.9993
subject_580,Frontal,MTL_IMF,0.046144383813143126,0.2005842357965436,771,770.9993
subject_580,Frontal,MTR_IMF,0.05583329235152652,0.12137936918300792,771,770.9993
subject_580,Frontal,SCML_IMF,-0.021209303673611558,0.5565141890785411,771,770.9993
subject_580,Frontal,SCMR_IMF,-0.08244814039706054,0.02204957493775626,771,770.9993
subject_580,Frontal,STL_IMF,0.024147747878402927,0.5031654069417151,771,770.9993
subject_580,Frontal,STR_IMF,-0.0840291724518085,0.019618189399617958,771,770.9993
subject_580,Frontal,UTL_IMF,-0.1824980408105682,3.3592745203846306e-07,771,770.9993
subject_580,Frontal,UTR_IMF,0.043504505145102075,0.2275877581561985,771,770.9993
subject_580,Horizontal,MTL_IMF,0.02950783007609771,0.41324905984317184,771,770.9993
subject_580,Horizontal,MTR_IMF,-0.07190287724346739,0.045948773892481476,771,770.9993
subject_580,Horizontal,SCML_IMF,0.04720714724370937,0.19039928856676763,771,770.9993
subject_580,Horizontal,SCMR_IMF,-0.006245004922016526,0.8625534203446193,771,770.9993
subject_580,Horizontal,STL_IMF,-0.07266374058341864,0.04369142637331267,771,770.9993
subject_580,Horizontal,STR_IMF,0.15091224956907068,2.5799986325460465e-05,771,770.9993
subject_580,Horizontal,UTL_IMF,0.26095168833136523,1.8119129527441549e-13,771,770.9993
subject_580,Horizontal,UTR_IMF,-0.11405364336794639,0.0015132377307137369,771,770.9993
subject_581,Sagittal,MTL_IMF,0.08115419774213474,0.09997810373889283,412,411.9994
subject_581,Sagittal,MTR_IMF,0.11649991146208355,0.018002552598835344,412,411.9994
subject_581,Sagittal,SCML_IMF,0.2996668199421884,5.389853334913237e-10,412,411.9994
subject_581,Sagittal,SCMR_IMF,0.07518027990047615,0.12763029647286067,412,411.9994
subject_581,Sagittal,STL_IMF,0.213396805188651,1.2496217371908796e-05,412,411.9994
subject_581,Sagittal,STR_IMF,0.2085012928656403,1.9880051992148914e-05,412,411.9994
subject_581,Sagittal,UTL_IMF,0.23000545499509584,2.3838927827617473e-06,412,411.9994
subject_581,Sagittal,UTR_IMF,0.4022208554810606,1.8781939540380747e-17,412,411.9994
subject_581,Frontal,MTL_IMF,0.051101886061460086,0.3007717605965762,412,411.9994
subject_581,Frontal,MTR_IMF,0.07470334614277432,0.1300711681574704,412,411.9994
subject_581,Frontal,SCML_IMF,0.14669303237669443,0.0028389484281153288,412,411.9994
subject_581,Frontal,SCMR_IMF,0.035530625918171695,0.4719998859260206,412,411.9994
subject_581,Frontal,STL_IMF,0.18295693731214116,0.00018853668281017052,412,411.9994
subject_581,Frontal,STR_IMF,0.17229315498686518,0.0004433305323877015,412,411.9994
subject_581,Frontal,UTL_IMF,0.1617848164831008,0.0009820034384586574,412,411.9994
subject_581,Frontal,UTR_IMF,0.2581921435577802,1.0654460560278409e-07,412,411.9994
subject_581,Horizontal,MTL_IMF,-0.0642296407339688,0.1932235010894059,412,411.9994
subject_581,Horizontal,MTR_IMF,-0.034020936647442095,0.49104296792253754,412,411.9994
subject_581,Horizontal,SCML_IMF,-0.006617104273169221,0.8934769517315904,412,411.9994
subject_581,Horizontal,SCMR_IMF,-0.07792020749931548,0.11428927328304499,412,411.9994
subject_581,Horizontal,STL_IMF,-0.03356290076213851,0.49690085154782293,412,411.9994
subject_581,Horizontal,STR_IMF,0.07754318121108647,0.11605734517660564,412,411.9994
subject_581,Horizontal,UTL_IMF,-0.08807476639006187,0.0741376899314806,412,411.9994
subject_581,Horizontal,UTR_IMF,-0.0023301596444581627,0.9623909357429217,412,411.9994
subject_582,Sagittal,MTL_IMF,-0.3251861468459377,3.597736257177023e-16,597,596.9994
subject_582,Sagittal,MTR_IMF,-0.3255807265878844,3.299234782739131e-16,597,596.9994
subject_582,Sagittal,SCML_IMF,-0.2790211663058526,3.878894636853735e-12,597,596.9994
subject_582,Sagittal,SCMR_IMF,0.0640180505751197,0.11816667354691951,597,596.9994
subject_582,Sagittal,STL_IMF,0.19845468960472393,1.0212927065324276e-06,597,596.9994
subject_582,Sagittal,STR_IMF,0.11225765248872681,0.00603650452147403,597,596.9994
subject_582,Sagittal,UTR_IMF,0.021975519455839365,0.5920414383218968,597,596.9994
subject_582,Frontal,MTL_IMF,0.3364603337537932,2.879874042251573e-17,597,596.9994
subject_582,Frontal,MTR_IMF,0.3876391775267266,7.656420525404192e-23,597,596.9994
subject_582,Frontal,SCML_IMF,0.3273275619517475,2.2450259435031716e-16,597,596.9994
subject_582,Frontal,SCMR_IMF,-0.00517917573695756,0.8995091379261475,597,596.9994
subject_582,Frontal,STL_IMF,-0.18680419060621822,4.322515219849449e-06,597,596.9994
subject_582,Frontal,STR_IMF,-0.11624045995082087,0.004457000693994677,597,596.9994
subject_582,Frontal,UTR_IMF,0.01551434321770513,0.7052082634756542,597,596.9994
subject_582,Horizontal,MTL_IMF,-0.35440794691450894,4.150517808717956e-19,597,596.9994
subject_582,Horizontal,MTR_IMF,-0.3483773122402934,1.7787053812919826e-18,597,596.9994
subject_582,Horizontal,SCML_IMF,-0.27654030891883097,6.10097031706491e-12,597,596.9994
subject_582,Horizontal,SCMR_IMF,0.19860263911616238,1.0021860915911578e-06,597,596.9994
subject_582,Horizontal,STL_IMF,0.17237924366383642,2.2880062063060733e-05,597,596.9994
subject_582,Horizontal,STR_IMF,0.2012458582322485,7.134675085744021e-07,597,596.9994
subject_582,Horizontal,UTR_IMF,0.14940322918667065,0.0002489029662002215,597,596.9994
subject_583,Sagittal,MTL_IMF,0.4661965123414051,2.0266024981906698e-35,632,631.9993
subject_583,Sagittal,MTR_IMF,0.3637642214629827,3.3071756642180767e-21,632,631.9993
subject_583,Sagittal,SCML_IMF,0.5383056619382848,9.109911959359374e-49,632,631.9993
subject_583,Sagittal,SCMR_IMF,-0.23149618235753838,3.9001529001157715e-09,632,631.9993
subject_583,Sagittal,STL_IMF,0.0318770440060974,0.42371466203933533,632,631.9993
subject_583,Sagittal,STR_IMF,-0.0074764779582905585,0.8512009850206735,632,631.9993
subject_583,Sagittal,UTL_IMF,-0.0646371375753589,0.10449675558926726,632,631.9993
subject_583,Sagittal,UTR_IMF,0.07511715749864051,0.05911396734225934,632,631.9993
subject_583,Frontal,MTL_IMF,-0.4320128216962504,4.013922647380841e-30,632,631.9993
subject_583,Frontal,MTR_IMF,-0.3195878743648346,1.790301663381813e-16,632,631.9993
subject_583,Frontal,SCML_IMF,-0.4297443669682223,8.594442356567104e-30,632,631.9993
subject_583,Frontal,SCMR_IMF,0.3189489619074608,2.0697411548471454e-16,632,631.9993
subject_583,Frontal,STL_IMF,0.3090552945009905,1.87148103875403e-15,632,631.9993
subject_583,Frontal,STR_IMF,0.1252649530064925,0.0016032519517735306,632,631.9993
subject_583,Frontal,UTL_IMF,0.3173086959071306,2.998733770682526e-16,632,631.9993
subject_583,Frontal,UTR_IMF,0.04406804591704263,0.26864092975890097,632,631.9993
subject_583,Horizontal,MTL_IMF,-0.06953300401388901,0.08069171193109696,632,631.9993
subject_583,Horizontal,MTR_IMF,-0.13080814143234928,0.0009802720560785486,632,631.9993
subject_583,Horizontal,SCML_IMF,-0.08854587343379304,0.026015806485494924,632,631.9993
subject_583,Horizontal,SCMR_IMF,0.09318992143606888,0.01911803337591053,632,631.9993
subject_583,Horizontal,STL_IMF,0.09887731474989617,0.0128856923310933,632,631.9993
subject_583,Horizontal,STR_IMF,0.06718785995178345,0.09148032078214319,632,631.9993
subject_583,Horizontal,UTL_IMF,-0.030423311001203993,0.4451695417612634,632,631.9993
subject_583,Horizontal,UTR_IMF,0.017200717774629996,0.6660356252137629,632,631.9993
subject_584,Sagittal,MTL_IMF,0.2866816814903983,4.9232364032391337e-17,823,822.9997
subject_584,Sagittal,MTR_IMF,0.03397289526121381,0.330347929719719,823,822.9997
subject_584,Sagittal,SCML_IMF,-0.02194250361530477,0.5296077130504832,823,822.9997
subject_584,Sagittal,SCMR_IMF,0.22290931893031438,1.0021145952276934e-10,823,822.9997
subject_584,Sagittal,STL_IMF,-0.18116447965994334,1.67050912620355e-07,823,822.9997
subject_584,Sagittal,STR_IMF,0.14622173463641458,2.5414888453116308e-05,823,822.9997
subject_584,Sagittal,UTL_IMF,-0.028869141663488872,0.40817421819377314,823,822.9997
subject_584,Sagittal,UTR_IMF,0.062172564304562486,0.07464835431013633,823,822.9997
subject_584,Frontal,MTL_IMF,-0.06580912974353544,0.05914589512588899,823,822.9997
subject_584,Frontal,MTR_IMF,0.05433326954107499,0.11935346631965489,823,822.9997
subject_584,Frontal,SCML_IMF,0.06303926228324054,0.07068151807928295,823,822.9997
subject_584,Frontal,SCMR_IMF,0.023420457815609464,0.5022483172903245,823,822.9997
subject_584,Frontal,STL_IMF,0.12114237097558725,0.0004960469022541052,823,822.9997
subject_584,Frontal,STR_IMF,-0.04936212292340017,0.1571243165491001,823,822.9997
subject_584,Frontal,UTL_IMF,0.012452071576973287,0.7213196833233475,823,822.9997
subject_584,Frontal,UTR_IMF,-0.06150116739306929,0.07784453710250414,823,822.9997
subject_584,Horizontal,MTL_IMF,-0.3833719452523548,3.296145570332703e-30,823,822.9997
subject_584,Horizontal,MTR_IMF,-0.10065337956238694,0.0038463380494329676,823,822.9997
subject_584,Horizontal,SCML_IMF,0.0677533156977582,0.052018049722320596,823,822.9997
subject_584,Horizontal,SCMR_IMF,-0.3083386459274773,1.3824152679733845e-19,823,822.9997
subject_584,Horizontal,STL_IMF,0.31494782529311466,2.0808297691647797e-20,823,822.9997
subject_584,Horizontal,STR_IMF,-0.14939213797527934,1.6818477229041865e-05,823,822.9997
subject_584,Horizontal,UTL_IMF,-0.018362017801597342,0.5988792793417282,823,822.9997
subject_584,Horizontal,UTR_IMF,-0.04613266624073546,0.18611977120031406,823,822.9997
subject_585,Sagittal,MTL_IMF,0.05465562625818395,0.18122536673207348,600,599.9996
subject_585,Sagittal,MTR_IMF,-0.15564576703358948,0.00012922580463011564,600,599.9996
subject_585,Sagittal,SCML_IMF,-0.3377990379645459,1.7624866943376647e-17,600,599.9996
subject_585,Sagittal,SCMR_IMF,0.08279971886330821,0.042619113731053634,600,599.9996
subject_585,Sagittal,STL_IMF,-0.3497337054187253,1.0545920816988315e-18,600,599.9996
subject_585,Sagittal,STR_IMF,-0.23354586285968196,7.0808504042150015e-09,600,599.9996
subject_585,Sagittal,UTL_IMF,0.14414809124045477,0.0003970381617232192,600,599.9996
subject_585,Sagittal,UTR_IMF,0.09332825991914775,0.022237249469045595,600,599.9996
subject_585,Frontal,MTL_IMF,0.10914488392818864,0.00745253481582724,600,599.9996
subject_585,Frontal,MTR_IMF,-0.11014613114134278,0.006921175603214432,600,599.9996
subject_585,Frontal,SCML_IMF,-0.2830188489853302,1.6298024552694357e-12,600,599.9996
subject_585,Frontal,SCMR_IMF,0.028841691775563196,0.4807182956400604,600,599.9996
subject_585,Frontal,STL_IMF,-0.27018494003936727,1.6976571010573844e-11,600,599.9996
subject_585,Frontal,STR_IMF,-0.1955896169488709,1.3814649574863274e-06,600,599.9996
subject_585,Frontal,UTL_IMF,-0.0112447030057751,0.7834144586003502,600,599.9996
subject_585,Frontal,UTR_IMF,-0.031170853294773537,0.4459884780649674,600,599.9996
subject_585,Horizontal,MTL_IMF,,,600,599.9996
subject_585,Horizontal,MTR_IMF,,,600,599.9996
subject_585,Horizontal,SCML_IMF,,,600,599.9996
subject_585,Horizontal,SCMR_IMF,,,600,599.9996
subject_585,Horizontal,STL_IMF,,,600,599.9996
subject_585,Horizontal,STR_IMF,,,600,599.9996
subject_585,Horizontal,UTL_IMF,,,600,599.9996
subject_585,Horizontal,UTR_IMF,,,600,599.9996
subject_586,Sagittal,MTL_IMF,0.13161373817258892,0.0038329471518393637,481,480.9994
subject_586,Sagittal,MTR_IMF,0.17096628584314053,0.0001648231995667745,481,480.9994
subject_586,Sagittal,SCML_IMF,-0.3323007990757178,7.284243704378334e-14,481,480.9994
subject_586,Sagittal,SCMR_IMF,0.05516340288684363,0.22720126514499944,481,480.9994
subject_586,Sagittal,STL_IMF,-0.15825323666241342,0.0004945133617816803,481,480.9994
subject_586,Sagittal,STR_IMF,0.16069949218050808,0.0004027629013850566,481,480.9994
subject_586,Sagittal,UTL_IMF,-0.20489347863149307,5.894962472218651e-06,481,480.9994
subject_586,Sagittal,UTR_IMF,-0.06975620156593991,0.12657366046134533,481,480.9994
subject_586,Frontal,MTL_IMF,0.12866835176758037,0.004708444787435772,481,480.9994
subject_586,Frontal,MTR_IMF,0.12926263230156057,0.004518482571810395,481,480.9994
subject_586,Frontal,SCML_IMF,-0.2731867251350258,1.1141990982142792e-09,481,480.9994
subject_586,Frontal,SCMR_IMF,0.09983150041794671,0.02857863039940663,481,480.9994
subject_586,Frontal,STL_IMF,-0.10785217130430444,0.01797494515830719,481,480.9994
subject_586,Frontal,STR_IMF,0.1646116097093149,0.0002883102415529538,481,480.9994
subject_586,Frontal,UTL_IMF,-0.153240667755109,0.0007461831704804601,481,480.9994
subject_586,Frontal,UTR_IMF,-0.04140569667018294,0.3648703781466157,481,480.9994
subject_586,Horizontal,MTL_IMF,0.07166208133875131,0.11650787368834875,481,480.9994
subject_586,Horizontal,MTR_IMF,0.0857495574895315,0.06021665216170143,481,480.9994
subject_586,Horizontal,SCML_IMF,-0.16540099586719192,0.0002692567414846254,481,480.9994
subject_586,Horizontal,SCMR_IMF,-0.012338128116726934,0.7872352686302792,481,480.9994
subject_586,Horizontal,STL_IMF,-0.15592281280315867,0.0005996591689161991,481,480.9994
subject_586,Horizontal,STR_IMF,0.0751760414158969,0.09960318574131943,481,480.9994
subject_586,Horizontal,UTL_IMF,-0.06394507034149663,0.16145066002331313,481,480.9994
subject_586,Horizontal,UTR_IMF,-0.021615341778994858,0.6362964662070065,481,480.9994
subject_587,Sagittal,MTL_IMF,0.15303335074078833,0.0020648254541859503,403,402.9996
subject_587,Sagittal,MTR_IMF,0.04328636426352681,0.3861202088828613,403,402.9996
subject_587,Sagittal,SCML_IMF,0.16700265956913338,0.0007631978221608357,403,402.9996
subject_587,Sagittal,SCMR_IMF,0.19580091855910944,7.595034719959628e-05,403,402.9996
subject_587,Sagittal,STL_IMF,-0.06265434437407107,0.2094411069653673,403,402.9996
subject_587,Sagittal,STR_IMF,0.11164497950655776,0.025006205148982913,403,402.9996
subject_587,Sagittal,UTL_IMF,0.19133681771713393,0.00011113710208450853,403,402.9996
subject_587,Sagittal,UTR_IMF,0.2528355804743294,2.6940621651826236e-07,403,402.9996
subject_587,Frontal,MTL_IMF,-0.006413706582766352,0.8978675283223596,403,402.9996
subject_587,Frontal,MTR_IMF,-0.1174294703120334,0.018362700236134597,403,402.9996
subject_587,Frontal,SCML_IMF,-0.005977573924764323,0.9047784004346738,403,402.9996
subject_587,Frontal,SCMR_IMF,0.02199477874503571,0.6597749834040253,403,402.9996
subject_587,Frontal,STL_IMF,-0.0900063420443001,0.07108764294957472,403,402.9996
subject_587,Frontal,STR_IMF,0.08638424904671078,0.08327284819149788,403,402.9996
subject_587,Frontal,UTL_IMF,0.07633177003092187,0.1260606704865868,403,402.9996
subject_587,Frontal,UTR_IMF,0.09195478056572436,0.06516066062224353,403,402.9996
subject_587,Horizontal,MTL_IMF,0.04282648389192618,0.3911914656187098,403,402.9996
subject_587,Horizontal,MTR_IMF,-0.12148497601766904,0.014676563704275425,403,402.9996
subject_587,Horizontal,SCML_IMF,-0.03518190338287052,0.4812484312892789,403,402.9996
subject_587,Horizontal,SCMR_IMF,-0.030457999576425813,0.5420722805466065,403,402.9996
subject_587,Horizontal,STL_IMF,0.008292934219633473,0.8681843111266554,403,402.9996
subject_587,Horizontal,STR_IMF,-0.06478839167431527,0.19430728850995713,403,402.9996
subject_587,Horizontal,UTL_IMF,-0.04374586818794604,0.3810932487204392,403,402.9996
subject_587,Horizontal,UTR_IMF,-0.02062149132650827,0.6798032934607317,403,402.9996
subject_588,Sagittal,MTL_IMF,0.08428291716628557,0.023719417925216073,720,719.9995
subject_588,Sagittal,MTR_IMF,0.015651068043968017,0.6750274268836578,720,719.9995
subject_588,Sagittal,SCML_IMF,0.12787638395011672,0.0005828938171233007,720,719.9995
subject_588,Sagittal,SCMR_IMF,0.08374184654066338,0.02463533773852984,720,719.9995
subject_588,Sagittal,STL_IMF,-0.10878816842952951,0.003470113047016386,720,719.9995
subject_588,Sagittal,STR_IMF,-0.0035479168017033343,0.9242866408167978,720,719.9995
subject_588,Sagittal,UTL_IMF,0.23836004599830035,9.272484299034929e-11,720,719.9995
subject_588,Sagittal,UTR_IMF,0.012386694220837598,0.7400364177003901,720,719.9995
subject_588,Frontal,MTL_IMF,0.09526185171933862,0.010542125824590444,720,719.9995
subject_588,Frontal,MTR_IMF,0.05137285163610311,0.16851456934108142,720,719.9995
subject_588,Frontal,SCML_IMF,0.14885522348074867,6.081553337340497e-05,720,719.9995
subject_588,Frontal,SCMR_IMF,0.110441755338762,0.0030033354798814416,720,719.9995
subject_588,Frontal,STL_IMF,-0.13401022008616167,0.0003110722167659926,720,719.9995
subject_588,Frontal,STR_IMF,-0.021479610861656666,0.565004978450617,720,719.9995
subject_588,Frontal,UTL_IMF,0.21835249838503268,3.2112840298040935e-09,720,719.9995
subject_588,Frontal,UTR_IMF,0.06506978481339577,0.08101598180867468,720,719.9995
subject_588,Horizontal,MTL_IMF,-0.04815660863345629,0.19681426951893347,720,719.9995
subject_588,Horizontal,MTR_IMF,-0.04995111839031747,0.18062401070428372,720,719.9995
subject_588,Horizontal,SCML_IMF,-0.12229087221203336,0.0010088186087764935,720,719.9995
subject_588,Horizontal,SCMR_IMF,-0.06721536549003075,0.071469511657197,720,719.9995
subject_588,Horizontal,STL_IMF,-0.027309657377504317,0.46437719145988027,720,719.9995
subject_588,Horizontal,STR_IMF,0.09393585901119637,0.011676864178382812,720,719.9995
subject_588,Horizontal,UTL_IMF,-0.20905704810836684,1.491594468415617e-08,720,719.9995
subject_588,Horizontal,UTR_IMF,-0.09746243441585731,0.008873751431779667,720,719.9995
subject_590,Sagittal,MTL_IMF,-0.30921583091799565,3.1905861733723616e-16,666,665.9995
subject_590,Sagittal,MTR_IMF,-0.3870263517635535,3.177823069841259e-25,666,665.9995
subject_590,Sagittal,SCML_IMF,-0.31518189463117985,7.955687016660263e-17,666,665.9995
subject_590,Sagittal,SCMR_IMF,0.06673491656176145,0.08526716579849984,666,665.9995
subject_590,Sagittal,STL_IMF,-0.14126932385133695,0.00025494356900091587,666,665.9995
subject_590,Sagittal,STR_IMF,-0.041794504935540086,0.2814649507577054,666,665.9995
subject_590,Sagittal,UTL_IMF,0.4064077046262907,7.071737170735672e-28,666,665.9995
subject_590,Sagittal,UTR_IMF,0.013550434779990933,0.7270481205889655,666,665.9995
subject_590,Frontal,MTL_IMF,0.2185722790590411,1.2041109265812286e-08,666,665.9995
subject_590,Frontal,MTR_IMF,0.30615290570667325,6.430580491485263e-16,666,665.9995
subject_590,Frontal,SCML_IMF,0.20217987052177497,1.4227343334661118e-07,666,665.9995
subject_590,Frontal,SCMR_IMF,0.04112151985622634,0.2892916550988593,666,665.9995
subject_590,Frontal,STL_IMF,0.3285600685309378,3.1461703349119557e-18,666,665.9995
subject_590,Frontal,STR_IMF,0.07259314083573803,0.06115666747717166,666,665.9995
subject_590,Frontal,UTL_IMF,-0.15478594624687644,6.039744606204548e-05,666,665.9995
subject_590,Frontal,UTR_IMF,0.14311537845015893,0.00021095059110769397,666,665.9995
subject_590,Horizontal,MTL_IMF,0.04471729811550603,0.24914568214722033,666,665.9995
subject_590,Horizontal,MTR_IMF,0.08202351944317367,0.034313374500602095,666,665.9995
subject_590,Horizontal,SCML_IMF,0.04233676375118665,0.27526380808278184,666,665.9995
subject_590,Horizontal,SCMR_IMF,0.01780684011416086,0.6464396917362677,666,665.9995
subject_590,Horizontal,STL_IMF,0.053512060665414016,0.16777802222833096,666,665.9995
subject_590,Horizontal,STR_IMF,-0.03546678267851819,0.3607911735464693,666,665.9995
subject_590,Horizontal,UTL_IMF,-0.0478843052964279,0.217152321839447,666,665.9995
subject_590,Horizontal,UTR_IMF,-0.024049067793491846,0.535549182298771,666,665.9995
subject_591,Sagittal,MTL_IMF,-0.18103984653617877,5.864815576936926e-05,487,486.9998
subject_591,Sagittal,MTR_IMF,0.03003202322883093,0.5084872523139898,487,486.9998
subject_591,Sagittal,SCML_IMF,0.1517427981987604,0.0007807226457963247,487,486.9998
subject_591,Sagittal,SCMR_IMF,-0.05597343023232078,0.21756885823285346,487,486.9998
subject_591,Sagittal,STL_IMF,-0.08548071471710171,0.05943001257947665,487,486.9998
subject_591,Sagittal,STR_IMF,-0.12376979664711828,0.006240583007561581,487,486.9998
subject_591,Sagittal,UTL_IMF,-0.03827735978720565,0.39931462916832605,487,486.9998
subject_591,Sagittal,UTR_IMF,-0.1723346173693303,0.0001323992480561152,487,486.9998
subject_591,Frontal,MTL_IMF,-0.06048969598489782,0.18263636111195694,487,486.9998
subject_591,Frontal,MTR_IMF,-0.03929214479916992,0.38692466109454265,487,486.9998
subject_591,Frontal,SCML_IMF,0.08538549545505236,0.05971510752502869,487,486.9998
subject_591,Frontal,SCMR_IMF,-0.019922724495244102,0.6609731943822892,487,486.9998
subject_591,Frontal,STL_IMF,-0.0466568919913235,0.3041655031355791,487,486.9998
subject_591,Frontal,STR_IMF,-0.06490813809171857,0.1526523537911793,487,486.9998
subject_591,Frontal,UTL_IMF,0.0688758363105246,0.12905115366165795,487,486.9998
subject_591,Frontal,UTR_IMF,0.04580320905497258,0.31310860299734083,487,486.9998
subject_591,Horizontal,MTL_IMF,-0.056150317283402675,0.2161163232231539,487,486.9998
subject_591,Horizontal,MTR_IMF,0.016999001611054016,0.708256792211171,487,486.9998
subject_591,Horizontal,SCML_IMF,0.019820016584971525,0.66261290708868,487,486.9998
subject_591,Horizontal,SCMR_IMF,-0.057199264731514626,0.20764562538544792,487,486.9998
subject_591,Horizontal,STL_IMF,-0.004299114311657941,0.9246088644997835,487,486.9998
subject_591,Horizontal,STR_IMF,-0.09292560047361649,0.040378423608885494,487,486.9998
subject_591,Horizontal,UTL_IMF,-0.02583584579614135,0.5695073354766661,487,486.9998
subject_591,Horizontal,UTR_IMF,-0.08701624167071559,0.05498589889646793,487,486.9998
subject_594,Sagittal,MTL_IMF,0.11660576657903826,0.006185714910323173,550,549.9995
subject_594,Sagittal,MTR_IMF,-0.09452390365723694,0.026643340772152944,550,549.9995
subject_594,Sagittal,SCML_IMF,-0.614614313079253,1.9440065211376914e-58,550,549.9995
subject_594,Sagittal,SCMR_IMF,-0.2771697465302733,3.7039026967080625e-11,550,549.9995
subject_594,Sagittal,STL_IMF,-0.5295482694399378,4.4247161439599825e-41,550,549.9995
subject_594,Sagittal,STR_IMF,-0.27842519784555764,2.998034744414913e-11,550,549.9995
subject_594,Sagittal,UTL_IMF,-0.07092579420691171,0.09657973583887232,550,549.9995
subject_594,Sagittal,UTR_IMF,-0.5095411352702134,1.1260954213966308e-37,550,549.9995
subject_594,Frontal,MTL_IMF,0.025122317011846397,0.556584026721561,550,549.9995
subject_594,Frontal,MTR_IMF,-0.13135823594598203,0.002021868005720453,550,549.9995
subject_594,Frontal,SCML_IMF,-0.3979521895556979,2.5834789791498684e-22,550,549.9995
subject_594,Frontal,SCMR_IMF,-0.10284120963493323,0.01583253492771101,550,549.9995
subject_594,Frontal,STL_IMF,-0.34488479799786764,8.313227973675925e-17,550,549.9995
subject_594,Frontal,STR_IMF,-0.19846781754384543,2.7236098674002713e-06,550,549.9995
subject_594,Frontal,UTL_IMF,0.014562173906174094,0.7332885273571733,550,549.9995
subject_594,Frontal,UTR_IMF,-0.2885903434191463,5.200705263993889e-12,550,549.9995
subject_594,Horizontal,MTL_IMF,0.015250251527297174,0.7211987413284281,550,549.9995
subject_594,Horizontal,MTR_IMF,-0.008187044416096322,0.8480793622457834,550,549.9995
subject_594,Horizontal,SCML_IMF,-0.2028882128224975,1.608126767367172e-06,550,549.9995
subject_594,Horizontal,SCMR_IMF,-0.01928271458530866,0.6518217368068815,550,549.9995
subject_594,Horizontal,STL_IMF,-0.13177117359363028,0.00195627858499613,550,549.9995
subject_594,Horizontal,STR_IMF,-0.10319830056980306,0.015470390900833353,550,549.9995
subject_594,Horizontal,UTL_IMF,-0.06164299891906488,0.14881193418882405,550,549.9995
subject_594,Horizontal,UTR_IMF,-0.13729424669968965,0.0012474282856340256,550,549.9995
subject_595,Sagittal,MTL_IMF,0.05594455857442978,0.16654880023710716,613,612.9993
subject_595,Sagittal,MTR_IMF,0.25203405874213297,2.454869370088945e-10,613,612.9993
subject_595,Sagittal,SCML_IMF,0.13417934033580184,0.0008671646977942827,613,612.9993
subject_595,Sagittal,SCMR_IMF,0.2878214303087767,3.706035784865072e-13,613,612.9993
subject_595,Sagittal,STL_IMF,-0.027342744688665453,0.4992189791253415,613,612.9993
subject_595,Sagittal,STR_IMF,0.08059973854044689,0.04607245454879862,613,612.9993
subject_595,Sagittal,UTL_IMF,-0.07656132615517067,0.058161097665069855,613,612.9993
subject_595,Sagittal,UTR_IMF,0.01990834852445173,0.6227545123406875,613,612.9993
subject_595,Frontal,MTL_IMF,-0.3013702055726681,2.4534071017456927e-14,613,612.9993
subject_595,Frontal,MTR_IMF,-0.046091353993364906,0.2545177081636558,613,612.9993
subject_595,Frontal,SCML_IMF,0.3013801598209595,2.4483876100025092e-14,613,612.9993
subject_595,Frontal,SCMR_IMF,0.25628333147247245,1.193233614885246e-10,613,612.9993
subject_595,Frontal,STL_IMF,-0.14885506650375216,0.00021680821676769535,613,612.9993
subject_595,Frontal,STR_IMF,-0.09563294035688331,0.017867242006366604,613,612.9993
subject_595,Frontal,UTL_IMF,0.30223081511703515,2.054682138663254e-14,613,612.9993
subject_595,Frontal,UTR_IMF,0.36100452485888085,2.632050216844844e-20,613,612.9993
subject_595,Horizontal,MTL_IMF,0.16415512591877768,4.4318783848119996e-05,613,612.9993
subject_595,Horizontal,MTR_IMF,-0.10318878499667966,0.010574714850890147,613,612.9993
subject_595,Horizontal,SCML_IMF,-0.26711372469484695,1.7869395000927184e-11,613,612.9993
subject_595,Horizontal,SCMR_IMF,-0.36461329180853397,1.0374909535315066e-20,613,612.9993
subject_595,Horizontal,STL_IMF,0.11552054309015054,0.004184469007681332,613,612.9993
subject_595,Horizontal,STR_IMF,-0.006168790359192534,0.8788542738484856,613,612.9993
subject_595,Horizontal,UTL_IMF,-0.1762505967869467,1.1373749278287811e-05,613,612.9993
subject_595,Horizontal,UTR_IMF,-0.27215941659307635,7.161296421621928e-12,613,612.9993
subject_596,Sagittal,MTL_IMF,-0.3725419986681769,7.598836018591644e-24,681,683.9998
subject_596,Sagittal,MTR_IMF,-0.06294544255951405,0.10074907122199145,681,683.9998
subject_596,Sagittal,SCML_IMF,0.3329050373212242,4.361069175837114e-19,681,683.9998
subject_596,Sagittal,SCMR_IMF,0.15879794311636858,3.14345733480202e-05,681,683.9998
subject_596,Sagittal,STL_IMF,0.11647987308323933,0.002331133176320588,681,683.9998
subject_596,Sagittal,STR_IMF,0.15833214235826049,3.318232097723713e-05,681,683.9998
subject_596,Sagittal,UTL_IMF,0.2676273453950467,1.2376876667976654e-12,681,683.9998
subject_596,Sagittal,UTR_IMF,0.26170989067871564,3.9681000264338995e-12,681,683.9998
subject_596,Frontal,MTL_IMF,-0.23216114160801177,8.004057291203006e-10,684,683.9998
subject_596,Frontal,MTR_IMF,0.030351358889498335,0.4280565063650167,684,683.9998
subject_596,Frontal,SCML_IMF,0.14302672081349954,0.00017465796220992935,684,683.9998
subject_596,Frontal,SCMR_IMF,0.15454513223634403,4.9305081322135654e-05,684,683.9998
subject_596,Frontal,STL_IMF,0.05947302480861269,0.12019581570024884,684,683.9998
subject_596,Frontal,STR_IMF,0.1263709870849066,0.0009254123111236554,684,683.9998
subject_596,Frontal,UTL_IMF,0.1112969620830713,0.003562258671401758,684,683.9998
subject_596,Frontal,UTR_IMF,0.22831087689712493,1.5398457059219627e-09,684,683.9998
subject_596,Horizontal,MTL_IMF,0.016110705067514757,0.6740426281986374,684,683.9998
subject_596,Horizontal,MTR_IMF,-0.01387905901433369,0.7170994356452614,684,683.9998
subject_596,Horizontal,SCML_IMF,-0.052041206576587264,0.17399261304229996,684,683.9998
subject_596,Horizontal,SCMR_IMF,-0.05303757679317888,0.1658840903523411,684,683.9998
subject_596,Horizontal,STL_IMF,-0.03873018307432438,0.3117998695614596,684,683.9998
subject_596,Horizontal,STR_IMF,-0.045376628436660404,0.2359412426610298,684,683.9998
subject_596,Horizontal,UTL_IMF,-0.06045601701716411,0.11417943170782353,684,683.9998
subject_596,Horizontal,UTR_IMF,-0.03569126833957922,0.3513171653340567,684,683.9998
subject_597,Sagittal,MTL_IMF,-0.05450321539918978,0.18690129042039563,588,587.9996
subject_597,Sagittal,MTR_IMF,0.04710621329127581,0.2540915949301297,588,587.9996
subject_597,Sagittal,SCML_IMF,-0.08425291481433032,0.04112083051136236,588,587.9996
subject_597,Sagittal,SCMR_IMF,0.040004509227184105,0.3328539984325243,588,587.9996
subject_597,Sagittal,STL_IMF,-0.06174530240410937,0.1347878734817145,588,587.9996
subject_597,Sagittal,STR_IMF,-0.06421451939022184,0.1198480982515094,588,587.9996
subject_597,Sagittal,UTL_IMF,0.10760305355394979,0.00902070503571098,588,587.9996
subject_597,Sagittal,UTR_IMF,-0.05089971339362955,0.21779036588796916,588,587.9996
subject_597,Frontal,MTL_IMF,-0.15993643674059096,9.815795787301149e-05,588,587.9996
subject_597,Frontal,MTR_IMF,-0.05692298840713145,0.16805212156729563,588,587.9996
subject_597,Frontal,SCML_IMF,0.14000170418369554,0.0006630527910938828,588,587.9996
subject_597,Frontal,SCMR_IMF,-0.02669551379056939,0.5182343634556259,588,587.9996
subject_597,Frontal,STL_IMF,-0.2149951121970071,1.4100113750827787e-07,588,587.9996
subject_597,Frontal,STR_IMF,-0.04128632545799728,0.3175835276991401,588,587.9996
subject_597,Frontal,UTL_IMF,0.1284332896737811,0.0018045370699807932,588,587.9996
subject_597,Frontal,UTR_IMF,-0.1281789453202316,0.0018430925868531025,588,587.9996
subject_597,Horizontal,MTL_IMF,0.07830222050577341,0.05774854798387639,588,587.9996
subject_597,Horizontal,MTR_IMF,-0.044496291217220325,0.28138408620035554,588,587.9996
subject_597,Horizontal,SCML_IMF,-0.06088127273379653,0.14034191474396623,588,587.9996
subject_597,Horizontal,SCMR_IMF,0.010991028544199893,0.7902706477380691,588,587.9996
subject_597,Horizontal,STL_IMF,0.16857679181309693,3.98219305115964e-05,588,587.9996
subject_597,Horizontal,STR_IMF,0.007090843800057636,0.863767656139162,588,587.9996
subject_597,Horizontal,UTL_IMF,-0.14309283683816507,0.0005007422144050009,588,587.9996
subject_597,Horizontal,UTR_IMF,0.0698831300411382,0.09044781497081394,588,587.9996
subject_598,Sagittal,MTL_IMF,0.19875712102617354,2.228948734360114e-07,668,667.9998
subject_598,Sagittal,MTR_IMF,0.058831334735969465,0.1287612668968321,668,667.9998
subject_598,Sagittal,SCML_IMF,-0.1255810017220423,0.0011438080793887743,668,667.9998
subject_598,Sagittal,SCMR_IMF,-0.08234508784947286,0.0333457975861234,668,667.9998
subject_598,Sagittal,STL_IMF,-0.060744379400002387,0.11676705134077628,668,667.9998
subject_598,Sagittal,STR_IMF,-0.027466957573961722,0.47850644850833995,668,667.9998
subject_598,Sagittal,UTL_IMF,0.018827072021914026,0.6271582591320658,668,667.9998
subject_598,Sagittal,UTR_IMF,0.2651887461885044,3.2549204956192457e-12,668,667.9998
subject_598,Frontal,MTL_IMF,-0.2999724596222869,2.3443607689635487e-15,668,667.9998
subject_598,Frontal,MTR_IMF,-0.4855839210011202,8.150754451821696e-41,668,667.9998
subject_598,Frontal,SCML_IMF,-0.497308873198547,5.051946234485376e-43,668,667.9998
subject_598,Frontal,SCMR_IMF,-0.38755383316405045,2.295719891912707e-25,668,667.9998
subject_598,Frontal,STL_IMF,-0.6520180511842835,4.0946474965206965e-82,668,667.9998
subject_598,Frontal,STR_IMF,-0.603061021610075,2.1474572906664698e-67,668,667.9998
subject_598,Frontal,UTL_IMF,0.5310304859274557,7.145859308530072e-50,668,667.9998
subject_598,Frontal,UTR_IMF,-0.19021618347552502,7.332385459530739e-07,668,667.9998
subject_598,Horizontal,MTL_IMF,0.032276797171331195,0.4049175318791899,668,667.9998
subject_598,Horizontal,MTR_IMF,0.2215972205586703,7.0922002024455785e-09,668,667.9998
subject_598,Horizontal,SCML_IMF,0.270825731352949,1.0788567302187712e-12,668,667.9998
subject_598,Horizontal,SCMR_IMF,0.2038658451217335,1.0659655291885033e-07,668,667.9998
subject_598,Horizontal,STL_IMF,0.35291077946494454,5.030549375904022e-21,668,667.9998
subject_598,Horizontal,STR_IMF,0.28285991978872455,9.356330625612692e-14,668,667.9998
subject_598,Horizontal,UTL_IMF,-0.2570478945007126,1.5324520597842096e-11,668,667.9998
subject_598,Horizontal,UTR_IMF,-0.05781191425004359,0.1355316324981605,668,667.9998
subject_600,Sagittal,MTL_IMF,-0.06822936107394861,0.1838621180899255,381,380.9994
subject_600,Sagittal,MTR_IMF,0.04072500635843646,0.4279891458225156,381,380.9994
subject_600,Sagittal,SCML_IMF,0.0027117505597234236,0.9579251765862017,381,380.9994
subject_600,Sagittal,SCMR_IMF,-0.001454035069515068,0.9774321397378398,381,380.9994
subject_600,Sagittal,STL_IMF,0.1648625363640449,0.0012398931626658972,381,380.9994
subject_600,Sagittal,UTL_IMF,-0.10717453546136921,0.03651765794683182,381,380.9994
subject_600,Sagittal,UTR_IMF,0.06214043739882977,0.2262339006543247,381,380.9994
subject_600,Frontal,MTL_IMF,-0.2421651734902966,1.7294098437722255e-06,381,380.9994
subject_600,Frontal,MTR_IMF,-0.08772266041460876,0.08727519729494632,381,380.9994
subject_600,Frontal,SCML_IMF,-0.21359704790010067,2.6204660953000754e-05,381,380.9994
subject_600,Frontal,SCMR_IMF,-0.24719308963083275,1.0333379991464944e-06,381,380.9994
subject_600,Frontal,STL_IMF,0.12124256455958206,0.017907537996127654,381,380.9994
subject_600,Frontal,UTL_IMF,-0.2759433305707049,4.371048143582349e-08,381,380.9994
subject_600,Frontal,UTR_IMF,-0.2463893435781941,1.1228474104024953e-06,381,380.9994
subject_600,Horizontal,MTL_IMF,-0.08512125578834173,0.09710500775576654,381,380.9994
subject_600,Horizontal,MTR_IMF,-0.1582541792658193,0.001945713848051616,381,380.9994
subject_600,Horizontal,SCML_IMF,-0.04469175711021753,0.3843459487835774,381,380.9994
subject_600,Horizontal,SCMR_IMF,-0.049694716687135716,0.33333772927354177,381,380.9994
subject_600,Horizontal,STL_IMF,0.03158137179110794,0.5388376812247836,381,380.9994
subject_600,Horizontal,UTL_IMF,-0.1061710608730606,0.038319093456206224,381,380.9994
subject_600,Horizontal,UTR_IMF,-0.12304467395554082,0.016261971426295863,381,380.9994
subject_601,Sagittal,MTL_IMF,0.08104612856002401,0.026962923181555444,745,744.9999
subject_601,Sagittal,MTR_IMF,0.12672120398914022,0.0005263142767964243,745,744.9999
subject_601,Sagittal,SCML_IMF,0.12252573220995418,0.0008042702146106697,745,744.9999
subject_601,Sagittal,SCMR_IMF,0.1214880496386723,0.0008914265269995061,745,744.9999
subject_601,Sagittal,STL_IMF,0.16525267746420233,5.7834446497770765e-06,745,744.9999
subject_601,Sagittal,STR_IMF,0.12217098010275601,0.000833137010084344,745,744.9999
subject_601,Sagittal,UTL_IMF,0.06236368662768972,0.08894390925504134,745,744.9999
subject_601,Sagittal,UTR_IMF,0.18086966309826305,6.711402782804288e-07,745,744.9999
subject_601,Frontal,MTL_IMF,-0.06452740285901915,0.1761708172375399,441,744.9999
subject_601,Frontal,MTR_IMF,-0.12949018298820844,0.0064682393979867215,441,744.9999
subject_601,Frontal,SCML_IMF,-0.07623420985168572,0.10988685673177864,441,744.9999
subject_601,Frontal,SCMR_IMF,-0.035809411929913486,0.45319209764138285,441,744.9999
subject_601,Frontal,STL_IMF,-0.09805073127225854,0.03957256251215209,441,744.9999
subject_601,Frontal,STR_IMF,-0.03149103548828041,0.5095115581818899,441,744.9999
subject_601,Frontal,UTL_IMF,-0.12033881865243623,0.011434243345881792,441,744.9999
subject_601,Frontal,UTR_IMF,-0.07450372200645743,0.11821507796406135,441,744.9999
subject_601,Horizontal,MTL_IMF,-0.028220168586504963,0.44182178048682547,745,744.9999
subject_601,Horizontal,MTR_IMF,-0.08975139813466279,0.014263015695918348,745,744.9999
subject_601,Horizontal,SCML_IMF,-0.09763955937801452,0.007654508308973517,745,744.9999
subject_601,Horizontal,SCMR_IMF,-0.07246187580474026,0.04803000889016146,745,744.9999
subject_601,Horizontal,STL_IMF,-0.10094172278862745,0.005822869794302609,745,744.9999
subject_601,Horizontal,STR_IMF,-0.13480750553236845,0.00022407114197114917,745,744.9999
subject_601,Horizontal,UTL_IMF,-0.060841553040018176,0.09703517272616691,745,744.9999
subject_601,Horizontal,UTR_IMF,-0.16886048578039803,3.5767104463211673e-06,745,744.9999
subject_602,Sagittal,MTL_IMF,0.03460765364262705,0.41623460848403926,554,553.9995
subject_602,Sagittal,MTR_IMF,0.05832023154330193,0.17044926174131506,554,553.9995
subject_602,Sagittal,SCML_IMF,0.24226444926619042,7.667697247541356e-09,554,553.9995
subject_602,Sagittal,SCMR_IMF,-0.1024907341803446,0.01581077061725495,554,553.9995
subject_602,Sagittal,STL_IMF,0.1619563402850699,0.00012882471730833107,554,553.9995
subject_602,Sagittal,STR_IMF,0.0834203810427643,0.04970786126557618,554,553.9995
subject_602,Sagittal,UTL_IMF,0.08169044844978314,0.05465175277832078,554,553.9995
subject_602,Sagittal,UTR_IMF,-0.08753984889316814,0.039422924003171,554,553.9995
subject_602,Frontal,MTL_IMF,0.10544548352686017,0.013020347076446283,554,553.9995
subject_602,Frontal,MTR_IMF,0.4125491217743996,3.537436729343646e-24,554,553.9995
subject_602,Frontal,SCML_IMF,-0.1390464459532702,0.001033204081557938,554,553.9995
subject_602,Frontal,SCMR_IMF,0.46659546826606824,2.6814120835556075e-31,554,553.9995
subject_602,Frontal,STL_IMF,-0.044960685802511,0.29078875183927216,554,553.9995
subject_602,Frontal,STR_IMF,0.033949071824509805,0.4251657395081446,554,553.9995
subject_602,Frontal,UTL_IMF,0.003175712737598715,0.9405498747218788,554,553.9995
subject_602,Frontal,UTR_IMF,0.42073730902960715,3.553448760792532e-25,554,553.9995
subject_602,Horizontal,MTL_IMF,0.11686049528452577,0.005890817741284207,554,553.9995
subject_602,Horizontal,MTR_IMF,0.1600478743054588,0.00015495951264856054,554,553.9995
subject_602,Horizontal,SCML_IMF,-0.011116983508542002,0.7940309879876006,554,553.9995
subject_602,Horizontal,SCMR_IMF,0.16118921400545627,0.0001387880825769156,554,553.9995
subject_602,Horizontal,STL_IMF,0.07161245928789757,0.09219858329309819,554,553.9995
subject_602,Horizontal,STR_IMF,-0.04857155475715435,0.2537325596986289,554,553.9995
subject_602,Horizontal,UTL_IMF,-0.024790494683482486,0.5603844872243421,554,553.9995
subject_602,Horizontal,UTR_IMF,0.14679818398903433,0.000527850334374186,554,553.9995
subject_603,Sagittal,MTR_IMF,0.11435902092996454,0.001707305410627592,750,749.9996
subject_603,Sagittal,SCML_IMF,-0.1823249345600396,4.981072845272913e-07,750,749.9996
subject_603,Sagittal,SCMR_IMF,-0.32327713401773384,1.0507559870204593e-19,750,749.9996
subject_603,Sagittal,STL_IMF,-0.16413569357364027,6.236153545359722e-06,750,749.9996
subject_603,Sagittal,STR_IMF,-0.09771627319129227,0.007405920169078861,750,749.9996
subject_603,Sagittal,UTL_IMF,0.4620704111347982,6.130278786206743e-41,750,749.9996
subject_603,Sagittal,UTR_IMF,0.3080195457276158,6.0217335687312704e-18,750,749.9996
subject_603,Frontal,MTR_IMF,0.1550227272838834,2.0062405096345173e-05,750,749.9996
subject_603,Frontal,SCML_IMF,-0.04991381552246039,0.1720904992085524,750,749.9996
subject_603,Frontal,SCMR_IMF,-0.22698290676988955,3.2144130812835923e-10,750,749.9996
subject_603,Frontal,STL_IMF,-0.04679918422954662,0.20047051000769253,750,749.9996
subject_603,Frontal,STR_IMF,0.123621012904562,0.0006916284916338689,750,749.9996
subject_603,Frontal,UTL_IMF,0.41279854672140953,3.1821756623502034e-32,750,749.9996
subject_603,Frontal,UTR_IMF,0.15601026421604358,1.773139149972428e-05,750,749.9996
subject_603,Horizontal,MTR_IMF,-0.1706827442437805,2.5878783900968095e-06,750,749.9996
subject_603,Horizontal,SCML_IMF,0.018801952209213286,0.6071825906598353,750,749.9996
subject_603,Horizontal,SCMR_IMF,0.1904260075833422,1.4843809364650284e-07,750,749.9996
subject_603,Horizontal,STL_IMF,0.04183466773981844,0.25250770667583267,750,749.9996
subject_603,Horizontal,STR_IMF,-0.1467916532140144,5.454930909525477e-05,750,749.9996
subject_603,Horizontal,UTL_IMF,-0.44248706050785575,2.653438125485271e-37,750,749.9996
subject_603,Horizontal,UTR_IMF,-0.0856685408068278,0.018949065159233572,750,749.9996
subject_604,Sagittal,MTL_IMF,-0.07937415341724953,0.03142599869167835,735,734.9996
subject_604,Sagittal,MTR_IMF,-0.0426753992653748,0.24787548138599033,735,734.9996
subject_604,Sagittal,SCML_IMF,-0.24602983975184753,1.3520527198121183e-11,735,734.9996
subject_604,Sagittal,SCMR_IMF,-0.11637883502303252,0.0015749413619099487,735,734.9996
subject_604,Sagittal,STL_IMF,0.07149685986792222,0.05268132354204452,735,734.9996
subject_604,Sagittal,STR_IMF,-0.018477802776709743,0.6169767601525458,735,734.9996
subject_604,Sagittal,UTL_IMF,-0.06908827734040573,0.06119365179347842,735,734.9996
subject_604,Sagittal,UTR_IMF,-0.15345388099396448,2.9413653418207336e-05,735,734.9996
subject_604,Frontal,MTL_IMF,0.10216822369158403,0.0055642172432591695,735,734.9996
subject_604,Frontal,MTR_IMF,0.10010118537289919,0.006606849381862543,735,734.9996
subject_604,Frontal,SCML_IMF,0.29407653297912373,3.960414837487525e-16,735,734.9996
subject_604,Frontal,SCMR_IMF,0.09702381277097093,0.008484974399357576,735,734.9996
subject_604,Frontal,STL_IMF,-0.13230340937285864,0.0003224295186902999,735,734.9996
subject_604,Frontal,STR_IMF,0.0015384657322464797,0.9667871202523742,735,734.9996
subject_604,Frontal,UTL_IMF,0.1107163613100732,0.0026492236352769847,735,734.9996
subject_604,Frontal,UTR_IMF,0.1610928483986024,1.140668571574785e-05,735,734.9996
subject_604,Horizontal,MTL_IMF,-0.09615116628940074,0.009097935557465768,735,734.9996
subject_604,Horizontal,MTR_IMF,-0.00454629156441308,0.9020715931851289,735,734.9996
subject_604,Horizontal,SCML_IMF,0.13861832751945677,0.00016332391144226375,735,734.9996
subject_604,Horizontal,SCMR_IMF,-0.10645669249519607,0.0038593181524323233,735,734.9996
subject_604,Horizontal,STL_IMF,-0.23643979181134195,8.50190148575232e-11,735,734.9996
subject_604,Horizontal,STR_IMF,-0.18655536240082238,3.508528275866709e-07,735,734.9996
subject_604,Horizontal,UTL_IMF,0.0012731735229710413,0.972511834074726,735,734.9996
subject_604,Horizontal,UTR_IMF,-0.09778542326177811,0.007980413951998992,735,734.9996
subject_605,Sagittal,MTL_IMF,0.015378807247435365,0.7018699339421235,622,621.9998
subject_605,Sagittal,MTR_IMF,0.11864247814517967,0.0030420564768402023,622,621.9998
subject_605,Sagittal,SCMR_IMF,0.08086062592872038,0.04381005510755861,622,621.9998
subject_605,Sagittal,STL_IMF,-0.027277518768151234,0.4971015677792598,622,621.9998
subject_605,Sagittal,STR_IMF,0.02547922106814012,0.5259015665563073,622,621.9998
subject_605,Sagittal,UTL_IMF,0.17580901586260128,1.0325600150909995e-05,622,621.9998
subject_605,Sagittal,UTR_IMF,0.040814523428521016,0.30949262557598406,622,621.9998
subject_605,Frontal,MTL_IMF,0.023030777794982332,0.5667505303213979,621,621.9998
subject_605,Frontal,MTR_IMF,0.0424118352220959,0.29131422533220436,621,621.9998
subject_605,Frontal,SCMR_IMF,0.02793996004537325,0.4870596188438159,621,621.9998
subject_605,Frontal,STL_IMF,0.007104056106121708,0.8597615424535702,621,621.9998
subject_605,Frontal,STR_IMF,0.04443919286804932,0.2688416220013052,621,621.9998
subject_605,Frontal,UTL_IMF,0.2111033049770492,1.0961077503950214e-07,621,621.9998
subject_605,Frontal,UTR_IMF,0.012826128935447668,0.7497305752939554,621,621.9998
subject_605,Horizontal,MTL_IMF,0.08868569593286699,0.027109364128694084,621,621.9998
subject_605,Horizontal,MTR_IMF,-0.016353072438418947,0.6842117255509593,621,621.9998
subject_605,Horizontal,SCMR_IMF,-0.0423078114617187,0.29250031968856194,621,621.9998
subject_605,Horizontal,STL_IMF,0.052352478683554776,0.1926150043400008,621,621.9998
subject_605,Horizontal,STR_IMF,-0.01104127753247065,0.7836226164985612,621,621.9998
subject_605,Horizontal,UTL_IMF,-0.10245622436003665,0.010625554006030302,621,621.9998
subject_605,Horizontal,UTR_IMF,0.015112356974008633,0.7070204519464016,621,621.9998
subject_606,Sagittal,MTL_IMF,0.0272666153098693,0.5976645494556443,377,376.9994
subject_606,Sagittal,MTR_IMF,0.00019319657765671697,0.9970169221509919,377,376.9994
subject_606,Sagittal,SCML_IMF,-0.14633972946482018,0.004409015169481892,377,376.9994
subject_606,Sagittal,SCMR_IMF,0.009325213443330566,0.8567870908821748,377,376.9994
subject_606,Sagittal,STL_IMF,-0.08870035852790369,0.08544664748114181,377,376.9994
subject_606,Sagittal,STR_IMF,-0.23303297547470692,4.813323169573155e-06,377,376.9994
subject_606,Sagittal,UTL_IMF,0.14099007090557203,0.006103816608822314,377,376.9994
subject_606,Sagittal,UTR_IMF,0.11268756295315725,0.02869120328534465,377,376.9994
subject_606,Frontal,MTL_IMF,0.04826837476831363,0.349976433866562,377,376.9994
subject_606,Frontal,MTR_IMF,0.06264785679593003,0.22491793777111205,377,376.9994
subject_606,Frontal,SCML_IMF,-0.22828653394711923,7.567828799076213e-06,377,376.9994
subject_606,Frontal,SCMR_IMF,0.09365323007667796,0.06931328274094824,377,376.9994
subject_606,Frontal,STL_IMF,-0.042857963202826914,0.4066693444928503,377,376.9994
subject_606,Frontal,STR_IMF,-0.21688977036941748,2.157599968779114e-05,377,376.9994
subject_606,Frontal,UTL_IMF,0.2509338535302061,8.004407509521973e-07,377,376.9994
subject_606,Frontal,UTR_IMF,-0.012800086735355678,0.8043529365793499,377,376.9994
subject_606,Horizontal,MTL_IMF,0.029961517974257175,0.5619511384208153,377,376.9994
subject_606,Horizontal,MTR_IMF,0.1406036200296382,0.006246375951919228,377,376.9994
subject_606,Horizontal,SCML_IMF,-0.0655325290826817,0.20424451632587845,377,376.9994
subject_606,Horizontal,SCMR_IMF,-0.036616902926986314,0.47841851949183084,377,376.9994
subject_606,Horizontal,STL_IMF,0.03684586660782893,0.4756701220196902,377,376.9994
subject_606,Horizontal,STR_IMF,0.06025194398517697,0.24318741630000784,377,376.9994
subject_606,Horizontal,UTL_IMF,0.04736348490281019,0.3590936646325005,377,376.9994
subject_606,Horizontal,UTR_IMF,0.13498132562943269,0.008685785699333062,377,376.9994
subject_607,Sagittal,MTL_IMF,0.05889020061898852,0.1255449502113884,678,677.9994
subject_607,Sagittal,MTR_IMF,0.14503160348350763,0.0001509625535744934,678,677.9994
subject_607,Sagittal,SCML_IMF,0.13658371424352148,0.00036165556601904186,678,677.9994
subject_607,Sagittal,SCMR_IMF,0.06247844738161759,0.10407155746479532,678,677.9994
subject_607,Sagittal,STL_IMF,0.06271119590462518,0.10278606228078918,678,677.9994
subject_607,Sagittal,STR_IMF,-0.014838957273217115,0.6997251816406205,678,677.9994
subject_607,Sagittal,UTL_IMF,0.23717068604328861,4.0110311797724963e-10,678,677.9994
subject_607,Sagittal,UTR_IMF,0.2102978714698375,3.245422037580605e-08,678,677.9994
subject_607,Frontal,MTL_IMF,0.03630026066065985,0.44392797127481975,447,677.9994
subject_607,Frontal,MTR_IMF,0.02921671502157177,0.5378201649509986,447,677.9994
subject_607,Frontal,SCML_IMF,0.08621378360077886,0.06859892211598403,447,677.9994
subject_607,Frontal,SCMR_IMF,0.04468212864502731,0.3459305992236802,447,677.9994
subject_607,Frontal,STL_IMF,-0.09576155342237883,0.04301027202808926,447,677.9994
subject_607,Frontal,STR_IMF,-0.001949766602045989,0.9672103468638976,447,677.9994
subject_607,Frontal,UTL_IMF,0.24470394356426486,1.614539999067986e-07,447,677.9994
subject_607,Frontal,UTR_IMF,0.29400969779758845,2.3080713038788193e-10,447,677.9994
subject_607,Horizontal,MTL_IMF,-0.013323830883983019,0.7291120947979558,678,677.9994
subject_607,Horizontal,MTR_IMF,-0.05974574277325254,0.12013588018163959,678,677.9994
subject_607,Horizontal,SCML_IMF,0.053390505869647886,0.16494516451025992,678,677.9994
subject_607,Horizontal,SCMR_IMF,0.09121728821712227,0.01751441142275941,678,677.9994
subject_607,Horizontal,STL_IMF,-0.03446267424983293,0.3702717909261688,678,677.9994
subject_607,Horizontal,STR_IMF,-0.013285557750238555,0.7298598115326627,678,677.9994
subject_607,Horizontal,UTL_IMF,0.0881451700246779,0.021710424004904905,678,677.9994
subject_607,Horizontal,UTR_IMF,0.057456880116253106,0.13502895846085256,678,677.9994
subject_608,Sagittal,MTL_IMF,-0.14030335917960515,0.007847945114795097,358,357.9994
subject_608,Sagittal,MTR_IMF,-0.1893984251273841,0.00031369002243912325,358,357.9994
subject_608,Sagittal,SCML_IMF,-0.13625127322424538,0.009850706717512864,358,357.9994
subject_608,Sagittal,SCMR_IMF,-0.00221066592933599,0.9667525770315897,358,357.9994
subject_608,Sagittal,STL_IMF,0.02708834569220719,0.6094653081827615,358,357.9994
subject_608,Sagittal,STR_IMF,0.020268916285463037,0.7023100931762033,358,357.9994
subject_608,Sagittal,UTL_IMF,0.22957824855413242,1.1472862001089475e-05,358,357.9994
subject_608,Sagittal,UTR_IMF,0.11266474434150456,0.03308492388333449,358,357.9994
subject_608,Frontal,MTL_IMF,0.3525336447468702,7.939358599226333e-12,355,357.9994
subject_608,Frontal,MTR_IMF,0.2223375725716665,2.3638905930327743e-05,355,357.9994
subject_608,Frontal,SCML_IMF,0.16768732920688637,0.0015201487688572585,355,357.9994
subject_608,Frontal,SCMR_IMF,0.2215543025599763,2.5295977913321912e-05,355,357.9994
subject_608,Frontal,STL_IMF,0.022262784021249295,0.6759212151711637,355,357.9994
subject_608,Frontal,STR_IMF,0.04917850985523937,0.35554603467427737,355,357.9994
subject_608,Frontal,UTL_IMF,0.07903441256143529,0.13722723846934773,355,357.9994
subject_608,Frontal,UTR_IMF,0.09620940740705268,0.07021317503848755,355,357.9994
subject_608,Horizontal,MTL_IMF,-0.4175213095800915,1.713834147065719e-16,357,357.9994
subject_608,Horizontal,MTR_IMF,-0.3440199941728946,2.3518011683444487e-11,357,357.9994
subject_608,Horizontal,SCML_IMF,-0.11446459092557806,0.030597261496621113,357,357.9994
subject_608,Horizontal,SCMR_IMF,-0.22309774424163073,2.0973854556003777e-05,357,357.9994
subject_608,Horizontal,STL_IMF,0.005548010375347977,0.916804515776471,357,357.9994
subject_608,Horizontal,STR_IMF,-0.02520963754887441,0.634981539177044,357,357.9994
subject_608,Horizontal,UTL_IMF,-0.05304043140045611,0.3176211092302119,357,357.9994
subject_608,Horizontal,UTR_IMF,0.02237982000760956,0.6734454515884627,357,357.9994
subject_609,Sagittal,MTL_IMF,-0.10391299378575114,0.00991728833765331,615,614.9996
subject_609,Sagittal,MTR_IMF,-0.08891360142680764,0.027463349029443293,615,614.9996
subject_609,Sagittal,SCML_IMF,0.13050061130270474,0.0011802647234233933,615,614.9996
subject_609,Sagittal,SCMR_IMF,-0.0525459829124881,0.1931400234165742,615,614.9996
subject_609,Sagittal,STL_IMF,0.04037032298715619,0.31754179918978964,615,614.9996
subject_609,Sagittal,STR_IMF,0.07359400247477575,0.06817736952281667,615,614.9996
subject_609,Sagittal,UTL_IMF,0.1893503761691341,2.2559566049681902e-06,615,614.9996
subject_609,Sagittal,UTR_IMF,0.1044271139699007,0.00955506596547626,615,614.9996
subject_609,Frontal,MTL_IMF,0.17467527731477678,1.3214088676970725e-05,615,614.9996
subject_609,Frontal,MTR_IMF,0.1720768673376022,1.7808542573467325e-05,615,614.9996
subject_609,Frontal,SCML_IMF,-0.1461143026486876,0.00027725386358336246,615,614.9996
subject_609,Frontal,SCMR_IMF,0.09496565742322007,0.018492507209373718,615,614.9996
subject_609,Frontal,STL_IMF,-0.08506501012814127,0.03493803115839757,615,614.9996
subject_609,Frontal,STR_IMF,-0.1523805968708828,0.00014859694420350122,615,614.9996
subject_609,Frontal,UTL_IMF,-0.2591301611818154,6.803735435210997e-11,615,614.9996
subject_609,Frontal,UTR_IMF,-0.3171093553488616,7.824292119203436e-16,615,614.9996
subject_609,Horizontal,MTL_IMF,-0.03291711698668349,0.4151421155446455,615,614.9996
subject_609,Horizontal,MTR_IMF,0.03209540804902433,0.4268894776181002,615,614.9996
subject_609,Horizontal,SCML_IMF,0.0013104618165968895,0.9741273086419729,615,614.9996
subject_609,Horizontal,SCMR_IMF,-0.0766166012291154,0.05757021019412691,615,614.9996
subject_609,Horizontal,STL_IMF,0.037595361193087755,0.3519741323541497,615,614.9996
subject_609,Horizontal,STR_IMF,-0.060379384670413275,0.13473742783932957,615,614.9996
subject_609,Horizontal,UTL_IMF,-0.04679813735370639,0.24652549747041058,615,614.9996
subject_609,Horizontal,UTR_IMF,-0.06560839033541288,0.10406101820295935,615,614.9996
subject_610,Sagittal,MTL_IMF,0.022214253112355743,0.6506442804951211,418,417.9997
subject_610,Sagittal,MTR_IMF,0.03667008790751637,0.45462414707511745,418,417.9997
subject_610,Sagittal,SCML_IMF,0.15923930837037906,0.001087802527417716,418,417.9997
subject_610,Sagittal,SCMR_IMF,-0.10453217029015283,0.03262874862921597,418,417.9997
subject_610,Sagittal,STL_IMF,0.04985350647181254,0.30923073170494153,418,417.9997
subject_610,Sagittal,STR_IMF,-0.0854508821069392,0.08098335744612946,418,417.9997
subject_610,Sagittal,UTL_IMF,0.04573035334153096,0.35100200218214034,418,417.9997
subject_610,Sagittal,UTR_IMF,0.025149051111713384,0.6081507339664296,418,417.9997
subject_610,Frontal,MTL_IMF,0.03570636944281147,0.4665740662087739,418,417.9997
subject_610,Frontal,MTR_IMF,0.05529683400219317,0.25930969749824534,418,417.9997
subject_610,Frontal,SCML_IMF,-0.07804451889284084,0.11109812499998982,418,417.9997
subject_610,Frontal,SCMR_IMF,0.11949568860357691,0.014503536000069976,418,417.9997
subject_610,Frontal,STL_IMF,0.01030488365697287,0.8336220011962144,418,417.9997
subject_610,Frontal,STR_IMF,0.1889027686159771,0.00010207770820758697,418,417.9997
subject_610,Frontal,UTL_IMF,0.018658514976955948,0.7036744844721414,418,417.9997
subject_610,Frontal,UTR_IMF,0.07414260941020509,0.13017972783461704,418,417.9997
subject_610,Horizontal,MTL_IMF,0.01904053197215324,0.6979020328710797,418,417.9997
subject_610,Horizontal,MTR_IMF,0.13216798927239556,0.0068105305017183825,418,417.9997
subject_610,Horizontal,SCML_IMF,0.05092370960614123,0.298947074481708,418,417.9997
subject_610,Horizontal,SCMR_IMF,-0.052837002874109855,0.28113499322370916,418,417.9997
subject_610,Horizontal,STL_IMF,-0.012572020449960211,0.7977377376049324,418,417.9997
subject_610,Horizontal,STR_IMF,-0.05879018171299761,0.23036997065619588,418,417.9997
subject_610,Horizontal,UTL_IMF,0.12084581764603493,0.013422166949221947,418,417.9997
subject_610,Horizontal,UTR_IMF,0.05535510350911502,0.25880727659465164,418,417.9997
subject_611,Sagittal,MTL_IMF,-0.11952999914382968,0.0012919770221279088,722,721.9998
subject_611,Sagittal,MTR_IMF,0.11368607241362624,0.0022179388576066684,722,721.9998
subject_611,Sagittal,SCML_IMF,-0.2581109835703613,1.879770050445054e-12,722,721.9998
subject_611,Sagittal,SCMR_IMF,-0.2495493132649154,1.0340441919183225e-11,722,721.9998
subject_611,Sagittal,STL_IMF,-0.016847542893347188,0.6513106585651589,722,721.9998
subject_611,Sagittal,STR_IMF,-0.06438001926139703,0.08386439248375908,722,721.9998
subject_611,Sagittal,UTL_IMF,0.18078100902186417,1.0108148032492815e-06,722,721.9998
subject_611,Sagittal,UTR_IMF,0.2791463016466967,2.1711464262930023e-14,722,721.9998
subject_611,Frontal,MTL_IMF,-0.11812264983445442,0.0014747800389367251,722,721.9998
subject_611,Frontal,MTR_IMF,0.09490850942106567,0.01072479799895295,722,721.9998
subject_611,Frontal,SCML_IMF,-0.19527652886776337,1.2298706438901188e-07,722,721.9998
subject_611,Frontal,SCMR_IMF,-0.2378554168326439,9.592329182639025e-11,722,721.9998
subject_611,Frontal,STL_IMF,-0.024103592963396488,0.5178671104598277,722,721.9998
subject_611,Frontal,STR_IMF,-0.06709710700734878,0.07157528368666059,722,721.9998
subject_611,Frontal,UTL_IMF,0.16466124999061757,8.700452546782921e-06,722,721.9998
subject_611,Frontal,UTR_IMF,0.152470363929802,3.89089393086432e-05,722,721.9998
subject_611,Horizontal,MTL_IMF,0.04041923987642981,0.2780861148273494,722,721.9998
subject_611,Horizontal,MTR_IMF,0.024428664728144492,0.5122359346150065,722,721.9998
subject_611,Horizontal,SCML_IMF,-0.012385375650493444,0.739714179158026,722,721.9998
subject_611,Horizontal,SCMR_IMF,-0.003427903866536466,0.9267388373377282,722,721.9998
subject_611,Horizontal,STL_IMF,-0.04376944601873294,0.24014969882271248,722,721.9998
subject_611,Horizontal,STR_IMF,0.07293946412530705,0.05010086739210081,722,721.9998
subject_611,Horizontal,UTL_IMF,-0.020236925929742387,0.5872118860583844,722,721.9998
subject_611,Horizontal,UTR_IMF,-0.07115265411879247,0.05600640640188748,722,721.9998
subject_612,Sagittal,MTL_IMF,0.4126978560876644,1.9285470124417103e-24,560,559.9998
subject_612,Sagittal,MTR_IMF,0.35068523748662717,1.1961250847596864e-17,560,559.9998
subject_612,Sagittal,SCML_IMF,-0.020818154652966867,0.6230021832027054,560,559.9998
subject_612,Sagittal,SCMR_IMF,-0.1267724285513698,0.002652195653825689,560,559.9998
subject_612,Sagittal,STR_IMF,-0.14510107134882055,0.0005725606918914945,560,559.9998
subject_612,Sagittal,UTL_IMF,-0.015392607709047728,0.7162588921430109,560,559.9998
subject_612,Sagittal,UTR_IMF,0.31202966410222605,4.1261668090668853e-14,560,559.9998
subject_612,Frontal,MTL_IMF,-0.2168026616665503,2.2097475405250446e-07,560,559.9998
subject_612,Frontal,MTR_IMF,-0.18511466907504126,1.038558079139182e-05,560,559.9998
subject_612,Frontal,SCML_IMF,0.0466943010481166,0.26997436870786296,560,559.9998
subject_612,Frontal,SCMR_IMF,0.04160115689820618,0.3257606330414407,560,559.9998
subject_612,Frontal,STR_IMF,0.061370595542786635,0.1469426320781226,560,559.9998
subject_612,Frontal,UTL_IMF,0.0010623128418490709,0.9799889626911367,560,559.9998
subject_612,Frontal,UTR_IMF,-0.19618734499703855,2.8996837537905543e-06,560,559.9998
subject_612,Horizontal,MTL_IMF,-0.10182203588545698,0.015933607506117498,560,559.9998
subject_612,Horizontal,MTR_IMF,-0.03945967644647069,0.35130400551990126,560,559.9998
subject_612,Horizontal,SCML_IMF,0.03663897014189806,0.38682502707057875,560,559.9998
subject_612,Horizontal,SCMR_IMF,0.10901330564563111,0.009832658173333304,560,559.9998
subject_612,Horizontal,STR_IMF,0.11683858578858278,0.005636438367657536,560,559.9998
subject_612,Horizontal,UTL_IMF,0.005728104663296456,0.8924142757402107,560,559.9998
subject_612,Horizontal,UTR_IMF,0.01616974457609154,0.7025978797750029,560,559.9998
subject_613,Sagittal,MTL_IMF,0.03725597726934492,0.5723478204116617,232,537.9996
subject_613,Sagittal,MTR_IMF,0.15427817771812094,0.018708077003855475,232,537.9996
subject_613,Sagittal,SCMR_IMF,-0.017948676652126315,0.7856748004813807,232,537.9996
subject_613,Sagittal,STL_IMF,-0.08815175290732678,0.18088293097773606,232,537.9996
subject_613,Sagittal,STR_IMF,-0.018753410654540482,0.7763141481852092,232,537.9996
subject_613,Sagittal,UTL_IMF,-0.05588131812950964,0.3968704280512565,232,537.9996
subject_613,Sagittal,UTR_IMF,0.1039532688599156,0.11431362197174325,232,537.9996
subject_613,Frontal,MTL_IMF,-0.03524258965338512,0.5932961148504393,232,537.9996
subject_613,Frontal,MTR_IMF,0.01108164583842951,0.8666744898413171,232,537.9996
subject_613,Frontal,SCMR_IMF,0.05097437039252165,0.43968378707739963,232,537.9996
subject_613,Frontal,STL_IMF,0.03996780591620263,0.5446971148879811,232,537.9996
subject_613,Frontal,STR_IMF,-0.06724696678020027,0.30777693494288627,232,537.9996
subject_613,Frontal,UTL_IMF,0.1407898616405113,0.03206875275532581,232,537.9996
subject_613,Frontal,UTR_IMF,0.03392150344350085,0.607228100077825,232,537.9996
subject_613,Horizontal,MTL_IMF,-0.10644512379447166,0.10584283343008931,232,537.9996
subject_613,Horizontal,MTR_IMF,-0.11291381648477712,0.08615203210156372,232,537.9996
subject_613,Horizontal,SCMR_IMF,-0.0649016888920409,0.32499177910365123,232,537.9996
subject_613,Horizontal,STL_IMF,-0.14480752426295063,0.027428422064671183,232,537.9996
subject_613,Horizontal,STR_IMF,0.08483341875241338,0.19792461062202307,232,537.9996
subject_613,Horizontal,UTL_IMF,0.08106425567943641,0.2186633246119758,232,537.9996
subject_613,Horizontal,UTR_IMF,0.012451475008005896,0.850376439296919,232,537.9996
subject_614,Sagittal,MTL_IMF,0.05237633225941304,0.19062424046445436,626,625.9998
subject_614,Sagittal,SCML_IMF,-0.12104562847210944,0.0024159905379392043,626,625.9998
subject_614,Sagittal,SCMR_IMF,0.08438314570671063,0.0347884897589311,626,625.9998
subject_614,Sagittal,STL_IMF,-0.0441120380057123,0.2704558279624112,626,625.9998
subject_614,Sagittal,STR_IMF,0.22566670034044237,1.1384659632508635e-08,626,625.9998
subject_614,Sagittal,UTL_IMF,0.08152335314793466,0.04144684282137213,626,625.9998
subject_614,Sagittal,UTR_IMF,0.34890894867965866,2.330202888620092e-19,626,625.9998
subject_614,Frontal,MTL_IMF,0.033223891920861455,0.406635349183417,626,625.9998
subject_614,Frontal,SCML_IMF,0.07699239759406304,0.05418462138853387,626,625.9998
subject_614,Frontal,SCMR_IMF,-0.051198156066677235,0.2008068134884172,626,625.9998
subject_614,Frontal,STL_IMF,-0.04913977736943086,0.21953656900341614,626,625.9998
subject_614,Frontal,STR_IMF,0.06165392130233722,0.12332560771715788,626,625.9998
subject_614,Frontal,UTL_IMF,-0.01740609423522876,0.6638071609716514,626,625.9998
subject_614,Frontal,UTR_IMF,0.0730644076633906,0.06772089705418029,626,625.9998
subject_614,Horizontal,MTL_IMF,-0.000885921111917474,0.9823510823407346,626,625.9998
subject_614,Horizontal,SCML_IMF,-0.05258408319131796,0.18886876565854147,626,625.9998
subject_614,Horizontal,SCMR_IMF,-0.0353076802058387,0.3778269550756831,626,625.9998
subject_614,Horizontal,STL_IMF,-0.06289119703258195,0.11596244961109417,626,625.9998
subject_614,Horizontal,STR_IMF,-0.0220352694136752,0.5821224121914895,626,625.9998
subject_614,Horizontal,UTL_IMF,-0.0677431841729695,0.09036182884903446,626,625.9998
subject_614,Horizontal,UTR_IMF,-0.007195781096509532,0.8574031051000633,626,625.9998
subject_615,Sagittal,MTL_IMF,0.2443079367954196,4.141849065598029e-09,564,563.9998
subject_615,Sagittal,MTR_IMF,0.269680282559433,7.447165684349811e-11,564,563.9998
subject_615,Sagittal,SCML_IMF,0.2579167134351408,5.064869546729273e-10,564,563.9998
subject_615,Sagittal,SCMR_IMF,0.022668773667954622,0.5911099903712475,564,563.9998
subject_615,Sagittal,STL_IMF,0.11714548616661566,0.005344932296784071,564,563.9998
subject_615,Sagittal,STR_IMF,0.12799753266507555,0.0023224344820898116,564,563.9998
subject_615,Sagittal,UTL_IMF,-0.14925651037296192,0.0003755088515553205,564,563.9998
subject_615,Sagittal,UTR_IMF,-0.10098827440704408,0.01643300340687244,564,563.9998
subject_615,Frontal,MTL_IMF,-0.0016524725139392155,0.9687652094303181,564,563.9998
subject_615,Frontal,MTR_IMF,-0.10950024760593143,0.009253402960483563,564,563.9998
subject_615,Frontal,SCML_IMF,-0.2545342914555481,8.638095054047827e-10,564,563.9998
subject_615,Frontal,SCMR_IMF,0.015785047311856544,0.7083554195207628,564,563.9998
subject_615,Frontal,STL_IMF,0.10500939939002628,0.012588465789813683,564,563.9998
subject_615,Frontal,STR_IMF,-0.012714678742229008,0.7631863850524673,564,563.9998
subject_615,Frontal,UTL_IMF,0.4005423399204645,3.79906220764163e-23,564,563.9998
subject_615,Frontal,UTR_IMF,0.2928729614941739,1.28328461356706e-12,564,563.9998
subject_615,Horizontal,MTL_IMF,-0.014789320327657653,0.7259883703145549,564,563.9998
subject_615,Horizontal,MTR_IMF,0.05573476767196159,0.1862619572361033,564,563.9998
subject_615,Horizontal,SCML_IMF,0.03129441087039642,0.4582485679320716,564,563.9998
subject_615,Horizontal,SCMR_IMF,0.06464981442262005,0.12514129888677752,564,563.9998
subject_615,Horizontal,STL_IMF,-0.07324420663465467,0.08222327234826689,564,563.9998
subject_615,Horizontal,STR_IMF,-0.029507984170222795,0.48431872339865656,564,563.9998
subject_615,Horizontal,UTL_IMF,-0.003906881980320404,0.9262389708649349,564,563.9998
subject_615,Horizontal,UTR_IMF,0.01155861471541383,0.7841599059149252,564,563.9998
subject_616,Sagittal,MTL_IMF,-0.03341831839508751,0.410376988994061,609,608.9993
subject_616,Sagittal,MTR_IMF,0.10543609597290869,0.009218048902769439,609,608.9993
subject_616,Sagittal,SCML_IMF,0.1839758733159162,4.8800658067014304e-06,609,608.9993
subject_616,Sagittal,SCMR_IMF,0.24033486464118667,1.8893601437797513e-09,609,608.9993
subject_616,Sagittal,STL_IMF,-0.21006195916410983,1.6793472070985053e-07,609,608.9993
subject_616,Sagittal,STR_IMF,-0.13728016084749672,0.0006814765352494308,609,608.9993
subject_616,Sagittal,UTL_IMF,0.009028579054301638,0.8240388016064405,609,608.9993
subject_616,Sagittal,UTR_IMF,-0.013601896032839234,0.7376307815731197,609,608.9993
subject_616,Frontal,MTL_IMF,-0.013027852116305779,0.7566988227307803,568,608.9993
subject_616,Frontal,MTR_IMF,-0.11766043323753306,0.004988848546076829,568,608.9993
subject_616,Frontal,SCML_IMF,-0.24301278201123622,4.435398844658264e-09,568,608.9993
subject_616,Frontal,SCMR_IMF,-0.2466090640051517,2.5743792214431413e-09,568,608.9993
subject_616,Frontal,STL_IMF,0.18460655075235594,9.506495115532132e-06,568,608.9993
subject_616,Frontal,STR_IMF,0.08242683714330379,0.049591256383382104,568,608.9993
subject_616,Frontal,UTL_IMF,-0.03419460204185397,0.41599218609637356,568,608.9993
subject_616,Frontal,UTR_IMF,-0.049467268093192136,0.23916971375315904,568,608.9993
subject_616,Horizontal,MTL_IMF,-0.016796301838970653,0.6828861245581366,594,608.9993
subject_616,Horizontal,MTR_IMF,0.12276916586241583,0.002724836903180435,594,608.9993
subject_616,Horizontal,SCML_IMF,0.23067120342456754,1.2931140627870557e-08,594,608.9993
subject_616,Horizontal,SCMR_IMF,0.30230930016491664,5.1023527030565485e-14,594,608.9993
subject_616,Horizontal,STL_IMF,-0.26563256339269964,4.738017074282515e-11,594,608.9993
subject_616,Horizontal,STR_IMF,-0.10915982864958398,0.007749042081089892,594,608.9993
subject_616,Horizontal,UTL_IMF,0.034187452917314794,0.40557346241934394,594,608.9993
subject_616,Horizontal,UTR_IMF,0.038263519126472335,0.35188487614873254,594,608.9993
subject_617,Sagittal,MTL_IMF,0.11775774814976349,0.005227901800478355,561,560.9996
subject_617,Sagittal,MTR_IMF,0.32903564903739163,1.246297906415281e-15,561,560.9996
subject_617,Sagittal,SCML_IMF,0.14528864438424327,0.000556690694798248,561,560.9996
subject_617,Sagittal,SCMR_IMF,-0.09137004829770441,0.03047658687831281,561,560.9996
subject_617,Sagittal,STL_IMF,0.33868104565966706,1.5980334870972583e-16,561,560.9996
subject_617,Sagittal,STR_IMF,0.18965875362899737,6.0897718476405345e-06,561,560.9996
subject_617,Sagittal,UTL_IMF,0.11048529203263213,0.008816769287779146,561,560.9996
subject_617,Sagittal,UTR_IMF,0.1327139155206203,0.00163090726870388,561,560.9996
subject_617,Frontal,MTL_IMF,0.07907361185069899,0.06125542183075625,561,560.9996
subject_617,Frontal,MTR_IMF,0.18280803787352062,1.3185779722084084e-05,561,560.9996
subject_617,Frontal,SCML_IMF,0.10520401340884886,0.01266091731247877,561,560.9996
subject_617,Frontal,SCMR_IMF,-0.09874151726849276,0.0193230841065585,561,560.9996
subject_617,Frontal,STL_IMF,0.14358326165015187,0.0006474010571468933,561,560.9996
subject_617,Frontal,STR_IMF,0.09182123846221416,0.029662280021635384,561,560.9996
subject_617,Frontal,UTL_IMF,-0.006361642215211807,0.8804934362210538,561,560.9996
subject_617,Frontal,UTR_IMF,0.1469666887443812,0.00047908366024559696,561,560.9996
subject_617,Horizontal,MTL_IMF,-0.09172826417224868,0.02982853625463386,561,560.9996
subject_617,Horizontal,MTR_IMF,-0.37600561479636535,2.790054897529551e-20,561,560.9996
subject_617,Horizontal,SCML_IMF,-0.1389833310956146,0.0009648841520814324,561,560.9996
subject_617,Horizontal,SCMR_IMF,0.08393104182350518,0.04692055652667977,561,560.9996
subject_617,Horizontal,STL_IMF,-0.326832076149597,1.9725227217847606e-15,561,560.9996
subject_617,Horizontal,STR_IMF,-0.24203510020587116,6.380314903643928e-09,561,560.9996
subject_617,Horizontal,UTL_IMF,-0.1528622237945866,0.0002791569824041718,561,560.9996
subject_617,Horizontal,UTR_IMF,-0.31940002207672646,9.029447119043762e-15,561,560.9996
subject_618,Sagittal,MTL_IMF,0.2794525839443575,2.746787835033375e-13,659,658.9993
subject_618,Sagittal,MTR_IMF,0.16212534989254931,2.8932013816829808e-05,659,658.9993
subject_618,Sagittal,SCML_IMF,0.21807961254241376,1.550268994951148e-08,659,658.9993
subject_618,Sagittal,SCMR_IMF,-0.0065305129925851135,0.8671117504979678,659,658.9993
subject_618,Sagittal,STL_IMF,0.08785609626441902,0.024106078317133753,659,658.9993
subject_618,Sagittal,UTL_IMF,0.36640164623677135,2.2818793329000096e-22,659,658.9993
subject_618,Sagittal,UTR_IMF,0.23921278046026612,4.981293362053338e-10,659,658.9993
subject_618,Frontal,MTL_IMF,-0.08336223809724101,0.03264743206487852,657,658.9993
subject_618,Frontal,MTR_IMF,-0.1576958906963879,4.911597899610623e-05,657,658.9993
subject_618,Frontal,SCML_IMF,-0.048530427940774154,0.21412745544608808,657,658.9993
subject_618,Frontal,SCMR_IMF,0.08643272863457926,0.02673447097192037,657,658.9993
subject_618,Frontal,STL_IMF,0.3331441470339555,1.7123847738784758e-18,657,658.9993
subject_618,Frontal,UTL_IMF,-0.24615574274529292,1.5937039521855576e-10,657,658.9993
subject_618,Frontal,UTR_IMF,-0.1363823806960298,0.00045576766117665416,657,658.9993
subject_618,Horizontal,MTL_IMF,0.1853791318145606,1.7173914720378605e-06,657,658.9993
subject_618,Horizontal,MTR_IMF,0.13043722757324858,0.0008042444743600158,657,658.9993
subject_618,Horizontal,SCML_IMF,0.08296660165174542,0.033485108076936394,657,658.9993
subject_618,Horizontal,SCMR_IMF,-0.09361415863372052,0.01638510002832974,657,658.9993
subject_618,Horizontal,STL_IMF,-0.21934961735276204,1.3391503745589883e-08,657,658.9993
subject_618,Horizontal,UTL_IMF,0.27848337992294064,3.6277344534959125e-13,657,658.9993
subject_618,Horizontal,UTR_IMF,0.1479953012845894,0.00014056168985623175,657,658.9993
subject_619,Sagittal,MTL_IMF,0.084210837207167,0.09940669216201009,384,528.9999
subject_619,Sagittal,MTR_IMF,-0.040931157233821035,0.423824390706059,384,528.9999
subject_619,Sagittal,SCML_IMF,-0.21715666879864676,1.76397212246965e-05,384,528.9999
subject_619,Sagittal,SCMR_IMF,0.17990702639802578,0.00039575329235495827,384,528.9999
subject_619,Sagittal,STL_IMF,-0.08205826397205251,0.10838968318229611,384,528.9999
subject_619,Sagittal,STR_IMF,-0.13226626339432157,0.009463529753644069,384,528.9999
subject_619,Sagittal,UTL_IMF,0.024233906758693913,0.6359228306580608,384,528.9999
subject_619,Sagittal,UTR_IMF,-0.0037675227788435336,0.9413385048636931,384,528.9999
subject_619,Frontal,MTL_IMF,-0.006301894383981538,0.9021636343339421,383,528.9999
subject_619,Frontal,MTR_IMF,0.06716388963837233,0.18965232500293241,383,528.9999
subject_619,Frontal,SCML_IMF,-0.11786476109387736,0.02104553579168224,383,528.9999
subject_619,Frontal,SCMR_IMF,0.07733897981855908,0.13082154067718207,383,528.9999
subject_619,Frontal,STL_IMF,-0.01102562547736036,0.829707290916257,383,528.9999
subject_619,Frontal,STR_IMF,-0.017594848745227504,0.7314186364141418,383,528.9999
subject_619,Frontal,UTL_IMF,0.02241832116729326,0.6618531111356223,383,528.9999
subject_619,Frontal,UTR_IMF,0.021369472010647286,0.6767592663707926,383,528.9999
subject_619,Horizontal,MTL_IMF,-0.005786352452299355,0.9102497422789553,382,528.9999
subject_619,Horizontal,MTR_IMF,-0.14893171232412084,0.0035274535696982307,382,528.9999
subject_619,Horizontal,SCML_IMF,-0.07352625664357142,0.15148954110054205,382,528.9999
subject_619,Horizontal,SCMR_IMF,-0.0525764664744614,0.30539197624826486,382,528.9999
subject_619,Horizontal,STL_IMF,-0.06246767802203031,0.22318282002705497,382,528.9999
subject_619,Horizontal,STR_IMF,-0.11192341521248318,0.028725694838010622,382,528.9999
subject_619,Horizontal,UTL_IMF,0.013449776941088015,0.7933030625681999,382,528.9999
subject_619,Horizontal,UTR_IMF,-0.09683416436326753,0.05864442064094617,382,528.9999
subject_620,Sagittal,MTL_IMF,0.1428021291923765,0.0004920289033769035,592,591.9996
subject_620,Sagittal,MTR_IMF,-0.025424624237907735,0.5369708163155433,592,591.9996
subject_620,Sagittal,SCML_IMF,-0.1353855116329591,0.0009588668022253663,592,591.9996
subject_620,Sagittal,SCMR_IMF,-0.13218818896381682,0.0012657400462396456,592,591.9996
subject_620,Sagittal,STL_IMF,0.1672493835127455,4.321322119757858e-05,592,591.9996
subject_620,Sagittal,STR_IMF,0.15271137134935625,0.0001917288301334536,592,591.9996
subject_620,Sagittal,UTL_IMF,-0.13101411022257398,0.0013995008008031082,592,591.9996
subject_620,Sagittal,UTR_IMF,-0.23712468578605908,5.194971555101373e-09,592,591.9996
subject_620,Frontal,MTL_IMF,-0.24898342847246663,8.138013482464969e-10,592,591.9996
subject_620,Frontal,MTR_IMF,0.05047552320629901,0.220082573693699,592,591.9996
subject_620,Frontal,SCML_IMF,0.3447876918424978,5.7418745505726535e-18,592,591.9996
subject_620,Frontal,SCMR_IMF,0.27793238701752043,5.81197419778228e-12,592,591.9996
subject_620,Frontal,STL_IMF,-0.373584588712446,4.800581139800611e-21,592,591.9996
subject_620,Frontal,STR_IMF,-0.29070392455279714,5.410663162662441e-13,592,591.9996
subject_620,Frontal,UTL_IMF,0.19048817029561732,3.0445970772005587e-06,592,591.9996
subject_620,Frontal,UTR_IMF,0.21251193673409427,1.7946157836789934e-07,592,591.9996
subject_620,Horizontal,MTL_IMF,0.0851819719954394,0.03826978724900366,592,591.9996
subject_620,Horizontal,MTR_IMF,-0.023104906557739467,0.5747611499414454,592,591.9996
subject_620,Horizontal,SCML_IMF,0.03395202334107512,0.40960999177537016,592,591.9996
subject_620,Horizontal,SCMR_IMF,-0.0048856326513215505,0.9055748041706259,592,591.9996
subject_620,Horizontal,STL_IMF,-0.050984558835304186,0.2154596977297074,592,591.9996
subject_620,Horizontal,STR_IMF,0.009425168580945905,0.8189896648479686,592,591.9996
subject_620,Horizontal,UTL_IMF,-0.09316621299597669,0.023391858951868388,592,591.9996
subject_620,Horizontal,UTR_IMF,-0.11084926206918871,0.006940143274749688,592,591.9996
subject_621,Sagittal,SCML_IMF,0.35363013292132756,1.3129379207329127e-21,685,684.9995
subject_621,Sagittal,SCMR_IMF,0.2122157123632441,2.045939290820722e-08,685,684.9995
subject_621,Sagittal,STL_IMF,-0.10418510989092786,0.00634812852586353,685,684.9995
subject_621,Sagittal,STR_IMF,0.1861131445603762,9.339451643858096e-07,685,684.9995
subject_621,Sagittal,UTL_IMF,0.4672772490351481,1.8916509701883797e-38,685,684.9995
subject_621,Frontal,SCML_IMF,-0.04298117639989988,0.26197193736716684,683,684.9995
subject_621,Frontal,SCMR_IMF,-0.19342847844790137,3.505188662782518e-07,683,684.9995
subject_621,Frontal,STL_IMF,-0.29703528030026527,2.223361382216256e-15,683,684.9995
subject_621,Frontal,STR_IMF,0.17282972389510082,5.5529678105428015e-06,683,684.9995
subject_621,Frontal,UTL_IMF,0.5207031961988892,9.974831660450699e-49,683,684.9995
subject_621,Horizontal,SCML_IMF,-0.17597476213955696,3.654921816886009e-06,684,684.9995
subject_621,Horizontal,SCMR_IMF,-0.27371352223528433,3.216333374397424e-13,684,684.9995
subject_621,Horizontal,STL_IMF,-0.20518289089163244,6.1590650525578e-08,684,684.9995
subject_621,Horizontal,STR_IMF,0.016236899323848742,0.6716378183861224,684,684.9995
subject_621,Horizontal,UTL_IMF,0.16530999171780417,1.3899622151953083e-05,684,684.9995
subject_623,Sagittal,MTL_IMF,0.0731438796050948,0.06379405442969113,643,642.9995
subject_623,Sagittal,MTR_IMF,0.15785162072377623,5.8159646039803214e-05,643,642.9995
subject_623,Sagittal,SCML_IMF,0.1814698420178638,3.636170136928274e-06,643,642.9995
subject_623,Sagittal,SCMR_IMF,0.22876087344291587,4.424584835531991e-09,643,642.9995
subject_623,Sagittal,STL_IMF,-0.10684466166687519,0.006691850673837507,643,642.9995
subject_623,Sagittal,STR_IMF,0.06218196713395867,0.11520281342336205,643,642.9995
subject_623,Sagittal,UTR_IMF,-0.016647301236792828,0.6735062040626959,643,642.9995
subject_623,Frontal,MTL_IMF,0.055831765963578806,0.15733273007499166,643,642.9995
subject_623,Frontal,MTR_IMF,0.03568673199919328,0.3662863906902225,643,642.9995
subject_623,Frontal,SCML_IMF,-0.018058009167940977,0.6476341971594288,643,642.9995
subject_623,Frontal,SCMR_IMF,-0.0536549609373105,0.17418323555456447,643,642.9995
subject_623,Frontal,STL_IMF,0.061737629746638926,0.117828240704405,643,642.9995
subject_623,Frontal,STR_IMF,0.05381505764138628,0.17289987565326634,643,642.9995
subject_623,Frontal,UTR_IMF,0.04035592346638386,0.30690008305673216,643,642.9995
subject_623,Horizontal,MTL_IMF,-0.057689416457743926,0.1439531737103887,643,642.9995
subject_623,Horizontal,MTR_IMF,-0.03199080581170738,0.4180356057872013,643,642.9995
subject_623,Horizontal,SCML_IMF,0.048694196873559116,0.21754240552439114,643,642.9995
subject_623,Horizontal,SCMR_IMF,0.07360509910974761,0.062134266449254925,643,642.9995
subject_623,Horizontal,STL_IMF,-0.06429034971711127,0.10336548648494336,643,642.9995
subject_623,Horizontal,STR_IMF,-0.0526459456278111,0.18243539343692577,643,642.9995
subject_623,Horizontal,UTR_IMF,-0.05998470315128482,0.12864483142635222,643,642.9995
subject_624,Sagittal,MTL_IMF,0.4333986875070567,6.4254520532735465e-43,909,908.9995
subject_624,Sagittal,MTR_IMF,0.38077976300413613,9.722158020828955e-33,909,908.9995
subject_624,Sagittal,SCML_IMF,-0.10977657489299877,0.0009158000943215476,909,908.9995
subject_624,Sagittal,SCMR_IMF,0.19621503773467716,2.435059747041231e-09,909,908.9995
subject_624,Sagittal,STL_IMF,0.46695649352616886,2.0376240481578463e-50,909,908.9995
subject_624,Sagittal,STR_IMF,0.45071517097771174,1.1040276248354722e-46,909,908.9995
subject_624,Sagittal,UTL_IMF,0.1526920191533333,3.7565654202149466e-06,909,908.9995
subject_624,Sagittal,UTR_IMF,0.25906939657479466,2.088486225365304e-15,909,908.9995
subject_624,Frontal,MTL_IMF,0.40309265088642343,7.809687467504338e-37,909,908.9995
subject_624,Frontal,MTR_IMF,0.3790573109634841,1.9541273930343838e-32,909,908.9995
subject_624,Frontal,SCML_IMF,-0.0882486259371171,0.007763230681679048,909,908.9995
subject_624,Frontal,SCMR_IMF,0.23318194460538672,1.0868356597005825e-12,909,908.9995
subject_624,Frontal,STL_IMF,0.47979895254718247,1.6253804343365243e-53,909,908.9995
subject_624,Frontal,STR_IMF,0.39247774789157036,7.586594757200168e-35,909,908.9995
subject_624,Frontal,UTL_IMF,0.09349761508075646,0.004784117893448757,909,908.9995
subject_624,Frontal,UTR_IMF,0.2741614026533044,3.886606978178228e-17,909,908.9995
subject_624,Horizontal,MTL_IMF,-0.051694288937759014,0.11936123112862733,909,908.9995
subject_624,Horizontal,MTR_IMF,-0.04639138450933249,0.16226002370202894,909,908.9995
subject_624,Horizontal,SCML_IMF,0.03654804833560775,0.27100045113709026,909,908.9995
subject_624,Horizontal,SCMR_IMF,-0.008721008419624976,0.7928755950278255,909,908.9995
subject_624,Horizontal,STL_IMF,0.03373018916205774,0.3097044691789307,909,908.9995
subject_624,Horizontal,STR_IMF,-0.0057401507151125086,0.8627876576927508,909,908.9995
subject_624,Horizontal,UTL_IMF,-0.018957355749564545,0.5681202877230566,909,908.9995
subject_624,Horizontal,UTR_IMF,0.010084183988003976,0.7614145550332618,909,908.9995
subject_625,Sagittal,MTL_IMF,0.42681100159143065,1.527284564706695e-41,909,908.9995
subject_625,Sagittal,MTR_IMF,0.3920551706847892,9.071462707700014e-35,909,908.9995
subject_625,Sagittal,SCML_IMF,-0.11087128723662472,0.0008126301229306877,909,908.9995
subject_625,Sagittal,SCMR_IMF,0.20916252106486377,1.914336955723776e-10,909,908.9995
subject_625,Sagittal,STL_IMF,0.4671048160162151,1.8797034233883371e-50,909,908.9995
subject_625,Sagittal,STR_IMF,0.43767709787353676,7.903894291831092e-44,909,908.9995
subject_625,Sagittal,UTL_IMF,0.13689935692793537,3.453466835605623e-05,909,908.9995
subject_625,Sagittal,UTR_IMF,0.2627463396978526,8.098423851108586e-16,909,908.9995
subject_625,Frontal,MTL_IMF,-0.06959564088827694,0.7465902458809002,24,908.9995
subject_625,Frontal,MTR_IMF,-0.16000024196652243,0.4551690294258179,24,908.9995
subject_625,Frontal,SCML_IMF,0.29900068872114655,0.15580765793014764,24,908.9995
subject_625,Frontal,SCMR_IMF,-0.1529438225803745,0.4755459427609677,24,908.9995
subject_625,Frontal,STL_IMF,-0.2869097810585554,0.17404748645269247,24,908.9995
subject_625,Frontal,STR_IMF,-0.06264973341725012,0.7711883070889153,24,908.9995
subject_625,Frontal,UTL_IMF,-0.05570079908591424,0.7960130797949323,24,908.9995
subject_625,Frontal,UTR_IMF,0.10448459488214322,0.6270550623216782,24,908.9995
subject_625,Horizontal,MTL_IMF,-0.08182848557685461,0.013592986856286727,909,908.9995
subject_625,Horizontal,MTR_IMF,-0.04514317777737192,0.17387092435220233,909,908.9995
subject_625,Horizontal,SCML_IMF,0.059237052749827074,0.07424749027534919,909,908.9995
subject_625,Horizontal,SCMR_IMF,-0.07570396926116363,0.022455004257056353,909,908.9995
subject_625,Horizontal,STL_IMF,-0.030728554910832213,0.3547588219362848,909,908.9995
subject_625,Horizontal,STR_IMF,0.008263309371435419,0.8035177120275018,909,908.9995
subject_625,Horizontal,UTL_IMF,-0.009766058880612948,0.7687236037125073,909,908.9995
subject_625,Horizontal,UTR_IMF,0.055697416408316915,0.09329859386321199,909,908.9995
subject_626,Sagittal,MTL_IMF,-0.04176038297396324,0.25914708087063987,732,731.9994
subject_626,Sagittal,MTR_IMF,-0.03557967526786284,0.3364088360529617,732,731.9994
subject_626,Sagittal,SCML_IMF,0.14856885365680453,5.456760842177974e-05,732,731.9994
subject_626,Sagittal,SCMR_IMF,0.11229041974925587,0.0023461503376713227,732,731.9994
subject_626,Sagittal,STL_IMF,0.04858189464829458,0.18920438488381305,732,731.9994
subject_626,Sagittal,STR_IMF,0.03044319957928485,0.4108271200170047,732,731.9994
subject_626,Sagittal,UTL_IMF,0.15317408608196395,3.158849476207666e-05,732,731.9994
subject_626,Sagittal,UTR_IMF,0.04551956441093259,0.21866436221688096,732,731.9994
subject_626,Frontal,MTL_IMF,0.0645032180303087,0.08115896680634589,732,731.9994
subject_626,Frontal,MTR_IMF,0.10019351295269927,0.006668067203357579,732,731.9994
subject_626,Frontal,SCML_IMF,0.16923827222382534,4.139501186804748e-06,732,731.9994
subject_626,Frontal,SCMR_IMF,0.10317577597684142,0.005203446088661624,732,731.9994
subject_626,Frontal,STL_IMF,-0.2913359452716561,8.702194176819372e-16,732,731.9994
subject_626,Frontal,STR_IMF,-0.13632545294067186,0.0002161664138293036,732,731.9994
subject_626,Frontal,UTL_IMF,-0.25025409012429706,6.475946133939127e-12,732,731.9994
subject_626,Frontal,UTR_IMF,0.10221539978459859,0.00563987858250895,732,731.9994
subject_626,Horizontal,MTL_IMF,0.03652523260018571,0.3237167489183861,732,731.9994
subject_626,Horizontal,MTR_IMF,0.15518750520438904,2.474932947821887e-05,732,731.9994
subject_626,Horizontal,SCML_IMF,0.004862172840909525,0.8955186345469333,732,731.9994
subject_626,Horizontal,SCMR_IMF,-0.1281236679493661,0.0005111264727054217,732,731.9994
subject_626,Horizontal,STL_IMF,-0.1720392891238234,2.84640519435136e-06,732,731.9994
subject_626,Horizontal,STR_IMF,-0.13990411095551664,0.0001462230701762756,732,731.9994
subject_626,Horizontal,UTL_IMF,-0.19014557406997223,2.182872238867863e-07,732,731.9994
subject_626,Horizontal,UTR_IMF,-0.051712763273591277,0.1622155648131854,732,731.9994
subject_627,Sagittal,SCML_IMF,-0.010455838350207903,0.7791170531149971,722,721.9998
subject_627,Sagittal,SCMR_IMF,-0.04212018448030853,0.2583445997352277,722,721.9998
subject_627,Sagittal,STL_IMF,0.030188568188302733,0.4179702479699822,722,721.9998
subject_627,Sagittal,STR_IMF,0.03021549764644122,0.41755491026986363,722,721.9998
subject_627,Sagittal,UTL_IMF,0.10269442770955677,0.005746091580552134,722,721.9998
subject_627,Sagittal,UTR_IMF,0.07982251344949738,0.03198948015292019,722,721.9998
subject_627,Frontal,SCML_IMF,-0.04483837629486455,0.2294976747967804,720,721.9998
subject_627,Frontal,SCMR_IMF,-0.0007758505960444282,0.9834194867629122,720,721.9998
subject_627,Frontal,STL_IMF,-0.05439839485122703,0.1447838322056296,720,721.9998
subject_627,Frontal,STR_IMF,-0.033387636839529465,0.37101318589505655,720,721.9998
subject_627,Frontal,UTL_IMF,0.0466439225554684,0.2112653574765837,720,721.9998
subject_627,Frontal,UTR_IMF,0.03486295588443276,0.3502369081448582,720,721.9998
subject_627,Horizontal,SCML_IMF,-0.006119239055838653,0.8701601071519117,716,721.9998
subject_627,Horizontal,SCMR_IMF,0.10711992128556257,0.004110092580708858,716,721.9998
subject_627,Horizontal,STL_IMF,0.09472388432238057,0.011215430142801798,716,721.9998
subject_627,Horizontal,STR_IMF,0.014052021964570786,0.7073867624375696,716,721.9998
subject_627,Horizontal,UTL_IMF,-0.04985956830073437,0.18264701572160644,716,721.9998
subject_627,Horizontal,UTR_IMF,-0.054311169877262214,0.1465571314933445,716,721.9998
subject_628,Sagittal,MTL_IMF,-0.1625868389461283,4.308310644351028e-05,627,626.9996
subject_628,Sagittal,MTR_IMF,-0.03877497219354029,0.3323699937481391,627,626.9996
subject_628,Sagittal,SCML_IMF,0.1721788304113633,1.4565047267576841e-05,627,626.9996
subject_628,Sagittal,SCMR_IMF,-0.07559702193366197,0.058507292604388736,627,626.9996
subject_628,Sagittal,STL_IMF,-0.025426310883680314,0.5250982550692627,627,626.9996
subject_628,Sagittal,STR_IMF,-0.11413410914349413,0.00421551540193526,627,626.9996
subject_628,Sagittal,UTL_IMF,-0.3442824531636849,6.905524564078649e-19,627,626.9996
subject_628,Sagittal,UTR_IMF,-0.1641338974917278,3.631647184221167e-05,627,626.9996
subject_628,Frontal,MTL_IMF,0.009159983831632856,0.8189366786687575,627,626.9996
subject_628,Frontal,MTR_IMF,0.017371439439187092,0.6641831013827609,627,626.9996
subject_628,Frontal,SCML_IMF,-0.060407016086456516,0.13080081446844916,627,626.9996
subject_628,Frontal,SCMR_IMF,0.06292952616993785,0.11544827445444826,627,626.9996
subject_628,Frontal,STL_IMF,0.002322843960427181,0.9537104314957576,627,626.9996
subject_628,Frontal,STR_IMF,-0.02905527758855751,0.4676887252064339,627,626.9996
subject_628,Frontal,UTL_IMF,0.03334883362324996,0.40449554545983146,627,626.9996
subject_628,Frontal,UTR_IMF,0.050966581932610576,0.2024921625744,627,626.9996
subject_628,Horizontal,MTL_IMF,-0.44723499245173953,3.6554183680204714e-32,627,626.9996
subject_628,Horizontal,MTR_IMF,-0.08533481380030637,0.0326455746940613,627,626.9996
subject_628,Horizontal,SCML_IMF,0.3312516054781291,1.6000161860012265e-17,627,626.9996
subject_628,Horizontal,SCMR_IMF,-0.4491087959176677,1.8875990693572723e-32,627,626.9996
subject_628,Horizontal,STL_IMF,0.04138687243694497,0.3008083895498494,627,626.9996
subject_628,Horizontal,STR_IMF,0.0036601111695329864,0.927121930241583,627,626.9996
subject_628,Horizontal,UTL_IMF,-0.3806953419369247,4.676739960384265e-23,627,626.9996
subject_628,Horizontal,UTR_IMF,-0.17114660397713308,1.6415428184035125e-05,627,626.9996
subject_629,Sagittal,MTL_IMF,0.02042372396351893,0.6793575844705119,412,411.9994
subject_629,Sagittal,MTR_IMF,0.0061395207114162,0.9011242930538242,412,411.9994
subject_629,Sagittal,SCML_IMF,0.005433635841135864,0.9124438851472731,412,411.9994
subject_629,Sagittal,SCMR_IMF,0.12270523913080712,0.012684633518630167,412,411.9994
subject_629,Sagittal,STL_IMF,-0.16440910306257825,0.0008086298196021333,412,411.9994
subject_629,Sagittal,STR_IMF,-0.1070540087160209,0.029810124452324373,412,411.9994
subject_629,Sagittal,UTL_IMF,0.0008173826028120215,0.9868030723447833,412,411.9994
subject_629,Sagittal,UTR_IMF,0.05580940501389035,0.25837235085765836,412,411.9994
subject_629,Frontal,MTL_IMF,0.01948970578155834,0.6932611080369385,412,411.9994
subject_629,Frontal,MTR_IMF,-0.15124251982433862,0.002081944574682077,412,411.9994
subject_629,Frontal,SCML_IMF,0.035699324996910774,0.4698974108925204,412,411.9994
subject_629,Frontal,SCMR_IMF,-0.26677584857772146,3.831021440825577e-08,412,411.9994
subject_629,Frontal,STL_IMF,0.3295551285038054,6.812819852243828e-12,412,411.9994
subject_629,Frontal,STR_IMF,0.2887958293224163,2.3462078717111634e-09,412,411.9994
subject_629,Frontal,UTL_IMF,-0.17967317407281044,0.0002466038604781681,412,411.9994
subject_629,Frontal,UTR_IMF,-0.2975504489253526,7.211900828838633e-10,412,411.9994
subject_629,Horizontal,MTL_IMF,-0.08533555199451977,0.0836272611838388,412,411.9994
subject_629,Horizontal,MTR_IMF,0.0040668102616488126,0.9344107181384066,412,411.9994
subject_629,Horizontal,SCML_IMF,-0.061653744872601085,0.2117307297635011,412,411.9994
subject_629,Horizontal,SCMR_IMF,-0.0108770306111134,0.8257813264716807,412,411.9994
subject_629,Horizontal,STL_IMF,-0.06375973286403984,0.1965082844778023,412,411.9994
subject_629,Horizontal,STR_IMF,-0.062015145432331754,0.20905981323171455,412,411.9994
subject_629,Horizontal,UTL_IMF,-0.0054212111390871,0.9126432935026965,412,411.9994
subject_629,Horizontal,UTR_IMF,0.023716792234677635,0.6312250946488216,412,411.9994
subject_630,Sagittal,MTL_IMF,-0.3122269673945698,3.222199083474343e-14,564,563.9998
subject_630,Sagittal,MTR_IMF,-0.03664312898518005,0.38507298022876824,564,563.9998
subject_630,Sagittal,SCML_IMF,-0.425390539238082,3.4185321061082094e-26,564,563.9998
subject_630,Sagittal,SCMR_IMF,0.07350685389282174,0.08112801358734449,564,563.9998
subject_630,Sagittal,STL_IMF,-0.2096631498934741,5.057357806718678e-07,564,563.9998
subject_630,Sagittal,STR_IMF,-0.14720029083453898,0.00045288246040025963,564,563.9998
subject_630,Sagittal,UTL_IMF,-0.2395696923274095,8.364518352401231e-09,564,563.9998
subject_630,Sagittal,UTR_IMF,-0.27287262091154585,4.354542670314643e-11,564,563.9998
subject_630,Frontal,MTL_IMF,-0.3411760312875441,7.690294128804223e-17,564,563.9998
subject_630,Frontal,MTR_IMF,-0.013342066666323768,0.7518752756772777,564,563.9998
subject_630,Frontal,SCML_IMF,-0.4364447215223539,1.2447576501065312e-27,564,563.9998
subject_630,Frontal,SCMR_IMF,0.037913601789868974,0.3687998486905946,564,563.9998
subject_630,Frontal,STL_IMF,-0.25565001191768416,7.249528532396751e-10,564,563.9998
subject_630,Frontal,STR_IMF,-0.18848779597402662,6.579262019953416e-06,564,563.9998
subject_630,Frontal,UTL_IMF,-0.2409922526174999,6.783738156964667e-09,564,563.9998
subject_630,Frontal,UTR_IMF,-0.2939169746983033,1.0593331506904566e-12,564,563.9998
subject_630,Horizontal,MTL_IMF,-0.3547000966635094,3.6539284841798955e-18,564,563.9998
subject_630,Horizontal,MTR_IMF,0.006972022186563454,0.8687778938766451,564,563.9998
subject_630,Horizontal,SCML_IMF,-0.3736804157492666,3.938345314975013e-20,564,563.9998
subject_630,Horizontal,SCMR_IMF,-0.022994998823927883,0.5857800245190032,564,563.9998
subject_630,Horizontal,STL_IMF,-0.26520568630567953,1.5614133891064593e-10,564,563.9998
subject_630,Horizontal,STR_IMF,-0.20562347408958567,8.428352750455472e-07,564,563.9998
subject_630,Horizontal,UTL_IMF,-0.25735212377905714,5.539887164654962e-10,564,563.9998
subject_630,Horizontal,UTR_IMF,-0.2597459365220291,3.78257550532188e-10,564,563.9998
subject_631,Sagittal,MTL_IMF,0.15414356403480836,0.00022346804397883478,569,568.9996
subject_631,Sagittal,MTR_IMF,-0.03795376770566596,0.36616865857662,569,568.9996
subject_631,Sagittal,SCML_IMF,-0.20795355309367752,5.604576432771601e-07,569,568.9996
subject_631,Sagittal,SCMR_IMF,-0.23309833402100294,1.847440537785762e-08,569,568.9996
subject_631,Sagittal,STL_IMF,-0.20871658756821573,5.083238566713982e-07,569,568.9996
subject_631,Sagittal,STR_IMF,-0.16577209991599792,7.094103271430441e-05,569,568.9996
subject_631,Sagittal,UTL_IMF,0.11125562424935313,0.007900905821121846,569,568.9996
subject_631,Sagittal,UTR_IMF,-0.22931877396823988,3.16666184883757e-08,569,568.9996
subject_631,Frontal,MTL_IMF,0.07254526408228093,0.0838184590155032,569,568.9996
subject_631,Frontal,MTR_IMF,0.034137526143817,0.41635956420921244,569,568.9996
subject_631,Frontal,SCML_IMF,-0.12737011550710278,0.002334734877145375,569,568.9996
subject_631,Frontal,SCMR_IMF,-0.27883059297132506,1.2765976877259457e-11,569,568.9996
subject_631,Frontal,STL_IMF,-0.2352827977896495,1.3472940607390328e-08,569,568.9996
subject_631,Frontal,STR_IMF,-0.193938728482358,3.157405841023212e-06,569,568.9996
subject_631,Frontal,UTL_IMF,0.26893589751181907,6.958863966809196e-11,569,568.9996
subject_631,Frontal,UTR_IMF,0.08795314585277153,0.035952671677310116,569,568.9996
subject_631,Horizontal,MTL_IMF,-0.011504515324462117,0.7842144366369193,569,568.9996
subject_631,Horizontal,MTR_IMF,-0.00711857355525719,0.8654559086745064,569,568.9996
subject_631,Horizontal,SCML_IMF,0.06173688351213023,0.14134002275030172,569,568.9996
subject_631,Horizontal,SCMR_IMF,0.18165697368984413,1.3006678033183144e-05,569,568.9996
subject_631,Horizontal,STL_IMF,0.1286493373354833,0.002106414050270675,569,568.9996
subject_631,Horizontal,STR_IMF,0.11237524006612035,0.0072926499589997355,569,568.9996
subject_631,Horizontal,UTL_IMF,-0.1959132544807595,2.4931547114241215e-06,569,568.9996
subject_631,Horizontal,UTR_IMF,-0.08700182519222542,0.03801538772302249,569,568.9996
subject_632,Sagittal,SCML_IMF,0.11339760082983857,0.004939791275367113,613,612.9993
subject_632,Sagittal,SCMR_IMF,0.04994418693332821,0.2169024273693245,613,612.9993
subject_632,Sagittal,STL_IMF,0.14000171959083524,0.0005083073204354156,613,612.9993
subject_632,Sagittal,STR_IMF,0.07984776372968858,0.04814813294983752,613,612.9993
subject_632,Sagittal,UTR_IMF,0.26604644285891527,2.162964003111236e-11,613,612.9993
subject_632,Frontal,SCML_IMF,-0.08047577052544252,0.04640937669674496,613,612.9993
subject_632,Frontal,SCMR_IMF,0.09690941581114643,0.01638976196803362,613,612.9993
subject_632,Frontal,STL_IMF,0.22943559692641327,9.149552385915229e-09,613,612.9993
subject_632,Frontal,STR_IMF,0.1166336878526292,0.0038316934763774745,613,612.9993
subject_632,Frontal,UTR_IMF,0.3605119081785277,2.985975576362358e-20,613,612.9993
subject_632,Horizontal,SCML_IMF,-0.07077108268704782,0.07997535309709417,613,612.9993
subject_632,Horizontal,SCMR_IMF,-0.011395094883749946,0.7782789278711376,613,612.9993
subject_632,Horizontal,STL_IMF,0.06346648792367703,0.11647748080840543,613,612.9993
subject_632,Horizontal,STR_IMF,0.04358994678417536,0.28123650340936573,613,612.9993
subject_632,Horizontal,UTR_IMF,0.03912254993700918,0.33353301943078106,613,612.9993
