subject,phase,angle,muscle,r,p,n
subject_541,Cooldown,Sagittal,MTL,-0.14016610331921747,0.2812952608078719,61
subject_541,Cooldown,Sagittal,MTR,0.12360580969531626,0.3425868218221829,61
subject_541,Cooldown,Sagittal,SCML,-0.025769703143390662,0.8437205572273702,61
subject_541,Cooldown,Sagittal,SCMR,0.3898187710162207,0.0018999184553633985,61
subject_541,Cooldown,Sagittal,STL,-0.08063781166613204,0.536720672217679,61
subject_541,Cooldown,Sagittal,STR,-0.08238538034001106,0.5279011182154643,61
subject_541,Cooldown,Sagittal,UTL,-0.0735088410441176,0.5734296847000188,61
subject_541,Cooldown,Sagittal,UTR,0.0542578464461487,0.6779174266618221,61
subject_541,Cooldown,Frontal,MTL,0.009185315554154416,0.9439891692160878,61
subject_541,Cooldown,Frontal,MTR,0.006800666323748944,0.9585154285770139,61
subject_541,Cooldown,Frontal,SCML,-0.24815072053194734,0.053817475246431816,61
subject_541,Cooldown,Frontal,SCMR,-0.31636346456712616,0.01299449900223861,61
subject_541,Cooldown,Frontal,STL,-0.21685587939711995,0.0932103596627646,61
subject_541,Cooldown,Frontal,STR,-0.04904722985006813,0.7073836360410777,61
subject_541,Cooldown,Frontal,UTL,-0.08555297115504082,0.5121006946551467,61
subject_541,Cooldown,Frontal,UTR,-0.1606252617418798,0.21622890317964266,61
subject_541,Cooldown,Horizontal,MTL,-0.17713166024536808,0.17204930545393804,61
subject_541,Cooldown,Horizontal,MTR,-0.07970924711041563,0.5414361023315912,61
subject_541,Cooldown,Horizontal,SCML,0.07528095560428143,0.5641971434656157,61
subject_541,Cooldown,Horizontal,SCMR,-0.09077997587575114,0.48656349732003107,61
subject_541,Cooldown,Horizontal,STL,0.15277605696163,0.23981493208490734,61
subject_541,Cooldown,Horizontal,STR,0.01771316602453681,0.892222267077169,61
subject_541,Cooldown,Horizontal,UTL,0.06421022683894594,0.6229803354969727,61
subject_541,Cooldown,Horizontal,UTR,0.04428291506134202,0.7347062953619774,61
subject_541,Second_threshold,Sagittal,MTL,0.3969394437199183,0.0018539957209987058,59
subject_541,Second_threshold,Sagittal,MTR,0.5681830695752448,2.680153116435309e-06,59
subject_541,Second_threshold,Sagittal,SCML,0.18717546650693653,0.1557413696916282,59
subject_541,Second_threshold,Sagittal,SCMR,0.036091140010776235,0.7861001294346238,59
subject_541,Second_threshold,Sagittal,STL,0.2976888086902837,0.022029978700309216,59
subject_541,Second_threshold,Sagittal,STR,0.12139747094533823,0.35971195420583285,59
subject_541,Second_threshold,Sagittal,UTL,0.3428973783016844,0.00784612750942212,59
subject_541,Second_threshold,Sagittal,UTR,0.4131236699660094,0.0011461488383794679,59
subject_541,Second_threshold,Frontal,MTL,-0.1941909610862444,0.1405450535338549,59
subject_541,Second_threshold,Frontal,MTR,-0.33565738130399786,0.009351089571930992,59
subject_541,Second_threshold,Frontal,SCML,0.06894747652033427,0.6038426841312107,59
subject_541,Second_threshold,Frontal,SCMR,0.2403173676784259,0.06674504777211954,59
subject_541,Second_threshold,Frontal,STL,-0.012651468474758442,0.9242335629453745,59
subject_541,Second_threshold,Frontal,STR,-0.007203467696154327,0.9568174922067837,59
subject_541,Second_threshold,Frontal,UTL,-0.4280312611723298,0.0007202328052758041,59
subject_541,Second_threshold,Frontal,UTR,-0.22657629904794663,0.08441055228514273,59
subject_541,Second_threshold,Horizontal,MTL,-0.4322379692854747,0.0006292924975659456,59
subject_541,Second_threshold,Horizontal,MTR,-0.578718614432219,1.577749270310117e-06,59
subject_541,Second_threshold,Horizontal,SCML,-0.21852030669432332,0.09636545933243247,59
subject_541,Second_threshold,Horizontal,SCMR,-0.3025665784998323,0.01984756495636842,59
subject_541,Second_threshold,Horizontal,STL,-0.33138244311886395,0.01035259128826096,59
subject_541,Second_threshold,Horizontal,STR,-0.15848725540467407,0.23056217507898713,59
subject_541,Second_threshold,Horizontal,UTL,-0.05282908513489136,0.6910848130340334,59
subject_541,Second_threshold,Horizontal,UTR,-0.32898112106727795,0.010954911138557248,59
subject_541,Vo2max,Sagittal,MTL,0.030308595087183594,0.819742695929813,59
subject_541,Vo2max,Sagittal,MTR,-0.01608357050617054,0.9037664887665412,59
subject_541,Vo2max,Sagittal,SCML,-0.3573411953793179,0.005462012033514072,59
subject_541,Vo2max,Sagittal,SCMR,-0.08842389651614649,0.5054296317539405,59
subject_541,Vo2max,Sagittal,STL,0.09339193273916362,0.48171409989467256,59
subject_541,Vo2max,Sagittal,STR,-0.045713081505315833,0.7309998151156067,59
subject_541,Vo2max,Sagittal,UTL,-0.1104405174757044,0.40500786334785305,59
subject_541,Vo2max,Sagittal,UTR,0.11312111256006616,0.3936307245901639,59
subject_541,Vo2max,Frontal,MTL,0.13107984695688424,0.32237999002108503,59
subject_541,Vo2max,Frontal,MTR,0.1927644808189474,0.14354134891029421,59
subject_541,Vo2max,Frontal,SCML,-0.2158962185172211,0.10053193473112061,59
subject_541,Vo2max,Frontal,SCMR,0.2004750600517053,0.12790067222746573,59
subject_541,Vo2max,Frontal,STL,0.12336926772412635,0.35190285335310817,59
subject_541,Vo2max,Frontal,STR,-0.007710579232757897,0.9537807223394827,59
subject_541,Vo2max,Frontal,UTL,0.18505390158618948,0.16056757089996215,59
subject_541,Vo2max,Frontal,UTR,0.2081856392844632,0.11358547733901377,59
subject_541,Vo2max,Horizontal,MTL,,,59
subject_541,Vo2max,Horizontal,MTR,,,59
subject_541,Vo2max,Horizontal,SCML,,,59
subject_541,Vo2max,Horizontal,SCMR,,,59
subject_541,Vo2max,Horizontal,STL,,,59
subject_541,Vo2max,Horizontal,STR,,,59
subject_541,Vo2max,Horizontal,UTL,,,59
subject_541,Vo2max,Horizontal,UTR,,,59
subject_541,WanT,Sagittal,MTL,-0.5613178230254507,0.0010186080301430986,31
subject_541,WanT,Sagittal,MTR,-0.3092597829938608,0.09047207580471398,31
subject_541,WanT,Sagittal,SCML,-0.5668733879894122,0.0008841160637594136,31
subject_541,WanT,Sagittal,SCMR,-0.46851931196075924,0.007852079453188795,31
subject_541,WanT,Sagittal,STL,-0.4016467707278884,0.025114757998483103,31
subject_541,WanT,Sagittal,STR,-0.5275729099110175,0.002288641633913291,31
subject_541,WanT,Sagittal,UTL,-0.5065852200471626,0.0036366066479940643,31
subject_541,WanT,Sagittal,UTR,-0.5545276880694976,0.0012070623703034215,31
subject_541,WanT,Frontal,MTL,0.2617573097448196,0.15489487979322697,31
subject_541,WanT,Frontal,MTR,-0.04215802825217046,0.8218392585532471,31
subject_541,WanT,Frontal,SCML,0.1963179823086147,0.2898377548472113,31
subject_541,WanT,Frontal,SCMR,0.1463995209950994,0.43194393602449355,31
subject_541,WanT,Frontal,STL,0.1459800381269186,0.43327884441417214,31
subject_541,WanT,Frontal,STR,0.3301330172582901,0.06970813921448855,31
subject_541,WanT,Frontal,UTL,0.15227228114963062,0.4134938123422111,31
subject_541,WanT,Frontal,UTR,0.30831990811288845,0.09150709180478743,31
subject_541,WanT,Horizontal,MTL,0.32117785601808235,0.0781080452540511,31
subject_541,WanT,Horizontal,MTR,0.31178022511910236,0.08774051905391266,31
subject_541,WanT,Horizontal,SCML,0.2918793596859682,0.1111045427649775,31
subject_541,WanT,Horizontal,SCMR,0.22471393884914023,0.22423001169608783,31
subject_541,WanT,Horizontal,STL,0.3261530723763659,0.07335008077959823,31
subject_541,WanT,Horizontal,STR,0.2581584488131574,0.16085609425642147,31
subject_541,WanT,Horizontal,UTL,0.3615323887019378,0.04567539585432103,31
subject_541,WanT,Horizontal,UTR,0.2639628678978216,0.15132102999546568,31
subject_541,Warmup,Sagittal,MTL,0.07297035326500612,0.5762489117004087,61
subject_541,Warmup,Sagittal,MTR,-0.08812844597222962,0.499433403828363,61
subject_541,Warmup,Sagittal,SCML,-0.3979880620105889,0.0014911050444579297,61
subject_541,Warmup,Sagittal,SCMR,-0.09658877678556366,0.45899066140671135,61
subject_541,Warmup,Sagittal,STL,0.0032901286496299057,0.9799232160904782,61
subject_541,Warmup,Sagittal,STR,-0.3693756932182717,0.003393946166938034,61
subject_541,Warmup,Sagittal,UTL,-0.1285500265248256,0.3234753779933799,61
subject_541,Warmup,Sagittal,UTR,-0.17784320397195938,0.1703053138077944,61
subject_541,Warmup,Frontal,MTL,-0.1151135707955496,0.377016029449703,61
subject_541,Warmup,Frontal,MTR,-0.08024583703283965,0.5387087382944556,61
subject_541,Warmup,Frontal,SCML,0.32615511725405716,0.010311071308536097,61
subject_541,Warmup,Frontal,SCMR,0.04687958462833251,0.71977168846225,61
subject_541,Warmup,Frontal,STL,0.05905826675597762,0.6511880672786766,61
subject_541,Warmup,Frontal,STR,0.14681151057983136,0.2588793615756271,61
subject_541,Warmup,Frontal,UTL,0.12328830263465386,0.34383767416832023,61
subject_541,Warmup,Frontal,UTR,0.20753808995603432,0.10851161460426847,61
subject_541,Warmup,Horizontal,MTL,-0.04751909633114914,0.716109259499399,61
subject_541,Warmup,Horizontal,MTR,0.006788442333021305,0.9585899305044768,61
subject_541,Warmup,Horizontal,SCML,0.3054799049859588,0.016663511114090306,61
subject_541,Warmup,Horizontal,SCMR,0.14595151015995808,0.2617102637171493,61
subject_541,Warmup,Horizontal,STL,0.040730653998127836,0.7552952846236942,61
subject_541,Warmup,Horizontal,STR,0.08485552916276634,0.5155588858768222,61
subject_541,Warmup,Horizontal,UTL,-0.010182663499531959,0.937918860212074,61
subject_541,Warmup,Horizontal,UTR,0.19007638532459656,0.142309324797776,61
subject_560,Cooldown,Sagittal,MTL,-0.29592712643171937,0.020581362688129365,61
subject_560,Cooldown,Sagittal,MTR,0.32710574091905686,0.010078187957581659,61
subject_560,Cooldown,Sagittal,SCML,-0.34474485326742954,0.006512515388771576,61
subject_560,Cooldown,Sagittal,SCMR,0.026000159485980445,0.8423407496137568,61
subject_560,Cooldown,Sagittal,STL,-0.28381709364208735,0.02664887344171097,61
subject_560,Cooldown,Sagittal,STR,-0.08676609239253019,0.5061137761508754,61
subject_560,Cooldown,Sagittal,UTL,-0.5388560024589246,7.46017607331492e-06,61
subject_560,Cooldown,Sagittal,UTR,-0.10769568135634847,0.40872715100351326,61
subject_560,Cooldown,Frontal,MTL,-0.07666381032278712,0.557041407744608,61
subject_560,Cooldown,Frontal,MTR,-0.17950550709725763,0.16628137610017826,61
subject_560,Cooldown,Frontal,SCML,0.47556493720558185,0.00010738251836077463,61
subject_560,Cooldown,Frontal,SCMR,0.1879198277424416,0.14697676252685182,61
subject_560,Cooldown,Frontal,STL,0.5559684455928952,3.2934494665140806e-06,61
subject_560,Cooldown,Frontal,STR,0.49893805010887055,4.2625682065613806e-05,61
subject_560,Cooldown,Frontal,UTL,0.43177930570008755,0.0005117462787619447,61
subject_560,Cooldown,Frontal,UTR,0.06263994258081386,0.6315233422114095,61
subject_560,Cooldown,Horizontal,MTL,0.031176890093680187,0.8114779836663154,61
subject_560,Cooldown,Horizontal,MTR,-0.12340055373480165,0.3433951249091808,61
subject_560,Cooldown,Horizontal,SCML,0.11718430264250344,0.36843510702431365,61
subject_560,Cooldown,Horizontal,SCMR,0.09604904892868958,0.4615160920489987,61
subject_560,Cooldown,Horizontal,STL,0.28604318487790625,0.025432440825978217,61
subject_560,Cooldown,Horizontal,STR,0.1810044805234316,0.16271293331596012,61
subject_560,Cooldown,Horizontal,UTL,0.2116394410347063,0.10155384928936398,61
subject_560,Cooldown,Horizontal,UTR,0.003060308230054497,0.9813253506492794,61
subject_560,Second_threshold,Sagittal,MTL,-0.2039883105442633,0.12121747544496775,59
subject_560,Second_threshold,Sagittal,MTR,-0.11862891631056263,0.3708537418064275,59
subject_560,Second_threshold,Sagittal,SCML,0.026712754952224953,0.8408313489157953,59
subject_560,Second_threshold,Sagittal,SCMR,0.19868623342495803,0.13140890479557135,59
subject_560,Second_threshold,Sagittal,STL,-0.2551068097937483,0.05117810180774947,59
subject_560,Second_threshold,Sagittal,STR,0.0692507935200862,0.6022478765189051,59
subject_560,Second_threshold,Sagittal,UTL,-0.1067295981954806,0.42106968414212614,59
subject_560,Second_threshold,Sagittal,UTR,-0.14951047999018027,0.258389133538347,59
subject_560,Second_threshold,Frontal,MTL,0.24043843436239487,0.06660373976623161,59
subject_560,Second_threshold,Frontal,MTR,0.26410697107833053,0.04325042349275274,59
subject_560,Second_threshold,Frontal,SCML,0.26901017177907427,0.03937538702551853,59
subject_560,Second_threshold,Frontal,SCMR,0.34395044915587303,0.007645847905281736,59
subject_560,Second_threshold,Frontal,STL,0.3397131152169587,0.008479815352712175,59
subject_560,Second_threshold,Frontal,STR,0.39661445668237943,0.001871533601126041,59
subject_560,Second_threshold,Frontal,UTL,0.32197684601550314,0.012888006874964197,59
subject_560,Second_threshold,Frontal,UTR,0.27003923859281054,0.03859966898410719,59
subject_560,Second_threshold,Horizontal,MTL,,,59
subject_560,Second_threshold,Horizontal,MTR,,,59
subject_560,Second_threshold,Horizontal,SCML,,,59
subject_560,Second_threshold,Horizontal,SCMR,,,59
subject_560,Second_threshold,Horizontal,STL,,,59
subject_560,Second_threshold,Horizontal,STR,,,59
subject_560,Second_threshold,Horizontal,UTL,,,59
subject_560,Second_threshold,Horizontal,UTR,,,59
subject_560,Vo2max,Sagittal,MTL,-0.3577614126262606,0.005403424884930752,59
subject_560,Vo2max,Sagittal,MTR,0.17295163455082938,0.1902163822217677,59
subject_560,Vo2max,Sagittal,SCML,-0.2003965131206553,0.1280532143423876,59
subject_560,Vo2max,Sagittal,SCMR,-0.11900930640412256,0.36931066353220526,59
subject_560,Vo2max,Sagittal,STL,-0.02915636320224266,0.8264871811016105,59
subject_560,Vo2max,Sagittal,STR,0.2897604607132732,0.026009831229686923,59
subject_560,Vo2max,Sagittal,UTL,-0.525975902212365,1.8837669655323373e-05,59
subject_560,Vo2max,Sagittal,UTR,-0.25189386322105245,0.05428010492892262,59
subject_560,Vo2max,Frontal,MTL,0.5872529362942706,1.013085780736474e-06,59
subject_560,Vo2max,Frontal,MTR,-0.25856073711273253,0.04800615755531688,59
subject_560,Vo2max,Frontal,SCML,0.598172734415051,5.64041252223656e-07,59
subject_560,Vo2max,Frontal,SCMR,0.4282569102080793,0.0007150684082679276,59
subject_560,Vo2max,Frontal,STL,0.41579955430592463,0.0010560838711430255,59
subject_560,Vo2max,Frontal,STR,-0.27873726065199067,0.0325346811962558,59
subject_560,Vo2max,Frontal,UTL,0.7959528710681522,4.91782868366965e-14,59
subject_560,Vo2max,Frontal,UTR,0.6322186567169097,7.839206522945878e-08,59
subject_560,Vo2max,Horizontal,MTL,0.22365751949221016,0.0885991405023337,59
subject_560,Vo2max,Horizontal,MTR,0.25134845047696,0.054821538029868035,59
subject_560,Vo2max,Horizontal,SCML,0.0042601432284230505,0.9744538921946994,59
subject_560,Vo2max,Horizontal,SCMR,-0.0255608593705383,0.8476112462365025,59
subject_560,Vo2max,Horizontal,STL,0.13419451169532612,0.3109142253344367,59
subject_560,Vo2max,Horizontal,STR,-0.11502386716742236,0.3856705148148435,59
subject_560,Vo2max,Horizontal,UTL,0.12993436846690304,0.32666341617670136,59
subject_560,Vo2max,Horizontal,UTR,-0.08520286456846102,0.5211191927792697,59
subject_560,WanT,Sagittal,MTL,-0.7988758003420108,7.155486699319616e-08,31
subject_560,WanT,Sagittal,MTR,-0.7731382999251069,3.4280950043127235e-07,31
subject_560,WanT,Sagittal,SCML,-0.8655501124456438,3.2806081742931367e-10,31
subject_560,WanT,Sagittal,SCMR,-0.7251084763124592,3.948184489093427e-06,31
subject_560,WanT,Sagittal,STL,-0.8219787534721448,1.4300729056236774e-08,31
subject_560,WanT,Sagittal,STR,-0.7782047370150484,2.5599543611078416e-07,31
subject_560,WanT,Sagittal,UTL,-0.8290717653980634,8.324991055548555e-09,31
subject_560,WanT,Sagittal,UTR,-0.6748494203802373,3.1275691073216374e-05,31
subject_560,WanT,Frontal,MTL,0.49047399990782364,0.00509053433712325,31
subject_560,WanT,Frontal,MTR,0.4412169956435764,0.012969061085931153,31
subject_560,WanT,Frontal,SCML,0.695886187903408,1.3831100908998412e-05,31
subject_560,WanT,Frontal,SCMR,0.7925137579707185,1.0754407231247199e-07,31
subject_560,WanT,Frontal,STL,0.6977726263645919,1.2812495817034621e-05,31
subject_560,WanT,Frontal,STR,0.8203911263415478,1.6089568196999623e-08,31
subject_560,WanT,Frontal,UTL,0.7681996622487922,4.5249479455689957e-07,31
subject_560,WanT,Frontal,UTR,0.8017363460031732,5.9296573227639024e-08,31
subject_560,WanT,Horizontal,MTL,0.7005917529830237,1.1416057890237389e-05,31
subject_560,WanT,Horizontal,MTR,0.6923494970655762,1.5939607836133478e-05,31
subject_560,WanT,Horizontal,SCML,0.7170762648179184,5.658251639368951e-06,31
subject_560,WanT,Horizontal,SCMR,0.6676227293132343,4.078582825310644e-05,31
subject_560,WanT,Horizontal,STL,0.6758649852306817,3.011277040083536e-05,31
subject_560,WanT,Horizontal,STR,0.684107241148129,2.2019716822920263e-05,31
subject_560,WanT,Horizontal,UTL,0.708834008900471,8.08491665737832e-06,31
subject_560,WanT,Horizontal,UTR,0.535746634634077,0.0018955540028710593,31
subject_560,Warmup,Sagittal,MTL,-0.36522852333566447,0.003801015070463305,61
subject_560,Warmup,Sagittal,MTR,-0.3768502353526449,0.0027569128440955272,61
subject_560,Warmup,Sagittal,SCML,-0.17456165410276708,0.1784568070564103,61
subject_560,Warmup,Sagittal,SCMR,0.26405473597971796,0.039751594994763856,61
subject_560,Warmup,Sagittal,STL,-0.3095681919243901,0.015192867353410413,61
subject_560,Warmup,Sagittal,STR,0.17456165410276708,0.1784568070564103,61
subject_560,Warmup,Sagittal,UTL,-0.6324984029952069,4.5478986280483124e-08,61
subject_560,Warmup,Sagittal,UTR,-0.727271399722512,3.184474421434885e-11,61
subject_560,Warmup,Frontal,MTL,0.30058267317483345,0.018583914224265075,61
subject_560,Warmup,Frontal,MTR,0.34323334554393803,0.006767314092566471,61
subject_560,Warmup,Frontal,SCML,0.4605385380479685,0.0001879346019308721,61
subject_560,Warmup,Frontal,SCMR,-0.43756547900814624,0.0004212920702859914,61
subject_560,Warmup,Frontal,STL,0.5112693898034933,2.5463203687901676e-05,61
subject_560,Warmup,Frontal,STR,0.11023899641316104,0.39768441722613435,61
subject_560,Warmup,Frontal,UTL,0.4599681724442213,0.00019187284752563596,61
subject_560,Warmup,Frontal,UTR,0.502397035967424,3.696357150829352e-05,61
subject_560,Warmup,Horizontal,MTL,,,61
subject_560,Warmup,Horizontal,MTR,,,61
subject_560,Warmup,Horizontal,SCML,,,61
subject_560,Warmup,Horizontal,SCMR,,,61
subject_560,Warmup,Horizontal,STL,,,61
subject_560,Warmup,Horizontal,STR,,,61
subject_560,Warmup,Horizontal,UTL,,,61
subject_560,Warmup,Horizontal,UTR,,,61
subject_570,Cooldown,Sagittal,MTL,-0.229646028184913,0.07501627009780594,61
subject_570,Cooldown,Sagittal,MTR,-0.22758136118492878,0.07774507663410053,61
subject_570,Cooldown,Sagittal,SCML,0.5334273661159266,9.58045817522909e-06,61
subject_570,Cooldown,Sagittal,SCMR,0.6903420581147284,7.488237634798054e-10,61
subject_570,Cooldown,Sagittal,STL,-0.3691349307038478,0.0034164755529525635,61
subject_570,Cooldown,Sagittal,STR,0.18144293595861444,0.16167986781701563,61
subject_570,Cooldown,Sagittal,UTL,-0.18978419063855073,0.1429351454190406,61
subject_570,Cooldown,Sagittal,UTR,-0.16206259505209578,0.21209262445344765,61
subject_570,Cooldown,Frontal,MTL,-0.27906374474471846,0.02941081395034173,61
subject_570,Cooldown,Frontal,MTR,-0.10210713479140643,0.43360727766211526,61
subject_570,Cooldown,Frontal,SCML,-0.14056457986099027,0.27991605331920316,61
subject_570,Cooldown,Frontal,SCMR,0.00258904130952569,0.9842007216945651,61
subject_570,Cooldown,Frontal,STL,-0.15478976188748536,0.23360207796374202,61
subject_570,Cooldown,Frontal,STR,0.10027444262848374,0.4419483396100923,61
subject_570,Cooldown,Frontal,UTL,-0.39769419935422146,0.0015043175457049077,61
subject_570,Cooldown,Frontal,UTR,-0.2332173503198591,0.07047654984707445,61
subject_570,Cooldown,Horizontal,MTL,0.050342601162418156,0.7000162423888652,61
subject_570,Cooldown,Horizontal,MTR,0.20381672030718143,0.11513757985501216,61
subject_570,Cooldown,Horizontal,SCML,-0.14055585576037463,0.2799462011623909,61
subject_570,Cooldown,Horizontal,SCMR,-0.18587707215211682,0.15150219170485474,61
subject_570,Cooldown,Horizontal,STL,-0.06077163107074519,0.6417504821076025,61
subject_570,Cooldown,Horizontal,STR,0.25647688367145,0.046019046621585576,61
subject_570,Cooldown,Horizontal,UTL,-0.20162791156098933,0.11917707965853376,61
subject_570,Cooldown,Horizontal,UTR,0.019785114352834414,0.8797038704291174,61
subject_570,Second_threshold,Sagittal,MTL,-0.11317806375154857,0.39339107157067543,59
subject_570,Second_threshold,Sagittal,MTR,0.05133850314503235,0.6993811127718834,59
subject_570,Second_threshold,Sagittal,SCML,0.2692182868801997,0.03921747777022681,59
subject_570,Second_threshold,Sagittal,SCMR,0.30981551229502147,0.01694496542817568,59
subject_570,Second_threshold,Sagittal,STL,-0.34104414722949966,0.008209709514110554,59
subject_570,Second_threshold,Sagittal,STR,0.08181216009208364,0.5378948092752519,59
subject_570,Second_threshold,Sagittal,UTL,0.012045330617584463,0.9278536796813894,59
subject_570,Second_threshold,Sagittal,UTR,0.09821577272799638,0.4592634275924265,59
subject_570,Second_threshold,Frontal,MTL,0.2122236500016281,0.10659618639576797,59
subject_570,Second_threshold,Frontal,MTR,0.10465823835696726,0.43019098945467527,59
subject_570,Second_threshold,Frontal,SCML,0.32560340822167594,0.011853313196239121,59
subject_570,Second_threshold,Frontal,SCMR,0.4942194589079009,6.941892652965216e-05,59
subject_570,Second_threshold,Frontal,STL,-0.27327428904319234,0.0362429651653607,59
subject_570,Second_threshold,Frontal,STR,-0.03779325274001596,0.7762679852023866,59
subject_570,Second_threshold,Frontal,UTL,0.2819958089062729,0.030477402477905972,59
subject_570,Second_threshold,Frontal,UTR,0.28781015548166,0.02707661598152288,59
subject_570,Second_threshold,Horizontal,MTL,,,59
subject_570,Second_threshold,Horizontal,MTR,,,59
subject_570,Second_threshold,Horizontal,SCML,,,59
subject_570,Second_threshold,Horizontal,SCMR,,,59
subject_570,Second_threshold,Horizontal,STL,,,59
subject_570,Second_threshold,Horizontal,STR,,,59
subject_570,Second_threshold,Horizontal,UTL,,,59
subject_570,Second_threshold,Horizontal,UTR,,,59
subject_570,Vo2max,Sagittal,MTL,-0.28783604113625066,0.02706221989220556,59
subject_570,Vo2max,Sagittal,MTR,-0.10718725341396505,0.4190693926715742,59
subject_570,Vo2max,Sagittal,SCML,-0.3199619504894479,0.01349580042815607,59
subject_570,Vo2max,Sagittal,SCMR,-0.26647641903600916,0.04134038444082623,59
subject_570,Vo2max,Sagittal,STL,-0.12880630412271155,0.33091672621505885,59
subject_570,Vo2max,Sagittal,STR,-0.18056231151945062,0.17114657045084428,59
subject_570,Vo2max,Sagittal,UTL,-0.2261785085149057,0.08497204342896536,59
subject_570,Vo2max,Sagittal,UTR,-0.38287338805190024,0.0027631162609759023,59
subject_570,Vo2max,Frontal,MTL,,,59
subject_570,Vo2max,Frontal,MTR,,,59
subject_570,Vo2max,Frontal,SCML,,,59
subject_570,Vo2max,Frontal,SCMR,,,59
subject_570,Vo2max,Frontal,STL,,,59
subject_570,Vo2max,Frontal,STR,,,59
subject_570,Vo2max,Frontal,UTL,,,59
subject_570,Vo2max,Frontal,UTR,,,59
subject_570,Vo2max,Horizontal,MTL,0.223606797749979,0.08867334385123035,59
subject_570,Vo2max,Horizontal,MTR,0.2081856392844632,0.11358547733901377,59
subject_570,Vo2max,Horizontal,SCML,0.17734332235343164,0.1790347207135418,59
subject_570,Vo2max,Horizontal,SCMR,0.17734332235343164,0.1790347207135418,59
subject_570,Vo2max,Horizontal,STL,-0.09252695079309474,0.48580035179766123,59
subject_570,Vo2max,Horizontal,STR,0.18505390158618948,0.16056757089996215,59
subject_570,Vo2max,Horizontal,UTL,0.223606797749979,0.08867334385123035,59
subject_570,Vo2max,Horizontal,UTR,0.223606797749979,0.08867334385123035,59
subject_570,WanT,Sagittal,MTL,0.048650686179036444,0.8021111107816754,29
subject_570,WanT,Sagittal,MTR,-0.27042535668666534,0.1559508657099173,29
subject_570,WanT,Sagittal,SCML,-0.05874311575873017,0.762127798366106,29
subject_570,WanT,Sagittal,SCMR,0.16432545597706458,0.39432137000383466,29
subject_570,WanT,Sagittal,STL,0.04451020224890568,0.8186632345312183,29
subject_570,WanT,Sagittal,STR,-0.006469506140829314,0.9734296661220022,29
subject_570,WanT,Sagittal,UTL,0.4445844619977905,0.015676456754439523,29
subject_570,WanT,Sagittal,UTR,0.1614788732750997,0.4026757935729882,29
subject_570,WanT,Frontal,MTL,-0.06766649524509584,0.7272645408752844,29
subject_570,WanT,Frontal,MTR,-0.2977325790784217,0.11673487625077292,29
subject_570,WanT,Frontal,SCML,0.18946618668626836,0.32492864495610696,29
subject_570,WanT,Frontal,SCMR,0.4601321676666517,0.01201990378117053,29
subject_570,WanT,Frontal,STL,0.10826639239215334,0.5761385706520857,29
subject_570,WanT,Frontal,STR,0.24359938288234503,0.20287425841463574,29
subject_570,WanT,Frontal,UTL,0.5007320648137092,0.005663721289343538,29
subject_570,WanT,Frontal,UTR,0.10826639239215334,0.5761385706520857,29
subject_570,WanT,Horizontal,MTL,0.31388241028717223,0.09728411220068629,29
subject_570,WanT,Horizontal,MTR,0.1726353256579447,0.3705058904967107,29
subject_570,WanT,Horizontal,SCML,0.36096477183024805,0.05438252938795328,29
subject_570,WanT,Horizontal,SCMR,0.42374125388768247,0.02198226065476825,29
subject_570,WanT,Horizontal,STL,0.37665889234460664,0.04400822646312527,29
subject_570,WanT,Horizontal,STR,0.23541180771537917,0.2189464908505413,29
subject_570,WanT,Horizontal,UTL,0.4394353744020411,0.01707390045156036,29
subject_570,WanT,Horizontal,UTR,0.25110592822973776,0.18886822544294546,29
subject_570,Warmup,Sagittal,MTL,0.14663786837958226,0.2594492751192956,61
subject_570,Warmup,Sagittal,MTR,0.02402353273112339,0.8541902782267528,61
subject_570,Warmup,Sagittal,SCML,0.6156515726348978,1.288238900153182e-07,61
subject_570,Warmup,Sagittal,SCMR,0.051375961452702686,0.6941586509053401,61
subject_570,Warmup,Sagittal,STL,0.32334676387294947,0.011026517454137469,61
subject_570,Warmup,Sagittal,STR,0.3529461973880865,0.00527128722665942,61
subject_570,Warmup,Sagittal,UTL,0.24120625530845022,0.061115152787701944,61
subject_570,Warmup,Sagittal,UTR,0.1247226364424143,0.3382095237009967,61
subject_570,Warmup,Frontal,MTL,0.40829933107048416,0.0010885701222849136,61
subject_570,Warmup,Frontal,MTR,0.1286142892872025,0.32323152128425003,61
subject_570,Warmup,Frontal,SCML,0.3511374247206164,0.005525527016641458,61
subject_570,Warmup,Frontal,SCMR,0.12044830266579282,0.35515220276924436,61
subject_570,Warmup,Frontal,STL,0.2286476253994711,0.07632615655492225,61
subject_570,Warmup,Frontal,STR,0.5675360701879729,1.8459341329451394e-06,61
subject_570,Warmup,Frontal,UTL,0.044912926417753254,0.7310735822354176,61
subject_570,Warmup,Frontal,UTR,0.2817265384386341,0.027835457873432654,61
subject_570,Warmup,Horizontal,MTL,,,61
subject_570,Warmup,Horizontal,MTR,,,61
subject_570,Warmup,Horizontal,SCML,,,61
subject_570,Warmup,Horizontal,SCMR,,,61
subject_570,Warmup,Horizontal,STL,,,61
subject_570,Warmup,Horizontal,STR,,,61
subject_570,Warmup,Horizontal,UTL,,,61
subject_570,Warmup,Horizontal,UTR,,,61
subject_571,Cooldown,Sagittal,MTL,-0.6014987627767201,2.950297354950392e-07,61
subject_571,Cooldown,Sagittal,MTR,-0.40793437479229483,0.0011009494347145087,61
subject_571,Cooldown,Sagittal,SCML,0.252949352540647,0.04920156575638223,61
subject_571,Cooldown,Sagittal,SCMR,0.6124578616222242,1.5586474647514435e-07,61
subject_571,Cooldown,Sagittal,STL,-0.753118173453987,2.5315814446699135e-12,61
subject_571,Cooldown,Sagittal,STR,-0.6277004661078492,6.156654148707967e-08,61
subject_571,Cooldown,Sagittal,UTL,-0.4650941416133889,0.00015903699257109163,61
subject_571,Cooldown,Sagittal,UTR,,,61
subject_571,Cooldown,Frontal,MTL,-0.25927705098245674,0.04361475944401495,61
subject_571,Cooldown,Frontal,MTR,-0.16549598998880216,0.2024384505959525,61
subject_571,Cooldown,Frontal,SCML,0.046890530496827273,0.7197089493873402,61
subject_571,Cooldown,Frontal,SCMR,0.12688025899141497,0.3298525395884271,61
subject_571,Cooldown,Frontal,STL,-0.41649824147181874,0.0008415228277280188,61
subject_571,Cooldown,Frontal,STR,-0.25376051798282995,0.04845425162997703,61
subject_571,Cooldown,Frontal,UTL,-0.4054651754725652,0.0011880900655325182,61
subject_571,Cooldown,Frontal,UTR,,,61
subject_571,Cooldown,Horizontal,MTL,-0.33476630303202143,0.008362312267577762,61
subject_571,Cooldown,Horizontal,MTR,-0.27458359686896144,0.0322297766509065,61
subject_571,Cooldown,Horizontal,SCML,0.09403547837978131,0.47100414839113836,61
subject_571,Cooldown,Horizontal,SCMR,0.09027405924459003,0.48900553487439535,61
subject_571,Cooldown,Horizontal,STL,-0.34228914130240395,0.006930873075625866,61
subject_571,Cooldown,Horizontal,STR,-0.22944656724666637,0.07527651948061727,61
subject_571,Cooldown,Horizontal,UTL,-0.21440089070590138,0.09706765925972197,61
subject_571,Cooldown,Horizontal,UTR,,,61
subject_571,Second_threshold,Sagittal,MTL,0.09593671849388666,0.46979860476978513,59
subject_571,Second_threshold,Sagittal,MTR,-0.002907173287693535,0.982565477361739,59
subject_571,Second_threshold,Sagittal,SCML,0.07849367876772545,0.5545645583199942,59
subject_571,Second_threshold,Sagittal,SCMR,0.21513082328932162,0.10177316988923264,59
subject_571,Second_threshold,Sagittal,STL,-0.11047258493235433,0.40487064014634616,59
subject_571,Second_threshold,Sagittal,STR,0.04651477260309656,0.7264650446698616,59
subject_571,Second_threshold,Sagittal,UTL,-0.002907173287693535,0.982565477361739,59
subject_571,Second_threshold,Sagittal,UTR,-0.34595362123553064,0.007277153830651524,59
subject_571,Second_threshold,Frontal,MTL,,,59
subject_571,Second_threshold,Frontal,MTR,,,59
subject_571,Second_threshold,Frontal,SCML,,,59
subject_571,Second_threshold,Frontal,SCMR,,,59
subject_571,Second_threshold,Frontal,STL,,,59
subject_571,Second_threshold,Frontal,STR,,,59
subject_571,Second_threshold,Frontal,UTL,,,59
subject_571,Second_threshold,Frontal,UTR,,,59
subject_571,Second_threshold,Horizontal,MTL,,,59
subject_571,Second_threshold,Horizontal,MTR,,,59
subject_571,Second_threshold,Horizontal,SCML,,,59
subject_571,Second_threshold,Horizontal,SCMR,,,59
subject_571,Second_threshold,Horizontal,STL,,,59
subject_571,Second_threshold,Horizontal,STR,,,59
subject_571,Second_threshold,Horizontal,UTL,,,59
subject_571,Second_threshold,Horizontal,UTR,,,59
subject_571,Vo2max,Sagittal,MTL,0.1927644808189474,0.14354134891029421,59
subject_571,Vo2max,Sagittal,MTR,0.2081856392844632,0.11358547733901377,59
subject_571,Vo2max,Sagittal,SCML,0.2081856392844632,0.11358547733901377,59
subject_571,Vo2max,Sagittal,SCMR,0.223606797749979,0.08867334385123035,59
subject_571,Vo2max,Sagittal,STL,-0.18505390158618948,0.16056757089996215,59
subject_571,Vo2max,Sagittal,STR,-0.2081856392844632,0.11358547733901377,59
subject_571,Vo2max,Sagittal,UTL,0.223606797749979,0.08867334385123035,59
subject_571,Vo2max,Sagittal,UTR,0.04626347539654737,0.7278855135982397,59
subject_571,Vo2max,Frontal,MTL,,,59
subject_571,Vo2max,Frontal,MTR,,,59
subject_571,Vo2max,Frontal,SCML,,,59
subject_571,Vo2max,Frontal,SCMR,,,59
subject_571,Vo2max,Frontal,STL,,,59
subject_571,Vo2max,Frontal,STR,,,59
subject_571,Vo2max,Frontal,UTL,,,59
subject_571,Vo2max,Frontal,UTR,,,59
subject_571,Vo2max,Horizontal,MTL,,,59
subject_571,Vo2max,Horizontal,MTR,,,59
subject_571,Vo2max,Horizontal,SCML,,,59
subject_571,Vo2max,Horizontal,SCMR,,,59
subject_571,Vo2max,Horizontal,STL,,,59
subject_571,Vo2max,Horizontal,STR,,,59
subject_571,Vo2max,Horizontal,UTL,,,59
subject_571,Vo2max,Horizontal,UTR,,,59
subject_571,WanT,Sagittal,MTL,-0.10846451253284056,0.5979000371945064,26
subject_571,WanT,Sagittal,MTR,-0.18470155009585948,0.3663748509946495,26
subject_571,WanT,Sagittal,SCML,0.7616773116523435,6.18364755760735e-06,26
subject_571,WanT,Sagittal,SCMR,0.8049938102676953,7.097981147751487e-07,26
subject_571,WanT,Sagittal,STL,-0.2917799346730088,0.14808985113615672,26
subject_571,WanT,Sagittal,STR,-0.6060844486260005,0.0010316446415213983,26
subject_571,WanT,Sagittal,UTL,0.4224224944969094,0.031571671958660404,26
subject_571,WanT,Sagittal,UTR,,,26
subject_571,WanT,Frontal,MTL,-0.31038422052095016,0.12277786854555962,26
subject_571,WanT,Frontal,MTR,-0.6241709477223979,0.0006549649359356992,26
subject_571,WanT,Frontal,SCML,0.4377891928906945,0.02530123342996601,26
subject_571,WanT,Frontal,SCMR,0.5440230125817871,0.004067038313957222,26
subject_571,WanT,Frontal,STL,-0.09716046854309887,0.6368001038433163,26
subject_571,WanT,Frontal,STR,-0.45215533220835125,0.020390091146666692,26
subject_571,WanT,Frontal,UTL,0.2805177729921376,0.16511440709248212,26
subject_571,WanT,Frontal,UTR,,,26
subject_571,WanT,Horizontal,MTL,-0.37731998405911443,0.057398711005377905,26
subject_571,WanT,Horizontal,MTR,-0.5964090070611808,0.0013011601463076732,26
subject_571,WanT,Horizontal,SCML,0.31646192211409596,0.11523886425851122,26
subject_571,WanT,Horizontal,SCMR,0.43817804600413285,0.02515674236698729,26
subject_571,WanT,Horizontal,STL,-0.19474579822405905,0.34041502593360173,26
subject_571,WanT,Horizontal,STR,-0.5355509451161624,0.004809063543732349,26
subject_571,WanT,Horizontal,UTL,0.2799470849470849,0.16601227832612211,26
subject_571,WanT,Horizontal,UTR,,,26
subject_571,Warmup,Sagittal,MTL,0.061194534459729485,0.6394296143181321,61
subject_571,Warmup,Sagittal,MTR,-0.014788130232733338,0.909938823535721,61
subject_571,Warmup,Sagittal,SCML,0.31545815449692627,0.013270553459354226,61
subject_571,Warmup,Sagittal,SCMR,0.22775037986492433,0.07751877126586397,61
subject_571,Warmup,Sagittal,STL,0.035801108158087167,0.7841470595618256,61
subject_571,Warmup,Sagittal,STR,-0.13842875583113187,0.28736100504770173,61
subject_571,Warmup,Sagittal,UTL,0.12561676772303995,0.3347304014971394,61
subject_571,Warmup,Sagittal,UTR,-0.1633610823036912,0.2084040777645928,61
subject_571,Warmup,Frontal,MTL,0.3498119795727864,0.005718614205325535,61
subject_571,Warmup,Frontal,MTR,0.42880178141180275,0.0005648621818899975,61
subject_571,Warmup,Frontal,SCML,0.3159592073560652,0.013117150796698717,61
subject_571,Warmup,Frontal,SCMR,0.40247184746546394,0.0013020218581360212,61
subject_571,Warmup,Frontal,STL,0.22192372897628387,0.08562742349186814,61
subject_571,Warmup,Frontal,STR,-0.030091353081530013,0.8179278155654406,61
subject_571,Warmup,Frontal,UTL,0.27458359686896144,0.0322297766509065,61
subject_571,Warmup,Frontal,UTR,0.42504036227661146,0.0006390937602872009,61
subject_571,Warmup,Horizontal,MTL,,,61
subject_571,Warmup,Horizontal,MTR,,,61
subject_571,Warmup,Horizontal,SCML,,,61
subject_571,Warmup,Horizontal,SCMR,,,61
subject_571,Warmup,Horizontal,STL,,,61
subject_571,Warmup,Horizontal,STR,,,61
subject_571,Warmup,Horizontal,UTL,,,61
subject_571,Warmup,Horizontal,UTR,,,61
subject_572,Cooldown,Sagittal,MTL,0.33989953541351886,0.007360357087024216,61
subject_572,Cooldown,Sagittal,MTR,-0.11399829911879077,0.381686942160779,61
subject_572,Cooldown,Sagittal,SCML,0.28335128652537045,0.026909509385133278,61
subject_572,Cooldown,Sagittal,SCMR,0.11930301289816682,0.35977905255625764,61
subject_572,Cooldown,Sagittal,STL,-0.5335746354985376,9.516207118171775e-06,61
subject_572,Cooldown,Sagittal,STR,-0.3933710503096292,0.0017112139035946614,61
subject_572,Cooldown,Sagittal,UTL,0.25470583211673986,0.04759509343138119,61
subject_572,Cooldown,Sagittal,UTR,0.3667679107060584,0.0036451307391702128,61
subject_572,Cooldown,Frontal,MTL,0.23358159053546898,0.07002615750202522,61
subject_572,Cooldown,Frontal,MTR,0.025275164265991676,0.8466830747354479,61
subject_572,Cooldown,Frontal,SCML,0.30003573619617413,0.01880965990552055,61
subject_572,Cooldown,Frontal,SCMR,0.2919159370479208,0.022445857863619672,61
subject_572,Cooldown,Frontal,STL,-0.43242509298555326,0.0005008423948164009,61
subject_572,Cooldown,Frontal,STR,-0.3909713815444703,0.0018367437150147241,61
subject_572,Cooldown,Frontal,UTL,0.13364090477839563,0.3045192184074394,61
subject_572,Cooldown,Frontal,UTR,0.19435624502604953,0.13337614313125618,61
subject_572,Cooldown,Horizontal,MTL,0.1342261709443036,0.30238698001150205,61
subject_572,Cooldown,Horizontal,MTR,-0.2546963441429287,0.04760365426611818,61
subject_572,Cooldown,Horizontal,SCML,-0.14642855012105851,0.2601374061044858,61
subject_572,Cooldown,Horizontal,SCMR,-0.29321313783082864,0.021827835349535012,61
subject_572,Cooldown,Horizontal,STL,0.4129712358520304,0.000940808118477475,61
subject_572,Cooldown,Horizontal,STR,0.30214644460213996,0.01795117474685611,61
subject_572,Cooldown,Horizontal,UTL,-0.1725811293646074,0.18351135789222922,61
subject_572,Cooldown,Horizontal,UTR,-0.15393770653752303,0.23621720510732552,61
subject_572,Second_threshold,Sagittal,MTL,0.2949360846998503,0.023348940661070464,59
subject_572,Second_threshold,Sagittal,MTR,-0.03266412642987572,0.8059956214733506,59
subject_572,Second_threshold,Sagittal,SCML,0.06952364524524006,0.6008148326306404,59
subject_572,Second_threshold,Sagittal,SCMR,0.505844453336057,4.3713519153577197e-05,59
subject_572,Second_threshold,Sagittal,STL,-0.610549460442466,2.827465029029074e-07,59
subject_572,Second_threshold,Sagittal,STR,-0.07467798446169752,0.574030668330775,59
subject_572,Second_threshold,Sagittal,UTL,-0.5227458912318826,2.1639858570939794e-05,59
subject_572,Second_threshold,Sagittal,UTR,-0.47710601549545995,0.00013313810055752721,59
subject_572,Second_threshold,Frontal,MTL,0.2718423994820809,0.03727092440461708,59
subject_572,Second_threshold,Frontal,MTR,0.061881712042905844,0.6415025189761314,59
subject_572,Second_threshold,Frontal,SCML,-0.041391078916115834,0.7556015692344461,59
subject_572,Second_threshold,Frontal,SCMR,0.36213778946080216,0.004825321556595865,59
subject_572,Second_threshold,Frontal,STL,-0.33454373685005834,0.009603525275121781,59
subject_572,Second_threshold,Frontal,STR,0.028960094819196553,0.8276372776848162,59
subject_572,Second_threshold,Frontal,UTL,-0.5390402554554227,1.0593514992864476e-05,59
subject_572,Second_threshold,Frontal,UTR,-0.5348055246092194,1.280004588070962e-05,59
subject_572,Second_threshold,Horizontal,MTL,-0.2503102444549492,0.0558642797982759,59
subject_572,Second_threshold,Horizontal,MTR,-0.09591201756982246,0.46991349498336066,59
subject_572,Second_threshold,Horizontal,SCML,-0.11549684912953445,0.3837067454111961,59
subject_572,Second_threshold,Horizontal,SCMR,-0.09846072852622333,0.45813881293566155,59
subject_572,Second_threshold,Horizontal,STL,0.1564103671138643,0.23680792941192408,59
subject_572,Second_threshold,Horizontal,STR,0.14514238183293413,0.27271721618654604,59
subject_572,Second_threshold,Horizontal,UTL,0.05566921299507177,0.675377428245974,59
subject_572,Second_threshold,Horizontal,UTR,0.11817970276785117,0.3726810153372441,59
subject_572,Vo2max,Sagittal,MTL,0.039930458993731724,0.7639719694566083,59
subject_572,Vo2max,Sagittal,MTR,-0.007389056068418158,0.9557060479086551,59
subject_572,Vo2max,Sagittal,SCML,0.26568089999604333,0.04197375234312921,59
subject_572,Vo2max,Sagittal,SCMR,0.17157388190866965,0.1938252876069008,59
subject_572,Vo2max,Sagittal,STL,-0.4669587872997539,0.0001927889843991372,59
subject_572,Vo2max,Sagittal,STR,-0.3210101518363585,0.013176603271554408,59
subject_572,Vo2max,Sagittal,UTL,-0.3955509494545609,0.0019299671110470072,59
subject_572,Vo2max,Sagittal,UTR,-0.11453036906048145,0.38772582241506415,59
subject_572,Vo2max,Frontal,MTL,0.015854680052201083,0.9051296724601512,59
subject_572,Vo2max,Frontal,MTR,0.03279673860355754,0.8052233768576254,59
subject_572,Vo2max,Frontal,SCML,0.13518570115305967,0.3073210763873887,59
subject_572,Vo2max,Frontal,SCMR,-0.012697774732072547,0.9239570638595435,59
subject_572,Vo2max,Frontal,STL,-0.13802691594117533,0.2971703392294235,59
subject_572,Vo2max,Frontal,STR,-0.012347007474280488,0.9260517490649363,59
subject_572,Vo2max,Frontal,UTL,-0.23220792465834328,0.07677082581584153,59
subject_572,Vo2max,Frontal,UTR,-0.011820856587592398,0.9291947082729064,59
subject_572,Vo2max,Horizontal,MTL,0.07504787743864566,0.5721299143503077,59
subject_572,Vo2max,Horizontal,MTR,-0.025015959146215218,0.8508223134011289,59
subject_572,Vo2max,Horizontal,SCML,-0.057179335191349066,0.6670808482756193,59
subject_572,Vo2max,Horizontal,SCMR,-0.028589667595674533,0.8298088917460062,59
subject_572,Vo2max,Horizontal,STL,0.19655396472026243,0.13568498536376036,59
subject_572,Vo2max,Horizontal,STR,0.03216337604513385,0.8089133119283549,59
subject_572,Vo2max,Horizontal,UTL,0.09649012813540155,0.46722852311002205,59
subject_572,Vo2max,Horizontal,UTR,0.0821952943375643,0.5359861002870885,59
subject_572,WanT,Sagittal,MTL,-0.06402033473094458,0.7322354717645155,31
subject_572,WanT,Sagittal,MTR,0.3094995800050123,0.09020943844153173,31
subject_572,WanT,Sagittal,SCML,0.6118631354381041,0.000254609844401581,31
subject_572,WanT,Sagittal,SCMR,-0.28115936813367065,0.1254741831348751,31
subject_572,WanT,Sagittal,STL,0.2063330533366749,0.26543354906173766,31
subject_572,WanT,Sagittal,STR,-0.4626182786767938,0.008781207832306355,31
subject_572,WanT,Sagittal,UTL,-0.029359643953044648,0.875415435122355,31
subject_572,WanT,Sagittal,UTR,0.13517669403380975,0.4684267375244324,31
subject_572,WanT,Frontal,MTL,-0.17806052104592396,0.3378882098191233,31
subject_572,WanT,Frontal,MTR,0.07621267437763282,0.6836480795782391,31
subject_572,WanT,Frontal,SCML,0.13094723143066003,0.48258269944419896,31
subject_572,WanT,Frontal,SCMR,0.011778322403815981,0.9498572375384362,31
subject_572,WanT,Frontal,STL,0.17598199356289762,0.3436490484798313,31
subject_572,WanT,Frontal,STR,0.04988465959263239,0.7898556357115416,31
subject_572,WanT,Frontal,UTL,0.29237953261237315,0.11046550798806908,31
subject_572,WanT,Frontal,UTR,0.14757545129487082,0.4282138636107418,31
subject_572,WanT,Horizontal,MTL,0.2797154638927579,0.12750981420251606,31
subject_572,WanT,Horizontal,MTR,-0.032274861218395144,0.8631553913155318,31
subject_572,WanT,Horizontal,SCML,-0.4841229182759271,0.005787106379516397,31
subject_572,WanT,Horizontal,SCMR,0.20440745438316926,0.2700182742103031,31
subject_572,WanT,Horizontal,STL,-0.46260634413033036,0.008783177216546381,31
subject_572,WanT,Horizontal,STR,0.05379143536399191,0.7738072519749585,31
subject_572,WanT,Horizontal,UTL,-0.2366823156015644,0.19986236821034234,31
subject_572,WanT,Horizontal,UTR,-0.19364916731037088,0.29657472240465776,31
subject_572,Warmup,Sagittal,MTL,-0.36688632264366605,0.004260325279554695,59
subject_572,Warmup,Sagittal,MTR,-0.09140131854411428,0.4911451520397041,59
subject_572,Warmup,Sagittal,SCML,0.08088480438307376,0.5425284414589692,59
subject_572,Warmup,Sagittal,SCMR,0.21033028322081057,0.10983087574303703,59
subject_572,Warmup,Sagittal,STL,-0.674606081197172,4.67528295375245e-09,59
subject_572,Warmup,Sagittal,STR,0.5655680023603212,3.0482784079442696e-06,59
subject_572,Warmup,Sagittal,UTL,0.47827795564120296,0.00012746989083598016,59
subject_572,Warmup,Sagittal,UTR,0.15086580088246243,0.2540486677123336,59
subject_572,Warmup,Frontal,MTL,0.03673661252444603,0.788082138255434,56
subject_572,Warmup,Frontal,MTR,0.07035347805808122,0.6063838940212948,56
subject_572,Warmup,Frontal,SCML,-0.3311388591674936,0.012670569733757379,56
subject_572,Warmup,Frontal,SCMR,-0.1649645806773651,0.22437230732802468,56
subject_572,Warmup,Frontal,STL,-0.4577114513661048,0.00038986974303502613,56
subject_572,Warmup,Frontal,STR,0.27912185321866795,0.03722863116432111,56
subject_572,Warmup,Frontal,UTL,0.33540463566513296,0.011504346989056316,56
subject_572,Warmup,Frontal,UTR,-0.044185804318831096,0.7464252567995231,56
subject_572,Warmup,Horizontal,MTL,0.1872260816969791,0.1556275523067468,59
subject_572,Warmup,Horizontal,MTR,-0.07090003825726292,0.5936088646951311,59
subject_572,Warmup,Horizontal,SCML,0.15953516283243127,0.2274544912912571,59
subject_572,Warmup,Horizontal,SCMR,-0.04333004043579172,0.7445330777368712,59
subject_572,Warmup,Horizontal,STL,0.5100449596972172,3.6832254599978946e-05,59
subject_572,Warmup,Horizontal,STR,-0.22402638580663292,0.08806097194327653,59
subject_572,Warmup,Horizontal,UTL,-0.373565409078063,0.0035645990521068374,59
subject_572,Warmup,Horizontal,UTR,0.2181818687245959,0.09689514363750529,59
subject_573,Cooldown,Sagittal,MTL,0.37686136914807744,0.0027560493406385534,61
subject_573,Cooldown,Sagittal,MTR,0.39529597405649025,0.0016161344358842735,61
subject_573,Cooldown,Sagittal,SCML,-0.6636995219066755,5.5493735630482255e-09,61
subject_573,Cooldown,Sagittal,SCMR,-0.8006154286244062,9.619800201219333e-15,61
subject_573,Cooldown,Sagittal,STL,0.4381846467005526,0.0004125295464237858,61
subject_573,Cooldown,Sagittal,STR,0.6347577296525055,3.9362964053127e-08,61
subject_573,Cooldown,Sagittal,UTL,-0.06366119391841098,0.6259617638428305,61
subject_573,Cooldown,Sagittal,UTR,-0.09714445589491585,0.4563984960115373,61
subject_573,Cooldown,Frontal,MTL,-0.016414853495000083,0.9000800292890059,61
subject_573,Cooldown,Frontal,MTR,0.17154892344589137,0.18618626804961572,61
subject_573,Cooldown,Frontal,SCML,0.0023449790707142973,0.9856899151643223,61
subject_573,Cooldown,Frontal,SCMR,0.16012857082877632,0.2176713194233892,61
subject_573,Cooldown,Frontal,STL,-0.057528122916614396,0.6596627805715674,61
subject_573,Cooldown,Frontal,STR,-0.14487097973231056,0.2652965398305904,61
subject_573,Cooldown,Frontal,UTL,0.1184062159342492,0.3634276410986823,61
subject_573,Cooldown,Frontal,UTR,0.42057351904629153,0.0007386602475303081,61
subject_573,Cooldown,Horizontal,MTL,-0.15426285492554168,0.23521689017654718,61
subject_573,Cooldown,Horizontal,MTR,-0.12997787642802264,0.3180846795368636,61
subject_573,Cooldown,Horizontal,SCML,0.33621127232491693,0.008068910999981712,61
subject_573,Cooldown,Horizontal,SCMR,0.4901993325857059,6.068900755374464e-05,61
subject_573,Cooldown,Horizontal,STL,-0.2911105979723816,0.02283695048542352,61
subject_573,Cooldown,Horizontal,STR,-0.24017053699385155,0.06226894860354443,61
subject_573,Cooldown,Horizontal,UTL,0.054958932950538116,0.6739879778658374,61
subject_573,Cooldown,Horizontal,UTR,0.4138064157844579,0.0009163875080534771,61
subject_573,Second_threshold,Sagittal,MTL,-0.47979172795093566,0.000120475950785587,59
subject_573,Second_threshold,Sagittal,MTR,-0.4696098123991818,0.00017521071544454112,59
subject_573,Second_threshold,Sagittal,SCML,-0.370628821495373,0.003857025865248859,59
subject_573,Second_threshold,Sagittal,SCMR,-0.05023551366300834,0.7055427799861345,59
subject_573,Second_threshold,Sagittal,STL,0.061836511521626794,0.6417464840781999,59
subject_573,Second_threshold,Sagittal,STR,0.12636927942629642,0.3402238333721704,59
subject_573,Second_threshold,Sagittal,UTL,-0.0708831612278889,0.5936969890605173,59
subject_573,Second_threshold,Sagittal,UTR,-0.15248039387260584,0.24894268655402163,59
subject_573,Second_threshold,Frontal,MTL,,,59
subject_573,Second_threshold,Frontal,MTR,,,59
subject_573,Second_threshold,Frontal,SCML,,,59
subject_573,Second_threshold,Frontal,SCMR,,,59
subject_573,Second_threshold,Frontal,STL,,,59
subject_573,Second_threshold,Frontal,STR,,,59
subject_573,Second_threshold,Frontal,UTL,,,59
subject_573,Second_threshold,Frontal,UTR,,,59
subject_573,Second_threshold,Horizontal,MTL,-0.24697256056774755,0.0593259421717257,59
subject_573,Second_threshold,Horizontal,MTR,0.0395156096908396,0.7663543046319968,59
subject_573,Second_threshold,Horizontal,SCML,0.08561715433015248,0.5190876114825994,59
subject_573,Second_threshold,Horizontal,SCMR,-0.18769914603148813,0.1545667513590166,59
subject_573,Second_threshold,Horizontal,STL,-0.05927341453625941,0.6556414620770269,59
subject_573,Second_threshold,Horizontal,STR,-0.003292967474236634,0.9802522754705113,59
subject_573,Second_threshold,Horizontal,UTL,0.11196089412404554,0.3985316826392995,59
subject_573,Second_threshold,Horizontal,UTR,0.233800690670801,0.07471274708703549,59
subject_573,Vo2max,Sagittal,MTL,0.04038202967492475,0.7613812268849531,59
subject_573,Vo2max,Sagittal,MTR,-0.4059064532638192,0.0014245077362249536,59
subject_573,Vo2max,Sagittal,SCML,-0.5745573063489846,1.949340383178582e-06,59
subject_573,Vo2max,Sagittal,SCMR,-0.8380686763753201,1.247355281548114e-16,59
subject_573,Vo2max,Sagittal,STL,-0.46574934299610615,0.0002013320877545007,59
subject_573,Vo2max,Sagittal,STR,0.8524333540899427,1.085268847235987e-17,59
subject_573,Vo2max,Sagittal,UTL,0.11172858247327887,0.3995172863044754,59
subject_573,Vo2max,Sagittal,UTR,-0.36081567031314676,0.004993937447906249,59
subject_573,Vo2max,Frontal,MTL,0.3577969856863096,0.005398490695808337,59
subject_573,Vo2max,Frontal,MTR,0.5883239026385628,9.574443649491114e-07,59
subject_573,Vo2max,Frontal,SCML,0.1704938656626039,0.19668831466370448,59
subject_573,Vo2max,Frontal,SCMR,0.4706591221108502,0.00016866780020504142,59
subject_573,Vo2max,Frontal,STL,0.5186855631425696,2.5709803916401904e-05,59
subject_573,Vo2max,Frontal,STR,-0.46105383390450627,0.00023788208203622744,59
subject_573,Vo2max,Frontal,UTL,0.0,1.0,59
subject_573,Vo2max,Frontal,UTR,0.17529650976577588,0.18418539750292817,59
subject_573,Vo2max,Horizontal,MTL,-0.2308402694751675,0.07857370015932214,59
subject_573,Vo2max,Horizontal,MTR,-0.2523853612928498,0.053795920723397936,59
subject_573,Vo2max,Horizontal,SCML,-0.19390582635914072,0.14114019823790608,59
subject_573,Vo2max,Horizontal,SCMR,-0.1692828642817895,0.19993427842605646,59
subject_573,Vo2max,Horizontal,STL,-0.13850416168510052,0.29548695328670493,59
subject_573,Vo2max,Horizontal,STR,0.1569713832431139,0.23510944626715674,59
subject_573,Vo2max,Horizontal,UTL,-0.3108648962265589,0.016556426388607808,59
subject_573,Vo2max,Horizontal,UTR,-0.2923976746685455,0.02462374487025035,59
subject_573,WanT,Sagittal,MTL,0.198984037933268,0.28320599661050805,31
subject_573,WanT,Sagittal,MTR,0.20317085600716844,0.27298949259695465,31
subject_573,WanT,Sagittal,SCML,0.49933314502412546,0.004239436373552092,31
subject_573,WanT,Sagittal,SCMR,0.2509887255880313,0.1732178547224167,31
subject_573,WanT,Sagittal,STL,0.6029018026416626,0.00033113683817526514,31
subject_573,WanT,Sagittal,STR,-0.1831182010216453,0.32411765440666396,31
subject_573,WanT,Sagittal,UTL,-0.0912285622418305,0.6254891479585307,31
subject_573,WanT,Sagittal,UTR,-0.27060066288156487,0.14092473417537169,31
subject_573,WanT,Frontal,MTL,0.3743894538606648,0.03798678645180596,31
subject_573,WanT,Frontal,MTR,-0.4116499060625307,0.021399555718525566,31
subject_573,WanT,Frontal,SCML,0.20192041462687824,0.2760154252213529,31
subject_573,WanT,Frontal,SCMR,0.2639467961365711,0.15134685531075953,31
subject_573,WanT,Frontal,STL,0.1530579054519762,0.41105966479807066,31
subject_573,WanT,Frontal,STR,0.6566318013777928,6.0262217419694865e-05,31
subject_573,WanT,Frontal,UTL,-0.018741784341058308,0.920288548803722,31
subject_573,WanT,Frontal,UTR,0.2927288220889107,0.11002087908551049,31
subject_573,WanT,Horizontal,MTL,0.1772943441215145,0.3400048667935425,31
subject_573,WanT,Horizontal,MTR,-0.3437339324804873,0.0583137373654211,31
subject_573,WanT,Horizontal,SCML,0.06151028265440299,0.7423730242871481,31
subject_573,WanT,Horizontal,SCMR,0.2279498710133758,0.2174521324318529,31
subject_573,WanT,Horizontal,STL,-0.13170436991883935,0.48003250474028325,31
subject_573,WanT,Horizontal,STR,0.6042480707814882,0.0003184770648681983,31
subject_573,WanT,Horizontal,UTL,0.307551413272015,0.09236005612195813,31
subject_573,WanT,Horizontal,UTR,0.6114845746231826,0.00025749340641412644,31
subject_573,Warmup,Sagittal,MTL,-0.03831695078183262,0.7693834378650419,61
subject_573,Warmup,Sagittal,MTR,0.3251211440153602,0.01056965721545912,61
subject_573,Warmup,Sagittal,SCML,-0.1332848565124433,0.3058211173849862,61
subject_573,Warmup,Sagittal,SCMR,-0.4634646205799638,0.00016886942504929964,61
subject_573,Warmup,Sagittal,STL,0.5388408541748598,7.465430389672133e-06,61
subject_573,Warmup,Sagittal,STR,0.37517632917237126,0.0028895075973934,61
subject_573,Warmup,Sagittal,UTL,-0.05947372083423765,0.6488945754180158,61
subject_573,Warmup,Sagittal,UTR,0.24150019818075538,0.06079086068676872,61
subject_573,Warmup,Frontal,MTL,0.3383616979159394,0.00764889481883265,61
subject_573,Warmup,Frontal,MTR,-0.30976049334530664,0.015126525523400101,61
subject_573,Warmup,Frontal,SCML,0.46290147757785394,0.00017239483477437623,61
subject_573,Warmup,Frontal,SCMR,0.5718093676546178,1.4821653901520994e-06,61
subject_573,Warmup,Frontal,STL,-0.15361337650023038,0.2372179187881417,61
subject_573,Warmup,Frontal,STR,-0.47380944448617335,0.00011479300291806092,61
subject_573,Warmup,Frontal,UTL,-0.11650911111130138,0.37121993341708437,61
subject_573,Warmup,Frontal,UTR,-0.1638342273828289,0.20707136784874489,61
subject_573,Warmup,Horizontal,MTL,,,61
subject_573,Warmup,Horizontal,MTR,,,61
subject_573,Warmup,Horizontal,SCML,,,61
subject_573,Warmup,Horizontal,SCMR,,,61
subject_573,Warmup,Horizontal,STL,,,61
subject_573,Warmup,Horizontal,STR,,,61
subject_573,Warmup,Horizontal,UTL,,,61
subject_573,Warmup,Horizontal,UTR,,,61
subject_574,Cooldown,Sagittal,MTL,-0.29101125717326964,0.022885590048110315,61
subject_574,Cooldown,Sagittal,MTR,-0.41022710289844583,0.001025236750406646,61
subject_574,Cooldown,Sagittal,SCML,0.7883473924997585,4.644589678902347e-14,61
subject_574,Cooldown,Sagittal,SCMR,0.2920229146403434,0.022394336201166192,61
subject_574,Cooldown,Sagittal,STL,-0.27469162487547305,0.03215924199427126,61
subject_574,Cooldown,Sagittal,STR,-0.4676785980022712,0.0001445136085695938,61
subject_574,Cooldown,Sagittal,UTL,0.28677826935051326,0.025041183417222678,61
subject_574,Cooldown,Sagittal,UTR,0.19493042036617694,0.13221060428732603,61
subject_574,Cooldown,Frontal,MTL,-0.3024089477422213,0.017846782623985067,61
subject_574,Cooldown,Frontal,MTR,-0.30346516759899395,0.017431966315444275,61
subject_574,Cooldown,Frontal,SCML,0.4218278052985799,0.0007093734640605454,61
subject_574,Cooldown,Frontal,SCMR,0.14800280743026856,0.2549921829171138,61
subject_574,Cooldown,Frontal,STL,0.02452410479944013,0.8511862974347675,61
subject_574,Cooldown,Frontal,STR,-0.3183512662053836,0.012405672682250917,61
subject_574,Cooldown,Frontal,UTL,0.09869054286719514,0.4492285862050468,61
subject_574,Cooldown,Frontal,UTR,0.1247659705812701,0.33804038794827285,61
subject_574,Cooldown,Horizontal,MTL,-0.0704331670336447,0.5896171880968549,61
subject_574,Cooldown,Horizontal,MTR,-0.2820590223204971,0.027643827065156463,61
subject_574,Cooldown,Horizontal,SCML,0.6664449162075657,4.556998937776415e-09,61
subject_574,Cooldown,Horizontal,SCMR,0.2501356492252142,0.05186714236417683,61
subject_574,Cooldown,Horizontal,STL,-0.044651186346097424,0.7325820954855268,61
subject_574,Cooldown,Horizontal,STR,-0.08354667159508994,0.5220804403037343,61
subject_574,Cooldown,Horizontal,UTL,-0.008040180398533157,0.9509628673290841,61
subject_574,Cooldown,Horizontal,UTR,0.10935832084499342,0.40148820382485,61
subject_574,Second_threshold,Sagittal,MTL,,,59
subject_574,Second_threshold,Sagittal,MTR,,,59
subject_574,Second_threshold,Sagittal,SCML,,,59
subject_574,Second_threshold,Sagittal,SCMR,,,59
subject_574,Second_threshold,Sagittal,STL,,,59
subject_574,Second_threshold,Sagittal,STR,,,59
subject_574,Second_threshold,Sagittal,UTL,,,59
subject_574,Second_threshold,Sagittal,UTR,,,59
subject_574,Second_threshold,Frontal,MTL,-0.08313979615881407,0.531294979226163,59
subject_574,Second_threshold,Frontal,MTR,-0.027713265386271356,0.8349517765797179,59
subject_574,Second_threshold,Frontal,SCML,-0.07918075824648958,0.5510930534075651,59
subject_574,Second_threshold,Frontal,SCMR,0.19003381979157496,0.1494096729076193,59
subject_574,Second_threshold,Frontal,STL,0.04750845494789374,0.7208572134259646,59
subject_574,Second_threshold,Frontal,STR,0.10293498572043645,0.437863730172307,59
subject_574,Second_threshold,Frontal,UTL,-0.08709883407113855,0.5118545202843279,59
subject_574,Second_threshold,Frontal,UTR,0.031672303298595834,0.8117771283606752,59
subject_574,Second_threshold,Horizontal,MTL,,,59
subject_574,Second_threshold,Horizontal,MTR,,,59
subject_574,Second_threshold,Horizontal,SCML,,,59
subject_574,Second_threshold,Horizontal,SCMR,,,59
subject_574,Second_threshold,Horizontal,STL,,,59
subject_574,Second_threshold,Horizontal,STR,,,59
subject_574,Second_threshold,Horizontal,UTL,,,59
subject_574,Second_threshold,Horizontal,UTR,,,59
subject_574,Vo2max,Sagittal,MTL,-0.03893000160495332,0.7697209067098459,59
subject_574,Vo2max,Sagittal,MTR,0.10696158136190359,0.42005506546558735,59
subject_574,Vo2max,Sagittal,SCML,0.5870490765144213,1.0240144355603996e-06,59
subject_574,Vo2max,Sagittal,SCMR,-0.3966491975503925,0.0018696517614996578,59
subject_574,Vo2max,Sagittal,STL,-0.16395463147499295,0.21466823997884116,59
subject_574,Vo2max,Sagittal,STR,0.1391031823837339,0.29338284587060737,59
subject_574,Vo2max,Sagittal,UTL,-0.06537524909398909,0.6227621647391788,59
subject_574,Vo2max,Sagittal,UTR,-0.2621208068639806,0.04490687829760967,59
subject_574,Vo2max,Frontal,MTL,0.0,1.0,59
subject_574,Vo2max,Frontal,MTR,-0.10756541164466081,0.41742067515216313,59
subject_574,Vo2max,Frontal,SCML,0.3139747150709018,0.015449415120941471,59
subject_574,Vo2max,Frontal,SCMR,-0.27036711575549877,0.03835518449862413,59
subject_574,Vo2max,Frontal,STL,-0.23548103630317635,0.07258930529934475,59
subject_574,Vo2max,Frontal,STR,-0.02325738630154828,0.8612016677594175,59
subject_574,Vo2max,Frontal,UTL,-0.04070042602770949,0.7595560916104561,59
subject_574,Vo2max,Frontal,UTR,-0.2587384226047246,0.04784742898189711,59
subject_574,Vo2max,Horizontal,MTL,-0.009146024099357419,0.9451884341166826,59
subject_574,Vo2max,Horizontal,MTR,-0.05989530416286505,0.6522591879315381,59
subject_574,Vo2max,Horizontal,SCML,-0.2912227917490514,0.025233356705435066,59
subject_574,Vo2max,Horizontal,SCMR,0.22028533653940122,0.09363949566461362,59
subject_574,Vo2max,Horizontal,STL,0.14510947991785367,0.27282710848882835,59
subject_574,Vo2max,Horizontal,STR,-0.04216094036045249,0.7512008557081973,59
subject_574,Vo2max,Horizontal,UTL,0.1364096033355381,0.30292140012047253,59
subject_574,Vo2max,Horizontal,UTR,0.2866497796993728,0.02772858990338233,59
subject_574,WanT,Sagittal,MTL,0.7501485604372936,1.1817081576239953e-06,31
subject_574,WanT,Sagittal,MTR,0.7442149241210875,1.5922763313016204e-06,31
subject_574,WanT,Sagittal,SCML,0.13533255136577887,0.4679092811474597,31
subject_574,WanT,Sagittal,SCMR,-0.64128915571305,0.00010131537060806278,31
subject_574,WanT,Sagittal,STL,0.4342965349900121,0.014637859402182075,31
subject_574,WanT,Sagittal,STR,0.4176367099483564,0.01940157506406681,31
subject_574,WanT,Sagittal,UTL,0.7460406583722279,1.453930771420533e-06,31
subject_574,WanT,Sagittal,UTR,0.7006255188751114,1.1400199342997454e-05,31
subject_574,WanT,Frontal,MTL,0.1837117307087384,0.32252468403821183,31
subject_574,WanT,Frontal,MTR,0.1837117307087384,0.32252468403821183,31
subject_574,WanT,Frontal,SCML,0.3061862178478973,0.09389020140002027,31
subject_574,WanT,Frontal,SCMR,-0.28577380332470415,0.11912947681226922,31
subject_574,WanT,Frontal,STL,0.06123724356957946,0.7434783612034608,31
subject_574,WanT,Frontal,STR,0.28577380332470415,0.11912947681226922,31
subject_574,WanT,Frontal,UTL,0.20412414523193156,0.27069712852210576,31
subject_574,WanT,Frontal,UTR,0.020412414523193152,0.913208644878932,31
subject_574,WanT,Horizontal,MTL,-0.5606782669656629,0.0010351850531276632,31
subject_574,WanT,Horizontal,MTR,-0.5175491695067658,0.002865596340583344,31
subject_574,WanT,Horizontal,SCML,-0.13801311186847084,0.4590567674256629,31
subject_574,WanT,Horizontal,SCMR,0.2760262237369417,0.1328212940402725,31
subject_574,WanT,Horizontal,STL,-0.09488401440957372,0.6116426334442919,31
subject_574,WanT,Horizontal,STR,-0.3277811406876183,0.07184287191230583,31
subject_574,WanT,Horizontal,UTL,-0.46579425255608914,0.008270222780667736,31
subject_574,WanT,Horizontal,UTR,-0.6210590034081189,0.0001928080734103126,31
subject_574,Warmup,Sagittal,MTL,-0.15313104340889622,0.23871153887230595,61
subject_574,Warmup,Sagittal,MTR,0.1538405308687058,0.23651673293373934,61
subject_574,Warmup,Sagittal,SCML,0.4753565980724037,0.00010823838965353737,61
subject_574,Warmup,Sagittal,SCMR,-0.05167433665612946,0.6924706026083807,61
subject_574,Warmup,Sagittal,STL,0.12392380964673608,0.34133687264687496,61
subject_574,Warmup,Sagittal,STR,-0.06432686302273323,0.622347735493266,61
subject_574,Warmup,Sagittal,UTL,0.39494801929398715,0.001632962316864516,61
subject_574,Warmup,Sagittal,UTR,-0.33026641254134914,0.009336382875293833,61
subject_574,Warmup,Frontal,MTL,-0.02776772263153067,0.831773819947127,61
subject_574,Warmup,Frontal,MTR,0.05553544526306134,0.670763216872473,61
subject_574,Warmup,Frontal,SCML,0.40263197815719476,0.0012956868712009151,61
subject_574,Warmup,Frontal,SCMR,-0.08131975913519697,0.5332704767167957,61
subject_574,Warmup,Frontal,STL,-0.041651583947296004,0.7499406102504345,61
subject_574,Warmup,Frontal,STR,-0.08726998541338211,0.50363758520892,61
subject_574,Warmup,Frontal,UTL,0.4085822044353799,0.0010790614811573653,61
subject_574,Warmup,Frontal,UTR,-0.1566892919922088,0.2278442117037192,61
subject_574,Warmup,Horizontal,MTL,-0.07048367696104338,0.5893497006265059,61
subject_574,Warmup,Horizontal,MTR,0.08412567895350338,0.5191903722051127,61
subject_574,Warmup,Horizontal,SCML,0.6070690886644704,2.13952341181653e-07,61
subject_574,Warmup,Horizontal,SCMR,0.15915668991203347,0.22051317956527708,61
subject_574,Warmup,Horizontal,STL,-0.050020673972353366,0.7018446603148032,61
subject_574,Warmup,Horizontal,STR,-0.09094667994973339,0.48576023314365285,61
subject_574,Warmup,Horizontal,UTL,0.47519640273735697,0.00010890074121720428,61
subject_574,Warmup,Horizontal,UTR,-0.009094667994973339,0.9445410534493194,61
subject_575,Cooldown,Sagittal,MTL,0.1211651570617923,0.35227489245563554,61
subject_575,Cooldown,Sagittal,MTR,0.28492420892687675,0.026037914867448452,61
subject_575,Cooldown,Sagittal,SCML,0.10164049377124021,0.43572262429685243,61
subject_575,Cooldown,Sagittal,SCMR,-0.1755152031353413,0.17605954978188074,61
subject_575,Cooldown,Sagittal,STL,-0.29012290898608584,0.02332445658210492,61
subject_575,Cooldown,Sagittal,STR,-0.11877257351181543,0.36193441113794733,61
subject_575,Cooldown,Sagittal,UTL,-0.3155551859802846,0.01324072619080784,61
subject_575,Cooldown,Sagittal,UTR,-0.12689554235432954,0.3297938122333518,61
subject_575,Cooldown,Frontal,MTL,-0.13562065431501516,0.29734569742218075,61
subject_575,Cooldown,Frontal,MTR,-0.22280536066038206,0.08435932371910095,61
subject_575,Cooldown,Frontal,SCML,-0.014530784390894481,0.9114997513833566,61
subject_575,Cooldown,Frontal,SCMR,0.2639759164345831,0.039812951627604246,61
subject_575,Cooldown,Frontal,STL,0.2785067008254776,0.029749650346340323,61
subject_575,Cooldown,Frontal,STR,0.007265392195447241,0.955683317329632,61
subject_575,Cooldown,Frontal,UTL,-0.15741683090135689,0.22566521033889927,61
subject_575,Cooldown,Frontal,UTR,-0.2978810800133369,0.019721858492643116,61
subject_575,Cooldown,Horizontal,MTL,,,61
subject_575,Cooldown,Horizontal,MTR,,,61
subject_575,Cooldown,Horizontal,SCML,,,61
subject_575,Cooldown,Horizontal,SCMR,,,61
subject_575,Cooldown,Horizontal,STL,,,61
subject_575,Cooldown,Horizontal,STR,,,61
subject_575,Cooldown,Horizontal,UTL,,,61
subject_575,Cooldown,Horizontal,UTR,,,61
subject_575,Second_threshold,Sagittal,MTL,0.08481637156033688,0.5230180510572053,59
subject_575,Second_threshold,Sagittal,MTR,0.015421158465515793,0.9077123034211019,59
subject_575,Second_threshold,Sagittal,SCML,-0.18505390158618948,0.16056757089996215,59
subject_575,Second_threshold,Sagittal,SCMR,0.14650100542240002,0.26820514843569815,59
subject_575,Second_threshold,Sagittal,STL,-0.2004750600517053,0.12790067222746573,59
subject_575,Second_threshold,Sagittal,STR,-0.14650100542240002,0.26820514843569815,59
subject_575,Second_threshold,Sagittal,UTL,-0.13879042618964213,0.2944802026498588,59
subject_575,Second_threshold,Sagittal,UTR,-0.12336926772412635,0.35190285335310817,59
subject_575,Second_threshold,Frontal,MTL,0.15130558778762607,0.25265091089376573,59
subject_575,Second_threshold,Frontal,MTR,0.07565279389381303,0.5690277436490502,59
subject_575,Second_threshold,Frontal,SCML,0.08162538288542985,0.5388265040134305,59
subject_575,Second_threshold,Frontal,SCMR,0.05773502691896258,0.6640377697633502,59
subject_575,Second_threshold,Frontal,STL,-0.35835533949700915,0.005321560913407708,59
subject_575,Second_threshold,Frontal,STR,-0.23293097067305593,0.07583104162517601,59
subject_575,Second_threshold,Frontal,UTL,-0.30460203857245777,0.018992761530828906,59
subject_575,Second_threshold,Frontal,UTR,-0.11945177983233637,0.3675206372336307,59
subject_575,Second_threshold,Horizontal,MTL,,,59
subject_575,Second_threshold,Horizontal,MTR,,,59
subject_575,Second_threshold,Horizontal,SCML,,,59
subject_575,Second_threshold,Horizontal,SCMR,,,59
subject_575,Second_threshold,Horizontal,STL,,,59
subject_575,Second_threshold,Horizontal,STR,,,59
subject_575,Second_threshold,Horizontal,UTL,,,59
subject_575,Second_threshold,Horizontal,UTR,,,59
subject_575,Vo2max,Sagittal,MTL,-0.14184122668942614,0.28389011627489047,59
subject_575,Vo2max,Sagittal,MTR,-0.17380544678845175,0.1880042142196686,59
subject_575,Vo2max,Sagittal,SCML,0.19777861186272097,0.13321645928445908,59
subject_575,Vo2max,Sagittal,SCMR,-0.36359300362641633,0.004645545805229496,59
subject_575,Vo2max,Sagittal,STL,-0.3995527512378201,0.0017182251836636128,59
subject_575,Vo2max,Sagittal,STR,-0.4654789551920605,0.00020328873550310632,59
subject_575,Vo2max,Sagittal,UTL,-0.12386135288372425,0.34997041859872874,59
subject_575,Vo2max,Sagittal,UTR,-0.3296310197712016,0.010788979758909098,59
subject_575,Vo2max,Frontal,MTL,-0.23314666365007217,0.07555246957067657,59
subject_575,Vo2max,Frontal,MTR,-0.1234305866382735,0.35166169388316015,59
subject_575,Vo2max,Frontal,SCML,-0.0502865352970744,0.7052573374623627,59
subject_575,Vo2max,Frontal,SCMR,-0.07085829973678665,0.5938268153605829,59
subject_575,Vo2max,Frontal,STL,-0.09371581578091136,0.480188744974585,59
subject_575,Vo2max,Frontal,STR,-0.15314535749563565,0.24686025692002936,59
subject_575,Vo2max,Frontal,UTL,-0.006857254813237416,0.9588910950424515,59
subject_575,Vo2max,Frontal,UTR,-0.2811474473427341,0.031002247911194075,59
subject_575,Vo2max,Horizontal,MTL,-0.02325738630154828,0.8612016677594175,59
subject_575,Vo2max,Horizontal,MTR,-0.2412953828785634,0.06561036015131043,59
subject_575,Vo2max,Horizontal,SCML,-0.30816036849551476,0.017573613159409678,59
subject_575,Vo2max,Horizontal,SCMR,-0.2849029821939664,0.028734868075509002,59
subject_575,Vo2max,Horizontal,STL,-0.2849029821939664,0.028734868075509002,59
subject_575,Vo2max,Horizontal,STR,-0.4825907657571268,0.0001084632599763765,59
subject_575,Vo2max,Horizontal,UTL,-0.20350213013854748,0.12212613840623722,59
subject_575,Vo2max,Horizontal,UTR,-0.22675951644009573,0.08415292132336112,59
subject_575,WanT,Sagittal,MTL,-0.09128709291752769,0.625266433628533,31
subject_575,WanT,Sagittal,MTR,-0.31037611591959413,0.08925435477548621,31
subject_575,WanT,Sagittal,SCML,0.05477225575051661,0.769792265723477,31
subject_575,WanT,Sagittal,SCMR,-0.1734454765433026,0.35075918496565084,31
subject_575,WanT,Sagittal,STL,-0.22821773229381923,0.2168974033106018,31
subject_575,WanT,Sagittal,STR,0.19170289512680813,0.3015497896203152,31
subject_575,WanT,Sagittal,UTL,0.018257418583505537,0.9223423686315956,31
subject_575,WanT,Sagittal,UTR,-0.16431676725154984,0.37707072364790734,31
subject_575,WanT,Frontal,MTL,-0.19084657134227864,0.30375529739956963,31
subject_575,WanT,Frontal,MTR,0.04404151646360276,0.8140147692872132,31
subject_575,WanT,Frontal,SCML,-0.10276353841507312,0.5822436223600469,31
subject_575,WanT,Frontal,SCMR,-0.04404151646360276,0.8140147692872132,31
subject_575,WanT,Frontal,STL,0.2642490987816166,0.15086162506053002,31
subject_575,WanT,Frontal,STR,-0.029361010975735173,0.8754096791940855,31
subject_575,WanT,Frontal,UTL,-0.04404151646360276,0.8140147692872132,31
subject_575,WanT,Frontal,UTR,-0.20552707683014623,0.267346307491271,31
subject_575,WanT,Horizontal,MTL,,,31
subject_575,WanT,Horizontal,MTR,,,31
subject_575,WanT,Horizontal,SCML,,,31
subject_575,WanT,Horizontal,SCMR,,,31
subject_575,WanT,Horizontal,STL,,,31
subject_575,WanT,Horizontal,STR,,,31
subject_575,WanT,Horizontal,UTL,,,31
subject_575,WanT,Horizontal,UTR,,,31
subject_575,Warmup,Sagittal,MTL,-0.2507729873017694,0.06229395228637457,56
subject_575,Warmup,Sagittal,MTR,0.10110160027091783,0.45844256053770166,56
subject_575,Warmup,Sagittal,SCML,0.016454064036714608,0.9041964791262846,56
subject_575,Warmup,Sagittal,SCMR,-0.13070027070523446,0.3369855788621863,56
subject_575,Warmup,Sagittal,STL,0.00853001053461409,0.9502489558520995,56
subject_575,Warmup,Sagittal,STR,-0.07555818074649967,0.5799450394783848,56
subject_575,Warmup,Sagittal,UTL,-0.22024207527897036,0.10287661769666523,56
subject_575,Warmup,Sagittal,UTR,-0.23315362127945177,0.08374972460277064,56
subject_575,Warmup,Frontal,MTL,0.06726165950911643,0.622333371172388,56
subject_575,Warmup,Frontal,MTR,-0.14904572277588302,0.2729311391819668,56
subject_575,Warmup,Frontal,SCML,0.30783674281018913,0.02099687255207517,56
subject_575,Warmup,Frontal,SCMR,0.3280916743669117,0.013564653035157458,56
subject_575,Warmup,Frontal,STL,0.3695569587802022,0.00506115128816349,56
subject_575,Warmup,Frontal,STR,-0.2098105174460507,0.12066304915975372,56
subject_575,Warmup,Frontal,UTL,-0.10968236522225237,0.42098855870600144,56
subject_575,Warmup,Frontal,UTR,-0.3634422624611916,0.005900692993186736,56
subject_575,Warmup,Horizontal,MTL,0.07721695794343068,0.5716306154672236,56
subject_575,Warmup,Horizontal,MTR,0.01715932398742904,0.9001106025209277,56
subject_575,Warmup,Horizontal,SCML,0.1072457749214315,0.43144247210278025,56
subject_575,Warmup,Horizontal,SCMR,0.15872374688371862,0.2426394674845827,56
subject_575,Warmup,Horizontal,STL,-0.2230712118365775,0.09842084663383635,56
subject_575,Warmup,Horizontal,STR,0.1715932398742904,0.20604063469639894,56
subject_575,Warmup,Horizontal,UTL,-0.0643474649528589,0.6375261402470123,56
subject_575,Warmup,Horizontal,UTR,0.00857966199371452,0.9499597333797383,56
subject_577,Cooldown,Sagittal,MTL,0.5510701630347414,7.224848695911125e-05,46
subject_577,Cooldown,Sagittal,MTR,-0.10869504119505859,0.47210889356082525,46
subject_577,Cooldown,Sagittal,SCML,0.2887951294982112,0.05159510510176661,46
subject_577,Cooldown,Sagittal,SCMR,0.09443893327199535,0.532439528326707,46
subject_577,Cooldown,Sagittal,STL,-0.2658857508270877,0.07409949559933615,46
subject_577,Cooldown,Sagittal,STR,-0.1487242001231357,0.3239188652705739,46
subject_577,Cooldown,Sagittal,UTL,0.4213956093066159,0.003539236375989789,46
subject_577,Cooldown,Sagittal,UTR,0.08727975243726925,0.5640938280703638,46
subject_577,Cooldown,Frontal,MTL,-0.04240548068923236,0.7796166116349386,46
subject_577,Cooldown,Frontal,MTR,0.02883572686867801,0.8491284414936826,46
subject_577,Cooldown,Frontal,SCML,0.03901304223409378,0.7968581463027862,46
subject_577,Cooldown,Frontal,SCMR,-0.06954498833034108,0.6460525013585098,46
subject_577,Cooldown,Frontal,STL,-0.10346937288172697,0.49379163452293195,46
subject_577,Cooldown,Frontal,STR,-0.19506521117046888,0.1939069629146522,46
subject_577,Cooldown,Frontal,UTL,-0.16453326507422159,0.27453618419972686,46
subject_577,Cooldown,Frontal,UTR,-0.1577483881639444,0.29508545473661796,46
subject_577,Cooldown,Horizontal,MTL,0.2908706881012516,0.049864820674107344,46
subject_577,Cooldown,Horizontal,MTR,-0.1864555692956741,0.2147109081764933,46
subject_577,Cooldown,Horizontal,SCML,0.16408090098019323,0.2758761282013507,46
subject_577,Cooldown,Horizontal,SCMR,-0.19018468068158761,0.2055171647294891,46
subject_577,Cooldown,Horizontal,STL,-0.12306067573514493,0.41520278555819673,46
subject_577,Cooldown,Horizontal,STR,0.24612135147028985,0.0991866709670645,46
subject_577,Cooldown,Horizontal,UTL,0.45122247769553137,0.0016475495022232362,46
subject_577,Cooldown,Horizontal,UTR,0.2573086856280303,0.08428890553408983,46
subject_577,Second_threshold,Sagittal,MTL,0.1967145503800748,0.13535934747417616,59
subject_577,Second_threshold,Sagittal,MTR,0.32565181428872725,0.011840002249487004,59
subject_577,Second_threshold,Sagittal,SCML,0.2551674468487718,0.0511209779867317,59
subject_577,Second_threshold,Sagittal,SCMR,-0.16543272585480293,0.21050667293755498,59
subject_577,Second_threshold,Sagittal,STL,0.15590781133589005,0.23833657547804482,59
subject_577,Second_threshold,Sagittal,STR,0.2926655313758605,0.02448651408905095,59
subject_577,Second_threshold,Sagittal,UTL,-0.008522291937974696,0.9489212660375563,59
subject_577,Second_threshold,Sagittal,UTR,0.18438229263453493,0.16211805511749794,59
subject_577,Second_threshold,Frontal,MTL,,,59
subject_577,Second_threshold,Frontal,MTR,,,59
subject_577,Second_threshold,Frontal,SCML,,,59
subject_577,Second_threshold,Frontal,SCMR,,,59
subject_577,Second_threshold,Frontal,STL,,,59
subject_577,Second_threshold,Frontal,STR,,,59
subject_577,Second_threshold,Frontal,UTL,,,59
subject_577,Second_threshold,Frontal,UTR,,,59
subject_577,Second_threshold,Horizontal,MTL,-0.04477512197319529,0.7363170174117525,59
subject_577,Second_threshold,Horizontal,MTR,-0.029103829282576932,0.8267949847916342,59
subject_577,Second_threshold,Horizontal,SCML,0.058207658565153864,0.661453779247481,59
subject_577,Second_threshold,Horizontal,SCMR,-0.08283397565041128,0.5328116970802127,59
subject_577,Second_threshold,Horizontal,STL,0.21715934156999714,0.09850926010549539,59
subject_577,Second_threshold,Horizontal,STR,-0.34252968309494397,0.00791712749480086,59
subject_577,Second_threshold,Horizontal,UTL,0.23954690255659478,0.06764996751587081,59
subject_577,Second_threshold,Horizontal,UTR,-0.351484707489583,0.006338569937262027,59
subject_577,Vo2max,Sagittal,MTL,0.3059928455956024,0.018426874566832112,59
subject_577,Vo2max,Sagittal,MTR,-0.2449925992490821,0.06146000224244334,59
subject_577,Vo2max,Sagittal,SCML,0.2638332626460933,0.04347566487077288,59
subject_577,Vo2max,Sagittal,SCMR,0.21162959089070724,0.1076030833338469,59
subject_577,Vo2max,Sagittal,STL,0.27179816109406585,0.03730306404642392,59
subject_577,Vo2max,Sagittal,STR,0.49308799026303696,7.25509492783196e-05,59
subject_577,Vo2max,Sagittal,UTL,0.30720837226637737,0.01794412914192596,59
subject_577,Vo2max,Sagittal,UTR,0.567778905427759,2.734195790030316e-06,59
subject_577,Vo2max,Frontal,MTL,,,59
subject_577,Vo2max,Frontal,MTR,,,59
subject_577,Vo2max,Frontal,SCML,,,59
subject_577,Vo2max,Frontal,SCMR,,,59
subject_577,Vo2max,Frontal,STL,,,59
subject_577,Vo2max,Frontal,STR,,,59
subject_577,Vo2max,Frontal,UTL,,,59
subject_577,Vo2max,Frontal,UTR,,,59
subject_577,Vo2max,Horizontal,MTL,-0.2158962185172211,0.10053193473112061,59
subject_577,Vo2max,Horizontal,MTR,-0.007710579232757897,0.9537807223394827,59
subject_577,Vo2max,Horizontal,SCML,-0.038552896163789485,0.7718910908977685,59
subject_577,Vo2max,Horizontal,SCMR,0.0,1.0,59
subject_577,Vo2max,Horizontal,STL,0.13879042618964213,0.2944802026498588,59
subject_577,Vo2max,Horizontal,STR,0.007710579232757897,0.9537807223394827,59
subject_577,Vo2max,Horizontal,UTL,-0.030842316931031587,0.8166229648074541,59
subject_577,Vo2max,Horizontal,UTR,0.07710579232757897,0.5616085134188379,59
subject_577,WanT,Sagittal,MTL,-0.2935187235597695,0.10902031219105378,31
subject_577,WanT,Sagittal,MTR,-0.12976617252116127,0.48657462163765575,31
subject_577,WanT,Sagittal,SCML,-0.3423355217939207,0.05941282797945217,31
subject_577,WanT,Sagittal,SCMR,0.2113334809630341,0.25376627228849347,31
subject_577,WanT,Sagittal,STL,0.1427427897732774,0.4436563412641514,31
subject_577,WanT,Sagittal,STR,-0.016684222181292164,0.9290163931985339,31
subject_577,WanT,Sagittal,UTL,-0.20886174434358334,0.2594904784926769,31
subject_577,WanT,Sagittal,UTR,-0.1532476704059428,0.4104729152768676,31
subject_577,WanT,Frontal,MTL,-0.05379143536399191,0.7738072519749585,31
subject_577,WanT,Frontal,MTR,0.08606629658238704,0.6452574929886924,31
subject_577,WanT,Frontal,SCML,-0.46260634413033036,0.008783177216546381,31
subject_577,WanT,Frontal,SCMR,-0.3012320380383547,0.09960501414676536,31
subject_577,WanT,Frontal,STL,-0.2904737509655563,0.11291518120392102,31
subject_577,WanT,Frontal,STR,-0.21516574145596765,0.24505706642658326,31
subject_577,WanT,Frontal,UTL,-0.38729833462074176,0.031351693280649635,31
subject_577,WanT,Frontal,UTR,-0.3765400475479433,0.03680904736633807,31
subject_577,WanT,Horizontal,MTL,,,31
subject_577,WanT,Horizontal,MTR,,,31
subject_577,WanT,Horizontal,SCML,,,31
subject_577,WanT,Horizontal,SCMR,,,31
subject_577,WanT,Horizontal,STL,,,31
subject_577,WanT,Horizontal,STR,,,31
subject_577,WanT,Horizontal,UTL,,,31
subject_577,WanT,Horizontal,UTR,,,31
subject_577,Warmup,Sagittal,MTL,-0.37003228854750625,0.005886382681858966,54
subject_577,Warmup,Sagittal,MTR,-0.27946063656953674,0.04070440637004809,54
subject_577,Warmup,Sagittal,SCML,0.5395570715500032,2.551898240863963e-05,54
subject_577,Warmup,Sagittal,SCMR,0.2506783914803277,0.0675025826007213,54
subject_577,Warmup,Sagittal,STL,0.5218652328254435,5.187949883170026e-05,54
subject_577,Warmup,Sagittal,STR,0.5815421813590328,3.997194349895779e-06,54
subject_577,Warmup,Sagittal,UTL,-0.09453251139391572,0.4965425353251412,54
subject_577,Warmup,Sagittal,UTR,-0.18497213472468707,0.18055604107184234,54
subject_577,Warmup,Frontal,MTL,-0.06609896695711043,0.6348720086105778,54
subject_577,Warmup,Frontal,MTR,0.1894837052770499,0.16996916571579573,54
subject_577,Warmup,Frontal,SCML,0.09253855373995462,0.5057081131443316,54
subject_577,Warmup,Frontal,SCMR,0.20711009646561268,0.13292249483609989,54
subject_577,Warmup,Frontal,STL,0.17185731408848712,0.21401244900959607,54
subject_577,Warmup,Frontal,STR,0.1982969008713313,0.15060425747920092,54
subject_577,Warmup,Frontal,UTL,0.20711009646561268,0.13292249483609989,54
subject_577,Warmup,Frontal,UTR,0.17185731408848712,0.21401244900959607,54
subject_577,Warmup,Horizontal,MTL,0.18245369866702257,0.18666857990731067,54
subject_577,Warmup,Horizontal,MTR,-0.09437260275880478,0.4972743978871897,54
subject_577,Warmup,Horizontal,SCML,0.05662356165528287,0.6842379714830267,54
subject_577,Warmup,Horizontal,SCMR,0.23907726032230545,0.08166769614824054,54
subject_577,Warmup,Horizontal,STL,0.11953863016115272,0.3892573959688556,54
subject_577,Warmup,Horizontal,STR,-0.19503671236819656,0.15756779396932932,54
subject_577,Warmup,Horizontal,UTL,0.29570082197758835,0.029938202034012852,54
subject_577,Warmup,Horizontal,UTR,0.29570082197758835,0.029938202034012852,54
subject_578,Cooldown,Sagittal,MTL,-0.2052442930783296,0.11256004093144803,61
subject_578,Cooldown,Sagittal,MTR,0.03332979104301477,0.7987235014915587,61
subject_578,Cooldown,Sagittal,SCML,0.1938729526048304,0.1343631862958562,61
subject_578,Cooldown,Sagittal,SCMR,0.3201340433795452,0.011897305842468541,61
subject_578,Cooldown,Sagittal,STL,-0.2614848144349461,0.041792847203560246,61
subject_578,Cooldown,Sagittal,STR,0.17813232859964195,0.16960037027955882,61
subject_578,Cooldown,Sagittal,UTL,0.4527810100851905,0.0002484075500687245,61
subject_578,Cooldown,Sagittal,UTR,0.3083425794895374,0.015621582516566958,61
subject_578,Cooldown,Horizontal,MTL,-0.041375610487103774,0.7515440174698957,61
subject_578,Cooldown,Horizontal,MTR,-0.056421287027868784,0.6658197117325682,61
subject_578,Cooldown,Horizontal,SCML,0.07146696356863379,0.5841533711269472,61
subject_578,Cooldown,Horizontal,SCMR,-0.10155831665016381,0.43609574381241106,61
subject_578,Cooldown,Horizontal,STL,0.28210643513934386,0.027616590673546042,61
subject_578,Cooldown,Horizontal,STR,-0.0789898018390163,0.5451033867872278,61
subject_578,Cooldown,Horizontal,UTL,-0.3310048838968302,0.009170067415853378,61
subject_578,Cooldown,Horizontal,UTR,-0.04889844875748628,0.7082315520015584,61
subject_578,Second_threshold,Sagittal,MTL,-0.1688591423692713,0.20107896320498572,59
subject_578,Second_threshold,Sagittal,MTR,-0.008304547985373997,0.9502246531188102,59
subject_578,Second_threshold,Sagittal,SCML,-0.04152273992686999,0.7548484114173195,59
subject_578,Second_threshold,Sagittal,SCMR,-0.44290922588661324,0.0004433239046166817,59
subject_578,Second_threshold,Sagittal,STL,0.16332277704568862,0.21646471979069218,59
subject_578,Second_threshold,Sagittal,STR,-0.24636825689942857,0.05997083509310046,59
subject_578,Second_threshold,Sagittal,UTL,0.11072730647165331,0.4037815961585442,59
subject_578,Second_threshold,Sagittal,UTR,0.04982728791224399,0.7078280646261467,59
subject_578,Second_threshold,Horizontal,MTL,,,59
subject_578,Second_threshold,Horizontal,MTR,,,59
subject_578,Second_threshold,Horizontal,SCML,,,59
subject_578,Second_threshold,Horizontal,SCMR,,,59
subject_578,Second_threshold,Horizontal,STL,,,59
subject_578,Second_threshold,Horizontal,STR,,,59
subject_578,Second_threshold,Horizontal,UTL,,,59
subject_578,Second_threshold,Horizontal,UTR,,,59
subject_578,Vo2max,Sagittal,MTL,-0.08924269964661415,0.5014802344211394,59
subject_578,Vo2max,Sagittal,MTR,-0.2348797094937032,0.07334360308710272,59
subject_578,Vo2max,Sagittal,SCML,0.5165157616252257,2.816466152722818e-05,59
subject_578,Vo2max,Sagittal,SCMR,-0.2722420837476685,0.03698158839546122,59
subject_578,Vo2max,Sagittal,STL,-0.19138685587235263,0.14648004628762504,59
subject_578,Vo2max,Sagittal,STR,-0.4438650061371072,0.0004293895595716177,59
subject_578,Vo2max,Sagittal,UTL,0.36047828678172683,0.005037787247677468,59
subject_578,Vo2max,Sagittal,UTR,0.32088942002119875,0.013213034186585822,59
subject_578,Vo2max,Horizontal,MTL,0.199249292780719,0.13029689498125765,59
subject_578,Vo2max,Horizontal,MTR,0.21492058547133733,0.10211618123918267,59
subject_578,Vo2max,Horizontal,SCML,-0.4947650978038079,6.795346355359574e-05,59
subject_578,Vo2max,Horizontal,SCMR,0.11641531713030773,0.3799104277927174,59
subject_578,Vo2max,Horizontal,STL,0.15447417080752374,0.24273455063141333,59
subject_578,Vo2max,Horizontal,STR,0.1880555122874202,0.15377117246099878,59
subject_578,Vo2max,Horizontal,UTL,-0.33133590260164514,0.010363986632980146,59
subject_578,Vo2max,Horizontal,UTR,-0.15447417080752374,0.24273455063141333,59
subject_578,WanT,Sagittal,MTL,0.5954494212635842,0.0004096098127666452,31
subject_578,WanT,Sagittal,MTR,0.7165718392426623,5.785238426200309e-06,31
subject_578,WanT,Sagittal,SCML,-0.26754780683734714,0.1456396169866914,31
subject_578,WanT,Sagittal,SCMR,0.07155348322394169,0.7020814717061923,31
subject_578,WanT,Sagittal,STL,0.48552667891955786,0.005626521540772827,31
subject_578,WanT,Sagittal,STR,-0.17276536674070556,0.352680514597671,31
subject_578,WanT,Sagittal,UTL,0.42102484331768586,0.018340970103833426,31
subject_578,WanT,Sagittal,UTR,-0.1769133947536877,0.34106027514931414,31
subject_578,WanT,Horizontal,MTL,0.4776457026988808,0.006579716174319117,31
subject_578,WanT,Horizontal,MTR,0.2583031051141723,0.16061336267453155,31
subject_578,WanT,Horizontal,SCML,-0.7012891355303483,1.109253169052633e-05,31
subject_578,WanT,Horizontal,SCMR,-0.5532898049801125,0.001244520910242548,31
subject_578,WanT,Horizontal,STL,0.014673437900707145,0.9375536423040592,31
subject_578,WanT,Horizontal,STR,0.07564410228123165,0.6858882585830293,31
subject_578,WanT,Horizontal,UTL,-0.6405714614584568,0.00010373624535200282,31
subject_578,WanT,Horizontal,UTR,-0.5464590666470247,0.001470044738706349,31
subject_578,Warmup,Sagittal,MTL,0.24337818202594208,0.05875162478352026,61
subject_578,Warmup,Sagittal,MTR,-0.009671990675240971,0.941026627775377,61
subject_578,Warmup,Sagittal,SCML,0.30648120452169825,0.016292503144227245,61
subject_578,Warmup,Sagittal,SCMR,0.39393212021033536,0.001682995951907275,61
subject_578,Warmup,Sagittal,STL,0.08667849976665605,0.5065448526017118,61
subject_578,Warmup,Sagittal,STR,-0.052289199588021494,0.688996732059218,61
subject_578,Warmup,Sagittal,UTL,0.25919591677607573,0.04368293930146299,61
subject_578,Warmup,Sagittal,UTR,0.22484019989839688,0.08148901775905093,61
subject_578,Warmup,Frontal,MTL,0.0016778544655697799,0.9911703241652808,46
subject_578,Warmup,Frontal,MTR,0.09504552060845285,0.5297979774556313,46
subject_578,Warmup,Frontal,SCML,0.039972415209162414,0.7919721827814616,46
subject_578,Warmup,Frontal,SCMR,-0.10313870097178941,0.4951807717302547,46
subject_578,Warmup,Frontal,STL,-0.014705900904111602,0.9227259693351776,46
subject_578,Warmup,Frontal,STR,0.0010856705365451518,0.9942866148929821,46
subject_578,Warmup,Frontal,UTL,-0.05457961879176991,0.7186540254696204,46
subject_578,Warmup,Frontal,UTR,0.11182406526415063,0.4593724255501838,46
subject_578,Warmup,Horizontal,MTL,-0.3148432859503378,0.01346091118798195,61
subject_578,Warmup,Horizontal,MTR,-0.11363362681476066,0.38322171266070265,61
subject_578,Warmup,Horizontal,SCML,0.09125124577548963,0.48429448892741067,61
subject_578,Warmup,Horizontal,SCMR,0.013707552884997353,0.9164952578482832,61
subject_578,Warmup,Horizontal,STL,-0.051188108116439396,0.6952221846613678,61
subject_578,Warmup,Horizontal,STR,0.029004387263907448,0.8243981915512125,61
subject_578,Warmup,Horizontal,UTL,-0.22879031506118774,0.07613784496436116,61
subject_578,Warmup,Horizontal,UTR,-0.02993146813535654,0.8188788151384067,61
subject_579,Cooldown,Sagittal,MTL,-0.438624230738028,0.000406409506819539,61
subject_579,Cooldown,Sagittal,MTR,-0.4498104382938353,0.0002759309273870874,61
subject_579,Cooldown,Sagittal,SCML,0.5410106110607209,6.746932912701749e-06,61
subject_579,Cooldown,Sagittal,SCMR,0.15117670793867777,0.24482955624914346,61
subject_579,Cooldown,Sagittal,STL,-0.48453655349742175,7.591705179926221e-05,61
subject_579,Cooldown,Sagittal,STR,-0.0499849711413624,0.7020475420026359,61
subject_579,Cooldown,Sagittal,UTL,-0.3377040038328438,0.0077752795250700365,61
subject_579,Cooldown,Sagittal,UTR,-0.14935759166139845,0.2506198340192399,61
subject_579,Cooldown,Frontal,MTL,0.021217054718833846,0.8710692043661489,61
subject_579,Cooldown,Frontal,MTR,0.18996394533584157,0.14254990493403558,61
subject_579,Cooldown,Frontal,SCML,-0.05311539761573631,0.6843389084241422,61
subject_579,Cooldown,Frontal,SCMR,-0.12270384457421603,0.3461476254720172,61
subject_579,Cooldown,Frontal,STL,-0.16973643775067077,0.19095095971927897,61
subject_579,Cooldown,Frontal,STR,0.26965159392317634,0.0355903472439571,61
subject_579,Cooldown,Frontal,UTL,-0.1402828583604652,0.28089068351901036,61
subject_579,Cooldown,Frontal,UTR,-0.17747818885521097,0.171198345577384,61
subject_579,Cooldown,Horizontal,MTL,-0.10531327120347568,0.419230761887015,61
subject_579,Cooldown,Horizontal,MTR,-0.08115715516382531,0.5340921504287155,61
subject_579,Cooldown,Horizontal,SCML,0.10962686335341323,0.4003260748498658,61
subject_579,Cooldown,Horizontal,SCMR,0.038945574839436295,0.7657069677041516,61
subject_579,Cooldown,Horizontal,STL,0.24020546000652324,0.06222976022259502,61
subject_579,Cooldown,Horizontal,STR,-0.42907917342878943,0.0005597105690990309,61
subject_579,Cooldown,Horizontal,UTL,0.1491270428978415,0.25136026940794604,61
subject_579,Cooldown,Horizontal,UTR,0.03832934738944521,0.7693108879030706,61
subject_579,Second_threshold,Sagittal,MTL,-0.01983216211691932,0.8814834162135281,59
subject_579,Second_threshold,Sagittal,MTR,0.044425617123019664,0.7383014899687802,59
subject_579,Second_threshold,Sagittal,SCML,0.4193085704720085,0.0009476465382690603,59
subject_579,Second_threshold,Sagittal,SCMR,0.3003942968265121,0.020795671456839394,59
subject_579,Second_threshold,Sagittal,STL,-0.006532021649620253,0.9608392891493677,59
subject_579,Second_threshold,Sagittal,STR,-0.041631800634326664,0.7542247088201331,59
subject_579,Second_threshold,Sagittal,UTL,0.2981907232579655,0.021796418499989752,59
subject_579,Second_threshold,Sagittal,UTR,0.18958602595102636,0.15038876835443055,59
subject_579,Second_threshold,Frontal,MTL,-0.19431817865137563,0.43973242580832245,18
subject_579,Second_threshold,Frontal,MTR,-0.10881818004477035,0.6673320804314145,18
subject_579,Second_threshold,Frontal,SCML,0.17988311395155915,0.4750732506994033,18
subject_579,Second_threshold,Frontal,SCMR,0.018876623068990777,0.9407372365350314,18
subject_579,Second_threshold,Frontal,STL,-0.3231233713574303,0.1909081761780497,18
subject_579,Second_threshold,Frontal,STR,-0.28648051481174236,0.24910048894775183,18
subject_579,Second_threshold,Frontal,UTL,-0.06107142757614663,0.8097668995258576,18
subject_579,Second_threshold,Frontal,UTR,-0.09438311534495387,0.7095061938447246,18
subject_579,Second_threshold,Horizontal,MTL,,,59
subject_579,Second_threshold,Horizontal,MTR,,,59
subject_579,Second_threshold,Horizontal,SCML,,,59
subject_579,Second_threshold,Horizontal,SCMR,,,59
subject_579,Second_threshold,Horizontal,STL,,,59
subject_579,Second_threshold,Horizontal,STR,,,59
subject_579,Second_threshold,Horizontal,UTL,,,59
subject_579,Second_threshold,Horizontal,UTR,,,59
subject_579,Vo2max,Sagittal,MTL,-0.2439248949492948,0.06263622754906081,59
subject_579,Vo2max,Sagittal,MTR,-0.26648442280587703,0.04133405234286586,59
subject_579,Vo2max,Sagittal,SCML,0.7234648587624148,9.628616119700577e-11,59
subject_579,Vo2max,Sagittal,SCMR,0.5753279590871451,1.8748771936464447e-06,59
subject_579,Vo2max,Sagittal,STL,-0.368302291881994,0.004103559085185578,59
subject_579,Vo2max,Sagittal,STR,-0.4591703901234666,0.0002541733124352442,59
subject_579,Vo2max,Sagittal,UTL,0.22217535014075487,0.09078765079337293,59
subject_579,Vo2max,Sagittal,UTR,-0.07337846427819152,0.5807314322538759,59
subject_579,Vo2max,Horizontal,MTL,,,59
subject_579,Vo2max,Horizontal,MTR,,,59
subject_579,Vo2max,Horizontal,SCML,,,59
subject_579,Vo2max,Horizontal,SCMR,,,59
subject_579,Vo2max,Horizontal,STL,,,59
subject_579,Vo2max,Horizontal,STR,,,59
subject_579,Vo2max,Horizontal,UTL,,,59
subject_579,Vo2max,Horizontal,UTR,,,59
subject_579,WanT,Sagittal,MTL,0.3491698660436965,0.054192449380706394,31
subject_579,WanT,Sagittal,MTR,0.4063688416547665,0.023300015023946675,31
subject_579,WanT,Sagittal,SCML,0.21855130979752152,0.2375302196490341,31
subject_579,WanT,Sagittal,SCMR,0.37584849272796417,0.03718450960172114,31
subject_579,WanT,Sagittal,STL,0.1404362908659855,0.45113140835574306,31
subject_579,WanT,Sagittal,STR,0.199769556611797,0.28127076070202744,31
subject_579,WanT,Sagittal,UTL,0.27425628231427257,0.13542633282175998,31
subject_579,WanT,Sagittal,UTR,0.44201148690494824,0.012788109327141294,31
subject_579,WanT,Frontal,MTL,-0.3826727192716691,0.27509152227346767,10
subject_579,WanT,Frontal,MTR,-0.6022390336078728,0.06541212136077766,10
subject_579,WanT,Frontal,SCML,-0.6461522964751135,0.04354073084174502,10
subject_579,WanT,Frontal,SCMR,-0.7778920850768356,0.008063675062065548,10
subject_579,WanT,Frontal,STL,-0.5332324776736374,0.11246565407001431,10
subject_579,WanT,Frontal,STR,-0.6524256197418621,0.040884911982725744,10
subject_579,WanT,Frontal,UTL,-0.6336056499416161,0.04919410686196063,10
subject_579,WanT,Frontal,UTR,-0.7151588524093488,0.0200765221022895,10
subject_579,WanT,Horizontal,MTL,-0.42573465914816006,0.01694684170016126,31
subject_579,WanT,Horizontal,MTR,-0.42573465914816006,0.01694684170016126,31
subject_579,WanT,Horizontal,SCML,-0.42573465914816006,0.01694684170016126,31
subject_579,WanT,Horizontal,SCMR,-0.3816931426845573,0.03410657374373197,31
subject_579,WanT,Horizontal,STL,-0.42573465914816006,0.01694684170016126,31
subject_579,WanT,Horizontal,STR,-0.3816931426845573,0.03410657374373197,31
subject_579,WanT,Horizontal,UTL,-0.3963736481724249,0.027276539425628996,31
subject_579,WanT,Horizontal,UTR,-0.3670126371966897,0.04225900519128319,31
subject_579,Warmup,Sagittal,MTL,-0.4155533740745317,0.0008671473606044236,61
subject_579,Warmup,Sagittal,MTR,-0.4259540909658541,0.0006202909680139605,61
subject_579,Warmup,Sagittal,SCML,0.24243176388348675,0.05977227864509753,61
subject_579,Warmup,Sagittal,SCMR,-0.7230734952779074,4.676581504773584e-11,61
subject_579,Warmup,Sagittal,STL,-0.3835404148257031,0.0022794055818055443,61
subject_579,Warmup,Sagittal,STR,0.3349478181667826,0.008324952271506382,61
subject_579,Warmup,Sagittal,UTL,-0.34828422127743,0.005948506415103472,61
subject_579,Warmup,Sagittal,UTR,-0.04333632038051027,0.7401753292628882,61
subject_579,Warmup,Frontal,MTL,-0.36159572363294556,0.004192504565173074,61
subject_579,Warmup,Frontal,MTR,-0.3433098161104652,0.006754216697506558,61
subject_579,Warmup,Frontal,SCML,0.4580605111428421,0.00020560010155248453,61
subject_579,Warmup,Frontal,SCMR,-0.5092080495752872,2.7792049578183905e-05,61
subject_579,Warmup,Frontal,STL,-0.23297600695308354,0.07077625016766043,61
subject_579,Warmup,Frontal,STR,0.30950591621383483,0.015214405207849144,61
subject_579,Warmup,Frontal,UTL,-0.14054530854234928,0.27998265201638595,61
subject_579,Warmup,Frontal,UTR,0.16330699375149157,0.20855681417054686,61
subject_579,Warmup,Horizontal,MTL,,,61
subject_579,Warmup,Horizontal,MTR,,,61
subject_579,Warmup,Horizontal,SCML,,,61
subject_579,Warmup,Horizontal,SCMR,,,61
subject_579,Warmup,Horizontal,STL,,,61
subject_579,Warmup,Horizontal,STR,,,61
subject_579,Warmup,Horizontal,UTL,,,61
subject_579,Warmup,Horizontal,UTR,,,61
subject_580,Cooldown,Sagittal,MTL,0.31612361715713705,0.013869231370922825,60
subject_580,Cooldown,Sagittal,MTR,-0.1654248873422784,0.20653734543660643,60
subject_580,Cooldown,Sagittal,SCML,0.3923716876096016,0.001930395445331272,60
subject_580,Cooldown,Sagittal,SCMR,0.38940753598738004,0.0021031610144831626,60
subject_580,Cooldown,Sagittal,STL,0.22079776232760834,0.090017030663259,60
subject_580,Cooldown,Sagittal,STR,-0.3262143460838486,0.01096878292089578,60
subject_580,Cooldown,Sagittal,UTL,0.544520959707675,6.873268935244978e-06,60
subject_580,Cooldown,Sagittal,UTR,0.3357374715084327,0.00872862628778293,60
subject_580,Cooldown,Frontal,MTL,0.10423511756766228,0.42802275208410223,60
subject_580,Cooldown,Frontal,MTR,-0.04349097972217265,0.7414383096277969,60
subject_580,Cooldown,Frontal,SCML,0.5035317921725797,4.1135042161774673e-05,60
subject_580,Cooldown,Frontal,SCMR,0.5338062017097209,1.1223439373490211e-05,60
subject_580,Cooldown,Frontal,STL,0.265600975713478,0.04026142745245595,60
subject_580,Cooldown,Frontal,STR,-0.3593539858930119,0.004804638283831334,60
subject_580,Cooldown,Frontal,UTL,0.3755003376461538,0.00311212066477676,60
subject_580,Cooldown,Frontal,UTR,0.45532060881289577,0.0002567982574392005,60
subject_580,Cooldown,Horizontal,MTL,-0.05160282949230816,0.6953785622081267,60
subject_580,Cooldown,Horizontal,MTR,-0.03433045383998243,0.7945511240449548,60
subject_580,Cooldown,Horizontal,SCML,-0.1469223417771033,0.2626253755318087,60
subject_580,Cooldown,Horizontal,SCMR,-0.06720368492021529,0.6099222515788035,60
subject_580,Cooldown,Horizontal,STL,0.046502549833184685,0.724222753582685,60
subject_580,Cooldown,Horizontal,STR,0.34647614087692624,0.006690012578379676,60
subject_580,Cooldown,Horizontal,UTL,-0.32388918810080797,0.011585889673942727,60
subject_580,Cooldown,Horizontal,UTR,-0.17250945905858836,0.18748710889634126,60
subject_580,Second_threshold,Sagittal,MTL,0.16980991927607353,0.1985169134355938,59
subject_580,Second_threshold,Sagittal,MTR,-0.12985464415229156,0.326962872366326,59
subject_580,Second_threshold,Sagittal,SCML,0.15782333673893895,0.23254623287977746,59
subject_580,Second_threshold,Sagittal,SCMR,0.19378308435034275,0.14139697003031432,59
subject_580,Second_threshold,Sagittal,STL,0.07191949522280762,0.5882965594562206,59
subject_580,Second_threshold,Sagittal,STR,-0.05793514892948392,0.662943177909266,59
subject_580,Second_threshold,Sagittal,UTL,0.17580321054464088,0.18290048244458446,59
subject_580,Second_threshold,Sagittal,UTR,-0.03196422009902561,0.8100744427809071,59
subject_580,Second_threshold,Frontal,MTL,-0.2322910492148556,0.0766623162365821,59
subject_580,Second_threshold,Frontal,MTR,-0.04288450139351179,0.7470719720618993,59
subject_580,Second_threshold,Frontal,SCML,0.1286535041805354,0.3314955202666833,59
subject_580,Second_threshold,Frontal,SCMR,0.26088071681053016,0.04596726408954678,59
subject_580,Second_threshold,Frontal,STL,0.13222721262999473,0.3181254363463956,59
subject_580,Second_threshold,Frontal,STR,-0.2358647576643149,0.07211120879510025,59
subject_580,Second_threshold,Frontal,UTL,0.12507979573107608,0.34521382710775184,59
subject_580,Second_threshold,Frontal,UTR,0.010721125348377948,0.9357673636579786,59
subject_580,Second_threshold,Horizontal,MTL,,,59
subject_580,Second_threshold,Horizontal,MTR,,,59
subject_580,Second_threshold,Horizontal,SCML,,,59
subject_580,Second_threshold,Horizontal,SCMR,,,59
subject_580,Second_threshold,Horizontal,STL,,,59
subject_580,Second_threshold,Horizontal,STR,,,59
subject_580,Second_threshold,Horizontal,UTL,,,59
subject_580,Second_threshold,Horizontal,UTR,,,59
subject_580,Vo2max,Sagittal,MTL,-0.2776778013672733,0.0332280087948173,59
subject_580,Vo2max,Sagittal,MTR,-0.5018092503877789,5.142367220946746e-05,59
subject_580,Vo2max,Sagittal,SCML,-0.601720373593729,4.641283154811415e-07,59
subject_580,Vo2max,Sagittal,SCMR,-0.5425249111228353,9.04868133546851e-06,59
subject_580,Vo2max,Sagittal,STL,-0.3610622726143444,0.004962099323758982,59
subject_580,Vo2max,Sagittal,STR,-0.15856571343091674,0.23032848694404912,59
subject_580,Vo2max,Sagittal,UTL,-0.23660155913493242,0.07120023232382523,59
subject_580,Vo2max,Sagittal,UTR,-0.2788496912334484,0.03246181788498372,59
subject_580,Vo2max,Frontal,MTL,-0.01812733862649212,0.8916072806386264,59
subject_580,Vo2max,Frontal,MTR,-0.1490470064844908,0.25988483824412456,59
subject_580,Vo2max,Frontal,SCML,0.034240528516707336,0.7968278252210866,59
subject_580,Vo2max,Frontal,SCMR,-0.0906366931324606,0.49479325389588547,59
subject_580,Vo2max,Frontal,STL,-0.08862254439618371,0.5044700153950391,59
subject_580,Vo2max,Frontal,STR,-0.012084892417661412,0.9276173544006371,59
subject_580,Vo2max,Frontal,UTL,-0.004028297472553804,0.97584373845908,59
subject_580,Vo2max,Frontal,UTR,-0.0745235032422454,0.5748253555700735,59
subject_580,Vo2max,Horizontal,MTL,-0.11906722572267371,0.36907605125229465,59
subject_580,Vo2max,Horizontal,MTR,-0.143461486602441,0.2783691401544919,59
subject_580,Vo2max,Horizontal,SCML,-0.16727493174697575,0.2053999193962128,59
subject_580,Vo2max,Horizontal,SCMR,-0.3191582465102888,0.013745026554182959,59
subject_580,Vo2max,Horizontal,STL,-0.11296866050273188,0.3942726726436097,59
subject_580,Vo2max,Horizontal,STR,0.05096658076665668,0.7014566662131688,59
subject_580,Vo2max,Horizontal,UTL,-0.2679012578760158,0.04022566873796801,59
subject_580,Vo2max,Horizontal,UTR,-0.16611330027651064,0.20860974847271938,59
subject_580,WanT,Sagittal,MTL,0.5535933343339454,0.001837590619588745,29
subject_580,WanT,Sagittal,MTR,0.12607819272675486,0.5145979463286974,29
subject_580,WanT,Sagittal,SCML,0.5033121503298229,0.005382633009108287,29
subject_580,WanT,Sagittal,SCMR,0.34446363369988375,0.06727128429579896,29
subject_580,WanT,Sagittal,STL,0.2611619706482779,0.17117966641962162,29
subject_580,WanT,Sagittal,STR,0.0672917338164624,0.7287185959994239,29
subject_580,WanT,Sagittal,UTL,-0.220636837271821,0.25008428050432585,29
subject_580,WanT,Sagittal,UTR,-0.31444501638398975,0.09665361897562266,29
subject_580,WanT,Frontal,MTL,0.4322566893628664,0.019192710098931098,29
subject_580,WanT,Frontal,MTR,0.314127716657083,0.09700882574229265,29
subject_580,WanT,Frontal,SCML,0.6433526338617663,0.00016679055378214267,29
subject_580,WanT,Frontal,SCMR,0.47675370150316143,0.008927941757954725,29
subject_580,WanT,Frontal,STL,0.42669456284532953,0.020979409742482167,29
subject_580,WanT,Frontal,STR,0.36127336047239567,0.05416150904960534,29
subject_580,WanT,Frontal,UTL,-0.40100283559765915,0.0310929473291951,29
subject_580,WanT,Frontal,UTR,-0.4770185646706632,0.008884698939781183,29
subject_580,WanT,Horizontal,MTL,-0.03150300646104648,0.8711275232281348,29
subject_580,WanT,Horizontal,MTR,-0.008018947099175467,0.9670691747889788,29
subject_580,WanT,Horizontal,SCML,0.005441428388726209,0.9776508527507318,29
subject_580,WanT,Horizontal,SCMR,-0.14090435617122604,0.46596165797367645,29
subject_580,WanT,Horizontal,STL,0.29240517815207684,0.12374342622569048,29
subject_580,WanT,Horizontal,STR,0.11398360519542271,0.5560328129426958,29
subject_580,WanT,Horizontal,UTL,-0.2276808194230177,0.2348942942304373,29
subject_580,WanT,Horizontal,UTR,0.004582255485243124,0.9811789901664721,29
subject_580,Warmup,Sagittal,MTL,0.0747151261916676,0.5671374694828072,61
subject_580,Warmup,Sagittal,MTR,-0.482338658157243,8.272176006331613e-05,61
subject_580,Warmup,Sagittal,SCML,0.2273163123125802,0.07810101561068639,61
subject_580,Warmup,Sagittal,SCMR,-0.10686046695635855,0.41239195992623257,61
subject_580,Warmup,Sagittal,STL,-0.028538403638196645,0.827175641248977,61
subject_580,Warmup,Sagittal,STR,-0.056482257200597526,0.665479980045918,61
subject_580,Warmup,Sagittal,UTL,-0.08850868795012932,0.497577046251688,61
subject_580,Warmup,Sagittal,UTR,-0.5687069658345076,1.7387271057686883e-06,61
subject_580,Warmup,Frontal,MTL,0.19483114545380248,0.13241157435257653,61
subject_580,Warmup,Frontal,MTR,-0.02759108217038637,0.8328285213362132,61
subject_580,Warmup,Frontal,SCML,-0.06442623534926536,0.6218089837844664,61
subject_580,Warmup,Frontal,SCMR,0.15453828632518196,0.23437181761726633,61
subject_580,Warmup,Frontal,STL,-0.00882067844321815,0.9462093246343668,61
subject_580,Warmup,Frontal,STR,-0.04036342455616625,0.7574337259489967,61
subject_580,Warmup,Frontal,UTL,0.2649731804342732,0.03904238223390793,61
subject_580,Warmup,Frontal,UTR,0.2403458462208081,0.06207242827002163,61
subject_580,Warmup,Horizontal,MTL,-0.18330889377669163,0.15733731903115902,61
subject_580,Warmup,Horizontal,MTR,0.007332355751067663,0.9552752751861758,61
subject_580,Warmup,Horizontal,SCML,0.18330889377669163,0.15733731903115902,61
subject_580,Warmup,Horizontal,SCMR,-0.11731769201708261,0.3678864451610412,61
subject_580,Warmup,Horizontal,STL,0.0,1.0,61
subject_580,Warmup,Horizontal,STR,-0.10998533626601498,0.398777841958758,61
subject_580,Warmup,Horizontal,UTL,-0.16864418227455627,0.19386418196658883,61
subject_580,Warmup,Horizontal,UTR,-0.2053059610298946,0.11244970398830048,61
subject_581,Cooldown,Sagittal,MTL,0.18862710112784278,0.14543361004024516,61
subject_581,Cooldown,Sagittal,MTR,0.019643126208078197,0.8805608424105424,61
subject_581,Cooldown,Sagittal,SCML,0.34407324582312104,0.0066246732080506585,61
subject_581,Cooldown,Sagittal,SCMR,0.749836525845666,3.551042492127143e-12,61
subject_581,Cooldown,Sagittal,STL,-0.14809324474982194,0.2546987114084877,61
subject_581,Cooldown,Sagittal,STR,0.08128007087721004,0.5334709727731464,61
subject_581,Cooldown,Sagittal,UTL,0.22430326548413618,0.08223879929973893,61
subject_581,Cooldown,Sagittal,UTR,0.24508781659349455,0.05694365172939445,61
subject_581,Cooldown,Frontal,MTL,-0.08769614652203879,0.5015482527892193,61
subject_581,Cooldown,Frontal,MTR,0.0710631482567869,0.5862848805170456,61
subject_581,Cooldown,Frontal,SCML,0.09180514440144112,0.4816348126989206,61
subject_581,Cooldown,Frontal,SCMR,0.47900783498238136,9.410999429439473e-05,61
subject_581,Cooldown,Frontal,STL,-0.3594247391633368,0.004443105230106873,61
subject_581,Cooldown,Frontal,STR,-0.015113231926294874,0.9079674082973341,61
subject_581,Cooldown,Frontal,UTL,-0.14865566300687064,0.25287878759340465,61
subject_581,Cooldown,Frontal,UTR,-0.10289380991160905,0.43005430440438047,61
subject_581,Cooldown,Horizontal,MTL,-0.35633966076775364,0.004821949526912312,61
subject_581,Cooldown,Horizontal,MTR,0.08896432064420227,0.49535735136503145,61
subject_581,Cooldown,Horizontal,SCML,0.18695600457608114,0.14909925934503473,61
subject_581,Cooldown,Horizontal,SCMR,0.2890134475459213,0.023882534805231455,61
subject_581,Cooldown,Horizontal,STL,-0.3038982602950674,0.017264271386598962,61
subject_581,Cooldown,Horizontal,STR,0.11101589508738176,0.39434649927759635,61
subject_581,Cooldown,Horizontal,UTL,-0.28984038158754044,0.02346551545237548,61
subject_581,Cooldown,Horizontal,UTR,-0.0009647563818891028,0.9941123803707981,61
subject_581,Second_threshold,Sagittal,MTL,0.2080626165637393,0.1138037988441796,59
subject_581,Second_threshold,Sagittal,MTR,0.00869057612182695,0.9479140296821474,59
subject_581,Second_threshold,Sagittal,SCML,0.21486810448267002,0.10220194557748283,59
subject_581,Second_threshold,Sagittal,SCMR,0.6468408587734802,3.1140268503193474e-08,59
subject_581,Second_threshold,Sagittal,STL,-0.02345177526993008,0.860053174668676,59
subject_581,Second_threshold,Sagittal,STR,-0.4802182320259524,0.00011856998806999097,59
subject_581,Second_threshold,Sagittal,UTL,0.3681673112198969,0.004118280298430692,59
subject_581,Second_threshold,Sagittal,UTR,0.36656977884456104,0.004296085263379248,59
subject_581,Second_threshold,Frontal,MTL,-0.04288450139351179,0.7470719720618993,59
subject_581,Second_threshold,Frontal,MTR,-0.025015959146215218,0.8508223134011289,59
subject_581,Second_threshold,Frontal,SCML,0.42169759703619936,0.0008796743190912022,59
subject_581,Second_threshold,Frontal,SCMR,0.3359285942491758,0.009290491946969294,59
subject_581,Second_threshold,Frontal,STL,0.057179335191349066,0.6670808482756193,59
subject_581,Second_threshold,Frontal,STR,-0.3287811773502572,0.011006402479202447,59
subject_581,Second_threshold,Frontal,UTL,0.3252074689007978,0.011962676318011926,59
subject_581,Second_threshold,Frontal,UTR,0.19655396472026243,0.13568498536376036,59
subject_581,Second_threshold,Horizontal,MTL,,,59
subject_581,Second_threshold,Horizontal,MTR,,,59
subject_581,Second_threshold,Horizontal,SCML,,,59
subject_581,Second_threshold,Horizontal,SCMR,,,59
subject_581,Second_threshold,Horizontal,STL,,,59
subject_581,Second_threshold,Horizontal,STR,,,59
subject_581,Second_threshold,Horizontal,UTL,,,59
subject_581,Second_threshold,Horizontal,UTR,,,59
subject_581,Vo2max,Sagittal,MTL,0.2716030497693014,0.03744508850359322,59
subject_581,Vo2max,Sagittal,MTR,0.12198712827984325,0.3573656505743929,59
subject_581,Vo2max,Sagittal,SCML,0.6802088763019325,3.1104617752156123e-09,59
subject_581,Vo2max,Sagittal,SCMR,0.6542017731285342,1.9197952029579862e-08,59
subject_581,Vo2max,Sagittal,STL,0.44557435309897453,0.00040545732824547704,59
subject_581,Vo2max,Sagittal,STR,0.519931844389199,2.439089144694367e-05,59
subject_581,Vo2max,Sagittal,UTL,0.6009863149030585,4.833281992579222e-07,59
subject_581,Vo2max,Sagittal,UTR,0.5305929548124743,1.5412100073825245e-05,59
subject_581,Vo2max,Frontal,MTL,-0.15195928751529986,0.2505829389058051,59
subject_581,Vo2max,Frontal,MTR,-0.1686207568834974,0.2017250034688797,59
subject_581,Vo2max,Frontal,SCML,-0.230975888064143,0.078393440513716,59
subject_581,Vo2max,Frontal,SCMR,-0.2971202497365526,0.02229710738719894,59
subject_581,Vo2max,Frontal,STL,-0.3641004710762631,0.004584256515153586,59
subject_581,Vo2max,Frontal,STR,-0.41113150835639256,0.0012176251539517758,59
subject_581,Vo2max,Frontal,UTL,-0.4055033865965666,0.0014417065994411385,59
subject_581,Vo2max,Frontal,UTR,-0.43971790897808266,0.0004928772481471781,59
subject_581,Vo2max,Horizontal,MTL,,,59
subject_581,Vo2max,Horizontal,MTR,,,59
subject_581,Vo2max,Horizontal,SCML,,,59
subject_581,Vo2max,Horizontal,SCMR,,,59
subject_581,Vo2max,Horizontal,STL,,,59
subject_581,Vo2max,Horizontal,STR,,,59
subject_581,Vo2max,Horizontal,UTL,,,59
subject_581,Vo2max,Horizontal,UTR,,,59
subject_581,WanT,Sagittal,MTL,-0.4630401881421842,0.011422205048742978,29
subject_581,WanT,Sagittal,MTR,-0.41505284363043315,0.025162743796381257,29
subject_581,WanT,Sagittal,SCML,0.7527229537026499,2.471077626994306e-06,29
subject_581,WanT,Sagittal,SCMR,0.16757884182899446,0.38489527831390014,29
subject_581,WanT,Sagittal,STL,0.6157957141272346,0.00037644107212235955,29
subject_581,WanT,Sagittal,STR,0.7894043793503758,3.5843775381902557e-07,29
subject_581,WanT,Sagittal,UTL,0.37510526364421104,0.04495894231623618,29
subject_581,WanT,Sagittal,UTR,-0.4547491809752324,0.013195303853044947,29
subject_581,WanT,Frontal,MTL,-0.26778477080183133,0.16018935650402294,29
subject_581,WanT,Frontal,MTR,-0.3514675116774036,0.06153855380493948,29
subject_581,WanT,Frontal,SCML,0.5941474602165633,0.0006779575880732551,29
subject_581,WanT,Frontal,SCMR,0.016736548175114458,0.931330984256884,29
subject_581,WanT,Frontal,STL,0.38494060802763247,0.03920702454269831,29
subject_581,WanT,Frontal,STR,0.6276205565667922,0.0002679778258255027,29
subject_581,WanT,Frontal,UTL,0.42678197846541865,0.020950308841825836,29
subject_581,WanT,Frontal,UTR,-0.292889593064503,0.12309364120679026,29
subject_581,WanT,Horizontal,MTL,,,29
subject_581,WanT,Horizontal,MTR,,,29
subject_581,WanT,Horizontal,SCML,,,29
subject_581,WanT,Horizontal,SCMR,,,29
subject_581,WanT,Horizontal,STL,,,29
subject_581,WanT,Horizontal,STR,,,29
subject_581,WanT,Horizontal,UTL,,,29
subject_581,WanT,Horizontal,UTR,,,29
subject_581,Warmup,Sagittal,MTL,0.37947815661639966,0.00427168464065464,55
subject_581,Warmup,Sagittal,MTR,0.044549976046190105,0.7467231460099344,55
subject_581,Warmup,Sagittal,SCML,0.4078513790654896,0.0019959134389482165,55
subject_581,Warmup,Sagittal,SCMR,0.6336686346963418,2.0716406418133272e-07,55
subject_581,Warmup,Sagittal,STL,-0.18747506313208198,0.17049814621699136,55
subject_581,Warmup,Sagittal,STR,0.09140048364230643,0.5069040364569062,55
subject_581,Warmup,Sagittal,UTL,0.19401149404377707,0.15580994591787012,55
subject_581,Warmup,Sagittal,UTR,0.3316417069274578,0.013380791770902317,55
subject_581,Warmup,Frontal,MTL,0.2516359806835038,0.06384467011549837,55
subject_581,Warmup,Frontal,MTR,0.02564697564673907,0.8525507674784724,55
subject_581,Warmup,Frontal,SCML,0.35214655814019463,0.008372983810065127,55
subject_581,Warmup,Frontal,SCMR,0.4773053972386891,0.0002290163978577913,55
subject_581,Warmup,Frontal,STL,-0.12296166828763687,0.3711276269795781,55
subject_581,Warmup,Frontal,STR,0.03906969187306981,0.7770223614893059,55
subject_581,Warmup,Frontal,UTL,0.05512901307242978,0.6893324137223644,55
subject_581,Warmup,Frontal,UTR,0.29078556967696834,0.031258324870708835,55
subject_581,Warmup,Horizontal,MTL,0.35318163457136753,0.008170607353504635,55
subject_581,Warmup,Horizontal,MTR,0.22446801117393636,0.0994424872448494,55
subject_581,Warmup,Horizontal,SCML,0.15423442803657697,0.2608841194428104,55
subject_581,Warmup,Horizontal,SCMR,0.5102928038716162,6.89000133639781e-05,55
subject_581,Warmup,Horizontal,STL,-0.36814068914246106,0.0056863258703836825,55
subject_581,Warmup,Horizontal,STR,0.019356359074134757,0.8884494426981233,55
subject_581,Warmup,Horizontal,UTL,0.38819568538063043,0.003404839227889877,55
subject_581,Warmup,Horizontal,UTR,0.39168887120080337,0.003103725302781687,55
subject_582,Cooldown,Sagittal,MTL,0.12609172652902254,0.3328914787809925,61
subject_582,Cooldown,Sagittal,MTR,-0.3974723387649672,0.0015143622258227745,61
subject_582,Cooldown,Sagittal,SCML,-0.021219411850942352,0.871055002803788,61
subject_582,Cooldown,Sagittal,SCMR,-0.21843177112064013,0.09079815947781329,61
subject_582,Cooldown,Sagittal,STL,-0.31510114537849027,0.013380795959401405,61
subject_582,Cooldown,Sagittal,STR,0.3297980802980691,0.009443211945033574,61
subject_582,Cooldown,Sagittal,UTL,-0.41439090338169166,0.0008996390279091275,61
subject_582,Cooldown,Sagittal,UTR,-0.113644903738604,0.38317419715847373,61
subject_582,Cooldown,Frontal,MTL,0.009695652754806282,0.9408826093452686,61
subject_582,Cooldown,Frontal,MTR,0.3298404587654486,0.009433501679791066,61
subject_582,Cooldown,Frontal,SCML,-0.0389708761212602,0.7655591016538719,61
subject_582,Cooldown,Frontal,SCMR,0.48591222835252457,7.192433619211982e-05,61
subject_582,Cooldown,Frontal,STL,0.024756860917612155,0.8497902193242491,61
subject_582,Cooldown,Frontal,STR,-0.24606248835984096,0.05593326958326514,61
subject_582,Cooldown,Frontal,UTL,0.38349601284544454,0.0022823144531630363,61
subject_582,Cooldown,Frontal,UTR,0.0882022003034319,0.4990730521407441,61
subject_582,Cooldown,Horizontal,MTL,0.12428499805322935,0.3399206191999471,61
subject_582,Cooldown,Horizontal,MTR,0.2548433667798643,0.04747113983467259,61
subject_582,Cooldown,Horizontal,SCML,-0.12329965187416041,0.3437929137468766,61
subject_582,Cooldown,Horizontal,SCMR,-0.38435069958215906,0.002226899912964873,61
subject_582,Cooldown,Horizontal,STL,0.33574028808142453,0.008163542395953027,61
subject_582,Cooldown,Horizontal,STR,0.14724356402553576,0.257464982547297,61
subject_582,Cooldown,Horizontal,UTL,-0.25717535273699416,0.04540937599893402,61
subject_582,Cooldown,Horizontal,UTR,-0.008309752776814753,0.9493208640114942,61
subject_582,Second_threshold,Sagittal,MTL,-0.3172066620617397,0.01436672937654689,59
subject_582,Second_threshold,Sagittal,MTR,-0.31901652773954886,0.013789380913114218,59
subject_582,Second_threshold,Sagittal,SCML,-0.2544523398862744,0.05179796938970313,59
subject_582,Second_threshold,Sagittal,SCMR,-0.31366080277460334,0.015558203671079537,59
subject_582,Second_threshold,Sagittal,STL,-0.25563429298198653,0.050682918291247166,59
subject_582,Second_threshold,Sagittal,STR,-0.3097086471108159,0.016984966150906167,59
subject_582,Second_threshold,Sagittal,UTL,0.15771686620908573,0.23286550373887155,59
subject_582,Second_threshold,Sagittal,UTR,-0.19402498786799238,0.14089125061353006,59
subject_582,Second_threshold,Frontal,MTL,0.03704770447700054,0.7805704020838212,59
subject_582,Second_threshold,Frontal,MTR,0.25521751973044815,0.05107384544607235,59
subject_582,Second_threshold,Frontal,SCML,-0.03910591028127835,0.7687091782164861,59
subject_582,Second_threshold,Frontal,SCMR,0.053513350911222994,0.6872883067883827,59
subject_582,Second_threshold,Frontal,STL,0.19964596301494733,0.12951777174656437,59
subject_582,Second_threshold,Frontal,STR,0.170831081755058,0.1957911667895093,59
subject_582,Second_threshold,Frontal,UTL,-0.12760875986522408,0.3354699830128286,59
subject_582,Second_threshold,Frontal,UTR,0.2799159893817818,0.031777517870300746,59
subject_582,Second_threshold,Horizontal,MTL,-0.012156613477096616,0.9271889393135296,59
subject_582,Second_threshold,Horizontal,MTR,0.09117460107822463,0.4922253740012729,59
subject_582,Second_threshold,Horizontal,SCML,-0.09522680557059017,0.4731066048491961,59
subject_582,Second_threshold,Horizontal,SCMR,0.042548147169838166,0.7489904520767041,59
subject_582,Second_threshold,Horizontal,STL,-0.2532627807728462,0.0529402855328603,59
subject_582,Second_threshold,Horizontal,STR,0.16208817969462158,0.22000524708062627,59
subject_582,Second_threshold,Horizontal,UTL,0.07091357861639694,0.593538167156568,59
subject_582,Second_threshold,Horizontal,UTR,0.12764444150951448,0.3353337506991699,59
subject_582,Vo2max,Sagittal,MTL,-0.25032734682760227,0.05584697338108322,59
subject_582,Vo2max,Sagittal,MTR,0.12519848945647535,0.344752622024045,59
subject_582,Vo2max,Sagittal,SCML,0.3672744341702889,0.004216838990165404,59
subject_582,Vo2max,Sagittal,SCMR,0.4124656575614193,0.0011693286865902162,59
subject_582,Vo2max,Sagittal,STL,-0.3114295017208487,0.01635054777449452,59
subject_582,Vo2max,Sagittal,STR,-0.2210470549385879,0.09248183798036927,59
subject_582,Vo2max,Sagittal,UTL,0.28298479485601546,0.029874956643185208,59
subject_582,Vo2max,Sagittal,UTR,0.18452502617333688,0.16178762200079516,59
subject_582,Vo2max,Frontal,MTL,0.04054350219014383,0.7604554599077809,59
subject_582,Vo2max,Frontal,MTR,0.005405800292019178,0.9675872067472853,59
subject_582,Vo2max,Frontal,SCML,-0.1162247062784123,0.38069642858293395,59
subject_582,Vo2max,Frontal,SCMR,0.037840602044134246,0.7759949654322562,59
subject_582,Vo2max,Frontal,STL,-0.02162320116807671,0.8708678680856726,59
subject_582,Vo2max,Frontal,STR,-0.10811600584038356,0.41502682661952733,59
subject_582,Vo2max,Frontal,UTL,-0.04054350219014383,0.7604554599077809,59
subject_582,Vo2max,Frontal,UTR,-0.1162247062784123,0.38069642858293395,59
subject_582,Vo2max,Horizontal,MTL,-0.21977712658725632,0.09441814307983169,59
subject_582,Vo2max,Horizontal,MTR,-0.3168879499630208,0.014470518490118142,59
subject_582,Vo2max,Horizontal,SCML,-0.11244411127720091,0.3964861607836269,59
subject_582,Vo2max,Horizontal,SCMR,-0.25811034634084756,0.04841042705113499,59
subject_582,Vo2max,Horizontal,STL,0.02299993185215473,0.8627232051707873,59
subject_582,Vo2max,Horizontal,STR,0.02555547983572748,0.8476429355979869,59
subject_582,Vo2max,Horizontal,UTL,-0.20699938666939258,0.11570407752267381,59
subject_582,Vo2max,Horizontal,UTR,-0.16611061893222862,0.20861719828315536,59
subject_582,WanT,Sagittal,MTL,-0.040235871725926624,0.829841725209551,31
subject_582,WanT,Sagittal,MTR,0.026132576481787396,0.8890199670738204,31
subject_582,WanT,Sagittal,SCML,-0.08316796166029164,0.6564624658371631,31
subject_582,WanT,Sagittal,SCMR,0.22171209729389463,0.2306441679591895,31
subject_582,WanT,Sagittal,STL,0.4929931293429257,0.0048348281539465415,31
subject_582,WanT,Sagittal,STR,-0.368759690354111,0.041214001206900705,31
subject_582,WanT,Sagittal,UTL,0.4436315959884384,0.012425664505700762,31
subject_582,WanT,Sagittal,UTR,-0.16861733872772341,0.36453483221878336,31
subject_582,WanT,Frontal,MTL,0.08475154529695877,0.6503310609991616,31
subject_582,WanT,Frontal,MTR,-0.10678694707416805,0.5674775331656556,31
subject_582,WanT,Frontal,SCML,-0.04767274422953931,0.7989798478251497,31
subject_582,WanT,Frontal,SCMR,0.3019273801204156,0.098787439100055,31
subject_582,WanT,Frontal,STL,-0.3671860699990739,0.042154326567037416,31
subject_582,WanT,Frontal,STR,-0.038138195383631446,0.8385940222735998,31
subject_582,WanT,Frontal,UTL,0.07267445009214216,0.6976308712556788,31
subject_582,WanT,Frontal,UTR,0.42545275739073307,0.017027731883181,31
subject_582,WanT,Horizontal,MTL,-0.07453559924999299,0.827585596577687,11
subject_582,WanT,Horizontal,MTR,0.447213595499958,0.16785065605707475,11
subject_582,WanT,Horizontal,SCML,0.3726779962499649,0.2589938466875499,11
subject_582,WanT,Horizontal,SCMR,0.07453559924999299,0.827585596577687,11
subject_582,WanT,Horizontal,STL,-0.14907119849998599,0.6617803305191605,11
subject_582,WanT,Horizontal,STR,0.0,1.0,11
subject_582,WanT,Horizontal,UTL,0.5962847939999439,0.05283944651707037,11
subject_582,WanT,Horizontal,UTR,0.0,1.0,11
subject_582,Warmup,Sagittal,MTL,-0.05245443026299734,0.688064291544757,61
subject_582,Warmup,Sagittal,MTR,-0.0029806974299864783,0.9818110695255635,61
subject_582,Warmup,Sagittal,SCML,0.005318499335858226,0.9675512223641217,61
subject_582,Warmup,Sagittal,SCMR,0.06633512907911084,0.6114984163398622,61
subject_582,Warmup,Sagittal,STL,-0.42588906220218564,0.0006216123766289869,61
subject_582,Warmup,Sagittal,STR,0.21013916881404673,0.10405769411447045,61
subject_582,Warmup,Sagittal,UTL,-0.00935120762348699,0.9429792462489753,61
subject_582,Warmup,Sagittal,UTR,-0.18632281189797828,0.15050600700106662,61
subject_582,Warmup,Frontal,MTL,-0.06575061930667365,0.6146477114625882,61
subject_582,Warmup,Frontal,MTR,0.12698855312210058,0.3294365543320134,61
subject_582,Warmup,Frontal,SCML,-0.013142206869244824,0.9199277455317457,61
subject_582,Warmup,Frontal,SCMR,-0.22254664764727228,0.08472990036243329,61
subject_582,Warmup,Frontal,STL,-0.04524560979381576,0.7291576562332794,61
subject_582,Warmup,Frontal,STR,0.13728064283897906,0.29141635111843317,61
subject_582,Warmup,Frontal,UTL,-0.08752234755391658,0.5023997935552958,61
subject_582,Warmup,Frontal,UTR,-0.21352127666477885,0.09847958096790647,61
subject_582,Warmup,Horizontal,MTL,0.11660399319092882,0.37082782582159773,61
subject_582,Warmup,Horizontal,MTR,0.022568514811147508,0.8629335313993507,61
subject_582,Warmup,Horizontal,SCML,0.026329933946338764,0.8403671172861037,61
subject_582,Warmup,Horizontal,SCMR,0.0865126401093988,0.5073616256847732,61
subject_582,Warmup,Horizontal,STL,0.40999468573584646,0.0010326921106709743,61
subject_582,Warmup,Horizontal,STR,-0.22944656724666637,0.07527651948061727,61
subject_582,Warmup,Horizontal,UTL,0.0789898018390163,0.5451033867872278,61
subject_582,Warmup,Horizontal,UTR,0.24825366292262263,0.05371488145172719,61
subject_583,Cooldown,Sagittal,MTL,0.3798574018028129,0.002532247508116075,61
subject_583,Cooldown,Sagittal,MTR,0.14799779789192982,0.25500844569595843,61
subject_583,Cooldown,Sagittal,SCML,-0.5998760980463996,3.236081799191699e-07,61
subject_583,Cooldown,Sagittal,SCMR,-0.39131896689037904,0.0018180650612068543,61
subject_583,Cooldown,Sagittal,STL,0.5137653324476165,2.2885583534628653e-05,61
subject_583,Cooldown,Sagittal,STR,0.6061081547133976,2.2624616253413986e-07,61
subject_583,Cooldown,Sagittal,UTL,-0.05099448107517611,0.6963190181404433,61
subject_583,Cooldown,Sagittal,UTR,-0.2746982195218573,0.032154940333207566,61
subject_583,Cooldown,Frontal,MTL,-0.3297550321218411,0.010083727162713198,60
subject_583,Cooldown,Frontal,MTR,-0.16737938521963813,0.20115022458087917,60
subject_583,Cooldown,Frontal,SCML,0.37744962452328973,0.002948772129246098,60
subject_583,Cooldown,Frontal,SCMR,0.3748754470073838,0.0031661601462969805,60
subject_583,Cooldown,Frontal,STL,-0.5924946788015012,6.127582102551206e-07,60
subject_583,Cooldown,Frontal,STR,-0.4146739668038624,0.0009872082169561827,60
subject_583,Cooldown,Frontal,UTL,-0.0767914753340486,0.5597763989933746,60
subject_583,Cooldown,Frontal,UTR,0.0654246015840369,0.6194366783239588,60
subject_583,Cooldown,Horizontal,MTL,0.16792259459437223,0.19580612871653427,61
subject_583,Cooldown,Horizontal,MTR,-0.038751367983316666,0.7668422303000642,61
subject_583,Cooldown,Horizontal,SCML,-0.20667396257768889,0.11002336510148306,61
subject_583,Cooldown,Horizontal,SCMR,0.017222830214807406,0.895188750938575,61
subject_583,Cooldown,Horizontal,STL,0.16792259459437223,0.19580612871653427,61
subject_583,Cooldown,Horizontal,STR,0.22820250034619816,0.07691597948061657,61
subject_583,Cooldown,Horizontal,UTL,0.21528537768509262,0.09566386678950033,61
subject_583,Cooldown,Horizontal,UTR,0.0990312737351426,0.44765687724698894,61
subject_583,Second_threshold,Sagittal,MTL,0.6858296004754405,2.0480621503461233e-09,59
subject_583,Second_threshold,Sagittal,MTR,-0.44283618472234226,0.00044440548308655794,59
subject_583,Second_threshold,Sagittal,SCML,-0.3899743520380878,0.0022638835822281,59
subject_583,Second_threshold,Sagittal,SCMR,-0.3685364510881474,0.004078131513517276,59
subject_583,Second_threshold,Sagittal,STL,0.5657223861789801,3.025297358541945e-06,59
subject_583,Second_threshold,Sagittal,STR,0.3417238057405013,0.008074699697529206,59
subject_583,Second_threshold,Sagittal,UTL,-0.4906591945337475,7.971801396704472e-05,59
subject_583,Second_threshold,Sagittal,UTR,-0.5562555068421119,4.778295777968652e-06,59
subject_583,Second_threshold,Frontal,MTL,-0.35357427277145287,0.006012623438330435,59
subject_583,Second_threshold,Frontal,MTR,-0.24391899997986088,0.06264277161699919,59
subject_583,Second_threshold,Frontal,SCML,-0.18200412871782193,0.16769674454757852,59
subject_583,Second_threshold,Frontal,SCMR,-0.19814727480204192,0.1324800106744,59
subject_583,Second_threshold,Frontal,STL,-0.3402857073972474,0.008362685937587528,59
subject_583,Second_threshold,Frontal,STR,-0.06358824616101295,0.6323194353947408,59
subject_583,Second_threshold,Frontal,UTL,-0.19982064970101596,0.12917577834570013,59
subject_583,Second_threshold,Frontal,UTR,-0.24263936035123365,0.06407639135548514,59
subject_583,Second_threshold,Horizontal,MTL,,,59
subject_583,Second_threshold,Horizontal,MTR,,,59
subject_583,Second_threshold,Horizontal,SCML,,,59
subject_583,Second_threshold,Horizontal,SCMR,,,59
subject_583,Second_threshold,Horizontal,STL,,,59
subject_583,Second_threshold,Horizontal,STR,,,59
subject_583,Second_threshold,Horizontal,UTL,,,59
subject_583,Second_threshold,Horizontal,UTR,,,59
subject_583,Vo2max,Sagittal,MTL,0.2798330752240809,0.031830293037131446,59
subject_583,Vo2max,Sagittal,MTR,0.5247433673517831,1.9864686052003383e-05,59
subject_583,Vo2max,Sagittal,SCML,0.3812654271606369,0.0028889175794034366,59
subject_583,Vo2max,Sagittal,SCMR,0.18564374456655008,0.1592148732755314,59
subject_583,Vo2max,Sagittal,STL,0.5741221389760086,1.9925996882417893e-06,59
subject_583,Vo2max,Sagittal,STR,0.09328770975142811,0.48220549209796537,59
subject_583,Vo2max,Sagittal,UTL,0.546352215068045,7.594758699188544e-06,59
subject_583,Vo2max,Sagittal,UTR,0.5049077074175232,4.540169702405076e-05,59
subject_583,Vo2max,Frontal,MTL,0.2752205784988791,0.0348835307018581,59
subject_583,Vo2max,Frontal,MTR,0.1070406122218806,0.41970972986668725,59
subject_583,Vo2max,Frontal,SCML,0.190803396982409,0.14773807526139288,59
subject_583,Vo2max,Frontal,SCMR,0.3020975881179102,0.020049088726905903,59
subject_583,Vo2max,Frontal,STL,-0.06399065420600634,0.6301619762395386,59
subject_583,Vo2max,Frontal,STR,-0.031551272161471355,0.8124833306481338,59
subject_583,Vo2max,Frontal,UTL,0.11484663066775573,0.3864079178762444,59
subject_583,Vo2max,Frontal,UTR,0.044639207280303926,0.737088532200138,59
subject_583,Vo2max,Horizontal,MTL,-0.35235109767626854,0.006201591785331589,59
subject_583,Vo2max,Horizontal,MTR,-0.299843875277452,0.021041917883114897,59
subject_583,Vo2max,Horizontal,SCML,-0.380447067556337,0.002954876299251216,59
subject_583,Vo2max,Horizontal,SCMR,-0.3806773623914195,0.002936180950450578,59
subject_583,Vo2max,Horizontal,STL,-0.2331351380485463,0.07556733454027516,59
subject_583,Vo2max,Horizontal,STR,-0.07745582953275708,0.5598280009782503,59
subject_583,Vo2max,Horizontal,UTL,-0.37131203909806343,0.0037871604159677255,59
subject_583,Vo2max,Horizontal,UTR,-0.3717726287682284,0.0037406946544060607,59
subject_583,WanT,Sagittal,MTL,-0.315115098518316,0.08985951140139588,30
subject_583,WanT,Sagittal,MTR,-0.2096827399743033,0.2660959241069035,30
subject_583,WanT,Sagittal,SCML,-0.40305419577924145,0.027213021786353122,30
subject_583,WanT,Sagittal,SCMR,-0.48461061662606747,0.006649089546708088,30
subject_583,WanT,Sagittal,STL,0.6030447234210233,0.00041994815939888397,30
subject_583,WanT,Sagittal,STR,0.3621577876444562,0.04922087248810535,30
subject_583,WanT,Sagittal,UTL,0.20802797201509235,0.2699736089464322,30
subject_583,WanT,Sagittal,UTR,0.23899577239461176,0.20339483929124583,30
subject_583,WanT,Frontal,MTL,0.271379854844131,0.14688177038902442,30
subject_583,WanT,Frontal,MTR,0.03542817948356802,0.8525539220566375,30
subject_583,WanT,Frontal,SCML,0.18587984835712024,0.3253856688421508,30
subject_583,WanT,Frontal,SCMR,0.19367404784350517,0.30514044352311165,30
subject_583,WanT,Frontal,STL,-0.11053591998873223,0.5609095277832346,30
subject_583,WanT,Frontal,STR,0.055267959994366116,0.771759670937102,30
subject_583,WanT,Frontal,UTL,-0.13982321502848177,0.46116294153803483,30
subject_583,WanT,Frontal,UTR,-0.019839780510798093,0.9171220905703571,30
subject_583,WanT,Horizontal,MTL,-0.485062399941756,0.006591055673198935,30
subject_583,WanT,Horizontal,MTR,-0.16610077218849212,0.380361628974285,30
subject_583,WanT,Horizontal,SCML,-0.550359261472377,0.0016264259814221978,30
subject_583,WanT,Horizontal,SCMR,-0.5238794282249362,0.0029657516457378976,30
subject_583,WanT,Horizontal,STL,0.38425848928388484,0.03603849897800689,30
subject_583,WanT,Horizontal,STR,0.06228778957068455,0.7436789461148096,30
subject_583,WanT,Horizontal,UTL,0.10682205457774402,0.5742258178997174,30
subject_583,WanT,Horizontal,UTR,0.17181800891237137,0.3639441867402063,30
subject_583,Warmup,Sagittal,MTL,0.16459629390883102,0.2128546074396927,59
subject_583,Warmup,Sagittal,MTR,0.017412140196031885,0.8958596114862136,59
subject_583,Warmup,Sagittal,SCML,-0.1586506850614055,0.23007558291224497,59
subject_583,Warmup,Sagittal,SCMR,0.08909312849433039,0.5022004831732945,59
subject_583,Warmup,Sagittal,STL,-0.01971758036136015,0.8821632723739808,59
subject_583,Warmup,Sagittal,STR,0.250291931633204,0.055882815926343025,59
subject_583,Warmup,Sagittal,UTL,-0.21837978618681803,0.09658511148721571,59
subject_583,Warmup,Sagittal,UTR,0.0844519134246564,0.524811813072448,59
subject_583,Warmup,Frontal,MTL,0.1437366474992549,0.39603320383473634,37
subject_583,Warmup,Frontal,MTR,0.356539972229084,0.030306623183096685,37
subject_583,Warmup,Frontal,SCML,0.3252346176466191,0.049507834439059366,37
subject_583,Warmup,Frontal,SCMR,0.3421663074791585,0.03818026256347475,37
subject_583,Warmup,Frontal,STL,-0.4101366882457553,0.011697092960070354,37
subject_583,Warmup,Frontal,STR,0.04701893723280711,0.782285846401958,37
subject_583,Warmup,Frontal,UTL,0.1209580431921696,0.47576476500202813,37
subject_583,Warmup,Frontal,UTR,0.13813335446114838,0.4148932582808045,37
subject_583,Warmup,Horizontal,MTL,-0.022155636099045927,0.8677163835184171,59
subject_583,Warmup,Horizontal,MTR,-0.07250935450596847,0.5852326519636092,59
subject_583,Warmup,Horizontal,SCML,-0.3847024086288884,0.0026259597653155143,59
subject_583,Warmup,Horizontal,SCMR,-0.4229712346181495,0.0008452638852867285,59
subject_583,Warmup,Horizontal,STL,0.19537242741885952,0.13809905497013683,59
subject_583,Warmup,Horizontal,STR,-0.21148561730907475,0.10784821060850902,59
subject_583,Warmup,Horizontal,UTL,-0.1470328577482139,0.26645251135666576,59
subject_583,Warmup,Horizontal,UTR,-0.23364125340812067,0.07491676559384812,59
subject_584,Cooldown,Sagittal,MTL,-0.11978688569436784,0.35781977610292676,61
subject_584,Cooldown,Sagittal,MTR,0.19491208512394184,0.132247704426181,61
subject_584,Cooldown,Sagittal,SCML,-0.22912913830366816,0.07569216950014417,61
subject_584,Cooldown,Sagittal,SCMR,-0.1367322148922768,0.293366663686457,61
subject_584,Cooldown,Sagittal,STL,-0.10534391650642293,0.4190946781359367,61
subject_584,Cooldown,Sagittal,STR,-0.19787683774444276,0.12635018683745078,61
subject_584,Cooldown,Sagittal,UTL,-0.1810131072425109,0.16269256082541106,61
subject_584,Cooldown,Sagittal,UTR,0.5528855643754347,3.8289451963914266e-06,61
subject_584,Cooldown,Frontal,MTL,-0.36550566281218744,0.003772522768312498,61
subject_584,Cooldown,Frontal,MTR,-0.47937993169757404,9.276979865196366e-05,61
subject_584,Cooldown,Frontal,SCML,0.16363303425713824,0.2076373311470854,61
subject_584,Cooldown,Frontal,SCMR,-0.16772048205753332,0.196352538335081,61
subject_584,Cooldown,Frontal,STL,0.15745119171604488,0.2255626583567669,61
subject_584,Cooldown,Frontal,STR,-0.07796553325051096,0.5503451108850422,61
subject_584,Cooldown,Frontal,UTL,-0.027193351068744074,0.8352044022150196,61
subject_584,Cooldown,Frontal,UTR,-0.47106991385544855,0.0001273006095038046,61
subject_584,Cooldown,Horizontal,MTL,-0.04671077856339109,0.7207394767161169,61
subject_584,Cooldown,Horizontal,MTR,-0.14938472937457006,0.2505327756487318,61
subject_584,Cooldown,Horizontal,SCML,0.10336442795180556,0.4279366837260898,61
subject_584,Cooldown,Horizontal,SCMR,-0.13864780983782607,0.28659150204968764,61
subject_584,Cooldown,Horizontal,STL,-0.18466811126059055,0.15422872541453841,61
subject_584,Cooldown,Horizontal,STR,0.14144424225736388,0.27688724093709866,61
subject_584,Cooldown,Horizontal,UTL,0.3704064620891523,0.0032989744023236124,61
subject_584,Cooldown,Horizontal,UTR,-0.23065388882632365,0.07371217809685054,61
subject_584,Second_threshold,Sagittal,MTL,-0.06638626789971173,0.6173821669964444,59
subject_584,Second_threshold,Sagittal,MTR,-0.18661454033029382,0.15700683255744513,59
subject_584,Second_threshold,Sagittal,SCML,0.4112790196677384,0.001212198447981527,59
subject_584,Second_threshold,Sagittal,SCMR,0.5411911058628655,9.613411684106966e-06,59
subject_584,Second_threshold,Sagittal,STL,-0.705577569059773,4.369373503861848e-10,59
subject_584,Second_threshold,Sagittal,STR,-0.7537284707320951,5.593487294626103e-12,59
subject_584,Second_threshold,Sagittal,UTL,0.03399763540106423,0.7982386618855263,59
subject_584,Second_threshold,Sagittal,UTR,0.3288027227438595,0.011000843869174645,59
subject_584,Second_threshold,Frontal,MTL,-0.23253384301135457,0.07634607354815588,59
subject_584,Second_threshold,Frontal,MTR,-0.21623474186569885,0.099986714192105,59
subject_584,Second_threshold,Frontal,SCML,0.4705007197379277,0.00016964095860065267,59
subject_584,Second_threshold,Frontal,SCMR,0.5628622928966432,3.478453003799921e-06,59
subject_584,Second_threshold,Frontal,STL,-0.5672087198688182,2.812169812577818e-06,59
subject_584,Second_threshold,Frontal,STR,-0.685105551489061,2.1624542809370796e-09,59
subject_584,Second_threshold,Frontal,UTL,0.019015618003264977,0.8863301030203302,59
subject_584,Second_threshold,Frontal,UTR,0.306423101538327,0.018254748940537895,59
subject_584,Second_threshold,Horizontal,MTL,0.20444383868581983,0.12037078083242776,59
subject_584,Second_threshold,Horizontal,MTR,0.2299993185215473,0.07969880466602344,59
subject_584,Second_threshold,Horizontal,SCML,-0.2964435660944388,0.02261860475987099,59
subject_584,Second_threshold,Horizontal,SCMR,-0.28366582617657504,0.02946592262714824,59
subject_584,Second_threshold,Horizontal,STL,0.4523319930923763,0.00032225209199823003,59
subject_584,Second_threshold,Horizontal,STR,0.4344431572073671,0.0005858962512542936,59
subject_584,Second_threshold,Horizontal,UTL,-0.18911055078438335,0.15143359235526146,59
subject_584,Second_threshold,Horizontal,UTR,-0.28622137416014776,0.027972602620242707,59
subject_584,Vo2max,Sagittal,MTL,-0.0581917101894826,0.6615409090790769,59
subject_584,Vo2max,Sagittal,MTR,-0.10789192618822524,0.4160001154589173,59
subject_584,Vo2max,Sagittal,SCML,0.1370814374688938,0.30052371366887104,59
subject_584,Vo2max,Sagittal,SCMR,-0.1999247382260979,0.1289723235848019,59
subject_584,Vo2max,Sagittal,STL,-0.11419810937399535,0.38911326162575743,59
subject_584,Vo2max,Sagittal,STR,-0.028003199592256372,0.8332496190490293,59
subject_584,Vo2max,Sagittal,UTL,0.02912707382338372,0.8266587885304701,59
subject_584,Vo2max,Sagittal,UTR,0.06065798975223427,0.6481206562117818,59
subject_584,Vo2max,Frontal,MTL,-0.015384722939177952,0.9079294055038051,59
subject_584,Vo2max,Frontal,MTR,-0.14403668143056458,0.2764264097878013,59
subject_584,Vo2max,Frontal,SCML,0.07045757172145264,0.5959211524845085,59
subject_584,Vo2max,Frontal,SCMR,0.11192943355749754,0.39866507349564606,59
subject_584,Vo2max,Frontal,STL,-0.2798235838937439,0.03183633896656897,59
subject_584,Vo2max,Frontal,STR,-0.36901038354115234,0.004027092262239138,59
subject_584,Vo2max,Frontal,UTL,0.1967126349723152,0.13536322809926385,59
subject_584,Vo2max,Frontal,UTR,0.07107073096902858,0.592717910790365,59
subject_584,Vo2max,Horizontal,MTL,0.015165859652283889,0.9092336487437661,59
subject_584,Vo2max,Horizontal,MTR,-0.11090360597958804,0.4030288407253773,59
subject_584,Vo2max,Horizontal,SCML,-0.1318022648131476,0.31969699379443356,59
subject_584,Vo2max,Horizontal,SCMR,-0.1754236549470363,0.1838623672521529,59
subject_584,Vo2max,Horizontal,STL,0.16359324209113102,0.21569445225889414,59
subject_584,Vo2max,Horizontal,STR,0.08265654092275686,0.5336926616254667,59
subject_584,Vo2max,Horizontal,UTL,-0.19501940487576053,0.13882655053159795,59
subject_584,Vo2max,Horizontal,UTR,-0.17943661437392927,0.17387576119076867,59
subject_584,WanT,Sagittal,MTL,-0.3434816807113201,0.058510804946049745,31
subject_584,WanT,Sagittal,MTR,0.03854026732390797,0.836914927287464,31
subject_584,WanT,Sagittal,SCML,0.248821375003476,0.17708362236813321,31
subject_584,WanT,Sagittal,SCMR,0.5997406511632697,0.0003626297680969561,31
subject_584,WanT,Sagittal,STL,-0.09736488587092541,0.6023192698194805,31
subject_584,WanT,Sagittal,STR,0.6227295825494604,0.00018313913540500524,31
subject_584,WanT,Sagittal,UTL,-0.4563979025199628,0.009859635236528178,31
subject_584,WanT,Sagittal,UTR,-0.5584958036762804,0.0010935455741489656,31
subject_584,WanT,Frontal,MTL,0.5859027726002508,0.0005338761848607261,31
subject_584,WanT,Frontal,MTR,0.20478155158843717,0.26912357277960874,31
subject_584,WanT,Frontal,SCML,-0.039818635031085,0.8315810361026951,31
subject_584,WanT,Frontal,SCMR,-0.711922188962366,7.0830816058224555e-06,31
subject_584,WanT,Frontal,STL,0.318111512830756,0.08115684441106298,31
subject_584,WanT,Frontal,STR,-0.7714313578000315,3.7762202491064274e-07,31
subject_584,WanT,Frontal,UTL,0.71673543055953,5.743775382769573e-06,31
subject_584,WanT,Frontal,UTR,0.7880589196811438,1.418753286902212e-07,31
subject_584,WanT,Horizontal,MTL,-0.12247448713915891,0.5115895893419118,31
subject_584,WanT,Horizontal,MTR,-0.08164965809277261,0.6623617732700395,31
subject_584,WanT,Horizontal,SCML,0.14288690166235207,0.44319152894255714,31
subject_584,WanT,Horizontal,SCMR,0.10206207261596578,0.5848353199240556,31
subject_584,WanT,Horizontal,STL,-0.20412414523193156,0.27069712852210576,31
subject_584,WanT,Horizontal,STR,-0.040824829046386304,0.8273879178698486,31
subject_584,WanT,Horizontal,UTL,-0.14288690166235207,0.44319152894255714,31
subject_584,WanT,Horizontal,UTR,-0.06123724356957946,0.7434783612034608,31
subject_584,Warmup,Sagittal,MTL,-0.5831097920316317,0.00012207533141148487,38
subject_584,Warmup,Sagittal,MTR,-0.20139938281995698,0.22531798228469335,38
subject_584,Warmup,Sagittal,SCML,-0.07989028149534026,0.6335124766417672,38
subject_584,Warmup,Sagittal,SCMR,0.34957577084483393,0.0314497706318307,38
subject_584,Warmup,Sagittal,STL,-0.4903879709106432,0.0017747226664555922,38
subject_584,Warmup,Sagittal,STR,-0.4708617149585698,0.002848862911484306,38
subject_584,Warmup,Sagittal,UTL,0.2398940016969017,0.146867031158286,38
subject_584,Warmup,Sagittal,UTR,0.3732304351982028,0.020999505653186316,38
subject_584,Warmup,Frontal,MTL,-0.5287829253147807,0.000642589350743259,38
subject_584,Warmup,Frontal,MTR,-0.39621689781989866,0.013794234887808617,38
subject_584,Warmup,Frontal,SCML,-0.18292630609628968,0.27164926263791095,38
subject_584,Warmup,Frontal,SCMR,0.3754803125134367,0.020178199927720505,38
subject_584,Warmup,Frontal,STL,-0.807615938453457,8.925218392533407e-10,38
subject_584,Warmup,Frontal,STR,-0.7491091441959393,6.29679227722652e-08,38
subject_584,Warmup,Frontal,UTL,0.5076760438421318,0.0011397924577706067,38
subject_584,Warmup,Frontal,UTR,0.6698657646319596,4.230401911777418e-06,38
subject_584,Warmup,Horizontal,MTL,0.42272352512626815,0.008192652119360386,38
subject_584,Warmup,Horizontal,MTR,0.4494218530289799,0.004645606637866567,38
subject_584,Warmup,Horizontal,SCML,0.24473467244152367,0.13863994206963953,38
subject_584,Warmup,Horizontal,SCMR,-0.02224860658559306,0.8945220767124269,38
subject_584,Warmup,Horizontal,STL,0.3693268693208448,0.022490612308076165,38
subject_584,Warmup,Horizontal,STR,0.29813132824694705,0.06906340614065838,38
subject_584,Warmup,Horizontal,UTL,0.13794136083067698,0.40887147352120484,38
subject_584,Warmup,Horizontal,UTR,0.08454470502525363,0.6137948472727909,38
subject_585,Cooldown,Sagittal,MTL,-0.01947046501818234,0.8932385911593184,50
subject_585,Cooldown,Sagittal,MTR,0.21742019270303614,0.1293382623738624,50
subject_585,Cooldown,Sagittal,SCML,-0.07463678256969898,0.6064603598292153,50
subject_585,Cooldown,Sagittal,SCMR,-0.01947046501818234,0.8932385911593184,50
subject_585,Cooldown,Sagittal,STL,-0.05516631755151663,0.7035680604235725,50
subject_585,Cooldown,Sagittal,STR,-0.02271554252121273,0.875575356963909,50
subject_585,Cooldown,Sagittal,UTL,0.032450775030303906,0.8229777162801998,50
subject_585,Cooldown,Sagittal,UTR,0.34397821532122136,0.014448212102575693,50
subject_585,Cooldown,Frontal,MTL,-0.03464794643376185,0.8112041043701134,50
subject_585,Cooldown,Frontal,MTR,0.20293797196917657,0.1575235823841472,50
subject_585,Cooldown,Frontal,SCML,-0.014849119900183652,0.9184796768849433,50
subject_585,Cooldown,Frontal,SCMR,-0.03464794643376185,0.8112041043701134,50
subject_585,Cooldown,Frontal,STL,-0.23263621176954385,0.10399813567838581,50
subject_585,Cooldown,Frontal,STR,-0.20293797196917657,0.1575235823841472,50
subject_585,Cooldown,Frontal,UTL,-0.06434618623412916,0.6570797003265983,50
subject_585,Cooldown,Frontal,UTR,0.16334031890202014,0.2570423152720466,50
subject_585,Cooldown,Horizontal,MTL,,,50
subject_585,Cooldown,Horizontal,MTR,,,50
subject_585,Cooldown,Horizontal,SCML,,,50
subject_585,Cooldown,Horizontal,SCMR,,,50
subject_585,Cooldown,Horizontal,STL,,,50
subject_585,Cooldown,Horizontal,STR,,,50
subject_585,Cooldown,Horizontal,UTL,,,50
subject_585,Cooldown,Horizontal,UTR,,,50
subject_585,Second_threshold,Sagittal,MTL,0.01795879679395349,0.8926091053373201,59
subject_585,Second_threshold,Sagittal,MTR,0.017549090403216908,0.8950451221008947,59
subject_585,Second_threshold,Sagittal,SCML,0.5081724933102731,3.9765714190429394e-05,59
subject_585,Second_threshold,Sagittal,SCMR,0.44019537464722874,0.0004851571546118899,59
subject_585,Second_threshold,Sagittal,STL,0.3014414769844398,0.02033393262955793,59
subject_585,Second_threshold,Sagittal,STR,-0.14848442444278273,0.2617082068253721,59
subject_585,Second_threshold,Sagittal,UTL,0.3696234488428526,0.00396190698729931,59
subject_585,Second_threshold,Sagittal,UTR,0.30383143093040316,0.019312623070290573,59
subject_585,Second_threshold,Frontal,MTL,,,59
subject_585,Second_threshold,Frontal,MTR,,,59
subject_585,Second_threshold,Frontal,SCML,,,59
subject_585,Second_threshold,Frontal,SCMR,,,59
subject_585,Second_threshold,Frontal,STL,,,59
subject_585,Second_threshold,Frontal,STR,,,59
subject_585,Second_threshold,Frontal,UTL,,,59
subject_585,Second_threshold,Frontal,UTR,,,59
subject_585,Second_threshold,Horizontal,MTL,,,59
subject_585,Second_threshold,Horizontal,MTR,,,59
subject_585,Second_threshold,Horizontal,SCML,,,59
subject_585,Second_threshold,Horizontal,SCMR,,,59
subject_585,Second_threshold,Horizontal,STL,,,59
subject_585,Second_threshold,Horizontal,STR,,,59
subject_585,Second_threshold,Horizontal,UTL,,,59
subject_585,Second_threshold,Horizontal,UTR,,,59
subject_585,Vo2max,Sagittal,MTL,0.6777543521161925,3.7224864680368847e-09,59
subject_585,Vo2max,Sagittal,MTR,0.27044711261325405,0.038295728976367654,59
subject_585,Vo2max,Sagittal,SCML,0.8831669028681438,2.1575513503468684e-20,59
subject_585,Vo2max,Sagittal,SCMR,0.826728160330936,7.291935873666036e-16,59
subject_585,Vo2max,Sagittal,STL,0.4064507165809645,0.0014015761332541552,59
subject_585,Vo2max,Sagittal,STR,0.6291160861898184,9.477038120421129e-08,59
subject_585,Vo2max,Sagittal,UTL,-0.2947968356807974,0.023417397172033824,59
subject_585,Vo2max,Sagittal,UTR,0.606938260531566,3.4691453569625236e-07,59
subject_585,Vo2max,Frontal,MTL,0.5999397448424314,5.119938852383861e-07,59
subject_585,Vo2max,Frontal,MTR,0.30694591596589516,0.018047440502115097,59
subject_585,Vo2max,Frontal,SCML,0.6677070249907461,7.630482210868719e-09,59
subject_585,Vo2max,Frontal,SCMR,0.7135495968557823,2.258402661328252e-10,59
subject_585,Vo2max,Frontal,STL,0.4843367375306008,0.00010153765081213667,59
subject_585,Vo2max,Frontal,STR,0.5122409117093185,3.364720997870774e-05,59
subject_585,Vo2max,Frontal,UTL,-0.25113756760845973,0.05503205371126306,59
subject_585,Vo2max,Frontal,UTR,0.5839945024545927,1.2015693522419665e-06,59
subject_585,Vo2max,Horizontal,MTL,,,59
subject_585,Vo2max,Horizontal,MTR,,,59
subject_585,Vo2max,Horizontal,SCML,,,59
subject_585,Vo2max,Horizontal,SCMR,,,59
subject_585,Vo2max,Horizontal,STL,,,59
subject_585,Vo2max,Horizontal,STR,,,59
subject_585,Vo2max,Horizontal,UTL,,,59
subject_585,Vo2max,Horizontal,UTR,,,59
subject_585,WanT,Sagittal,MTL,-0.27121904077408854,0.1471308434552303,30
subject_585,WanT,Sagittal,MTR,0.10156669961051204,0.5933070208180312,30
subject_585,WanT,Sagittal,SCML,0.6219836825705692,0.0002431488560080894,30
subject_585,WanT,Sagittal,SCMR,0.4415454972005667,0.014577993904901297,30
subject_585,WanT,Sagittal,STL,0.7152362939386279,8.921390707071463e-06,30
subject_585,WanT,Sagittal,STR,0.8997191708860401,1.3668872763048939e-11,30
subject_585,WanT,Sagittal,UTL,0.7588290809395999,1.1746428314608255e-06,30
subject_585,WanT,Sagittal,UTR,0.9430872527993782,6.456175040390709e-15,30
subject_585,WanT,Frontal,MTL,-0.43250531494590455,0.016984756824099872,30
subject_585,WanT,Frontal,MTR,0.01365806257723909,0.9428941762828252,30
subject_585,WanT,Frontal,SCML,0.20487093865858638,0.27747272736455747,30
subject_585,WanT,Frontal,SCMR,0.5235590654608319,0.0029865136198970357,30
subject_585,WanT,Frontal,STL,0.48713756525486096,0.006329984683093699,30
subject_585,WanT,Frontal,STR,0.6601396912332228,7.20988613334136e-05,30
subject_585,WanT,Frontal,UTL,0.19576556360709366,0.2998453534432668,30
subject_585,WanT,Frontal,UTR,0.6328235660787446,0.00017498793273349578,30
subject_585,WanT,Horizontal,MTL,-0.20381464344701458,0.2800114611288468,30
subject_585,WanT,Horizontal,MTR,0.289631335424705,0.12055276081157157,30
subject_585,WanT,Horizontal,SCML,0.3110855084191276,0.09426914703651273,30
subject_585,WanT,Horizontal,SCMR,0.2467229894358598,0.18872378042144658,30
subject_585,WanT,Horizontal,STL,0.16090629745816945,0.39564408259742667,30
subject_585,WanT,Horizontal,STR,0.3110855084191276,0.09426914703651273,30
subject_585,WanT,Horizontal,UTL,0.2681771624302824,0.15189982842258595,30
subject_585,WanT,Horizontal,UTR,0.3110855084191276,0.09426914703651273,30
subject_585,Warmup,Sagittal,MTL,0.03000416753492321,0.8199778456539432,60
subject_585,Warmup,Sagittal,MTR,-0.03000416753492321,0.8199778456539432,60
subject_585,Warmup,Sagittal,SCML,-0.1233504665324621,0.3477503919638195,60
subject_585,Warmup,Sagittal,SCMR,-0.03889429124897453,0.7679572611925767,60
subject_585,Warmup,Sagittal,STL,-0.1300180593180006,0.3221053032977923,60
subject_585,Warmup,Sagittal,STR,-0.20113904903041116,0.12330743335187526,60
subject_585,Warmup,Sagittal,UTL,0.1166828737469236,0.3746231172110904,60
subject_585,Warmup,Sagittal,UTR,-0.10779275003287228,0.4123373371495224,60
subject_585,Warmup,Frontal,MTL,,,60
subject_585,Warmup,Frontal,MTR,,,60
subject_585,Warmup,Frontal,SCML,,,60
subject_585,Warmup,Frontal,SCMR,,,60
subject_585,Warmup,Frontal,STL,,,60
subject_585,Warmup,Frontal,STR,,,60
subject_585,Warmup,Frontal,UTL,,,60
subject_585,Warmup,Frontal,UTR,,,60
subject_585,Warmup,Horizontal,MTL,,,60
subject_585,Warmup,Horizontal,MTR,,,60
subject_585,Warmup,Horizontal,SCML,,,60
subject_585,Warmup,Horizontal,SCMR,,,60
subject_585,Warmup,Horizontal,STL,,,60
subject_585,Warmup,Horizontal,STR,,,60
subject_585,Warmup,Horizontal,UTL,,,60
subject_585,Warmup,Horizontal,UTR,,,60
subject_586,Cooldown,Sagittal,MTL,-0.15608688054449293,0.22965947324848093,61
subject_586,Cooldown,Sagittal,MTR,0.07961208526655207,0.5419306710725252,61
subject_586,Cooldown,Sagittal,SCML,0.37454415864034996,0.00294104003448086,61
subject_586,Cooldown,Sagittal,SCMR,0.1314175917451572,0.3127076000273603,61
subject_586,Cooldown,Sagittal,STL,-0.21856453587324548,0.09059719331543652,61
subject_586,Cooldown,Sagittal,STR,0.3447533109707174,0.006511113634579508,61
subject_586,Cooldown,Sagittal,UTL,0.17759206491087043,0.17091937499696738,61
subject_586,Cooldown,Sagittal,UTR,0.07422238195278413,0.569703821710601,61
subject_586,Cooldown,Frontal,MTL,0.11200024028725733,0.39014110113646344,61
subject_586,Cooldown,Frontal,MTR,0.08476668749599187,0.5160002441131375,61
subject_586,Cooldown,Frontal,SCML,-0.15524026864292553,0.23222749477206672,61
subject_586,Cooldown,Frontal,SCMR,-0.16173303619581,0.21303605262220032,61
subject_586,Cooldown,Frontal,STL,-0.1954142678763983,0.13123440746854143,61
subject_586,Cooldown,Frontal,STR,0.09067330242257428,0.4870778705115201,61
subject_586,Cooldown,Frontal,UTL,0.06817405930528707,0.601636158144616,61
subject_586,Cooldown,Frontal,UTR,-0.16912757701992845,0.19257099285734128,61
subject_586,Cooldown,Horizontal,MTL,0.20709704175655494,0.10928119459713484,61
subject_586,Cooldown,Horizontal,MTR,0.2193009745743519,0.0894887678438102,61
subject_586,Cooldown,Horizontal,SCML,-0.27415703623010607,0.032509553641300745,61
subject_586,Cooldown,Horizontal,SCMR,-0.11402664501476983,0.3815677989049674,61
subject_586,Cooldown,Horizontal,STL,0.1637052806266101,0.20743397392273372,61
subject_586,Cooldown,Horizontal,STR,-0.13954395908834535,0.2834575976512776,61
subject_586,Cooldown,Horizontal,UTL,0.07334686895544654,0.5742770115448081,61
subject_586,Cooldown,Horizontal,UTR,0.207713401999878,0.10820687757701473,61
subject_586,Second_threshold,Sagittal,MTL,-0.0393893748190606,0.7670796556265483,59
subject_586,Second_threshold,Sagittal,MTR,0.08170325078478001,0.5384379823714911,59
subject_586,Second_threshold,Sagittal,SCML,0.22698393795577773,0.08383819576851767,59
subject_586,Second_threshold,Sagittal,SCMR,0.28739316476644844,0.027309409893704558,59
subject_586,Second_threshold,Sagittal,STL,-0.5701254058304093,2.434066599204942e-06,59
subject_586,Second_threshold,Sagittal,STR,0.11573104016829949,0.38273661950589105,59
subject_586,Second_threshold,Sagittal,UTL,0.012307275658855752,0.9262890482256093,59
subject_586,Second_threshold,Sagittal,UTR,0.2761825770375897,0.03422741123510474,59
subject_586,Second_threshold,Frontal,MTL,-0.08775144732944558,0.5086849904804202,59
subject_586,Second_threshold,Frontal,MTR,-0.10815876066187478,0.41484127020818135,59
subject_586,Second_threshold,Frontal,SCML,0.2979467746534664,0.021909673893777307,59
subject_586,Second_threshold,Frontal,SCMR,0.22039898399023541,0.0934660600371286,59
subject_586,Second_threshold,Frontal,STL,-0.5305901466431594,1.5413995369472205e-05,59
subject_586,Second_threshold,Frontal,STR,0.048977551997830084,0.7125931665168318,59
subject_586,Second_threshold,Frontal,UTL,0.09183290999593142,0.48909221468594977,59
subject_586,Second_threshold,Frontal,UTR,0.24284702865590752,0.0638419582066469,59
subject_586,Second_threshold,Horizontal,MTL,0.2800861936298699,0.031669411026619,59
subject_586,Second_threshold,Horizontal,MTR,0.3631886906409302,0.004694892292769681,59
subject_586,Second_threshold,Horizontal,SCML,0.11388119960774931,0.3904393395876714,59
subject_586,Second_threshold,Horizontal,SCMR,0.10464758882874259,0.4302381716343134,59
subject_586,Second_threshold,Horizontal,STL,-0.3847337824586125,0.0026236608823497765,59
subject_586,Second_threshold,Horizontal,STR,-0.3416435988232479,0.008090530951428662,59
subject_586,Second_threshold,Horizontal,UTL,0.1200369401270871,0.36516146684791695,59
subject_586,Second_threshold,Horizontal,UTR,0.21545091817682302,0.10125263773486784,59
subject_586,Vo2max,Sagittal,MTL,-0.21078866214174596,0.10904092443412854,59
subject_586,Vo2max,Sagittal,MTR,-0.05550807554434523,0.6762650067564039,59
subject_586,Vo2max,Sagittal,SCML,0.7302744203144907,5.2473903396826734e-11,59
subject_586,Vo2max,Sagittal,SCMR,0.5170594990071604,2.7529919988664887e-05,59
subject_586,Vo2max,Sagittal,STL,0.040713812339562394,0.759479386064571,59
subject_586,Vo2max,Sagittal,STR,0.019173365113398566,0.8853934495829101,59
subject_586,Vo2max,Sagittal,UTL,-0.050625968686766894,0.7033593936931263,59
subject_586,Vo2max,Sagittal,UTR,-0.2679832836914365,0.04016225904243757,59
subject_586,Vo2max,Frontal,MTL,0.03832895096702621,0.7731806850909336,59
subject_586,Vo2max,Frontal,MTR,0.16123156548086023,0.22248545183012258,59
subject_586,Vo2max,Frontal,SCML,0.6383297939128115,5.361309652397175e-08,59
subject_586,Vo2max,Frontal,SCMR,0.46751599069019467,0.00018896575457558743,59
subject_586,Vo2max,Frontal,STL,-0.1469970818789755,0.26657016397694194,59
subject_586,Vo2max,Frontal,STR,-6.943650537504748e-05,0.9995835521513936,59
subject_586,Vo2max,Frontal,UTL,0.14296976456722274,0.28003709365398477,59
subject_586,Vo2max,Frontal,UTR,-0.024163903870516524,0.8558482395430327,59
subject_586,Vo2max,Horizontal,MTL,-0.2038592566094827,0.12145817165221204,59
subject_586,Vo2max,Horizontal,MTR,0.03896891778502995,0.7694970496317699,59
subject_586,Vo2max,Horizontal,SCML,0.5619616067469619,3.6337817003817657e-06,59
subject_586,Vo2max,Horizontal,SCMR,0.3989877720758713,0.0017467996992011877,59
subject_586,Vo2max,Horizontal,STL,0.010292337119907728,0.9383312393847131,59
subject_586,Vo2max,Horizontal,STR,-0.04933223654024738,0.7106028458010174,59
subject_586,Vo2max,Horizontal,UTL,-0.045286283327594004,0.733417750545944,59
subject_586,Vo2max,Horizontal,UTR,-0.2387822211818593,0.06855778157460386,59
subject_586,WanT,Sagittal,MTL,-0.3001731956194974,0.10085979241851419,31
subject_586,WanT,Sagittal,MTR,-0.17388207076379944,0.3495291130833465,31
subject_586,WanT,Sagittal,SCML,0.47055290239871794,0.007551843764370694,31
subject_586,WanT,Sagittal,SCMR,0.6170341255184589,0.0002179910299453217,31
subject_586,WanT,Sagittal,STL,0.3218054437595435,0.07749508034989598,31
subject_586,WanT,Sagittal,STR,0.3372570495738622,0.0635417539688653,31
subject_586,WanT,Sagittal,UTL,0.1946902332604153,0.29393502427899787,31
subject_586,WanT,Sagittal,UTR,-0.3926768090945519,0.028880921261641664,31
subject_586,WanT,Frontal,MTL,-0.3339500822729002,0.06634883219908572,31
subject_586,WanT,Frontal,MTR,-0.17154780159910807,0.3561358851150124,31
subject_586,WanT,Frontal,SCML,0.46143310123184966,0.008978612589411227,31
subject_586,WanT,Frontal,SCMR,0.6110870800097469,0.00026055233150068253,31
subject_586,WanT,Frontal,STL,0.578384914276799,0.0006540101257158246,31
subject_586,WanT,Frontal,STR,0.3583381380737427,0.047766132324566966,31
subject_586,WanT,Frontal,UTL,0.19150166543616104,0.30206715744386825,31
subject_586,WanT,Frontal,UTR,-0.3372757262457423,0.06352616871515612,31
subject_586,WanT,Horizontal,MTL,-0.02151657414559676,0.9085329113503794,31
subject_586,WanT,Horizontal,MTR,0.01075828707279838,0.9541950032801474,31
subject_586,WanT,Horizontal,SCML,0.4195731958391368,0.01878934790516953,31
subject_586,WanT,Horizontal,SCMR,0.3980566216935401,0.026570668817653458,31
subject_586,WanT,Horizontal,STL,0.32274861218395146,0.07658087457151129,31
subject_586,WanT,Horizontal,STR,0.2904737509655563,0.11291518120392102,31
subject_586,WanT,Horizontal,UTL,0.2797154638927579,0.12750981420251606,31
subject_586,WanT,Horizontal,UTR,-0.2689571768199595,0.1434489515069917,31
subject_586,Warmup,Sagittal,MTL,0.1951773880794991,0.13171164680256706,61
subject_586,Warmup,Sagittal,MTR,0.034107879440557536,0.7941265102825481,61
subject_586,Warmup,Sagittal,SCML,0.7937883095895547,2.3408537050953848e-14,61
subject_586,Warmup,Sagittal,SCMR,0.8159028058059861,1.1525282343076469e-15,61
subject_586,Warmup,Sagittal,STL,0.0230913328591205,0.8597899596600611,61
subject_586,Warmup,Sagittal,STR,0.5208167366603511,1.685118933787743e-05,61
subject_586,Warmup,Sagittal,UTL,0.21677633162340032,0.09333343806195118,61
subject_586,Warmup,Sagittal,UTR,-0.1210734749910642,0.35264208203695124,61
subject_586,Warmup,Frontal,MTL,0.21379704495454338,0.09803521976980738,61
subject_586,Warmup,Frontal,MTR,-0.002322241848144991,0.9858286533250799,61
subject_586,Warmup,Frontal,SCML,0.8022290020864514,7.757223391294225e-15,61
subject_586,Warmup,Frontal,SCMR,0.7884765049078266,4.570744701730588e-14,61
subject_586,Warmup,Frontal,STL,0.0794387665975832,0.542813434659409,61
subject_586,Warmup,Frontal,STR,0.48456441265124117,7.583420887348605e-05,61
subject_586,Warmup,Frontal,UTL,0.1460599645528077,0.261352115491815,61
subject_586,Warmup,Frontal,UTR,-0.02681133770131035,0.837487772589403,61
subject_586,Warmup,Horizontal,MTL,0.12495475184188802,0.3373041810218177,61
subject_586,Warmup,Horizontal,MTR,0.09322021169156726,0.4748753387115918,61
subject_586,Warmup,Horizontal,SCML,0.7358446497355627,1.4205973773736157e-11,61
subject_586,Warmup,Horizontal,SCMR,0.7001432920664519,3.3934701126682425e-10,61
subject_586,Warmup,Horizontal,STL,0.07338612409761677,0.5740716025564023,61
subject_586,Warmup,Horizontal,STR,0.3649472117286888,0.003830130950046935,61
subject_586,Warmup,Horizontal,UTL,0.09322021169156726,0.4748753387115918,61
subject_586,Warmup,Horizontal,UTR,-0.02776772263153067,0.831773819947127,61
subject_587,Cooldown,Sagittal,MTL,-0.33010941684085165,0.01684798909850861,52
subject_587,Cooldown,Sagittal,MTR,-0.43546070845325635,0.0012532022513761485,52
subject_587,Cooldown,Sagittal,SCML,0.12815347120963724,0.3652512561049219,52
subject_587,Cooldown,Sagittal,SCMR,0.2247146096185286,0.10924247987804295,52
subject_587,Cooldown,Sagittal,STL,0.5166608365609586,8.810897327359498e-05,52
subject_587,Cooldown,Sagittal,STR,0.7164410016962538,2.340512915084364e-09,52
subject_587,Cooldown,Sagittal,UTL,0.12876268974849459,0.3629572432589285,52
subject_587,Cooldown,Sagittal,UTR,0.7371109164074857,4.6343277668930265e-10,52
subject_587,Cooldown,Frontal,MTL,-0.11114161141862168,0.43280209536873726,52
subject_587,Cooldown,Frontal,MTR,-0.23927479751527828,0.08756102560650204,52
subject_587,Cooldown,Frontal,SCML,0.17687950689429766,0.20969354547319696,52
subject_587,Cooldown,Frontal,SCMR,0.003621155259253338,0.9796738406900969,52
subject_587,Cooldown,Frontal,STL,0.08653632568266952,0.5418624867450393,52
subject_587,Cooldown,Frontal,STR,0.25366656841743895,0.06959221618695663,52
subject_587,Cooldown,Frontal,UTL,-0.010956315912612662,0.9385529040404318,52
subject_587,Cooldown,Frontal,UTR,0.31234785364431356,0.02417421271741772,52
subject_587,Cooldown,Horizontal,MTL,0.29983347209374633,0.03080937709873969,52
subject_587,Cooldown,Horizontal,MTR,0.09994449069791543,0.4808361747601694,52
subject_587,Cooldown,Horizontal,SCML,0.033314830232638475,0.8146265083959322,52
subject_587,Cooldown,Horizontal,SCMR,0.09994449069791543,0.4808361747601694,52
subject_587,Cooldown,Horizontal,STL,-0.02665186418611078,0.8512289262958154,52
subject_587,Cooldown,Horizontal,STR,0.2531927097680524,0.07013297038605641,52
subject_587,Cooldown,Horizontal,UTL,0.2931705060472186,0.034920230122651386,52
subject_587,Cooldown,Horizontal,UTR,0.1332593209305539,0.34629689551099524,52
subject_587,Second_threshold,Sagittal,MTL,-0.08804260408459118,0.5072741747480678,59
subject_587,Second_threshold,Sagittal,MTR,-0.4188148011935464,0.0009622720301103372,59
subject_587,Second_threshold,Sagittal,SCML,0.5913877499305912,8.136560442652492e-07,59
subject_587,Second_threshold,Sagittal,SCMR,0.49941967942184623,5.6561853639608845e-05,59
subject_587,Second_threshold,Sagittal,STL,0.49924259071098215,5.696086781539535e-05,59
subject_587,Second_threshold,Sagittal,STR,0.3366456393526138,0.00913192108623022,59
subject_587,Second_threshold,Sagittal,UTL,0.34204684503396815,0.008011211097577662,59
subject_587,Second_threshold,Sagittal,UTR,0.7112177776152845,2.745547307791173e-10,59
subject_587,Second_threshold,Frontal,MTL,-0.012301663690257094,0.9263225663491423,59
subject_587,Second_threshold,Frontal,MTR,-0.11277633307392447,0.39508340772091755,59
subject_587,Second_threshold,Frontal,SCML,0.48990544452956286,8.207124004411739e-05,59
subject_587,Second_threshold,Frontal,SCMR,0.2032434328068692,0.12261174689068899,59
subject_587,Second_threshold,Frontal,STL,0.493762182335157,7.066941616064946e-05,59
subject_587,Second_threshold,Frontal,STR,0.28287176939650627,0.029943298358663564,59
subject_587,Second_threshold,Frontal,UTL,0.2758564963190895,0.034448650896302405,59
subject_587,Second_threshold,Frontal,UTR,0.4974526814422341,6.114204644452598e-05,59
subject_587,Second_threshold,Horizontal,MTL,-0.12668921319438334,0.3389927685180993,59
subject_587,Second_threshold,Horizontal,MTR,-0.18211574396692606,0.16743181935939633,59
subject_587,Second_threshold,Horizontal,SCML,0.3642314879338521,0.004568549200581934,59
subject_587,Second_threshold,Horizontal,SCMR,0.17023863022995261,0.19736930243788542,59
subject_587,Second_threshold,Horizontal,STL,0.15440247858065467,0.24295592920559053,59
subject_587,Second_threshold,Horizontal,STR,0.07126268242184063,0.591716707529758,59
subject_587,Second_threshold,Horizontal,UTL,0.19795189561622395,0.1328699209124655,59
subject_587,Second_threshold,Horizontal,UTR,0.2533784263887667,0.052828341348106475,59
subject_587,Vo2max,Sagittal,MTL,-0.194023660804627,0.14445987106615002,58
subject_587,Vo2max,Sagittal,MTR,-0.1750777474228023,0.18867589972358362,58
subject_587,Vo2max,Sagittal,SCML,0.274121730250559,0.03731756622694983,58
subject_587,Vo2max,Sagittal,SCMR,0.4276273980801946,0.0008133824883058919,58
subject_587,Vo2max,Sagittal,STL,-0.03582841045473776,0.7894638411803806,58
subject_587,Vo2max,Sagittal,STR,-0.21678376796959126,0.1021458149896067,58
subject_587,Vo2max,Sagittal,UTL,-9.379165040507267e-05,0.9994424812125742,58
subject_587,Vo2max,Sagittal,UTR,0.38936040471492495,0.0025200689537757314,58
subject_587,Vo2max,Frontal,MTL,-0.14087693207140287,0.2915155239289254,58
subject_587,Vo2max,Frontal,MTR,0.01095069080391384,0.9349767983967585,58
subject_587,Vo2max,Frontal,SCML,0.2896169541561424,0.027444404725791738,58
subject_587,Vo2max,Frontal,SCMR,0.3656131016148828,0.00476897105426252,58
subject_587,Vo2max,Frontal,STL,-0.02815891921006417,0.8338041469541227,58
subject_587,Vo2max,Frontal,STR,0.027706071094112838,0.8364398428084101,58
subject_587,Vo2max,Frontal,UTL,-0.061710847801003194,0.6453841143884734,58
subject_587,Vo2max,Frontal,UTR,0.17286447626178278,0.1944138199929437,58
subject_587,Vo2max,Horizontal,MTL,,,58
subject_587,Vo2max,Horizontal,MTR,,,58
subject_587,Vo2max,Horizontal,SCML,,,58
subject_587,Vo2max,Horizontal,SCMR,,,58
subject_587,Vo2max,Horizontal,STL,,,58
subject_587,Vo2max,Horizontal,STR,,,58
subject_587,Vo2max,Horizontal,UTL,,,58
subject_587,Vo2max,Horizontal,UTR,,,58
subject_587,WanT,Sagittal,MTL,-0.4392478719111156,0.013426807506180626,31
subject_587,WanT,Sagittal,MTR,0.09990652372760098,0.5928310014682331,31
subject_587,WanT,Sagittal,SCML,0.488881603315233,0.005258069212788221,31
subject_587,WanT,Sagittal,SCMR,0.2379436823107256,0.19740546768035527,31
subject_587,WanT,Sagittal,STL,-0.3340158405221287,0.06629208727344987,31
subject_587,WanT,Sagittal,STR,0.10374088924379889,0.5786411126928669,31
subject_587,WanT,Sagittal,UTL,0.5434148017678254,0.0015815259124508645,31
subject_587,WanT,Sagittal,UTR,0.33082053592529703,0.06909350651919387,31
subject_587,WanT,Frontal,MTL,0.07319250547113999,0.695577337550659,31
subject_587,WanT,Frontal,MTR,-0.12198750911856668,0.5132825580288188,31
subject_587,WanT,Frontal,SCML,0.15858376185413667,0.3941677375660519,31
subject_587,WanT,Frontal,SCMR,-0.4269562819149833,0.016599983758070227,31
subject_587,WanT,Frontal,STL,-0.17078251276599332,0.35831803270295914,31
subject_587,WanT,Frontal,STR,-0.40255878009127,0.024755519187742797,31
subject_587,WanT,Frontal,UTL,0.23177626732527667,0.20961923565649737,31
subject_587,WanT,Frontal,UTR,-0.048795003647426664,0.7943471665905983,31
subject_587,WanT,Horizontal,MTL,-0.24494897427831783,0.18414134229197165,31
subject_587,WanT,Horizontal,MTR,0.3061862178478973,0.09389020140002027,31
subject_587,WanT,Horizontal,SCML,0.3061862178478973,0.09389020140002027,31
subject_587,WanT,Horizontal,SCMR,0.3061862178478973,0.09389020140002027,31
subject_587,WanT,Horizontal,STL,0.3061862178478973,0.09389020140002027,31
subject_587,WanT,Horizontal,STR,0.3061862178478973,0.09389020140002027,31
subject_587,WanT,Horizontal,UTL,0.3061862178478973,0.09389020140002027,31
subject_587,WanT,Horizontal,UTR,0.3061862178478973,0.09389020140002027,31
subject_587,Warmup,Sagittal,MTL,0.284810806883541,0.026099948226086564,61
subject_587,Warmup,Sagittal,MTR,0.14579797842207995,0.2622178353757193,61
subject_587,Warmup,Sagittal,SCML,0.3600266765689386,0.004372330947276216,61
subject_587,Warmup,Sagittal,SCMR,0.017873077945044988,0.8912551312001258,61
subject_587,Warmup,Sagittal,STL,0.496667460735224,4.676721042641111e-05,61
subject_587,Warmup,Sagittal,STR,0.27678447095451614,0.030817991002550314,61
subject_587,Warmup,Sagittal,UTL,0.19257689847577794,0.1370373167451373,61
subject_587,Warmup,Sagittal,UTR,0.302766630559813,0.017705373858846424,61
subject_587,Warmup,Frontal,MTL,0.4296328889381581,0.0005495544433173408,61
subject_587,Warmup,Frontal,MTR,0.31045368848463906,0.01488943962198616,61
subject_587,Warmup,Frontal,SCML,0.27121709442137404,0.03449346110709722,61
subject_587,Warmup,Frontal,SCMR,0.08666441334133126,0.5066141947816567,61
subject_587,Warmup,Frontal,STL,0.2998551184548009,0.018884720412164414,61
subject_587,Warmup,Frontal,STR,0.21853688645595437,0.0906390175045991,61
subject_587,Warmup,Frontal,UTL,0.3022311990514608,0.01791741282250163,61
subject_587,Warmup,Frontal,UTR,0.38789515740472474,0.002009691165146434,61
subject_587,Warmup,Horizontal,MTL,-0.23090677544328744,0.0733878135690884,61
subject_587,Warmup,Horizontal,MTR,-0.24002358482089853,0.06243406696198508,61
subject_587,Warmup,Horizontal,SCML,-0.2834698970962727,0.02684293985549969,61
subject_587,Warmup,Horizontal,SCMR,0.006350329290611854,0.9612603391695258,61
subject_587,Warmup,Horizontal,STL,-0.28541900806665854,0.025768700003283143,61
subject_587,Warmup,Horizontal,STR,-0.42613224521902804,0.0006166838381620588,61
subject_587,Warmup,Horizontal,UTL,-0.027979173607151235,0.830511656846625,61
subject_587,Warmup,Horizontal,UTR,0.0601395046185172,0.6452259145885686,61
subject_588,Cooldown,Sagittal,MTL,-0.0856761417082869,0.5418737753182613,53
subject_588,Cooldown,Sagittal,MTR,-0.10235045409771613,0.46583445213146485,53
subject_588,Cooldown,Sagittal,SCML,-0.021780538134701623,0.8769774229125973,53
subject_588,Cooldown,Sagittal,SCMR,-0.032218928817515056,0.8188505197721425,53
subject_588,Cooldown,Sagittal,STL,0.10542322711257032,0.45247882391791205,53
subject_588,Cooldown,Sagittal,STR,-0.2586099994707415,0.06151694412412239,53
subject_588,Cooldown,Sagittal,UTL,-0.23457006941335298,0.0909028666646941,53
subject_588,Cooldown,Sagittal,UTR,-0.047176103345702276,0.7372898137428701,53
subject_588,Cooldown,Frontal,MTL,-0.4526225241470833,0.0006667635338946509,53
subject_588,Cooldown,Frontal,MTR,-0.47830019955077085,0.00029187346625355904,53
subject_588,Cooldown,Frontal,SCML,-0.07986826953688635,0.569699313695081,53
subject_588,Cooldown,Frontal,SCMR,0.0181348582538543,0.8974477324123764,53
subject_588,Cooldown,Frontal,STL,-0.4869664149995154,0.00021757729253565447,53
subject_588,Cooldown,Frontal,STR,0.10228274035802191,0.4661311380748617,53
subject_588,Cooldown,Frontal,UTL,-0.3410316264552247,0.012455912257020904,53
subject_588,Cooldown,Frontal,UTR,-0.33937327658540317,0.012917786607935605,53
subject_588,Cooldown,Horizontal,MTL,-0.296409713063213,0.0311517713778067,53
subject_588,Cooldown,Horizontal,MTR,-0.32771403303247804,0.016599183866057965,53
subject_588,Cooldown,Horizontal,SCML,-0.13503054632510547,0.33503538372200325,53
subject_588,Cooldown,Horizontal,SCMR,-0.180907566969718,0.19485541496741998,53
subject_588,Cooldown,Horizontal,STL,-0.24096475763175618,0.0821874894599118,53
subject_588,Cooldown,Horizontal,STR,-0.3189311595614773,0.019931429105871524,53
subject_588,Cooldown,Horizontal,UTL,-0.24542979386561684,0.07650203554443719,53
subject_588,Cooldown,Horizontal,UTR,-0.3555837097449271,0.008976005255256256,53
subject_588,Second_threshold,Sagittal,MTL,-0.3537268447080187,0.005989410447740004,59
subject_588,Second_threshold,Sagittal,MTR,-0.21450064928318785,0.10280400407277328,59
subject_588,Second_threshold,Sagittal,SCML,0.2784523908496615,0.03271990844719596,59
subject_588,Second_threshold,Sagittal,SCMR,0.41555350244258454,0.0010640910157510895,59
subject_588,Second_threshold,Sagittal,STL,-0.5593287054450928,4.125742379095927e-06,59
subject_588,Second_threshold,Sagittal,STR,0.1896637319977661,0.15021852452019221,59
subject_588,Second_threshold,Sagittal,UTL,0.24724022206851654,0.05904209827903805,59
subject_588,Second_threshold,Sagittal,UTR,-0.17093643072907913,0.19551149012188146,59
subject_588,Second_threshold,Frontal,MTL,-0.3934089248969583,0.0020526310354231597,59
subject_588,Second_threshold,Frontal,MTR,-0.060524449984147424,0.6488445186769141,59
subject_588,Second_threshold,Frontal,SCML,0.34369241240998,0.007694505870053294,59
subject_588,Second_threshold,Frontal,SCMR,0.5036498873680839,4.776319536411745e-05,59
subject_588,Second_threshold,Frontal,STL,-0.4279943248878997,0.000721081364943214,59
subject_588,Second_threshold,Frontal,STR,0.6376683123329818,5.588640688441522e-08,59
subject_588,Second_threshold,Frontal,UTL,0.41286321239186285,0.0011552741105499496,59
subject_588,Second_threshold,Frontal,UTR,-0.07133238748131661,0.5913533188095613,59
subject_588,Second_threshold,Horizontal,MTL,0.09255845052192656,0.4856512246878976,59
subject_588,Second_threshold,Horizontal,MTR,-0.19571417291520415,0.13739752657644436,59
subject_588,Second_threshold,Horizontal,SCML,-0.14795937815316668,0.2634176653172304,59
subject_588,Second_threshold,Horizontal,SCMR,0.030584531476810516,0.8181294321383411,59
subject_588,Second_threshold,Horizontal,STL,-0.000670713409579178,0.9959773894801432,59
subject_588,Second_threshold,Horizontal,STR,0.07391261773562542,0.5779728435260018,59
subject_588,Second_threshold,Horizontal,UTL,-0.03621852411727561,0.7853631317523451,59
subject_588,Second_threshold,Horizontal,UTR,-0.10744828821458431,0.41793091886251243,59
subject_588,Vo2max,Sagittal,MTL,-0.001894655368485976,0.9886371121366692,59
subject_588,Vo2max,Sagittal,MTR,-0.08668879300020044,0.5138510744683508,59
subject_588,Vo2max,Sagittal,SCML,0.22317045866692706,0.08931370111454945,59
subject_588,Vo2max,Sagittal,SCMR,0.012797233629247382,0.9233632155580594,59
subject_588,Vo2max,Sagittal,STL,-0.2917436871789721,0.024961528627314197,59
subject_588,Vo2max,Sagittal,STR,-0.08010735856230178,0.5464278971442185,59
subject_588,Vo2max,Sagittal,UTL,0.26059821208649214,0.046211678988154044,59
subject_588,Vo2max,Sagittal,UTR,0.11507538395962191,0.38545633318384065,59
subject_588,Vo2max,Frontal,MTL,0.27910337640457955,0.032297910908396316,59
subject_588,Vo2max,Frontal,MTR,-0.0367261980222425,0.7824277830005582,59
subject_588,Vo2max,Frontal,SCML,0.4720142195492495,0.0001605491134546347,59
subject_588,Vo2max,Frontal,SCMR,0.12740137215424596,0.3362624747368956,59
subject_588,Vo2max,Frontal,STL,-0.4858553562771183,9.584665036727748e-05,59
subject_588,Vo2max,Frontal,STR,-0.4971012798685115,6.199540088679877e-05,59
subject_588,Vo2max,Frontal,UTL,0.48090085847111974,0.000115576963876851,59
subject_588,Vo2max,Frontal,UTR,0.6190762972828544,1.7266435223368794e-07,59
subject_588,Vo2max,Horizontal,MTL,0.17143137033093545,0.1942013578924799,59
subject_588,Vo2max,Horizontal,MTR,0.011428758022062363,0.9315376087178338,59
subject_588,Vo2max,Horizontal,SCML,0.3017192117824464,0.0202129402821163,59
subject_588,Vo2max,Horizontal,SCMR,0.13485934466033586,0.3085011801815754,59
subject_588,Vo2max,Horizontal,STL,-0.2125748992103599,0.10600426756607696,59
subject_588,Vo2max,Horizontal,STR,-0.2994334601780339,0.021227133869515854,59
subject_588,Vo2max,Horizontal,UTL,0.15771686070446062,0.23286552025329146,59
subject_588,Vo2max,Horizontal,UTR,0.27886169573832165,0.03245404612553348,59
subject_588,WanT,Sagittal,MTL,-0.3920412918651823,0.02916432186072925,31
subject_588,WanT,Sagittal,MTR,-0.16296059926518475,0.38107544469439497,31
subject_588,WanT,Sagittal,SCML,-0.1407849371928937,0.44999717929883687,31
subject_588,WanT,Sagittal,SCMR,-0.20649813764564612,0.26504287229144496,31
subject_588,WanT,Sagittal,STL,-0.33344871684848665,0.0667827232796101,31
subject_588,WanT,Sagittal,STR,-0.5350641399094082,0.0019259636001442092,31
subject_588,WanT,Sagittal,UTL,-0.28685948185257243,0.11767193980874795,31
subject_588,WanT,Sagittal,UTR,-0.06225461095523912,0.7393623402906412,31
subject_588,WanT,Frontal,MTL,0.010354434005579156,0.9559127763989193,31
subject_588,WanT,Frontal,MTR,0.32373454890912784,0.07563413869223862,31
subject_588,WanT,Frontal,SCML,0.7330516645990629,2.731869300329452e-06,31
subject_588,WanT,Frontal,SCMR,0.5969648176685941,0.0003924389918550834,31
subject_588,WanT,Frontal,STL,0.6607819415397147,5.209939027252918e-05,31
subject_588,WanT,Frontal,STR,0.3288061084220646,0.07090638808875513,31
subject_588,WanT,Frontal,UTL,0.1424262963216398,0.4446780706966991,31
subject_588,WanT,Frontal,UTR,0.6077418816335847,0.00028759951753993965,31
subject_588,WanT,Horizontal,MTL,0.08416514562738882,0.6525989288177511,31
subject_588,WanT,Horizontal,MTR,0.38961063291799497,0.030269222483718616,31
subject_588,WanT,Horizontal,SCML,0.6950561202086012,1.4302000571671614e-05,31
subject_588,WanT,Horizontal,SCMR,0.550541790491244,0.001331325525643936,31
subject_588,WanT,Horizontal,STL,0.6280014712197474,0.00015539051843744566,31
subject_588,WanT,Horizontal,STR,0.49643562544506536,0.0045032328715749,31
subject_588,WanT,Horizontal,UTL,0.31122606047930046,0.08833562939206346,31
subject_588,WanT,Horizontal,UTR,0.5627966056512758,0.0009811659538735932,31
subject_588,Warmup,Sagittal,MTL,-0.08542874032529423,0.5274911596014185,57
subject_588,Warmup,Sagittal,MTR,0.28422568647341057,0.03213530787741637,57
subject_588,Warmup,Sagittal,SCML,0.008333529334277051,0.9509419753154943,57
subject_588,Warmup,Sagittal,SCMR,0.24175286788567002,0.0700271249629362,57
subject_588,Warmup,Sagittal,STL,0.0011272406828973791,0.9933601353151547,57
subject_588,Warmup,Sagittal,STR,0.0797120197191718,0.5555803809364737,57
subject_588,Warmup,Sagittal,UTL,-0.33100617481365174,0.011902773749873667,57
subject_588,Warmup,Sagittal,UTR,0.0779406415031902,0.5644258852549227,57
subject_588,Warmup,Frontal,MTL,0.28358734457539186,0.032540849176968326,57
subject_588,Warmup,Frontal,MTR,-0.0845402135461005,0.5318102782504944,57
subject_588,Warmup,Frontal,SCML,0.157386103604556,0.24231577891395276,57
subject_588,Warmup,Frontal,SCMR,0.21439593060682546,0.10927131918712585,57
subject_588,Warmup,Frontal,STL,0.2587369071641462,0.051970658517251064,57
subject_588,Warmup,Frontal,STR,0.3086814137259635,0.019479220332985044,57
subject_588,Warmup,Frontal,UTL,-0.043366449600016975,0.7487359038575676,57
subject_588,Warmup,Frontal,UTR,0.08064210571688549,0.5509624394243076,57
subject_588,Warmup,Horizontal,MTL,0.11937557454239046,0.37644404935918363,57
subject_588,Warmup,Horizontal,MTR,0.02652790545386455,0.8447052217291776,57
subject_588,Warmup,Horizontal,SCML,0.013263952726932276,0.9219907909770416,57
subject_588,Warmup,Horizontal,SCMR,0.0530558109077291,0.6950844026153793,57
subject_588,Warmup,Horizontal,STL,0.19895929090398415,0.13788607540601455,57
subject_588,Warmup,Horizontal,STR,0.09284766908852593,0.49212015692196603,57
subject_588,Warmup,Horizontal,UTL,-0.06631976363466138,0.6240273596945385,57
subject_588,Warmup,Horizontal,UTR,-0.1061116218154582,0.4321029001768391,57
subject_590,Cooldown,Sagittal,MTL,-0.1815004612050152,0.1727149816449123,58
subject_590,Cooldown,Sagittal,MTR,-0.13305957449748163,0.31938205767986605,58
subject_590,Cooldown,Sagittal,SCML,-0.11838463546686842,0.37611235521654235,58
subject_590,Cooldown,Sagittal,SCMR,-0.25929122597377524,0.049359443839106724,58
subject_590,Cooldown,Sagittal,STL,-0.24988160071572,0.058524842709559925,58
subject_590,Cooldown,Sagittal,STR,0.013485997211003376,0.9199672055882553,58
subject_590,Cooldown,Sagittal,UTL,0.18255352395952676,0.17019473879792316,58
subject_590,Cooldown,Sagittal,UTR,-0.25158008902944834,0.05677575449883562,58
subject_590,Cooldown,Frontal,MTL,0.07861047897972506,0.5575019868042851,58
subject_590,Cooldown,Frontal,MTR,-0.1004467231407598,0.4531178649413894,58
subject_590,Cooldown,Frontal,SCML,0.0648099726699511,0.6288528148857178,58
subject_590,Cooldown,Frontal,SCMR,0.1091812208051737,0.4145906435153587,58
subject_590,Cooldown,Frontal,STL,-0.1897132892710698,0.15376685542207147,58
subject_590,Cooldown,Frontal,STR,-0.07721295935341883,0.5645498223733302,58
subject_590,Cooldown,Frontal,UTL,0.3167128853116479,0.015426005180767222,58
subject_590,Cooldown,Frontal,UTR,-0.11739164860972276,0.38015748874759137,58
subject_590,Cooldown,Horizontal,MTL,0.11695410832992696,0.3819481222945251,58
subject_590,Cooldown,Horizontal,MTR,0.005084961231735956,0.9697808702890057,58
subject_590,Cooldown,Horizontal,SCML,0.04322217046975562,0.7473351088328539,58
subject_590,Cooldown,Horizontal,SCMR,0.05084961231735955,0.7046326459910465,58
subject_590,Cooldown,Horizontal,STL,-0.2618755034344017,0.0470585566875088,58
subject_590,Cooldown,Horizontal,STR,0.07881689909190731,0.5564645320461216,58
subject_590,Cooldown,Horizontal,UTL,0.3712021699167247,0.004121378988123504,58
subject_590,Cooldown,Horizontal,UTR,-0.26696046466613765,0.042787358407459355,58
subject_590,Second_threshold,Sagittal,MTL,0.20171105233322154,0.12551838603715126,59
subject_590,Second_threshold,Sagittal,MTR,0.32898112106727795,0.010954911138557248,59
subject_590,Second_threshold,Sagittal,SCML,-0.20651369643639347,0.11658017397315895,59
subject_590,Second_threshold,Sagittal,SCMR,-0.1800991538689478,0.17226566529915577,59
subject_590,Second_threshold,Sagittal,STL,0.2881586461903165,0.02688334459579767,59
subject_590,Second_threshold,Sagittal,STR,-0.13927667899198629,0.29277525761672274,59
subject_590,Second_threshold,Sagittal,UTL,0.12486874668247046,0.34603484011009994,59
subject_590,Second_threshold,Sagittal,UTR,-0.0024013220515859703,0.9855987483257964,59
subject_590,Second_threshold,Frontal,MTL,,,59
subject_590,Second_threshold,Frontal,MTR,,,59
subject_590,Second_threshold,Frontal,SCML,,,59
subject_590,Second_threshold,Frontal,SCMR,,,59
subject_590,Second_threshold,Frontal,STL,,,59
subject_590,Second_threshold,Frontal,STR,,,59
subject_590,Second_threshold,Frontal,UTL,,,59
subject_590,Second_threshold,Frontal,UTR,,,59
subject_590,Second_threshold,Horizontal,MTL,0.18057437674858529,0.17111748908369953,59
subject_590,Second_threshold,Horizontal,MTR,-0.009143006417649889,0.9452064911944101,59
subject_590,Second_threshold,Horizontal,SCML,-0.032000522461774615,0.8098627601796177,59
subject_590,Second_threshold,Horizontal,SCMR,-0.07085829973678665,0.5938268153605829,59
subject_590,Second_threshold,Horizontal,STL,-0.14857385428681072,0.2614177845089516,59
subject_590,Second_threshold,Horizontal,STR,0.2651471861118468,0.042403142587236244,59
subject_590,Second_threshold,Horizontal,UTL,-0.006857254813237416,0.9588910950424515,59
subject_590,Second_threshold,Horizontal,UTR,-0.07314405134119911,0.5819439288956016,59
subject_590,Vo2max,Sagittal,MTL,-0.265108483278738,0.042434420394122964,59
subject_590,Vo2max,Sagittal,MTR,-0.3808145278226908,0.002925095837776302,59
subject_590,Vo2max,Sagittal,SCML,-0.329493819971586,0.010823827217418461,59
subject_590,Vo2max,Sagittal,SCMR,-0.405682596088286,0.0014340368614079613,59
subject_590,Vo2max,Sagittal,STL,-0.4260233177255544,0.0007676950539170789,59
subject_590,Vo2max,Sagittal,STR,-0.3545882555685975,0.005859820080958641,59
subject_590,Vo2max,Sagittal,UTL,-0.06328583822596856,0.6339427654052822,59
subject_590,Vo2max,Sagittal,UTR,-0.38731450405336004,0.0024405829954424188,59
subject_590,Vo2max,Frontal,MTL,0.1359953748871879,0.30440587904418537,59
subject_590,Vo2max,Frontal,MTR,0.23242845889810299,0.07648321056387954,59
subject_590,Vo2max,Frontal,SCML,0.4772201336950412,0.00013257617077127378,59
subject_590,Vo2max,Frontal,SCMR,0.5291456404701493,1.641810164350593e-05,59
subject_590,Vo2max,Frontal,STL,0.563762644986888,3.3293902512696882e-06,59
subject_590,Vo2max,Frontal,STR,0.5415088563689846,9.475980388591036e-06,59
subject_590,Vo2max,Frontal,UTL,0.11868687262881852,0.3706183868409273,59
subject_590,Vo2max,Frontal,UTR,0.6033249358631609,4.246233030739563e-07,59
subject_590,Vo2max,Horizontal,MTL,,,59
subject_590,Vo2max,Horizontal,MTR,,,59
subject_590,Vo2max,Horizontal,SCML,,,59
subject_590,Vo2max,Horizontal,SCMR,,,59
subject_590,Vo2max,Horizontal,STL,,,59
subject_590,Vo2max,Horizontal,STR,,,59
subject_590,Vo2max,Horizontal,UTL,,,59
subject_590,Vo2max,Horizontal,UTR,,,59
subject_590,WanT,Sagittal,MTL,-0.07724989793132231,0.6795682088831231,31
subject_590,WanT,Sagittal,MTR,-0.2305136954270657,0.21218210608764373,31
subject_590,WanT,Sagittal,SCML,0.16603578062038873,0.3720300183061738,31
subject_590,WanT,Sagittal,SCMR,0.2577056594988912,0.16161756582767203,31
subject_590,WanT,Sagittal,STL,-0.12092184022849649,0.51699694749828,31
subject_590,WanT,Sagittal,STR,0.0304879597168952,0.8706667467374789,31
subject_590,WanT,Sagittal,UTL,-0.11391784948272328,0.5417328580566135,31
subject_590,WanT,Sagittal,UTR,0.15470579559046144,0.4059801717280863,31
subject_590,WanT,Frontal,MTL,0.24911324920512778,0.17655950876494564,31
subject_590,WanT,Frontal,MTR,0.37081568900928275,0.0400108569655919,31
subject_590,WanT,Frontal,SCML,0.16417270960447924,0.3774949504878985,31
subject_590,WanT,Frontal,SCMR,0.2945518711957973,0.10772193153564177,31
subject_590,WanT,Frontal,STL,0.4071209196450438,0.023021192801675874,31
subject_590,WanT,Frontal,STR,-0.10138064403948371,0.5873578388303609,31
subject_590,WanT,Frontal,UTL,0.33085710183155836,0.06906093553240211,31
subject_590,WanT,Frontal,UTR,0.375382384686737,0.0374393081956029,31
subject_590,WanT,Horizontal,MTL,0.12200714369323451,0.5132142454316933,31
subject_590,WanT,Horizontal,MTR,0.23658359690613454,0.20005554160037678,31
subject_590,WanT,Horizontal,SCML,0.2615123649691923,0.15529549722281707,31
subject_590,WanT,Horizontal,SCMR,0.31999909004021243,0.07926944161791884,31
subject_590,WanT,Horizontal,STL,-0.050816334897771556,0.7860205282115007,31
subject_590,WanT,Horizontal,STR,0.3087332044732536,0.09105085402787387,31
subject_590,WanT,Horizontal,UTL,0.3315046753000852,0.06848608754743024,31
subject_590,WanT,Horizontal,UTR,0.513916141607652,0.0031037134494341576,31
subject_590,Warmup,Sagittal,MTL,-0.16426821913516126,0.20585425005320784,61
subject_590,Warmup,Sagittal,MTR,0.06191358019189101,0.6354914283745275,61
subject_590,Warmup,Sagittal,SCML,0.11566348609809224,0.3747256061533224,61
subject_590,Warmup,Sagittal,SCMR,0.06246239863126511,0.6324923078882936,61
subject_590,Warmup,Sagittal,STL,0.07505092158440861,0.565391649635714,61
subject_590,Warmup,Sagittal,STR,0.14138935044375334,0.27707560278880505,61
subject_590,Warmup,Sagittal,UTL,0.168967477022302,0.19299861019416165,61
subject_590,Warmup,Sagittal,UTR,0.005385280936358388,0.9671440031928105,61
subject_590,Warmup,Frontal,MTL,0.22373112736634124,0.08304372640361408,61
subject_590,Warmup,Frontal,MTR,0.1864426061386177,0.15023910996365744,61
subject_590,Warmup,Frontal,SCML,0.2833927613306989,0.026886216108349324,61
subject_590,Warmup,Frontal,SCMR,0.1510185109722803,0.24532943707369534,61
subject_590,Warmup,Frontal,STL,0.14169638066534945,0.2760231176841742,61
subject_590,Warmup,Frontal,STR,0.16593391946336974,0.20122987233682027,61
subject_590,Warmup,Frontal,UTL,0.11000113762178444,0.3987096773413313,61
subject_590,Warmup,Frontal,UTR,-0.18271375401584533,0.158712899460096,61
subject_590,Warmup,Horizontal,MTL,-0.14177184340737956,0.2757648422380566,61
subject_590,Warmup,Horizontal,MTR,0.021003236060352523,0.8723576153246497,61
subject_590,Warmup,Horizontal,SCML,-0.03938106761316099,0.763163020441296,61
subject_590,Warmup,Horizontal,SCMR,0.23891181018651,0.06369474118068442,61
subject_590,Warmup,Horizontal,STL,-0.021003236060352523,0.8723576153246497,61
subject_590,Warmup,Horizontal,STR,0.04725728113579318,0.7176078890150995,61
subject_590,Warmup,Horizontal,UTL,0.11551779833193891,0.37533158500697306,61
subject_590,Warmup,Horizontal,UTR,0.16540048397527615,0.20270270685974676,61
subject_591,Cooldown,Sagittal,MTL,-0.23205338150688218,0.07193136544732046,61
subject_591,Cooldown,Sagittal,MTR,0.001814570948835258,0.9889264647268102,61
subject_591,Cooldown,Sagittal,SCML,0.6120245381929852,1.5992086673565305e-07,61
subject_591,Cooldown,Sagittal,SCMR,0.5703196492189216,1.6005835031898063e-06,61
subject_591,Cooldown,Sagittal,STL,0.031361834565702705,0.8103803458914082,61
subject_591,Cooldown,Sagittal,STR,-0.04521305947514517,0.7293450412630097,61
subject_591,Cooldown,Sagittal,UTL,-0.0007258283795341031,0.9955704695057316,61
subject_591,Cooldown,Sagittal,UTR,0.042279503107861514,0.7462963266699469,61
subject_591,Cooldown,Frontal,MTL,0.11625410394995002,0.372275011868844,61
subject_591,Cooldown,Frontal,MTR,0.262648160775813,0.04085835778576851,61
subject_591,Cooldown,Frontal,SCML,0.24542533056100557,0.05659211056978404,61
subject_591,Cooldown,Frontal,SCMR,0.3272337740813408,0.010047173802516943,61
subject_591,Cooldown,Frontal,STL,0.04305707553701852,0.7417911522624283,61
subject_591,Cooldown,Frontal,STR,0.35737372695725367,0.004691910832403549,61
subject_591,Cooldown,Frontal,UTL,0.28848240609802406,0.02415362516569201,61
subject_591,Cooldown,Frontal,UTR,0.16792259459437223,0.19580612871653427,61
subject_591,Cooldown,Horizontal,MTL,-0.2927966991839806,0.022024646632849962,61
subject_591,Cooldown,Horizontal,MTR,-0.2980252116694088,0.019659685592763296,61
subject_591,Cooldown,Horizontal,SCML,-0.1463983495919903,0.2602367914383044,61
subject_591,Cooldown,Horizontal,SCMR,-0.24574008681512657,0.05626586066117549,61
subject_591,Cooldown,Horizontal,STL,0.06274214982513869,0.6309658144104661,61
subject_591,Cooldown,Horizontal,STR,-0.2927966991839806,0.022024646632849962,61
subject_591,Cooldown,Horizontal,UTL,-0.30325372415483703,0.017514342115106614,61
subject_591,Cooldown,Horizontal,UTR,-0.28233967421312417,0.027482934070557644,61
subject_591,Second_threshold,Sagittal,MTL,-0.0758088540955173,0.5682286968592652,59
subject_591,Second_threshold,Sagittal,MTR,-0.19994071193184804,0.12894112232755156,59
subject_591,Second_threshold,Sagittal,SCML,0.17091263805350124,0.1955746291259584,59
subject_591,Second_threshold,Sagittal,SCMR,0.23541185297563663,0.07267577216924452,59
subject_591,Second_threshold,Sagittal,STL,0.010521391594631016,0.9369615629815342,59
subject_591,Second_threshold,Sagittal,STR,0.2732820083895366,0.03623748782537944,59
subject_591,Second_threshold,Sagittal,UTL,0.2803419649644356,0.031507532801569135,59
subject_591,Second_threshold,Sagittal,UTR,0.20213409649880695,0.12471077826006631,59
subject_591,Second_threshold,Frontal,MTL,-0.07147416898918633,0.5906144870077112,59
subject_591,Second_threshold,Frontal,MTR,0.11793237883215744,0.37368937249220957,59
subject_591,Second_threshold,Frontal,SCML,0.3144863435524199,0.015273503065572715,59
subject_591,Second_threshold,Frontal,SCMR,0.4645820984297112,0.0002099039030515155,59
subject_591,Second_threshold,Frontal,STL,0.18225913092242516,0.16709193147841672,59
subject_591,Second_threshold,Frontal,STR,0.050031918292430436,0.7066822035734956,59
subject_591,Second_threshold,Frontal,UTL,0.11078496193323882,0.40353533144184867,59
subject_591,Second_threshold,Frontal,UTR,0.028589667595674533,0.8298088917460062,59
subject_591,Second_threshold,Horizontal,MTL,,,59
subject_591,Second_threshold,Horizontal,MTR,,,59
subject_591,Second_threshold,Horizontal,SCML,,,59
subject_591,Second_threshold,Horizontal,SCMR,,,59
subject_591,Second_threshold,Horizontal,STL,,,59
subject_591,Second_threshold,Horizontal,STR,,,59
subject_591,Second_threshold,Horizontal,UTL,,,59
subject_591,Second_threshold,Horizontal,UTR,,,59
subject_591,Vo2max,Sagittal,MTL,-0.059247361999921075,0.6557833048725562,59
subject_591,Vo2max,Sagittal,MTR,-0.1977138215531451,0.13334620374954073,59
subject_591,Vo2max,Sagittal,SCML,0.07438517429834426,0.575537381316785,59
subject_591,Vo2max,Sagittal,SCMR,0.4538163476859226,0.0003062014860608548,59
subject_591,Vo2max,Sagittal,STL,-0.5136043458393588,3.179983343041521e-05,59
subject_591,Vo2max,Sagittal,STR,-0.07403535090489333,0.5773398477297695,59
subject_591,Vo2max,Sagittal,UTL,0.3136643754187985,0.015556961864609887,59
subject_591,Vo2max,Sagittal,UTR,0.2641484641821495,0.04321636172503921,59
subject_591,Vo2max,Frontal,MTL,0.17734332235343164,0.1790347207135418,59
subject_591,Vo2max,Frontal,MTR,0.13879042618964213,0.2944802026498588,59
subject_591,Vo2max,Frontal,SCML,0.2081856392844632,0.11358547733901377,59
subject_591,Vo2max,Frontal,SCMR,0.223606797749979,0.08867334385123035,59
subject_591,Vo2max,Frontal,STL,-0.223606797749979,0.08867334385123035,59
subject_591,Vo2max,Frontal,STR,0.06939521309482106,0.6014891840286168,59
subject_591,Vo2max,Frontal,UTL,0.223606797749979,0.08867334385123035,59
subject_591,Vo2max,Frontal,UTR,0.14650100542240002,0.26820514843569815,59
subject_591,Vo2max,Horizontal,MTL,-0.1346072890190323,0.309414606198296,59
subject_591,Vo2max,Horizontal,MTR,-0.2058699714408729,0.11774914100391538,59
subject_591,Vo2max,Horizontal,SCML,-0.019795189561622396,0.8817027788663133,59
subject_591,Vo2max,Horizontal,SCMR,-0.04354941703556928,0.7432839553043017,59
subject_591,Vo2max,Horizontal,STL,-0.06334460659719167,0.6336271613938729,59
subject_591,Vo2max,Horizontal,STR,-0.03959037912324479,0.7659247702012912,59
subject_591,Vo2max,Horizontal,UTL,-0.07126268242184063,0.591716707529758,59
subject_591,Vo2max,Horizontal,UTR,-0.03959037912324479,0.7659247702012912,59
subject_591,WanT,Sagittal,MTL,-0.23653381492593825,0.21669448706406996,29
subject_591,WanT,Sagittal,MTR,-0.140270053037475,0.46799180390390716,29
subject_591,WanT,Sagittal,SCML,0.12624304773372752,0.5140438272350163,29
subject_591,WanT,Sagittal,SCMR,0.08801258229802353,0.6498311743559002,29
subject_591,WanT,Sagittal,STL,-0.02695385332876971,0.8896152398717134,29
subject_591,WanT,Sagittal,STR,0.07178526243682545,0.7113459345804529,29
subject_591,WanT,Sagittal,UTL,0.35342552579050074,0.060006165956067774,29
subject_591,WanT,Sagittal,UTR,0.47994361284390963,0.008418751595945207,29
subject_591,WanT,Frontal,MTL,-0.010910894511799617,0.9552032420310566,29
subject_591,WanT,Frontal,MTR,0.03273268353539885,0.8661410999036512,29
subject_591,WanT,Frontal,SCML,0.054554472558998084,0.778655729487194,29
subject_591,WanT,Frontal,SCMR,-0.03273268353539885,0.8661410999036512,29
subject_591,WanT,Frontal,STL,0.18548520670059349,0.3353843670011431,29
subject_591,WanT,Frontal,STR,-0.0654653670707977,0.7358179040014112,29
subject_591,WanT,Frontal,UTL,0.021821789023599235,0.9105396003015374,29
subject_591,WanT,Frontal,UTR,0.03273268353539885,0.8661410999036512,29
subject_591,WanT,Horizontal,MTL,-0.05096471914376255,0.7928963381438467,29
subject_591,WanT,Horizontal,MTR,0.25482359571881275,0.18218670501442472,29
subject_591,WanT,Horizontal,SCML,-0.17837651700316892,0.3545561351859153,29
subject_591,WanT,Horizontal,SCMR,-0.059458839001056314,0.759313621744689,29
subject_591,WanT,Horizontal,STL,0.09343531843023134,0.6297429405643628,29
subject_591,WanT,Horizontal,STR,-0.1444000375739939,0.45485664060678754,29
subject_591,WanT,Horizontal,UTL,-0.19536475671775644,0.30980900771535935,29
subject_591,WanT,Horizontal,UTR,-0.059458839001056314,0.759313621744689,29
subject_591,Warmup,Sagittal,MTL,-0.1557243092037016,0.23075683796492566,61
subject_591,Warmup,Sagittal,MTR,-0.3526672281561081,0.005309814727307155,61
subject_591,Warmup,Sagittal,SCML,0.43900544342653397,0.0004011691419545711,61
subject_591,Warmup,Sagittal,SCMR,0.21114139621448655,0.10237981307757595,61
subject_591,Warmup,Sagittal,STL,-0.1342975162445627,0.302127718575159,61
subject_591,Warmup,Sagittal,STR,0.27215182275275757,0.03385205299918529,61
subject_591,Warmup,Sagittal,UTL,-0.19393112074529867,0.13424409724287487,61
subject_591,Warmup,Sagittal,UTR,0.1911774766702286,0.1399694235423105,61
subject_591,Warmup,Frontal,MTL,-0.2579603108579058,0.0447321430095625,61
subject_591,Warmup,Frontal,MTR,-0.36467789362720876,0.003858190273272717,61
subject_591,Warmup,Frontal,SCML,0.33963435831735567,0.007409421692516614,61
subject_591,Warmup,Frontal,SCMR,0.4404033578776675,0.00038247448711324096,61
subject_591,Warmup,Frontal,STL,-0.12979808562018916,0.3187602867375449,61
subject_591,Warmup,Frontal,STR,0.15835128502334717,0.22288781473214633,61
subject_591,Warmup,Frontal,UTL,-0.13524103925641617,0.2987126123169167,61
subject_591,Warmup,Frontal,UTR,0.25465884717691556,0.04763749947184203,61
subject_591,Warmup,Horizontal,MTL,-0.33320427609161135,0.008689897821419141,61
subject_591,Warmup,Horizontal,MTR,-0.049223358968078945,0.7063803183499362,61
subject_591,Warmup,Horizontal,SCML,0.3483499250048664,0.005938455057754952,61
subject_591,Warmup,Horizontal,SCMR,0.1722817563882763,0.18428429576326624,61
subject_591,Warmup,Horizontal,STL,0.09276709959368723,0.4770342187007664,61
subject_591,Warmup,Horizontal,STR,0.2707284743244342,0.03483275647277874,61
subject_591,Warmup,Horizontal,UTL,-0.022718473369882586,0.8620316502729952,61
subject_591,Warmup,Horizontal,UTR,0.0,1.0,61
subject_594,Cooldown,Sagittal,MTL,-0.18324566152231875,0.1685529491263401,58
subject_594,Cooldown,Sagittal,MTR,-0.027842650962183753,0.8356447222768487,58
subject_594,Cooldown,Sagittal,SCML,0.2568608848810389,0.0516062676968776,58
subject_594,Cooldown,Sagittal,SCMR,0.829033577031362,9.283259129989145e-16,58
subject_594,Cooldown,Sagittal,STL,-0.10167539503154602,0.4475824048799499,58
subject_594,Cooldown,Sagittal,STR,-0.504461602366173,5.397181647590126e-05,58
subject_594,Cooldown,Sagittal,UTL,0.13703804770449818,0.30499483407356676,58
subject_594,Cooldown,Sagittal,UTR,0.051117367000884234,0.703149058227985,58
subject_594,Cooldown,Frontal,MTL,-0.3109458562086565,0.017512588225546646,58
subject_594,Cooldown,Frontal,MTR,-0.10259634849524198,0.44345793483246854,58
subject_594,Cooldown,Frontal,SCML,-0.08613583543996141,0.5202841759347057,58
subject_594,Cooldown,Frontal,SCMR,0.3400336121556591,0.009012826054438318,58
subject_594,Cooldown,Frontal,STL,-0.11590005082759204,0.38628247104095387,58
subject_594,Cooldown,Frontal,STR,-0.1711442384788762,0.19895880113713021,58
subject_594,Cooldown,Frontal,UTL,-0.30756355900551663,0.01884487845441777,58
subject_594,Cooldown,Frontal,UTR,-0.08884167320247327,0.5072136278697481,58
subject_594,Cooldown,Horizontal,MTL,-0.13973945234310636,0.2954682340678508,58
subject_594,Cooldown,Horizontal,MTR,-0.020181584348714268,0.8804744417931697,58
subject_594,Cooldown,Horizontal,SCML,0.04671496198575155,0.7276779184435148,58
subject_594,Cooldown,Horizontal,SCMR,0.15838939859392714,0.2350254434211237,58
subject_594,Cooldown,Horizontal,STL,-0.14829860641957002,0.2665772529851098,58
subject_594,Cooldown,Horizontal,STR,0.023019619647752208,0.8638160515498399,58
subject_594,Cooldown,Horizontal,UTL,-0.3292571428677513,0.01161056976279792,58
subject_594,Cooldown,Horizontal,UTR,-0.22609681215668953,0.08789730933944007,58
subject_594,Second_threshold,Sagittal,MTL,0.14407440629944654,0.27629930860475793,59
subject_594,Second_threshold,Sagittal,MTR,-0.1564236411251134,0.23676764492522126,59
subject_594,Second_threshold,Sagittal,SCML,0.21611160944916982,0.10018476317872288,59
subject_594,Second_threshold,Sagittal,SCMR,-0.09261926119250134,0.48536340092704583,59
subject_594,Second_threshold,Sagittal,STL,0.04733873349838958,0.7218140092001984,59
subject_594,Second_threshold,Sagittal,STR,-0.1811221107764471,0.16980105154366612,59
subject_594,Second_threshold,Sagittal,UTL,0.6154035354790645,2.1391502835506715e-07,59
subject_594,Second_threshold,Sagittal,UTR,0.29020701840317087,0.025770612161544776,59
subject_594,Second_threshold,Frontal,MTL,-0.08561715433015248,0.5190876114825994,59
subject_594,Second_threshold,Frontal,MTR,-0.03292967474236634,0.8044494312686385,59
subject_594,Second_threshold,Frontal,SCML,-0.08232418685591585,0.5353447269855118,59
subject_594,Second_threshold,Frontal,SCMR,-0.1251327640209921,0.345007962325401,59
subject_594,Second_threshold,Frontal,STL,-0.3161248775267168,0.014721632438746603,59
subject_594,Second_threshold,Frontal,STR,-0.18111321108301487,0.1698223820521499,59
subject_594,Second_threshold,Frontal,UTL,0.37539829206297626,0.003392190943161282,59
subject_594,Second_threshold,Frontal,UTR,0.02634373979389307,0.8430020947346373,59
subject_594,Second_threshold,Horizontal,MTL,,,59
subject_594,Second_threshold,Horizontal,MTR,,,59
subject_594,Second_threshold,Horizontal,SCML,,,59
subject_594,Second_threshold,Horizontal,SCMR,,,59
subject_594,Second_threshold,Horizontal,STL,,,59
subject_594,Second_threshold,Horizontal,STR,,,59
subject_594,Second_threshold,Horizontal,UTL,,,59
subject_594,Second_threshold,Horizontal,UTR,,,59
subject_594,Vo2max,Sagittal,MTL,-0.012443728413091715,0.9254741078927118,59
subject_594,Vo2max,Sagittal,MTR,0.14935429850677534,0.2588925064098754,59
subject_594,Vo2max,Sagittal,SCML,0.39497753630438137,0.0019621445860842496,59
subject_594,Vo2max,Sagittal,SCMR,0.5474649350766858,7.214757329742213e-06,59
subject_594,Vo2max,Sagittal,STL,-0.2306966752118309,0.07876491847192275,59
subject_594,Vo2max,Sagittal,STR,-0.5668842452130307,2.857464154269663e-06,59
subject_594,Vo2max,Sagittal,UTL,-0.19445911931052345,0.13998705880677448,59
subject_594,Vo2max,Sagittal,UTR,-0.335714649206403,0.009338265590887329,59
subject_594,Vo2max,Frontal,MTL,0.28111027819300227,0.031025414475943338,59
subject_594,Vo2max,Frontal,MTR,-0.017888835885009235,0.8930250070710739,59
subject_594,Vo2max,Frontal,SCML,0.08177753547432792,0.538067466680577,59
subject_594,Vo2max,Frontal,SCMR,0.06644424757289144,0.617074237584705,59
subject_594,Vo2max,Frontal,STL,0.2708880862587113,0.03796935438915063,59
subject_594,Vo2max,Frontal,STR,-0.04855541168788221,0.7149645015318281,59
subject_594,Vo2max,Frontal,UTL,0.01277773991786374,0.9234796051713158,59
subject_594,Vo2max,Frontal,UTR,-0.14311068708007388,0.27955840094039797,59
subject_594,Vo2max,Horizontal,MTL,0.35282114253639857,0.006128367629006767,59
subject_594,Vo2max,Horizontal,MTR,0.04244464872618328,0.7495810861971444,59
subject_594,Vo2max,Horizontal,SCML,0.04244464872618328,0.7495810861971444,59
subject_594,Vo2max,Horizontal,SCMR,0.047750229816956195,0.7194949548596099,59
subject_594,Vo2max,Horizontal,STL,0.2546678923570997,0.05159314166833678,59
subject_594,Vo2max,Horizontal,STR,0.22018161526707578,0.09379800231745787,59
subject_594,Vo2max,Horizontal,UTL,0.3713906763541037,0.0037791912831188538,59
subject_594,Vo2max,Horizontal,UTR,0.1724313854501196,0.19157342646924796,59
subject_594,WanT,Sagittal,MTL,0.10121441562456311,0.622734319389733,26
subject_594,WanT,Sagittal,MTR,0.07461540537510455,0.7171582576650295,26
subject_594,WanT,Sagittal,SCML,0.7361362446960544,1.8143588257469733e-05,26
subject_594,WanT,Sagittal,SCMR,0.6563392139476788,0.0002713925099746663,26
subject_594,WanT,Sagittal,STL,-0.5064175198143669,0.008293368742922313,26
subject_594,WanT,Sagittal,STR,-0.6832836658886887,0.0001194537948988364,26
subject_594,WanT,Sagittal,UTL,-0.45667391623096387,0.019017222442217607,26
subject_594,WanT,Sagittal,UTR,-0.07047010507648763,0.7322892205087039,26
subject_594,WanT,Frontal,MTL,0.0,1.0,26
subject_594,WanT,Frontal,MTR,0.038238201607294006,0.852871720687781,26
subject_594,WanT,Frontal,SCML,-0.13284818496554723,0.5176592894010585,26
subject_594,WanT,Frontal,SCMR,-0.2925025318825995,0.14704213852800233,26
subject_594,WanT,Frontal,STL,0.23889020797958938,0.23987042681882376,26
subject_594,WanT,Frontal,STR,0.3681905185692021,0.06421245608523818,26
subject_594,WanT,Frontal,UTL,0.3811993912809619,0.05467963779697496,26
subject_594,WanT,Frontal,UTR,0.0039420826399272175,0.9847516073554066,26
subject_594,WanT,Horizontal,MTL,0.06163335513613657,0.7648653348525002,26
subject_594,WanT,Horizontal,MTR,0.015408338784034142,0.940447370051215,26
subject_594,WanT,Horizontal,SCML,0.06163335513613657,0.7648653348525002,26
subject_594,WanT,Horizontal,SCMR,0.1849000654084097,0.36585086823258184,26
subject_594,WanT,Horizontal,STL,0.29275843689664877,0.14667236997229705,26
subject_594,WanT,Horizontal,STR,0.16949172662437556,0.40781146553730085,26
subject_594,WanT,Horizontal,UTL,0.030816677568068284,0.881204958209257,26
subject_594,WanT,Horizontal,UTR,0.1386750490563073,0.49929062849347183,26
subject_594,Warmup,Sagittal,MTL,-0.43566046016856297,0.0009923550255411552,54
subject_594,Warmup,Sagittal,MTR,0.2116903600996332,0.12437307784711207,54
subject_594,Warmup,Sagittal,SCML,0.3709022088210466,0.005762070586814636,54
subject_594,Warmup,Sagittal,SCMR,0.541351178080401,2.3694160283203794e-05,54
subject_594,Warmup,Sagittal,STL,-0.20632280080487786,0.13443547935178696,54
subject_594,Warmup,Sagittal,STR,-0.21624699317000112,0.1162875762539081,54
subject_594,Warmup,Sagittal,UTL,-0.03664614223541626,0.7924887313788773,54
subject_594,Warmup,Sagittal,UTR,0.06475825134751641,0.6417682140863149,54
subject_594,Warmup,Frontal,MTL,0.013556492380600452,0.9224937908028028,54
subject_594,Warmup,Frontal,MTR,-0.15725531161496523,0.2561117365737966,54
subject_594,Warmup,Frontal,SCML,0.18165699790004605,0.18863281180945018,54
subject_594,Warmup,Frontal,SCMR,0.2629959521836488,0.05468504714338723,54
subject_594,Warmup,Frontal,STL,-0.07320505885524245,0.5988433628664942,54
subject_594,Warmup,Frontal,STR,-0.509724113510577,8.255803017251622e-05,54
subject_594,Warmup,Frontal,UTL,0.328067115610531,0.015442786388906326,54
subject_594,Warmup,Frontal,UTR,0.5476822921762582,1.817401168256107e-05,54
subject_594,Warmup,Horizontal,MTL,0.28078821291710154,0.03971890026151671,54
subject_594,Warmup,Horizontal,MTR,0.07583331297761135,0.5857498397480408,54
subject_594,Warmup,Horizontal,SCML,-0.28898640891468114,0.03405944453995277,54
subject_594,Warmup,Horizontal,SCMR,-0.10042790097035018,0.46995457139180297,54
subject_594,Warmup,Horizontal,STL,0.1701125669497768,0.21877051989761082,54
subject_594,Warmup,Horizontal,STR,-0.3053828009098404,0.024734397701805723,54
subject_594,Warmup,Horizontal,UTL,-0.11682429296550939,0.40019200739750543,54
subject_594,Warmup,Horizontal,UTR,0.457049426865063,0.0005122550315964929,54
subject_595,Cooldown,Sagittal,MTL,-0.052900061323882946,0.6855517830881827,61
subject_595,Cooldown,Sagittal,MTR,-0.13178707347319552,0.31133711394376035,61
subject_595,Cooldown,Sagittal,SCML,0.31546632862610113,0.013268038519607459,61
subject_595,Cooldown,Sagittal,SCMR,0.5179139371529281,1.9129830531761785e-05,61
subject_595,Cooldown,Sagittal,STL,-0.4978925442213864,4.4488660763015936e-05,61
subject_595,Cooldown,Sagittal,STR,-0.305033412309393,0.016831264064451533,61
subject_595,Cooldown,Sagittal,UTL,0.2679597853980621,0.03680816787147142,61
subject_595,Cooldown,Sagittal,UTR,0.14352750932829003,0.26980130887866116,61
subject_595,Cooldown,Frontal,MTL,0.23345680698002616,0.07018019567535225,61
subject_595,Cooldown,Frontal,MTR,0.1325628112902246,0.3084723158196138,61
subject_595,Cooldown,Frontal,SCML,0.39341221415163424,0.0017091293296647534,61
subject_595,Cooldown,Frontal,SCMR,0.4942132485431958,5.165939632544872e-05,61
subject_595,Cooldown,Frontal,STL,-0.19509477790632399,0.1318783885068927,61
subject_595,Cooldown,Frontal,STR,-0.41070301562427225,0.001010121869348637,61
subject_595,Cooldown,Frontal,UTL,0.2153603409226416,0.09554562246725241,61
subject_595,Cooldown,Frontal,UTR,0.23751611700317238,0.0653062730356931,61
subject_595,Cooldown,Horizontal,MTL,0.26687420312975096,0.03760766945867641,61
subject_595,Cooldown,Horizontal,MTR,0.0401082617420435,0.7589206506026218,61
subject_595,Cooldown,Horizontal,SCML,0.23602169409740983,0.0670679507033636,61
subject_595,Cooldown,Horizontal,SCMR,0.3030401998287731,0.017597865760216123,61
subject_595,Cooldown,Horizontal,STL,-0.003770862215063919,0.9769904606116486,61
subject_595,Cooldown,Horizontal,STR,-0.04799279182808625,0.7134005371927493,61
subject_595,Cooldown,Horizontal,UTL,0.1088407957529813,0.4037333720086329,61
subject_595,Cooldown,Horizontal,UTR,0.3085250903234116,0.01555709114705025,61
subject_595,Second_threshold,Sagittal,MTL,-0.2850507296873625,0.02864858678523858,59
subject_595,Second_threshold,Sagittal,MTR,-0.2771326538627136,0.03358953042200977,59
subject_595,Second_threshold,Sagittal,SCML,0.027713265386271356,0.8349517765797179,59
subject_595,Second_threshold,Sagittal,SCMR,-0.12668921319438334,0.3389927685180993,59
subject_595,Second_threshold,Sagittal,STL,0.24150131265179323,0.06537342577264393,59
subject_595,Second_threshold,Sagittal,STR,0.19795189561622395,0.1328699209124655,59
subject_595,Second_threshold,Sagittal,UTL,-0.15836151649297917,0.2309370319036658,59
subject_595,Second_threshold,Sagittal,UTR,-0.2058699714408729,0.11774914100391538,59
subject_595,Second_threshold,Frontal,MTL,-0.04288450139351179,0.7470719720618993,59
subject_595,Second_threshold,Frontal,MTR,-0.2358647576643149,0.07211120879510025,59
subject_595,Second_threshold,Frontal,SCML,-0.03216337604513385,0.8089133119283549,59
subject_595,Second_threshold,Frontal,SCMR,-0.12507979573107608,0.34521382710775184,59
subject_595,Second_threshold,Frontal,STL,0.1751117140235065,0.18465562604056793,59
subject_595,Second_threshold,Frontal,STR,-0.1679642971245879,0.20351166259773865,59
subject_595,Second_threshold,Frontal,UTL,-0.03216337604513385,0.8089133119283549,59
subject_595,Second_threshold,Frontal,UTR,-0.2966178013051233,0.022535451801182618,59
subject_595,Second_threshold,Horizontal,MTL,,,59
subject_595,Second_threshold,Horizontal,MTR,,,59
subject_595,Second_threshold,Horizontal,SCML,,,59
subject_595,Second_threshold,Horizontal,SCMR,,,59
subject_595,Second_threshold,Horizontal,STL,,,59
subject_595,Second_threshold,Horizontal,STR,,,59
subject_595,Second_threshold,Horizontal,UTL,,,59
subject_595,Second_threshold,Horizontal,UTR,,,59
subject_595,Vo2max,Sagittal,MTL,0.2847392687459084,0.02883072737959679,59
subject_595,Vo2max,Sagittal,MTR,0.3365595179103262,0.009150841305126098,59
subject_595,Vo2max,Sagittal,SCML,0.7033223199018971,5.245571831169688e-10,59
subject_595,Vo2max,Sagittal,SCMR,0.6953406712558023,9.883027992633304e-10,59
subject_595,Vo2max,Sagittal,STL,0.281534515880431,0.03076185584163109,59
subject_595,Vo2max,Sagittal,STR,0.3472017161051191,0.007055370274807333,59
subject_595,Vo2max,Sagittal,UTL,0.6709724560711344,6.0611823778403996e-09,59
subject_595,Vo2max,Sagittal,UTR,-0.12873431793587575,0.3311893248523951,59
subject_595,Vo2max,Frontal,MTL,-0.07710579232757897,0.5616085134188379,59
subject_595,Vo2max,Frontal,MTR,-0.2004750600517053,0.12790067222746573,59
subject_595,Vo2max,Frontal,SCML,0.12336926772412635,0.35190285335310817,59
subject_595,Vo2max,Frontal,SCMR,-0.17734332235343164,0.1790347207135418,59
subject_595,Vo2max,Frontal,STL,0.015421158465515793,0.9077123034211019,59
subject_595,Vo2max,Frontal,STR,-0.223606797749979,0.08867334385123035,59
subject_595,Vo2max,Frontal,UTL,-0.13879042618964213,0.2944802026498588,59
subject_595,Vo2max,Frontal,UTR,0.10794810925861055,0.4157559614564979,59
subject_595,Vo2max,Horizontal,MTL,-0.46677401821960984,0.00019407230318954605,59
subject_595,Vo2max,Horizontal,MTR,-0.4793895322255452,0.00012229899428448392,59
subject_595,Vo2max,Horizontal,SCML,-0.33851629249259996,0.008729256716436703,59
subject_595,Vo2max,Horizontal,SCMR,-0.5992369152819316,5.321314102592111e-07,59
subject_595,Vo2max,Horizontal,STL,-0.2123611524332459,0.10636416678780489,59
subject_595,Vo2max,Horizontal,STR,-0.2018482240949664,0.1252560863799394,59
subject_595,Vo2max,Horizontal,UTL,-0.5109283172403837,3.5518944037646213e-05,59
subject_595,Vo2max,Horizontal,UTR,-0.04835947035608571,0.7160660965446017,59
subject_595,WanT,Sagittal,MTL,0.1968297802366591,0.28855705255887437,31
subject_595,WanT,Sagittal,MTR,0.21692282030248472,0.24113116004424853,31
subject_595,WanT,Sagittal,SCML,0.13860097024998078,0.4571273328489545,31
subject_595,WanT,Sagittal,SCMR,-0.2677705135302883,0.1452918472082259,31
subject_595,WanT,Sagittal,STL,0.0030754653161977983,0.9868994891156925,31
subject_595,WanT,Sagittal,STR,0.10661613096152367,0.5681009672648739,31
subject_595,WanT,Sagittal,UTL,0.11133184444636031,0.5510049824960976,31
subject_595,WanT,Sagittal,UTR,0.15172295559909138,0.4152006115779369,31
subject_595,WanT,Frontal,MTL,0.5443931066372738,0.003327608953635124,27
subject_595,WanT,Frontal,MTR,0.4984097886730143,0.008145292329715727,27
subject_595,WanT,Frontal,SCML,0.4311321825239634,0.024753916274981705,27
subject_595,WanT,Frontal,SCMR,0.23485439577719122,0.2383279686507598,27
subject_595,WanT,Frontal,STL,0.3947158635992478,0.041596728018687294,27
subject_595,WanT,Frontal,STR,0.43082356965172003,0.024868664591341322,27
subject_595,WanT,Frontal,UTL,0.42279963497339285,0.028007094293392928,27
subject_595,WanT,Frontal,UTR,0.4582901152813785,0.01621289926916364,27
subject_595,WanT,Horizontal,MTL,0.3336536517024784,0.0666051022538464,31
subject_595,WanT,Horizontal,MTR,0.2852403391752972,0.11985054904669762,31
subject_595,WanT,Horizontal,SCML,0.5273069018112033,0.0023025404257138457,31
subject_595,WanT,Horizontal,SCMR,0.414971250232982,0.020271174233249162,31
subject_595,WanT,Horizontal,STL,0.8041639834060362,5.043529247284642e-08,31
subject_595,WanT,Horizontal,STR,0.7704213716446675,3.997084702973348e-07,31
subject_595,WanT,Horizontal,UTL,0.28041996606653025,0.12651358209128766,31
subject_595,WanT,Horizontal,UTR,0.249611494458324,0.17566734968179443,31
subject_595,Warmup,Sagittal,MTL,-0.2305759905133467,0.0738123239701223,61
subject_595,Warmup,Sagittal,MTR,-0.037151132720697096,0.7762149871019218,61
subject_595,Warmup,Sagittal,SCML,0.14249140507983152,0.273310171457479,61
subject_595,Warmup,Sagittal,SCMR,0.35925728866558915,0.004462972576824097,61
subject_595,Warmup,Sagittal,STL,-0.04957189287488678,0.7043963645689911,61
subject_595,Warmup,Sagittal,STR,-0.07630292479508918,0.5589046897766985,61
subject_595,Warmup,Sagittal,UTL,-0.1660825132921515,0.2008209572633315,61
subject_595,Warmup,Sagittal,UTR,-0.10056091945864083,0.44063863967601535,61
subject_595,Warmup,Frontal,MTL,-0.1926306805168378,0.13692555951699872,61
subject_595,Warmup,Frontal,MTR,0.21034384654137459,0.1037133144398311,61
subject_595,Warmup,Frontal,SCML,-0.028783894789872314,0.8257121505093383,61
subject_595,Warmup,Frontal,SCMR,0.18820238901070363,0.14635880422543093,61
subject_595,Warmup,Frontal,STL,-0.015499020271469707,0.9056287068094857,61
subject_595,Warmup,Frontal,STR,-0.028783894789872314,0.8257121505093383,61
subject_595,Warmup,Frontal,UTL,-0.13284874518402606,0.30742066085468034,61
subject_595,Warmup,Frontal,UTR,0.14613361970242866,0.2611090728988504,61
subject_595,Warmup,Horizontal,MTL,0.1145962687670688,0.3791782761641252,61
subject_595,Warmup,Horizontal,MTR,0.21621937503220529,0.0941987379874304,61
subject_595,Warmup,Horizontal,SCML,0.22054376253284938,0.08764238600499542,61
subject_595,Warmup,Horizontal,SCMR,0.2767608000412227,0.030832895275657395,61
subject_595,Warmup,Horizontal,STL,0.18162427502705245,0.16125401956942437,61
subject_595,Warmup,Horizontal,STR,-0.13621820627028933,0.29520230351874205,61
subject_595,Warmup,Horizontal,UTL,0.1318938187696452,0.3109418926993337,61
subject_595,Warmup,Horizontal,UTR,0.04324387500644105,0.7407101320992028,61
subject_596,Cooldown,Sagittal,MTL,-0.003987336581822536,0.9756699372007531,61
subject_596,Cooldown,Sagittal,MTR,-0.29902348298848996,0.019233629892684973,61
subject_596,Cooldown,Sagittal,SCML,0.8389998423711417,3.1224923463227164e-17,61
subject_596,Cooldown,Sagittal,SCMR,0.2987826371546886,0.019335695042993036,61
subject_596,Cooldown,Sagittal,STL,0.2833417431432013,0.02691487158619775,61
subject_596,Cooldown,Sagittal,STR,0.06722274827877993,0.6067293596661466,61
subject_596,Cooldown,Sagittal,UTL,0.1639357308741265,0.20678624931728298,61
subject_596,Cooldown,Sagittal,UTR,-0.4948311458689967,5.038507757084422e-05,61
subject_596,Cooldown,Frontal,MTL,0.10054145238650715,0.44072756951414266,61
subject_596,Cooldown,Frontal,MTR,-0.1992669324391984,0.12365468437756608,61
subject_596,Cooldown,Frontal,SCML,0.7090651339609202,1.6053031520180686e-10,61
subject_596,Cooldown,Frontal,SCMR,0.053989145733924285,0.6794257127289964,61
subject_596,Cooldown,Frontal,STL,0.10022437785203137,0.44217744579373525,61
subject_596,Cooldown,Frontal,STR,-0.073849541575181,0.5716492608401298,61
subject_596,Cooldown,Frontal,UTL,0.062117783799576526,0.6343748357432687,61
subject_596,Cooldown,Frontal,UTR,-0.2950522668085686,0.020976388417639758,61
subject_596,Cooldown,Horizontal,MTL,0.03377044430519936,0.7961192509860615,61
subject_596,Cooldown,Horizontal,MTR,-0.2174864177260903,0.09223925814749187,61
subject_596,Cooldown,Horizontal,SCML,-0.07301074930771975,0.5760371992443772,61
subject_596,Cooldown,Horizontal,SCMR,0.11248887434055843,0.3880634237389691,61
subject_596,Cooldown,Horizontal,STL,-0.08490175082363502,0.5153293359166586,61
subject_596,Cooldown,Horizontal,STR,0.0618332078827594,0.6359311287635132,61
subject_596,Cooldown,Horizontal,UTL,-0.08823123124809129,0.4989312485838825,61
subject_596,Cooldown,Horizontal,UTR,-0.016290672076803916,0.9008321234339083,61
subject_596,Second_threshold,Sagittal,MTL,0.3560227945860558,0.005649462786352093,59
subject_596,Second_threshold,Sagittal,MTR,0.061563534174176204,0.6432206503791267,59
subject_596,Second_threshold,Sagittal,SCML,0.5824206514828423,1.3039271123065285e-06,59
subject_596,Second_threshold,Sagittal,SCMR,0.48410637722236344,0.00010242753672892327,59
subject_596,Second_threshold,Sagittal,STL,-0.22627696630439725,0.08483279479297555,59
subject_596,Second_threshold,Sagittal,STR,0.2917089994350264,0.024979553325578472,59
subject_596,Second_threshold,Sagittal,UTL,0.13122673803842566,0.3218332946908543,59
subject_596,Second_threshold,Sagittal,UTR,0.08906614394270852,0.5023304819683205,59
subject_596,Second_threshold,Frontal,MTL,0.3755001716796058,0.003382828293783219,59
subject_596,Second_threshold,Frontal,MTR,0.0677131457127158,0.6103516189743774,59
subject_596,Second_threshold,Frontal,SCML,0.0892582375303981,0.5014054434396288,59
subject_596,Second_threshold,Frontal,SCMR,0.1692828642817895,0.19993427842605646,59
subject_596,Second_threshold,Frontal,STL,-0.12311481038675601,0.35290469043057077,59
subject_596,Second_threshold,Frontal,STR,0.1877500858398029,0.1544528434289075,59
subject_596,Second_threshold,Frontal,UTL,-0.0892582375303981,0.5014054434396288,59
subject_596,Second_threshold,Frontal,UTR,-0.2677747125911943,0.04032365608790302,59
subject_596,Second_threshold,Horizontal,MTL,,,59
subject_596,Second_threshold,Horizontal,MTR,,,59
subject_596,Second_threshold,Horizontal,SCML,,,59
subject_596,Second_threshold,Horizontal,SCMR,,,59
subject_596,Second_threshold,Horizontal,STL,,,59
subject_596,Second_threshold,Horizontal,STR,,,59
subject_596,Second_threshold,Horizontal,UTL,,,59
subject_596,Second_threshold,Horizontal,UTR,,,59
subject_596,Vo2max,Sagittal,MTL,0.04577105730806887,0.7329735884803273,58
subject_596,Vo2max,Sagittal,MTR,-0.15930827386610458,0.23228592089304043,58
subject_596,Vo2max,Sagittal,SCML,-0.07032808873751743,0.5998656892227933,58
subject_596,Vo2max,Sagittal,SCMR,0.15246604755179255,0.25321919537986187,58
subject_596,Vo2max,Sagittal,STL,-0.2524437836513287,0.05590269822153924,58
subject_596,Vo2max,Sagittal,STR,0.12319131670014716,0.3568992914125295,58
subject_596,Vo2max,Sagittal,UTL,0.6695071583990497,9.127960341622588e-09,58
subject_596,Vo2max,Sagittal,UTR,0.6600092734695939,1.7430173237748083e-08,58
subject_596,Vo2max,Frontal,MTL,0.3198239818906228,0.013538305682760448,59
subject_596,Vo2max,Frontal,MTR,-0.13642049493033645,0.3028824310170899,59
subject_596,Vo2max,Frontal,SCML,0.15725150826409734,0.23426451432010778,59
subject_596,Vo2max,Frontal,SCMR,0.06441764449407589,0.627876075455126,59
subject_596,Vo2max,Frontal,STL,-0.16596883449616037,0.20901139761285756,59
subject_596,Vo2max,Frontal,STR,-0.20785728522165783,0.1141689050655313,59
subject_596,Vo2max,Frontal,UTL,0.23344320377290767,0.07517080956469127,59
subject_596,Vo2max,Frontal,UTR,0.34597596058681174,0.007273131283758778,59
subject_596,Vo2max,Horizontal,MTL,0.23649231412468444,0.07133471938132357,59
subject_596,Vo2max,Horizontal,MTR,-0.25849159915953884,0.048068035585656116,59
subject_596,Vo2max,Horizontal,SCML,-0.17049445902012134,0.196686733494118,59
subject_596,Vo2max,Horizontal,SCMR,0.06599785510456309,0.6194467097005661,59
subject_596,Vo2max,Horizontal,STL,0.15399499524398055,0.2442168218223951,59
subject_596,Vo2max,Horizontal,STR,0.060498033845849515,0.6489877476519504,59
subject_596,Vo2max,Horizontal,UTL,0.005499821258713592,0.9670237736187947,59
subject_596,Vo2max,Horizontal,UTR,-0.06599785510456309,0.6194467097005661,59
subject_596,WanT,Sagittal,MTL,0.37841778681270827,0.03580497655632624,31
subject_596,WanT,Sagittal,MTR,0.2758444990265422,0.13308705491703404,31
subject_596,WanT,Sagittal,SCML,0.30792419261703635,0.09194555059932859,31
subject_596,WanT,Sagittal,SCMR,0.11156377516184596,0.5501703863980582,31
subject_596,WanT,Sagittal,STL,0.3751485186760974,0.03756768035621639,31
subject_596,WanT,Sagittal,STR,0.053125607219926645,0.7765360949897624,31
subject_596,WanT,Sagittal,UTL,0.39067754232499907,0.0297801187644469,31
subject_596,WanT,Sagittal,UTR,0.3426601665685269,0.05915623194506943,31
subject_596,WanT,Frontal,MTL,0.3317522024184976,0.06826734535223355,31
subject_596,WanT,Frontal,MTR,0.2854611974298701,0.11955162796093484,31
subject_596,WanT,Frontal,SCML,-0.030860669992418384,0.8690991006131836,31
subject_596,WanT,Frontal,SCMR,-0.07715167498104597,0.6799541856827437,31
subject_596,WanT,Frontal,STL,0.11572751247156894,0.5352885024580976,31
subject_596,WanT,Frontal,STR,0.3857583749052298,0.03208989276023343,31
subject_596,WanT,Frontal,UTL,0.10801234497346435,0.563014276493778,31
subject_596,WanT,Frontal,UTR,0.04629100498862758,0.804692864116744,31
subject_596,WanT,Horizontal,MTL,-0.22458777354253612,0.22449713726615358,31
subject_596,WanT,Horizontal,MTR,-0.10332553360955823,0.5801708987607607,31
subject_596,WanT,Horizontal,SCML,0.10585183027482861,0.5708942582607125,31
subject_596,WanT,Horizontal,SCMR,0.12555694426393751,0.5009379248152558,31
subject_596,WanT,Horizontal,STL,0.10180975561039601,0.5857687931884648,31
subject_596,WanT,Horizontal,STR,-0.2142299572149276,0.24716515993391497,31
subject_596,WanT,Horizontal,UTL,0.0346102643142041,0.8533561085167649,31
subject_596,WanT,Horizontal,UTR,-0.03359974564809596,0.8575936722341794,31
subject_596,Warmup,Sagittal,MTL,-0.08229133087095909,0.52837392390297,61
subject_596,Warmup,Sagittal,MTR,-0.15108324690202202,0.24512479611817248,61
subject_596,Warmup,Sagittal,SCML,-0.16857738654147933,0.19404336279089782,61
subject_596,Warmup,Sagittal,SCMR,-0.35478666185343527,0.005023215434290686,61
subject_596,Warmup,Sagittal,STL,0.18430833730388899,0.1550470843338386,61
subject_596,Warmup,Sagittal,STR,0.06959086099097513,0.5940858354145105,61
subject_596,Warmup,Sagittal,UTL,-0.09485405161992373,0.46713439099032206,61
subject_596,Warmup,Sagittal,UTR,-0.07972919703399921,0.541334581327094,61
subject_596,Warmup,Frontal,MTL,0.2881507447094055,0.024324249326646893,61
subject_596,Warmup,Frontal,MTR,0.048932907218417185,0.708035138931257,61
subject_596,Warmup,Frontal,SCML,-0.031340362004176725,0.8105077660568989,61
subject_596,Warmup,Frontal,SCMR,-0.10022507960629379,0.4421742339718348,61
subject_596,Warmup,Frontal,STL,0.5079701796959499,2.9283773143396652e-05,61
subject_596,Warmup,Frontal,STR,0.36422976474184937,0.00390528260956823,61
subject_596,Warmup,Frontal,UTL,0.17519728388022582,0.17685619657409538,61
subject_596,Warmup,Frontal,UTR,0.12626437666180865,0.33222459820885775,61
subject_596,Warmup,Horizontal,MTL,0.019684263806371245,0.8803125416347357,61
subject_596,Warmup,Horizontal,MTR,-0.1216219950133462,0.35044875884566745,61
subject_596,Warmup,Horizontal,SCML,-0.1822418831626759,0.15980984963438274,61
subject_596,Warmup,Horizontal,SCMR,0.20509856230094772,0.11282111438627779,61
subject_596,Warmup,Horizontal,STL,-0.2261588134801915,0.07967061503825049,61
subject_596,Warmup,Horizontal,STR,0.27393615281604405,0.032655223560270175,61
subject_596,Warmup,Horizontal,UTL,0.020869141821900382,0.8731657979821648,61
subject_596,Warmup,Horizontal,UTR,0.011734114540885379,0.9284831392602114,61
subject_597,Cooldown,Sagittal,MTL,-0.05175331441765053,0.6920240369799743,61
subject_597,Cooldown,Sagittal,MTR,0.024345100040006475,0.852260282752107,61
subject_597,Cooldown,Sagittal,SCML,-0.2953641294788094,0.02083484098599904,61
subject_597,Cooldown,Sagittal,SCMR,-0.3208545679233238,0.011697009779623893,61
subject_597,Cooldown,Sagittal,STL,-0.3717022659281076,0.003182933086299556,61
subject_597,Cooldown,Sagittal,STR,-0.11890210785403602,0.361407342218882,61
subject_597,Cooldown,Sagittal,UTL,0.11573245040900235,0.3744389591683388,61
subject_597,Cooldown,Sagittal,UTR,0.19766409999659526,0.12676660489970434,61
subject_597,Cooldown,Frontal,MTL,0.26491680107454674,0.1184175131722695,36
subject_597,Cooldown,Frontal,MTR,-0.2267666474454831,0.18352330267492908,36
subject_597,Cooldown,Frontal,SCML,0.19555288538534016,0.25304430468248973,36
subject_597,Cooldown,Frontal,SCMR,0.27051927118790575,0.11054509669004671,36
subject_597,Cooldown,Frontal,STL,-0.0697640921258751,0.6859882889435289,36
subject_597,Cooldown,Frontal,STR,-0.057758799025820116,0.7379254433918688,36
subject_597,Cooldown,Frontal,UTL,0.007736744442257659,0.9642804267631819,36
subject_597,Cooldown,Frontal,UTR,-0.17781173002637,0.29949574730952366,36
subject_597,Cooldown,Horizontal,MTL,0.09866915762173716,0.4735627480203079,55
subject_597,Cooldown,Horizontal,MTR,0.01744694027587844,0.8993934594603581,55
subject_597,Cooldown,Horizontal,SCML,0.30416727262500687,0.02396188249036064,55
subject_597,Cooldown,Horizontal,SCMR,0.022600498018907147,0.8699036844139465,55
subject_597,Cooldown,Horizontal,STL,0.2850024797681189,0.03494076923958679,55
subject_597,Cooldown,Horizontal,STR,0.15573407304714879,0.25622009801201917,55
subject_597,Cooldown,Horizontal,UTL,0.28672033234912847,0.03381115439168437,55
subject_597,Cooldown,Horizontal,UTR,0.08889887106724521,0.5186496651483329,55
subject_597,Second_threshold,Sagittal,MTL,0.09545157132501658,0.472057910315529,59
subject_597,Second_threshold,Sagittal,MTR,0.3188758245592368,0.013833539056158596,59
subject_597,Second_threshold,Sagittal,SCML,0.41996881302640826,0.0009284032452276269,59
subject_597,Second_threshold,Sagittal,SCMR,0.6999882457188241,6.851658047726975e-10,59
subject_597,Second_threshold,Sagittal,STL,-0.3911885351995859,0.0021870847469723,59
subject_597,Second_threshold,Sagittal,STR,0.2591130044597242,0.047514216869184375,59
subject_597,Second_threshold,Sagittal,UTL,0.13738509981483107,0.2994440344242464,59
subject_597,Second_threshold,Sagittal,UTR,-0.1819734128421302,0.16776970417912362,59
subject_597,Second_threshold,Frontal,MTL,0.04144888045220021,0.7552708916076666,59
subject_597,Second_threshold,Frontal,MTR,0.17576235123359196,0.1830038549998855,59
subject_597,Second_threshold,Frontal,SCML,0.46715782827875757,0.00019141522571164798,59
subject_597,Second_threshold,Frontal,SCMR,0.686249030784196,1.984444243424315e-09,59
subject_597,Second_threshold,Frontal,STL,-0.15138241219151308,0.25240727926990103,59
subject_597,Second_threshold,Frontal,STR,0.507025145977922,4.1668248225486865e-05,59
subject_597,Second_threshold,Frontal,UTL,-0.008415107478416457,0.9495628419074488,59
subject_597,Second_threshold,Frontal,UTR,-0.18745994744472408,0.1551024607892809,59
subject_597,Second_threshold,Horizontal,MTL,-0.02381826117826835,0.857888680150947,59
subject_597,Second_threshold,Horizontal,MTR,-0.1633906542915826,0.21627122875808785,59
subject_597,Second_threshold,Horizontal,SCML,-0.3640137003700737,0.004594685442519943,59
subject_597,Second_threshold,Horizontal,SCMR,-0.6941321829095347,1.0858518197390476e-09,59
subject_597,Second_threshold,Horizontal,STL,0.24701630754934895,0.05927947511412094,59
subject_597,Second_threshold,Horizontal,STR,-0.3780167440298248,0.0031587094886001755,59
subject_597,Second_threshold,Horizontal,UTL,0.027024565567650625,0.8389980281563875,59
subject_597,Second_threshold,Horizontal,UTR,0.2750223948688512,0.035019989785284804,59
subject_597,Vo2max,Sagittal,MTL,0.5340937160364178,1.3210374239580193e-05,59
subject_597,Vo2max,Sagittal,MTR,0.3351602621650188,0.009463053264730516,59
subject_597,Vo2max,Sagittal,SCML,0.4907221092544111,7.952442639721478e-05,59
subject_597,Vo2max,Sagittal,SCMR,0.6898906395853333,1.505540006337267e-09,59
subject_597,Vo2max,Sagittal,STL,-0.035672852732626055,0.7885214953390893,59
subject_597,Vo2max,Sagittal,STR,-0.34826577478342996,0.0068709773335743985,59
subject_597,Vo2max,Sagittal,UTL,0.5234271216855584,2.101856927105803e-05,59
subject_597,Vo2max,Sagittal,UTR,0.3278435073623632,0.011250681655087432,59
subject_597,Vo2max,Frontal,MTL,0.5529585958856508,5.584493058938943e-06,59
subject_597,Vo2max,Frontal,MTR,0.3542663500122206,0.0059079566951387805,59
subject_597,Vo2max,Frontal,SCML,0.5700374693202918,2.4447355726203173e-06,59
subject_597,Vo2max,Frontal,SCMR,0.811877925367507,6.124710824759528e-15,59
subject_597,Vo2max,Frontal,STL,0.00033075283060044364,0.9980163003316558,59
subject_597,Vo2max,Frontal,STR,-0.35913743715379076,0.005215424408723883,59
subject_597,Vo2max,Frontal,UTL,0.5671208307231789,2.8243718657727002e-06,59
subject_597,Vo2max,Frontal,UTR,0.31656052732377005,0.014577813694577967,59
subject_597,Vo2max,Horizontal,MTL,-0.5581050396325851,4.374921087132076e-06,59
subject_597,Vo2max,Horizontal,MTR,-0.39234300605538125,0.002116227058791771,59
subject_597,Vo2max,Horizontal,SCML,-0.5446868027278039,8.198424600405362e-06,59
subject_597,Vo2max,Horizontal,SCMR,-0.7534808100066201,5.73469403162448e-12,59
subject_597,Vo2max,Horizontal,STL,0.10023110915850508,0.4500556995751417,59
subject_597,Vo2max,Horizontal,STR,0.3601704426860105,0.005078093017949741,59
subject_597,Vo2max,Horizontal,UTL,-0.5180687653329705,2.6386681855630963e-05,59
subject_597,Vo2max,Horizontal,UTR,-0.30718400951317687,0.017953697838182573,59
subject_597,Warmup,Sagittal,MTL,0.3041276121964047,0.01918914708944898,59
subject_597,Warmup,Sagittal,MTR,0.3021303562357119,0.02003495210608024,59
subject_597,Warmup,Sagittal,SCML,0.1811148018900977,0.1698185691116918,59
subject_597,Warmup,Sagittal,SCMR,0.1986664451810345,0.13144811528567327,59
subject_597,Warmup,Sagittal,STL,-0.33142344365920634,0.010342561387475713,59
subject_597,Warmup,Sagittal,STR,0.24457307082301918,0.06192003029060997,59
subject_597,Warmup,Sagittal,UTL,0.20323592472746804,0.12262586242519952,59
subject_597,Warmup,Sagittal,UTR,0.21990998585385801,0.09421409845066993,59
subject_597,Warmup,Frontal,MTL,0.5561340950311315,4.805951417861098e-06,59
subject_597,Warmup,Frontal,MTR,0.16881869332768257,0.20118847912744617,59
subject_597,Warmup,Frontal,SCML,0.513504360898395,3.193205339823203e-05,59
subject_597,Warmup,Frontal,SCMR,0.3084241170720178,0.01747212459627817,59
subject_597,Warmup,Frontal,STL,0.23543731338282922,0.0726439416456183,59
subject_597,Warmup,Frontal,STR,0.5134425338728217,3.201406748406615e-05,59
subject_597,Warmup,Frontal,UTL,-0.05412956088935583,0.6838759469023238,59
subject_597,Warmup,Frontal,UTR,-0.2873411013515491,0.027338593082955123,59
subject_597,Warmup,Horizontal,MTL,-0.3969961527445705,0.001850950528674812,59
subject_597,Warmup,Horizontal,MTR,-0.30572969757111995,0.018532827865715473,59
subject_597,Warmup,Horizontal,SCML,-0.46111536204489845,0.0002373663364779142,59
subject_597,Warmup,Horizontal,SCMR,-0.40152069372342436,0.0016219316966317992,59
subject_597,Warmup,Horizontal,STL,-0.20261325411971898,0.12380081829101916,59
subject_597,Warmup,Horizontal,STR,-0.4119917742744859,0.0011862824220855814,59
subject_597,Warmup,Horizontal,UTL,0.03735978122539267,0.7787686626028444,59
subject_597,Warmup,Horizontal,UTR,0.2654397374260887,0.04216732985397486,59
subject_598,Cooldown,Sagittal,MTL,-0.35305811197611126,0.005255900351898835,61
subject_598,Cooldown,Sagittal,MTR,-0.3337502464774177,0.008574149765391966,61
subject_598,Cooldown,Sagittal,SCML,-0.20962825398581608,0.10492119392186885,61
subject_598,Cooldown,Sagittal,SCMR,-0.4854549039671531,7.32296692625127e-05,61
subject_598,Cooldown,Sagittal,STL,0.05516532999626739,0.6728328073145787,61
subject_598,Cooldown,Sagittal,STR,-0.2785849164811503,0.029701877219290976,61
subject_598,Cooldown,Sagittal,UTL,-0.18480385548749573,0.15392078751952923,61
subject_598,Cooldown,Sagittal,UTR,-0.33650851297723106,0.00800968227315508,61
subject_598,Cooldown,Frontal,MTL,,,61
subject_598,Cooldown,Frontal,MTR,,,61
subject_598,Cooldown,Frontal,SCML,,,61
subject_598,Cooldown,Frontal,SCMR,,,61
subject_598,Cooldown,Frontal,STL,,,61
subject_598,Cooldown,Frontal,STR,,,61
subject_598,Cooldown,Frontal,UTL,,,61
subject_598,Cooldown,Frontal,UTR,,,61
subject_598,Cooldown,Horizontal,MTL,0.22535284700627325,0.08077820434233318,61
subject_598,Cooldown,Horizontal,MTR,0.47864199736043156,9.544498597613334e-05,61
subject_598,Cooldown,Horizontal,SCML,0.26073883124692776,0.04240130126878693,61
subject_598,Cooldown,Horizontal,SCMR,0.2700509323628894,0.03530782857872835,61
subject_598,Cooldown,Horizontal,STL,0.3817961457544299,0.0023961976361045727,61
subject_598,Cooldown,Horizontal,STR,0.39110824687039164,0.0018293683984974911,61
subject_598,Cooldown,Horizontal,UTL,0.29426239526438985,0.021338550214958174,61
subject_598,Cooldown,Horizontal,UTR,0.23466494812223496,0.06870014717653469,61
subject_598,Second_threshold,Sagittal,MTL,-0.20012767316972174,0.1285763573393763,59
subject_598,Second_threshold,Sagittal,MTR,-0.43241872238457735,0.0006256289370811412,59
subject_598,Second_threshold,Sagittal,SCML,-0.3466497195975537,0.007152719503542021,59
subject_598,Second_threshold,Sagittal,SCMR,-0.19655396472026243,0.13568498536376036,59
subject_598,Second_threshold,Sagittal,STL,-0.2537332999116115,0.05248602760313662,59
subject_598,Second_threshold,Sagittal,STR,-0.053605626741889754,0.6867769178706381,59
subject_598,Second_threshold,Sagittal,UTL,-0.19655396472026243,0.13568498536376036,59
subject_598,Second_threshold,Sagittal,UTR,-0.22514363231593698,0.08644657515449301,59
subject_598,Second_threshold,Frontal,MTL,,,59
subject_598,Second_threshold,Frontal,MTR,,,59
subject_598,Second_threshold,Frontal,SCML,,,59
subject_598,Second_threshold,Frontal,SCMR,,,59
subject_598,Second_threshold,Frontal,STL,,,59
subject_598,Second_threshold,Frontal,STR,,,59
subject_598,Second_threshold,Frontal,UTL,,,59
subject_598,Second_threshold,Frontal,UTR,,,59
subject_598,Second_threshold,Horizontal,MTL,,,59
subject_598,Second_threshold,Horizontal,MTR,,,59
subject_598,Second_threshold,Horizontal,SCML,,,59
subject_598,Second_threshold,Horizontal,SCMR,,,59
subject_598,Second_threshold,Horizontal,STL,,,59
subject_598,Second_threshold,Horizontal,STR,,,59
subject_598,Second_threshold,Horizontal,UTL,,,59
subject_598,Second_threshold,Horizontal,UTR,,,59
subject_598,Vo2max,Sagittal,MTL,0.7294702738911241,5.642688728865888e-11,59
subject_598,Vo2max,Sagittal,MTR,0.5791919916799699,1.5399585786444677e-06,59
subject_598,Vo2max,Sagittal,SCML,0.5675204672977119,2.7692842010902193e-06,59
subject_598,Vo2max,Sagittal,SCMR,0.8335068059482054,2.578470546340987e-16,59
subject_598,Vo2max,Sagittal,STL,0.468460625840172,0.000182642270650071,59
subject_598,Vo2max,Sagittal,STR,0.11241988586464227,0.3965885630278075,59
subject_598,Vo2max,Sagittal,UTL,0.4211524419861974,0.0008947854064754807,59
subject_598,Vo2max,Sagittal,UTR,0.4674534384569315,0.00018939147202695644,59
subject_598,Vo2max,Frontal,MTL,0.5653357704918706,3.0831546997908625e-06,59
subject_598,Vo2max,Frontal,MTR,0.3808999872108348,0.0029182081904420287,59
subject_598,Vo2max,Frontal,SCML,0.4069615652831551,0.0013803543417602027,59
subject_598,Vo2max,Frontal,SCMR,0.723709975700586,9.423448319394145e-11,59
subject_598,Vo2max,Frontal,STL,0.4450515640042385,0.0004126447995095167,59
subject_598,Vo2max,Frontal,STR,0.04410420904546508,0.7401279300432811,59
subject_598,Vo2max,Frontal,UTL,0.20849262457856219,0.11304208813596685,59
subject_598,Vo2max,Frontal,UTR,0.3047199897686678,0.018944202782176407,59
subject_598,Vo2max,Horizontal,MTL,-0.1533038771455573,0.24636558822636895,59
subject_598,Vo2max,Horizontal,MTR,-0.187920881662296,0.15407137511769864,59
subject_598,Vo2max,Horizontal,SCML,-0.32638889972925095,0.01163890296756315,59
subject_598,Vo2max,Horizontal,SCMR,-0.014835859078602315,0.9112006270356223,59
subject_598,Vo2max,Horizontal,STL,0.08406986811207978,0.5266954202897699,59
subject_598,Vo2max,Horizontal,STR,0.14835859078602318,0.26211721750931233,59
subject_598,Vo2max,Horizontal,UTL,-0.1261048021681197,0.34124361133329806,59
subject_598,Vo2max,Horizontal,UTR,-0.21264731345996654,0.10588255244024085,59
subject_598,WanT,Sagittal,MTL,-0.03643491652274328,0.8457147335735504,31
subject_598,WanT,Sagittal,MTR,0.14013429431824337,0.45211511183815756,31
subject_598,WanT,Sagittal,SCML,-0.2214121850228245,0.2312917183512892,31
subject_598,WanT,Sagittal,SCMR,-0.18964841164402269,0.3068582120842366,31
subject_598,WanT,Sagittal,STL,-0.09902823465155865,0.5961024293393445,31
subject_598,WanT,Sagittal,STR,0.15227926649249116,0.41347213368106217,31
subject_598,WanT,Sagittal,UTL,0.07847520481821628,0.6747599570187938,31
subject_598,WanT,Sagittal,UTR,0.06446177538639195,0.7304571019844931,31
subject_598,WanT,Frontal,MTL,-0.15858376185413667,0.3941677375660519,31
subject_598,WanT,Frontal,MTR,-0.07319250547113999,0.695577337550659,31
subject_598,WanT,Frontal,SCML,-0.2805712709727033,0.12630037350323786,31
subject_598,WanT,Frontal,SCMR,0.0,1.0,31
subject_598,WanT,Frontal,STL,-0.23177626732527667,0.20961923565649737,31
subject_598,WanT,Frontal,STR,-0.13418626003042333,0.47172204314294547,31
subject_598,WanT,Frontal,UTL,-0.08539125638299666,0.6478605083297795,31
subject_598,WanT,Frontal,UTR,-0.06099375455928334,0.744464493988333,31
subject_598,WanT,Horizontal,MTL,-0.06390096504226939,0.7327165940975372,31
subject_598,WanT,Horizontal,MTR,-0.1460593486680443,0.4330262836193187,31
subject_598,WanT,Horizontal,SCML,0.118673220792786,0.5248775321541155,31
subject_598,WanT,Horizontal,SCMR,0.18257418583505539,0.32558198801619337,31
subject_598,WanT,Horizontal,STL,0.045643546458763846,0.8073733043488818,31
subject_598,WanT,Horizontal,STR,-0.31037611591959413,0.08925435477548621,31
subject_598,WanT,Horizontal,UTL,-0.05477225575051661,0.769792265723477,31
subject_598,WanT,Horizontal,UTR,-0.13693063937629155,0.4626208728077911,31
subject_598,Warmup,Sagittal,MTL,-0.35978744365012927,0.004400339258116917,61
subject_598,Warmup,Sagittal,MTR,-0.21723015465668177,0.09263297335614544,61
subject_598,Warmup,Sagittal,SCML,0.4276718669803423,0.0005862939204313986,61
subject_598,Warmup,Sagittal,SCMR,0.4276718669803423,0.0005862939204313986,61
subject_598,Warmup,Sagittal,STL,0.35299900131710793,0.005264022406024317,61
subject_598,Warmup,Sagittal,STR,0.4140949823142997,0.0009080837840871941,61
subject_598,Warmup,Sagittal,UTL,0.2613550298213203,0.04189818434265649,61
subject_598,Warmup,Sagittal,UTR,-0.31566256848549074,0.01320778436491331,61
subject_598,Warmup,Frontal,MTL,-0.5921877457309789,4.980702984453574e-07,61
subject_598,Warmup,Frontal,MTR,-0.5263604493728654,1.3183346203332489e-05,61
subject_598,Warmup,Frontal,SCML,0.14856277941683096,0.25317873856893053,61
subject_598,Warmup,Frontal,SCMR,0.5025170403306579,3.678023294439542e-05,61
subject_598,Warmup,Frontal,STL,0.49472207968224396,5.0607879491901675e-05,61
subject_598,Warmup,Frontal,STR,0.5893506093185048,5.823399556950258e-07,61
subject_598,Warmup,Frontal,UTL,0.39983562855394006,0.0014103948954797068,61
subject_598,Warmup,Frontal,UTR,-0.5362187819576243,8.428684877527696e-06,61
subject_598,Warmup,Horizontal,MTL,-0.7070556215223213,1.904711187231816e-10,61
subject_598,Warmup,Horizontal,MTR,-0.594841062926567,4.2974649755062133e-07,61
subject_598,Warmup,Horizontal,SCML,0.11997476678568042,0.35706078305674227,61
subject_598,Warmup,Horizontal,SCMR,0.5660081555096024,1.995144013682732e-06,61
subject_598,Warmup,Horizontal,STL,0.7082245231743601,1.7246537715364915e-10,61
subject_598,Warmup,Horizontal,STR,0.7342650544225647,1.6522299430658145e-11,61
subject_598,Warmup,Horizontal,UTL,0.29832967719264725,0.019528898809948222,61
subject_598,Warmup,Horizontal,UTR,-0.7511167199061285,3.1138249201379194e-12,61
subject_600,Cooldown,Sagittal,MTL,0.4374303333480678,0.0004232270311557459,61
subject_600,Cooldown,Sagittal,MTR,0.05975554487903201,0.6473406238443045,61
subject_600,Cooldown,Sagittal,SCML,0.37951215492470125,0.0025571841368433115,61
subject_600,Cooldown,Sagittal,SCMR,0.349209320096188,0.005808351133673066,61
subject_600,Cooldown,Sagittal,STL,-0.47464385992027813,0.00011121399511084965,61
subject_600,Cooldown,Sagittal,UTL,0.5459994945119446,5.331994991858144e-06,61
subject_600,Cooldown,Sagittal,UTR,0.33415388451170497,0.0084894422683299,61
subject_600,Cooldown,Frontal,MTL,-0.26629814624528403,0.03803773217481465,61
subject_600,Cooldown,Frontal,MTR,-0.021364132238719524,0.8701831499629405,61
subject_600,Cooldown,Frontal,SCML,-0.141068281200065,0.27817905905392354,61
subject_600,Cooldown,Frontal,SCMR,-0.1956458085097676,0.13076918843811303,61
subject_600,Cooldown,Frontal,STL,0.3158227460130488,0.013158777753508502,61
subject_600,Cooldown,Frontal,UTL,-0.35677805345822894,0.004766436658363685,61
subject_600,Cooldown,Frontal,UTR,-0.19552761137428368,0.13100651803338484,61
subject_600,Cooldown,Horizontal,MTL,0.07023212455599,0.5906823969595637,61
subject_600,Cooldown,Horizontal,MTR,-0.22280536066038206,0.08435932371910095,61
subject_600,Cooldown,Horizontal,SCML,-0.3245208513966434,0.010722347330541228,61
subject_600,Cooldown,Horizontal,SCMR,-0.20343098147252275,0.11584174878648194,61
subject_600,Cooldown,Horizontal,STL,0.1961655892770755,0.12972936839397742,61
subject_600,Cooldown,Horizontal,UTL,-0.2663977138330655,0.037963108794468584,61
subject_600,Cooldown,Horizontal,UTR,-0.23975794244975895,0.06273344321061004,61
subject_600,Second_threshold,Sagittal,MTL,0.10210363723619235,0.44159251074966904,59
subject_600,Second_threshold,Sagittal,MTR,0.1385621067273596,0.29528298811873704,59
subject_600,Second_threshold,Sagittal,SCML,-0.07072544628067959,0.5945207881514081,59
subject_600,Second_threshold,Sagittal,SCMR,0.2587953654045149,0.04779665222891151,59
subject_600,Second_threshold,Sagittal,STL,-0.1896637319977661,0.15021852452019221,59
subject_600,Second_threshold,Sagittal,UTL,0.05110162527040652,0.700702783907236,59
subject_600,Second_threshold,Sagittal,UTR,0.019324981096411044,0.8844933477500384,59
subject_600,Second_threshold,Frontal,MTL,-0.18505390158618948,0.16056757089996215,59
subject_600,Second_threshold,Frontal,MTR,0.13107984695688424,0.32237999002108503,59
subject_600,Second_threshold,Frontal,SCML,-0.1927644808189474,0.14354134891029421,59
subject_600,Second_threshold,Frontal,SCMR,-0.030842316931031587,0.8166229648074541,59
subject_600,Second_threshold,Frontal,STL,0.023131737698273685,0.8619441797437062,59
subject_600,Second_threshold,Frontal,UTL,-0.023131737698273685,0.8619441797437062,59
subject_600,Second_threshold,Frontal,UTR,-0.038552896163789485,0.7718910908977685,59
subject_600,Second_threshold,Horizontal,MTL,-0.0996710517402531,0.45260423718184156,59
subject_600,Second_threshold,Horizontal,MTR,-0.14950657761037964,0.2584017028571299,59
subject_600,Second_threshold,Horizontal,SCML,-0.07701853998110467,0.5620527491102864,59
subject_600,Second_threshold,Horizontal,SCMR,-0.07248803762927498,0.5853432524802872,59
subject_600,Second_threshold,Horizontal,STL,-0.1404455729067203,0.28870321580108554,59
subject_600,Second_threshold,Horizontal,UTL,-0.0996710517402531,0.45260423718184156,59
subject_600,Second_threshold,Horizontal,UTR,0.018122009407318746,0.8916389553284351,59
subject_600,Vo2max,Sagittal,MTL,-0.07440582273127315,0.5754310711176089,59
subject_600,Vo2max,Sagittal,MTR,-0.16016547010563814,0.2255993066788019,59
subject_600,Vo2max,Sagittal,SCML,0.3090090083340358,0.0172488456473882,59
subject_600,Vo2max,Sagittal,SCMR,0.45128263679704883,0.00033405731108798097,59
subject_600,Vo2max,Sagittal,STL,-0.24764732683597768,0.05861248513750743,59
subject_600,Vo2max,Sagittal,UTL,-0.10515044901200495,0.42801346878281166,59
subject_600,Vo2max,Sagittal,UTR,0.03310469095373404,0.8034307827624104,59
subject_600,Vo2max,Frontal,MTL,-0.034883041394277746,0.7930989360401742,59
subject_600,Vo2max,Frontal,MTR,-0.013934512514068055,0.9165757958800207,59
subject_600,Vo2max,Frontal,SCML,-0.31759466105889333,0.014241239969064784,59
subject_600,Vo2max,Frontal,SCMR,-0.13864372350406637,0.2949958547436328,59
subject_600,Vo2max,Frontal,STL,0.185918193811861,0.15858834260859336,59
subject_600,Vo2max,Frontal,UTL,-0.052605122746062286,0.6923290716242096,59
subject_600,Vo2max,Frontal,UTR,-0.07383421228091765,0.5783773856196117,59
subject_600,Vo2max,Horizontal,MTL,-0.19021969995017765,0.14900464190223003,59
subject_600,Vo2max,Horizontal,MTR,-0.019454287494904528,0.8837258062979986,59
subject_600,Vo2max,Horizontal,SCML,-0.2831679624258326,0.029764480122184623,59
subject_600,Vo2max,Horizontal,SCMR,-0.12753366246659636,0.33575681777208854,59
subject_600,Vo2max,Horizontal,STL,0.09294826247565498,0.4838077607886825,59
subject_600,Vo2max,Horizontal,UTL,-0.06917079998188277,0.6026682944049387,59
subject_600,Vo2max,Horizontal,UTR,-0.2572289124326265,0.049209652683785486,59
subject_600,WanT,Sagittal,MTL,0.1080760874619192,0.5627825474192996,31
subject_600,WanT,Sagittal,MTR,0.5980614952246652,0.000380412626398407,31
subject_600,WanT,Sagittal,SCML,0.3120848817720588,0.08741465935523134,31
subject_600,WanT,Sagittal,SCMR,0.5596074566146191,0.0010634692030297799,31
subject_600,WanT,Sagittal,STL,0.12406487193662259,0.5060799500091235,31
subject_600,WanT,Sagittal,UTL,0.10888564616949911,0.5598432824311582,31
subject_600,WanT,Sagittal,UTR,0.17122166665315286,0.35706485540096544,31
subject_600,WanT,Frontal,MTL,-0.06934512116002504,0.710877630436524,31
subject_600,WanT,Frontal,MTR,-0.32721405079692434,0.07236511239277722,31
subject_600,WanT,Frontal,SCML,-0.33565147998749767,0.06489278441008121,31
subject_600,WanT,Frontal,SCMR,-0.33486047100088145,0.06556658932164994,31
subject_600,WanT,Frontal,STL,-0.15899280630986734,0.3929333731993286,31
subject_600,WanT,Frontal,UTL,-0.18957848712569583,0.3070399098493342,31
subject_600,WanT,Frontal,UTR,-0.2515408577439692,0.17224267420442832,31
subject_600,WanT,Horizontal,MTL,-0.5002322809150082,0.004160322962136324,31
subject_600,WanT,Horizontal,MTR,-0.10600490163434384,0.5703343323685909,31
subject_600,WanT,Horizontal,SCML,-0.4815255335677711,0.006094564839825174,31
subject_600,WanT,Horizontal,SCMR,-0.47875416359040257,0.006437867619276043,31
subject_600,WanT,Horizontal,STL,-0.3956130642693485,0.02760053019867311,31
subject_600,WanT,Horizontal,UTL,-0.4697472111639551,0.007669608029171905,31
subject_600,WanT,Horizontal,UTR,-0.3872989543372432,0.03135139901282053,31
subject_600,Warmup,Sagittal,MTL,0.20884103974154666,0.10626250343331689,61
subject_600,Warmup,Sagittal,MTR,0.15247423484043018,0.24075582758748895,61
subject_600,Warmup,Sagittal,SCML,-0.23021755670815713,0.07427452295192594,61
subject_600,Warmup,Sagittal,SCMR,0.2082617303386575,0.1072580018978855,61
subject_600,Warmup,Sagittal,STL,-0.5553839245498496,3.389273343602749e-06,61
subject_600,Warmup,Sagittal,UTL,-0.03490339152407264,0.7894337722651067,61
subject_600,Warmup,Sagittal,UTR,-0.25663406547990336,0.04588126542116379,61
subject_600,Warmup,Frontal,MTL,-0.08993047565674238,0.49066765842061216,61
subject_600,Warmup,Frontal,MTR,-0.26215582054654146,0.04125171594342491,61
subject_600,Warmup,Frontal,SCML,0.2914862452216515,0.022653815058659148,61
subject_600,Warmup,Frontal,SCMR,0.0099384083609877,0.9394051953289219,61
subject_600,Warmup,Frontal,STL,0.4097775447377978,0.0010397015704683924,61
subject_600,Warmup,Frontal,UTL,-0.2817902370645903,0.027798658295246963,61
subject_600,Warmup,Frontal,UTR,-0.0042420035687142634,0.9741165169933502,61
subject_600,Warmup,Horizontal,MTL,-0.1270001270001905,0.3293921157219963,61
subject_600,Warmup,Horizontal,MTR,0.27940027940041906,0.029207679667607084,61
subject_600,Warmup,Horizontal,SCML,0.16298349631691111,0.2094719633543414,61
subject_600,Warmup,Horizontal,SCMR,0.06138339471675874,0.6383942688927997,61
subject_600,Warmup,Horizontal,STL,0.3661836995172159,0.003703610514197281,61
subject_600,Warmup,Horizontal,UTL,0.09313342646680636,0.4752884271015852,61
subject_600,Warmup,Horizontal,UTR,0.254000254000381,0.048235173253821415,61
subject_601,Cooldown,Sagittal,MTL,0.0348899674060752,0.78951290015428,61
subject_601,Cooldown,Sagittal,MTR,-0.22307687395633338,0.08397178754321892,61
subject_601,Cooldown,Sagittal,SCML,0.6093840660124616,1.8686664352520884e-07,61
subject_601,Cooldown,Sagittal,SCMR,0.6015577674413735,2.9403666951572373e-07,61
subject_601,Cooldown,Sagittal,STL,0.5011293906725138,3.895252270572867e-05,61
subject_601,Cooldown,Sagittal,STR,0.32290322775818614,0.011143352365104343,61
subject_601,Cooldown,Sagittal,UTL,0.17146708687566056,0.18639953830793615,61
subject_601,Cooldown,Sagittal,UTR,-0.07374781345833151,0.5721806006738317,61
subject_601,Cooldown,Frontal,MTL,0.18537793329987803,0.1713614690508573,56
subject_601,Cooldown,Frontal,MTR,0.09271005628967735,0.4967598779333017,56
subject_601,Cooldown,Frontal,SCML,0.06436558048136835,0.637431230029159,56
subject_601,Cooldown,Frontal,SCMR,-0.05761689576510431,0.6731772820617119,56
subject_601,Cooldown,Frontal,STL,0.07895961118028934,0.5629555933111655,56
subject_601,Cooldown,Frontal,STR,-0.3096802699175664,0.020201604926143767,56
subject_601,Cooldown,Frontal,UTL,0.07832692198813962,0.5660980080977325,56
subject_601,Cooldown,Frontal,UTR,0.021680149650998255,0.8739850108122396,56
subject_601,Cooldown,Horizontal,MTL,-0.24480371452496621,0.05724093130246085,61
subject_601,Cooldown,Horizontal,MTR,-0.03558866903631766,0.7853972609503306,61
subject_601,Cooldown,Horizontal,SCML,-0.18994662408732862,0.14258699304542916,61
subject_601,Cooldown,Horizontal,SCMR,-0.2983271073064104,0.01952999962885905,61
subject_601,Cooldown,Horizontal,STL,-0.04264322769144572,0.7441878816658795,61
subject_601,Cooldown,Horizontal,STR,-0.2731974356791881,0.03314636041556816,61
subject_601,Cooldown,Horizontal,UTL,-0.16787041814665424,0.19594708324037763,61
subject_601,Cooldown,Horizontal,UTR,0.06317515213547514,0.6286061128097145,61
subject_601,Second_threshold,Sagittal,MTL,-0.08915479516171328,0.501903467406327,59
subject_601,Second_threshold,Sagittal,MTR,-0.009895309147437163,0.9407057649445392,59
subject_601,Second_threshold,Sagittal,SCML,0.43966216721750223,0.0004937857597133573,59
subject_601,Second_threshold,Sagittal,SCMR,0.46857199198158334,0.00018190967239008524,59
subject_601,Second_threshold,Sagittal,STL,0.48603430224176647,9.519571659292851e-05,59
subject_601,Second_threshold,Sagittal,STR,0.16075026722846453,0.2238875001953706,59
subject_601,Second_threshold,Sagittal,UTL,-0.026161127778681913,0.8440767475947545,59
subject_601,Second_threshold,Sagittal,UTR,0.010768424660446325,0.9354845836540523,59
subject_601,Second_threshold,Frontal,MTL,,,43
subject_601,Second_threshold,Frontal,MTR,,,43
subject_601,Second_threshold,Frontal,SCML,,,43
subject_601,Second_threshold,Frontal,SCMR,,,43
subject_601,Second_threshold,Frontal,STL,,,43
subject_601,Second_threshold,Frontal,STR,,,43
subject_601,Second_threshold,Frontal,UTL,,,43
subject_601,Second_threshold,Frontal,UTR,,,43
subject_601,Second_threshold,Horizontal,MTL,-0.028365431446558773,0.8311240830586457,59
subject_601,Second_threshold,Horizontal,MTR,0.26947159874230836,0.039025981662292826,59
subject_601,Second_threshold,Horizontal,SCML,-0.14182715723279388,0.2839383712397942,59
subject_601,Second_threshold,Horizontal,SCMR,-0.09522680557059017,0.4731066048491961,59
subject_601,Second_threshold,Horizontal,STL,0.15398377070989047,0.2442516175432245,59
subject_601,Second_threshold,Horizontal,STR,0.028365431446558773,0.8311240830586457,59
subject_601,Second_threshold,Horizontal,UTL,0.06483527187784863,0.6256436556508962,59
subject_601,Second_threshold,Horizontal,UTR,0.17019258867935266,0.19749232344874793,59
subject_601,Vo2max,Sagittal,MTL,-0.7881422396884482,1.5727901339269358e-09,40
subject_601,Vo2max,Sagittal,MTR,-0.5721700569963111,0.00011461179074052977,40
subject_601,Vo2max,Sagittal,SCML,0.8125704830617807,1.929430851754576e-10,40
subject_601,Vo2max,Sagittal,SCMR,0.9146388797922165,1.5828402910789083e-16,40
subject_601,Vo2max,Sagittal,STL,-0.18680978362629846,0.24841022052969597,40
subject_601,Vo2max,Sagittal,STR,0.04573194398961083,0.7793170210578609,40
subject_601,Vo2max,Sagittal,UTL,0.829234711099403,3.840777426186272e-11,40
subject_601,Vo2max,Sagittal,UTR,-0.1635177376191675,0.31336340735043655,40
subject_601,Vo2max,Horizontal,MTL,0.02319270647309505,0.8870395647658526,40
subject_601,Vo2max,Horizontal,MTR,0.07260779729189668,0.6561471084409154,40
subject_601,Vo2max,Horizontal,SCML,-0.05401184345310874,0.7406365617995733,40
subject_601,Vo2max,Horizontal,SCMR,-0.10875498846167543,0.504132546465905,40
subject_601,Vo2max,Horizontal,STL,-0.1615131721054277,0.3194133978604541,40
subject_601,Vo2max,Horizontal,STR,0.13184322328399078,0.4173900960663211,40
subject_601,Vo2max,Horizontal,UTL,-0.1069789703984204,0.5111621576429004,40
subject_601,Vo2max,Horizontal,UTR,-0.1642294350257001,0.31123296420832736,40
subject_601,WanT,Sagittal,MTL,-0.36972568161757474,0.04064515165093174,31
subject_601,WanT,Sagittal,MTR,-0.13952798912378614,0.45409351242974355,31
subject_601,WanT,Sagittal,SCML,-0.12754831328992572,0.49411630465640904,31
subject_601,WanT,Sagittal,SCMR,-0.1954331430151348,0.29206047702293886,31
subject_601,WanT,Sagittal,STL,-0.32814915960594143,0.071505525915044,31
subject_601,WanT,Sagittal,STR,-0.3666720387579632,0.042465185711954165,31
subject_601,WanT,Sagittal,UTL,0.07187805500316256,0.7007918135401617,31
subject_601,WanT,Sagittal,UTR,-0.07469680225818853,0.6896264349497885,31
subject_601,WanT,Frontal,MTL,,,16
subject_601,WanT,Frontal,MTR,,,16
subject_601,WanT,Frontal,SCML,,,16
subject_601,WanT,Frontal,SCMR,,,16
subject_601,WanT,Frontal,STL,,,16
subject_601,WanT,Frontal,STR,,,16
subject_601,WanT,Frontal,UTL,,,16
subject_601,WanT,Frontal,UTR,,,16
subject_601,WanT,Horizontal,MTL,-0.4756680361819168,0.006839407377924441,31
subject_601,WanT,Horizontal,MTR,-0.39047376104485704,0.029873037856167364,31
subject_601,WanT,Horizontal,SCML,-0.12069188977750127,0.5178001657840174,31
subject_601,WanT,Horizontal,SCMR,-0.3478766234763272,0.055151413902055746,31
subject_601,WanT,Horizontal,STL,-0.39047376104485704,0.029873037856167364,31
subject_601,WanT,Horizontal,STR,-0.4969666049661817,0.004453864460577574,31
subject_601,WanT,Horizontal,UTL,-0.31237900883588565,0.08710094013101013,31
subject_601,WanT,Horizontal,UTR,-0.39047376104485704,0.029873037856167364,31
subject_601,Warmup,Sagittal,MTL,0.12868902977796343,0.3229480518372793,61
subject_601,Warmup,Sagittal,MTR,0.01399806045300778,0.9147320324364167,61
subject_601,Warmup,Sagittal,SCML,0.2790008431662902,0.02944891273849257,61
subject_601,Warmup,Sagittal,SCMR,0.25909507736617104,0.043767800319682686,61
subject_601,Warmup,Sagittal,STL,-0.11620427315771324,0.3724813953975326,61
subject_601,Warmup,Sagittal,STR,0.17475749068671875,0.17796254611518314,61
subject_601,Warmup,Sagittal,UTL,0.10322478259213848,0.4285644223124707,61
subject_601,Warmup,Sagittal,UTR,0.35446232082668355,0.005066171418448631,61
subject_601,Warmup,Frontal,MTL,0.4474317316212444,0.013169121443694606,30
subject_601,Warmup,Frontal,MTR,0.032313203601534266,0.8653953041512121,30
subject_601,Warmup,Frontal,SCML,-0.05047463920239658,0.7911000219548995,30
subject_601,Warmup,Frontal,SCMR,0.6028653168286247,0.0004220586069283513,30
subject_601,Warmup,Frontal,STL,0.037030459601758235,0.8459627269545464,30
subject_601,Warmup,Frontal,STR,0.32407548721538737,0.08061791973413557,30
subject_601,Warmup,Frontal,UTL,0.38115428481809754,0.03769614552728824,30
subject_601,Warmup,Frontal,UTR,0.4875284076231483,0.006281810859658434,30
subject_601,Warmup,Horizontal,MTL,-0.2610180151684905,0.04217273836059563,61
subject_601,Warmup,Horizontal,MTR,-0.15538485470579497,0.2317875228103547,61
subject_601,Warmup,Horizontal,SCML,0.037102958418582646,0.7764976497151685,61
subject_601,Warmup,Horizontal,SCMR,-0.5284252635611599,1.2018189192624367e-05,61
subject_601,Warmup,Horizontal,STL,-0.1072872259166708,0.4105170330237522,61
subject_601,Warmup,Horizontal,STR,-0.219601513507188,0.08903949058888391,61
subject_601,Warmup,Horizontal,UTL,-0.2527152552426538,0.049418979424252774,61
subject_601,Warmup,Horizontal,UTR,-0.5106197354389556,2.617689082350016e-05,61
subject_602,Cooldown,Sagittal,MTL,-0.05281461984271244,0.6860332485185525,61
subject_602,Cooldown,Sagittal,MTR,-0.06042244008196031,0.643669395641718,61
subject_602,Cooldown,Sagittal,SCML,0.07038805584990068,0.589856131310723,61
subject_602,Cooldown,Sagittal,SCMR,-0.20437371642706761,0.1141265732131752,61
subject_602,Cooldown,Sagittal,STL,0.1062579851597429,0.4150473114732501,61
subject_602,Cooldown,Sagittal,STR,-0.36907359342466906,0.0034222363525923437,61
subject_602,Cooldown,Sagittal,UTL,-0.18353080395342572,0.1568266650282276,61
subject_602,Cooldown,Sagittal,UTR,-0.09987621859541514,0.44377252061178424,61
subject_602,Cooldown,Frontal,MTL,0.330003982951913,0.009396114330796613,61
subject_602,Cooldown,Frontal,MTR,0.2675485866764176,0.03710932898200564,61
subject_602,Cooldown,Frontal,SCML,-0.14064203898128488,0.27964847238992374,61
subject_602,Cooldown,Frontal,SCMR,0.1282859666918189,0.3244786267281512,61
subject_602,Cooldown,Frontal,STL,-0.07707136777229844,0.5549407062572339,61
subject_602,Cooldown,Frontal,STR,0.26552348219192073,0.038622484062007696,61
subject_602,Cooldown,Frontal,UTL,0.1269358970354877,0.32963877835402794,61
subject_602,Cooldown,Frontal,UTR,0.283778771892747,0.02667023535562855,61
subject_602,Cooldown,Horizontal,MTL,-0.2104417123236605,0.10354896292186369,61
subject_602,Cooldown,Horizontal,MTR,-0.2308070393227244,0.07351560381099315,61
subject_602,Cooldown,Horizontal,SCML,0.061095980997191754,0.6399701634770629,61
subject_602,Cooldown,Horizontal,SCMR,0.016971105832553266,0.8967122164429525,61
subject_602,Cooldown,Horizontal,STL,-0.19007638532459656,0.142309324797776,61
subject_602,Cooldown,Horizontal,STR,-0.1018266349953196,0.43487812668348014,61
subject_602,Cooldown,Horizontal,UTL,0.342816337817576,0.006839128510406252,61
subject_602,Cooldown,Horizontal,UTR,-0.13237462549391546,0.30916572002763876,61
subject_602,Second_threshold,Sagittal,MTL,0.06728802187684814,0.6126003995163153,59
subject_602,Second_threshold,Sagittal,MTR,-0.04089908815754791,0.7584179650717187,59
subject_602,Second_threshold,Sagittal,SCML,0.1352902741535064,0.30694355712244054,59
subject_602,Second_threshold,Sagittal,SCMR,-0.08927879997626499,0.501306475770389,59
subject_602,Second_threshold,Sagittal,STL,0.04326732579902358,0.7448902930318367,59
subject_602,Second_threshold,Sagittal,STR,0.1760014069426832,0.182399650599022,59
subject_602,Second_threshold,Sagittal,UTL,-0.1871283647502514,0.1558473417107655,59
subject_602,Second_threshold,Sagittal,UTR,-0.16712991355556803,0.20579871485274706,59
subject_602,Second_threshold,Frontal,MTL,0.24100762342254908,0.06594259805165699,59
subject_602,Second_threshold,Frontal,MTR,0.05451758653972145,0.6817304084593888,59
subject_602,Second_threshold,Frontal,SCML,-0.23454381743037342,0.07376765099446221,59
subject_602,Second_threshold,Frontal,SCMR,0.23893920550505288,0.06837062237821469,59
subject_602,Second_threshold,Frontal,STL,-0.2381266127517508,0.06934384282098326,59
subject_602,Second_threshold,Frontal,STR,-0.14382891733446837,0.27712709584102174,59
subject_602,Second_threshold,Frontal,UTL,0.45586453460246756,0.0002852491581424763,59
subject_602,Second_threshold,Frontal,UTR,0.12979322432288698,0.3271936925403955,59
subject_602,Second_threshold,Horizontal,MTL,-0.029714770857362138,0.8232170042548873,59
subject_602,Second_threshold,Horizontal,MTR,-0.029714770857362138,0.8232170042548873,59
subject_602,Second_threshold,Horizontal,SCML,-0.06857254813237418,0.6058165646271936,59
subject_602,Second_threshold,Horizontal,SCMR,-0.3108622182000962,0.01655740816387579,59
subject_602,Second_threshold,Horizontal,STL,-0.11657333182503608,0.3792595769056848,59
subject_602,Second_threshold,Horizontal,STR,-0.16914561872652298,0.20030453896547565,59
subject_602,Second_threshold,Horizontal,UTL,-0.10285882219856125,0.4382046049059828,59
subject_602,Second_threshold,Horizontal,UTR,-0.082287057758849,0.5355294439463504,59
subject_602,Vo2max,Sagittal,MTL,0.41190176840873016,0.02640511514354143,29
subject_602,Vo2max,Sagittal,MTR,0.08597676748504192,0.657436142809488,29
subject_602,Vo2max,Sagittal,SCML,0.3506503458213474,0.062187049375365976,29
subject_602,Vo2max,Sagittal,SCMR,-0.006743275881179758,0.9723057081042709,29
subject_602,Vo2max,Sagittal,STL,0.24781538863335612,0.19492263905248733,29
subject_602,Vo2max,Sagittal,STR,-0.4557330616363986,0.012973592591192497,29
subject_602,Vo2max,Sagittal,UTL,0.17139159531331882,0.37401563968800283,29
subject_602,Vo2max,Sagittal,UTR,0.194993060897448,0.31074860695777967,29
subject_602,Vo2max,Frontal,MTL,0.10154717982823293,0.6001727030469476,29
subject_602,Vo2max,Frontal,MTR,0.13172119897719356,0.49579840693532656,29
subject_602,Vo2max,Frontal,SCML,0.11054135861301927,0.5680994998354855,29
subject_602,Vo2max,Frontal,SCMR,-0.4183743808923197,0.023905230030332972,29
subject_602,Vo2max,Frontal,STL,0.29796843909598636,0.11643153310181796,29
subject_602,Vo2max,Frontal,STR,-0.2625719935558594,0.16879635348613067,29
subject_602,Vo2max,Frontal,UTL,0.5245637175127004,0.003485925460606234,29
subject_602,Vo2max,Frontal,UTR,0.43026990767219836,0.019815936685981365,29
subject_602,Vo2max,Horizontal,MTL,0.08368274087557229,0.6660459132207254,29
subject_602,Vo2max,Horizontal,MTR,0.07531446678801507,0.6977994424710855,29
subject_602,Vo2max,Horizontal,SCML,0.18410202992625904,0.3390644498845287,29
subject_602,Vo2max,Horizontal,SCMR,0.15899720766358733,0.41004015303225283,29
subject_602,Vo2max,Horizontal,STL,-0.13389238540091566,0.4886584785409379,29
subject_602,Vo2max,Horizontal,STR,0.14226065948847288,0.4616362079875215,29
subject_602,Vo2max,Horizontal,UTL,-0.1757337558387018,0.36184656310706764,29
subject_602,Vo2max,Horizontal,UTR,-0.15899720766358733,0.41004015303225283,29
subject_602,WanT,Sagittal,MTL,0.394279244947595,0.02817629015073814,31
subject_602,WanT,Sagittal,MTR,0.4657113358494308,0.008283235807351063,31
subject_602,WanT,Sagittal,SCML,0.6426730111953682,9.678938057678374e-05,31
subject_602,WanT,Sagittal,SCMR,0.7721571638875178,3.624435788512009e-07,31
subject_602,WanT,Sagittal,STL,0.6062016415204128,0.00030086861061729824,31
subject_602,WanT,Sagittal,STR,0.7153999436241256,6.090269165946385e-06,31
subject_602,WanT,Sagittal,UTL,0.47412780577442043,0.007047649193466552,31
subject_602,WanT,Sagittal,UTR,0.8319356810470601,6.644538765414534e-09,31
subject_602,WanT,Frontal,MTL,-0.4566444936144387,0.009814851983406422,31
subject_602,WanT,Frontal,MTR,-0.5285045873808134,0.0022405337586955355,31
subject_602,WanT,Frontal,SCML,-0.7073512744223658,8.609994319954306e-06,31
subject_602,WanT,Frontal,SCMR,-0.7916089562506711,1.1383018971774e-07,31
subject_602,WanT,Frontal,STL,-0.6286036317326964,0.00015247244738982583,31
subject_602,WanT,Frontal,STR,-0.6155172887784364,0.00022821406021002923,31
subject_602,WanT,Frontal,UTL,-0.4699604215328085,0.007638293458718424,31
subject_602,WanT,Frontal,UTR,-0.7748492538706538,3.1087629691423723e-07,31
subject_602,WanT,Horizontal,MTL,-0.3098753415048175,0.0897990551990402,31
subject_602,WanT,Horizontal,MTR,-0.3337119062359573,0.06655467922118125,31
subject_602,WanT,Horizontal,SCML,-0.460840251468703,0.009078757665841097,31
subject_602,WanT,Horizontal,SCMR,-0.5244044240850758,0.002459012825683147,31
subject_602,WanT,Horizontal,STL,-0.3734395141211903,0.038516576569949494,31
subject_602,WanT,Horizontal,STR,-0.4687857730457496,0.007812172509750273,31
subject_602,WanT,Horizontal,UTL,-0.30192981992777096,0.09878457936307336,31
subject_602,WanT,Horizontal,UTR,-0.540295467239169,0.0017033259346457541,31
subject_602,Warmup,Sagittal,MTL,-0.21049368870373508,0.10346175809831042,61
subject_602,Warmup,Sagittal,MTR,-0.3685488459569328,0.003471873790549304,61
subject_602,Warmup,Sagittal,SCML,0.1241409156233338,0.34048513922820633,61
subject_602,Warmup,Sagittal,SCMR,-0.08874754819029822,0.4964127535300039,61
subject_602,Warmup,Sagittal,STL,-0.2738143599918923,0.03273577709827024,61
subject_602,Warmup,Sagittal,STR,-0.0508185365232541,0.6973162230602935,61
subject_602,Warmup,Sagittal,UTL,-0.29755080740469425,0.019864956577998385,61
subject_602,Warmup,Sagittal,UTR,-0.21225455275512992,0.10054088613166423,61
subject_602,Warmup,Frontal,MTL,0.48090924176543404,8.744391978553159e-05,61
subject_602,Warmup,Frontal,MTR,0.5062841550522242,3.143495561168183e-05,61
subject_602,Warmup,Frontal,SCML,-0.0013355217519363228,0.9918497762518929,61
subject_602,Warmup,Frontal,SCMR,-0.009621827167359417,0.941331952441963,61
subject_602,Warmup,Frontal,STL,0.24024215151309078,0.06218860876636772,61
subject_602,Warmup,Frontal,STR,-0.2223340189303083,0.08503542603426102,61
subject_602,Warmup,Frontal,UTL,0.2400296821434646,0.062427208881342525,61
subject_602,Warmup,Frontal,UTR,0.1208647185502372,0.35347903803654795,61
subject_602,Warmup,Horizontal,MTL,-0.3616794345109556,0.004183096942839962,61
subject_602,Warmup,Horizontal,MTR,-0.27987099099062035,0.02892552950502191,61
subject_602,Warmup,Horizontal,SCML,-0.06458561330552778,0.6209453210113314,61
subject_602,Warmup,Horizontal,SCMR,0.008611415107403703,0.9474836451760357,61
subject_602,Warmup,Horizontal,STL,-0.06027990575182593,0.6444533329875372,61
subject_602,Warmup,Horizontal,STR,0.3229280665276389,0.011136781212823696,61
subject_602,Warmup,Horizontal,UTL,-0.012917122661105555,0.9212947482673607,61
subject_602,Warmup,Horizontal,UTR,-0.2755652834369185,0.03159352680312616,61
subject_603,Cooldown,Sagittal,MTL,-0.1045068533483865,0.422820836709177,61
subject_603,Cooldown,Sagittal,MTR,0.20497453431793816,0.11304367381847763,61
subject_603,Cooldown,Sagittal,SCML,0.5338170215868111,9.411330496739307e-06,61
subject_603,Cooldown,Sagittal,SCMR,0.2812341088303397,0.028121324475812115,61
subject_603,Cooldown,Sagittal,STL,-0.20863671727474842,0.10661279783096894,61
subject_603,Cooldown,Sagittal,STR,0.07763289312120543,0.5520525922874552,61
subject_603,Cooldown,Sagittal,UTL,0.15475415774109177,0.23371095219312937,61
subject_603,Cooldown,Sagittal,UTR,-0.5231266786908283,1.5220803556165706e-05,61
subject_603,Cooldown,Frontal,MTL,-0.23860886296778303,0.06404179040359917,61
subject_603,Cooldown,Frontal,MTR,-0.036871126727913504,0.777858324378354,61
subject_603,Cooldown,Frontal,SCML,0.5138947941017538,2.275872302706212e-05,61
subject_603,Cooldown,Frontal,SCMR,0.29923830218127695,0.019142981662061232,61
subject_603,Cooldown,Frontal,STL,-0.11696186741734363,0.3693511382502804,61
subject_603,Cooldown,Frontal,STR,0.13500931365784868,0.2995490137296185,61
subject_603,Cooldown,Frontal,UTL,-0.1784507088327663,0.16882656451044262,61
subject_603,Cooldown,Frontal,UTR,-0.30084621597843403,0.018475965310684354,61
subject_603,Cooldown,Horizontal,MTL,0.2730711764492194,0.03323091717170121,61
subject_603,Cooldown,Horizontal,MTR,0.09837188437648035,0.4507012363480023,61
subject_603,Cooldown,Horizontal,SCML,-0.5094758895184748,2.7478684898962035e-05,61
subject_603,Cooldown,Horizontal,SCMR,-0.2579394908666973,0.04474999796575328,61
subject_603,Cooldown,Horizontal,STL,-0.0888787426847086,0.4957738660768759,61
subject_603,Cooldown,Horizontal,STR,-0.2228339803152461,0.08431840797228388,61
subject_603,Cooldown,Horizontal,UTL,0.16928374144320485,0.19215454125816056,61
subject_603,Cooldown,Horizontal,UTR,0.3062653161902467,0.01637189189412499,61
subject_603,Second_threshold,Sagittal,MTL,-0.31662574398242366,0.01455638815636366,59
subject_603,Second_threshold,Sagittal,MTR,-0.10027345574566117,0.4498633241577846,59
subject_603,Second_threshold,Sagittal,SCML,0.005246866870412503,0.9685396720555653,59
subject_603,Second_threshold,Sagittal,SCMR,0.1442564508692425,0.2756865162844009,59
subject_603,Second_threshold,Sagittal,STL,0.0353029931404298,0.7906641837280128,59
subject_603,Second_threshold,Sagittal,STR,0.11031375654706779,0.40555056416211854,59
subject_603,Second_threshold,Sagittal,UTL,0.017878213039924082,0.8930881599824776,59
subject_603,Second_threshold,Sagittal,UTR,-0.24977677348531616,0.056406302254714755,59
subject_603,Second_threshold,Frontal,MTL,0.032558290367372206,0.8066120721236423,59
subject_603,Second_threshold,Frontal,MTR,-0.1124623017868992,0.39640927864234093,59
subject_603,Second_threshold,Frontal,SCML,0.10359849099631314,0.4349004576878427,59
subject_603,Second_threshold,Frontal,SCMR,-0.026159051357583247,0.8440889687471327,59
subject_603,Second_threshold,Frontal,STL,-0.14765811634073847,0.264401899510949,59
subject_603,Second_threshold,Frontal,STR,-0.42005815527094414,0.0009258265397187192,59
subject_603,Second_threshold,Frontal,UTL,-0.030353147195080064,0.8194821712979309,59
subject_603,Second_threshold,Frontal,UTR,-0.0028969527949720283,0.9826267609286796,59
subject_603,Second_threshold,Horizontal,MTL,-0.1189276064244219,0.3696417569380843,59
subject_603,Second_threshold,Horizontal,MTR,0.016217400876057535,0.9029695740905361,59
subject_603,Second_threshold,Horizontal,SCML,-0.08108700438028768,0.5415164787667847,59
subject_603,Second_threshold,Horizontal,SCMR,-0.0486522026281726,0.714420549541972,59
subject_603,Second_threshold,Horizontal,STL,-0.016217400876057535,0.9029695740905361,59
subject_603,Second_threshold,Horizontal,STR,0.010811600584038357,0.9352264623368751,59
subject_603,Second_threshold,Horizontal,UTL,0.0054058002920191785,0.9675872067472853,59
subject_603,Second_threshold,Horizontal,UTR,-0.18920301022067124,0.15122999871917964,59
subject_603,Vo2max,Sagittal,MTL,0.1705877556882359,0.19643823073865188,59
subject_603,Vo2max,Sagittal,MTR,0.3858080965165835,0.002546014178358782,59
subject_603,Vo2max,Sagittal,SCML,0.2819024899420604,0.030534768893768778,59
subject_603,Vo2max,Sagittal,SCMR,0.21782835377146173,0.09745084182931471,59
subject_603,Vo2max,Sagittal,STL,0.03683818282148666,0.7817806959033244,59
subject_603,Vo2max,Sagittal,STR,-0.519024212190423,2.534503696804646e-05,59
subject_603,Vo2max,Sagittal,UTL,0.2972542024935729,0.022233926162250513,59
subject_603,Vo2max,Sagittal,UTR,0.4627444783384495,0.00022407654314277698,59
subject_603,Vo2max,Frontal,MTL,0.09316016664891993,0.4828071951134261,59
subject_603,Vo2max,Frontal,MTR,0.2645855125596377,0.042858926161951236,59
subject_603,Vo2max,Frontal,SCML,0.3156207930043529,0.0148895605224594,59
subject_603,Vo2max,Frontal,SCMR,0.23526100614124107,0.07286458842803037,59
subject_603,Vo2max,Frontal,STL,-9.974321911019265e-05,0.9994017866130378,59
subject_603,Vo2max,Frontal,STR,-0.49535807384092,6.639319791428368e-05,59
subject_603,Vo2max,Frontal,UTL,0.43990084401565294,0.0004899063137203054,59
subject_603,Vo2max,Frontal,UTR,0.37390408070440884,0.0035321698976087043,59
subject_603,Vo2max,Horizontal,MTL,-0.2638534844522742,0.04345899092168583,59
subject_603,Vo2max,Horizontal,MTR,-0.25378274077088975,0.052438480142833234,59
subject_603,Vo2max,Horizontal,SCML,-0.1933582786825826,0.14228834552156885,59
subject_603,Vo2max,Horizontal,SCMR,-0.22357050972673614,0.08872646130526855,59
subject_603,Vo2max,Horizontal,STL,0.10272158555012201,0.4388191911087823,59
subject_603,Vo2max,Horizontal,STR,0.5820889847840247,1.3265134383439028e-06,59
subject_603,Vo2max,Horizontal,UTL,-0.0845942469236299,0.5241109222702057,59
subject_603,Vo2max,Horizontal,UTR,-0.1933582786825826,0.14228834552156885,59
subject_603,WanT,Sagittal,MTL,-0.04009352564784264,0.8304350268824107,31
subject_603,WanT,Sagittal,MTR,0.12007808438975094,0.5199471818710129,31
subject_603,WanT,Sagittal,SCML,0.642913858241921,9.60203912917883e-05,31
subject_603,WanT,Sagittal,SCMR,0.6696428753404828,3.789583473816651e-05,31
subject_603,WanT,Sagittal,STL,0.5866209282919198,0.0005234895426456236,31
subject_603,WanT,Sagittal,STR,0.2800472018735675,0.12703998815221376,31
subject_603,WanT,Sagittal,UTL,0.833661843899839,5.788439172544174e-09,31
subject_603,WanT,Sagittal,UTR,0.6842223392124256,2.192213399851664e-05,31
subject_603,WanT,Frontal,MTL,0.26817807704527985,0.14465697282229184,31
subject_603,WanT,Frontal,MTR,0.13193245039124457,0.4792656504086929,31
subject_603,WanT,Frontal,SCML,-0.028162503833515668,0.8804584276647811,31
subject_603,WanT,Frontal,SCMR,-0.06850338770314622,0.7142400462880036,31
subject_603,WanT,Frontal,STL,-0.2732524020603277,0.1369203751298797,31
subject_603,WanT,Frontal,STR,0.1583189404694935,0.39496806700808956,31
subject_603,WanT,Frontal,UTL,-0.30369835215061486,0.09672807046758955,31
subject_603,WanT,Frontal,UTR,-0.29659429712954793,0.10518933269951446,31
subject_603,WanT,Horizontal,MTL,-0.027183014110978114,0.8886824950734119,29
subject_603,WanT,Horizontal,MTR,-0.08154904233293432,0.6740914136350545,29
subject_603,WanT,Horizontal,SCML,-0.2990131552207592,0.115094926195837,29
subject_603,WanT,Horizontal,SCMR,-0.22652511759148428,0.23734324837086007,29
subject_603,WanT,Horizontal,STL,-0.22652511759148428,0.23734324837086007,29
subject_603,WanT,Horizontal,STR,-0.2174641128878249,0.2571327185712441,29
subject_603,WanT,Horizontal,UTL,-0.38056219755369364,0.04169016212839975,29
subject_603,WanT,Horizontal,UTR,0.01812200940731874,0.9256614712286572,29
subject_603,Warmup,Sagittal,MTL,-0.034070650598450374,0.794346303148851,61
subject_603,Warmup,Sagittal,MTR,0.08662315453060263,0.5068173243801402,61
subject_603,Warmup,Sagittal,SCML,0.14771438705461712,0.25592964462905904,61
subject_603,Warmup,Sagittal,SCMR,-0.41412833670531934,0.0009071283782918048,61
subject_603,Warmup,Sagittal,STL,-0.13305249124885363,0.30667270262924023,61
subject_603,Warmup,Sagittal,STR,0.5905204931424738,5.460879713670801e-07,61
subject_603,Warmup,Sagittal,UTL,0.15810691856444947,0.22361181108408554,61
subject_603,Warmup,Sagittal,UTR,-0.09457203673947438,0.4684656566984579,61
subject_603,Warmup,Frontal,MTL,-0.08778980163722808,0.5010896916206702,61
subject_603,Warmup,Frontal,MTR,-0.12875236067453696,0.32270797938732676,61
subject_603,Warmup,Frontal,SCML,-0.09834623204992664,0.4508199018672088,61
subject_603,Warmup,Frontal,SCMR,-0.0003609036038529418,0.997797496506571,61
subject_603,Warmup,Frontal,STL,-0.05810548022032363,0.6564600082494912,61
subject_603,Warmup,Frontal,STR,-0.014887273658933848,0.9093375604198857,61
subject_603,Warmup,Frontal,UTL,0.0183158578955368,0.8885780562494102,61
subject_603,Warmup,Frontal,UTR,-0.2036398584740224,0.11546003408553979,61
subject_603,Warmup,Horizontal,MTL,0.05856792243670952,0.6538991295941905,61
subject_603,Warmup,Horizontal,MTR,-0.04937018865912003,0.7055442842533918,61
subject_603,Warmup,Horizontal,SCML,0.09472764052311523,0.46773086814003617,61
subject_603,Warmup,Horizontal,SCMR,0.05671935829513516,0.6641594662874261,61
subject_603,Warmup,Horizontal,STL,-0.20708427078661032,0.10930354098781424,61
subject_603,Warmup,Horizontal,STR,0.3895059907088017,0.0019173939881758461,61
subject_603,Warmup,Horizontal,UTL,0.05045227498589526,0.6993937249173993,61
subject_603,Warmup,Horizontal,UTR,0.09373572805690461,0.4724254990964871,61
subject_604,Cooldown,Sagittal,MTL,-0.2420419636371983,0.062431425574884486,60
subject_604,Cooldown,Sagittal,MTR,-0.29969385792708036,0.02000064496535134,60
subject_604,Cooldown,Sagittal,SCML,0.3915077463848161,0.0019793904783098146,60
subject_604,Cooldown,Sagittal,SCMR,0.5979478301495653,4.5395978499669534e-07,60
subject_604,Cooldown,Sagittal,STL,-0.30827670604859075,0.01655924954406742,60
subject_604,Cooldown,Sagittal,STR,-0.5231584726696937,1.79756133227755e-05,60
subject_604,Cooldown,Sagittal,UTL,-0.387809216437718,0.0022019370215907736,60
subject_604,Cooldown,Sagittal,UTR,0.04875848258502758,0.7114146470880971,60
subject_604,Cooldown,Frontal,MTL,-0.3849589251503288,0.002388402586983608,60
subject_604,Cooldown,Frontal,MTR,-0.29130574161462924,0.023933330125570064,60
subject_604,Cooldown,Frontal,SCML,-0.1675545478752042,0.20067235009032264,60
subject_604,Cooldown,Frontal,SCMR,0.06315207498103124,0.6316807190897881,60
subject_604,Cooldown,Frontal,STL,-0.04420645248672188,0.7373365358689428,60
subject_604,Cooldown,Frontal,STR,0.2405153493958424,0.06415393600857751,60
subject_604,Cooldown,Frontal,UTL,-0.32247868075420216,0.011974678756466428,60
subject_604,Cooldown,Frontal,UTR,-0.19133735058082663,0.14306175040997432,60
subject_604,Cooldown,Horizontal,MTL,0.013099598764608119,0.9208692956652484,60
subject_604,Cooldown,Horizontal,MTR,-0.1244013266241723,0.3436267731674565,60
subject_604,Cooldown,Horizontal,SCML,0.29137634923332095,0.02389768301389982,60
subject_604,Cooldown,Horizontal,SCMR,0.10071438091282613,0.4438731245405774,60
subject_604,Cooldown,Horizontal,STL,0.00026916983762893397,0.9983714230232802,60
subject_604,Cooldown,Horizontal,STR,-0.16675071441112457,0.20287200547951573,60
subject_604,Cooldown,Horizontal,UTL,0.1244013266241723,0.3436267731674565,60
subject_604,Cooldown,Horizontal,UTR,0.12525369777666395,0.34030447002242237,60
subject_604,Second_threshold,Sagittal,MTL,,,59
subject_604,Second_threshold,Sagittal,MTR,,,59
subject_604,Second_threshold,Sagittal,SCML,,,59
subject_604,Second_threshold,Sagittal,SCMR,,,59
subject_604,Second_threshold,Sagittal,STL,,,59
subject_604,Second_threshold,Sagittal,STR,,,59
subject_604,Second_threshold,Sagittal,UTL,,,59
subject_604,Second_threshold,Sagittal,UTR,,,59
subject_604,Second_threshold,Frontal,MTL,,,59
subject_604,Second_threshold,Frontal,MTR,,,59
subject_604,Second_threshold,Frontal,SCML,,,59
subject_604,Second_threshold,Frontal,SCMR,,,59
subject_604,Second_threshold,Frontal,STL,,,59
subject_604,Second_threshold,Frontal,STR,,,59
subject_604,Second_threshold,Frontal,UTL,,,59
subject_604,Second_threshold,Frontal,UTR,,,59
subject_604,Second_threshold,Horizontal,MTL,0.03195107421317288,0.810151101053613,59
subject_604,Second_threshold,Horizontal,MTR,-0.0766825781116149,0.563764803441103,59
subject_604,Second_threshold,Horizontal,SCML,0.08094272134003795,0.542238487176082,59
subject_604,Second_threshold,Horizontal,SCMR,0.2769093098474983,0.033738586527467224,59
subject_604,Second_threshold,Horizontal,STL,0.3578520311875363,0.005390863369614446,59
subject_604,Second_threshold,Horizontal,STR,0.2343078775632678,0.07406667884435979,59
subject_604,Second_threshold,Horizontal,UTL,-0.10650358071057625,0.42205955595950584,59
subject_604,Second_threshold,Horizontal,UTR,0.09798329425373017,0.4603321484091201,59
subject_604,Vo2max,Sagittal,MTL,-0.4148335381894522,0.0010878353601082157,59
subject_604,Vo2max,Sagittal,MTR,-0.4239516780689945,0.0008196075697678994,59
subject_604,Vo2max,Sagittal,SCML,-0.2542204320543951,0.052019077709351616,59
subject_604,Vo2max,Sagittal,SCMR,-0.0690970967018527,0.6030557667208224,59
subject_604,Vo2max,Sagittal,STL,-0.14212586839763647,0.2829150221189947,59
subject_604,Vo2max,Sagittal,STR,-0.14505371147822346,0.2730134422534268,59
subject_604,Vo2max,Sagittal,UTL,-0.36037565689053447,0.0050511931030463985,59
subject_604,Vo2max,Sagittal,UTR,-0.19499434916709277,0.13887829337431024,59
subject_604,Vo2max,Frontal,MTL,0.1661074361679845,0.2086260414755907,59
subject_604,Vo2max,Frontal,MTR,0.3836847821344994,0.0027015036986818555,59
subject_604,Vo2max,Frontal,SCML,0.24799138357473743,0.05825137919408832,59
subject_604,Vo2max,Frontal,SCMR,-0.03743266167165848,0.7783480619305052,59
subject_604,Vo2max,Frontal,STL,-0.04445128573509445,0.7381556868173372,59
subject_604,Vo2max,Frontal,STR,0.17546560158589913,0.18375588555101915,59
subject_604,Vo2max,Frontal,UTL,0.16142835345902723,0.221913963664148,59
subject_604,Vo2max,Frontal,UTR,-0.028074496253743857,0.8328311639212271,59
subject_604,Vo2max,Horizontal,MTL,0.23558612229514367,0.07245812330533015,59
subject_604,Vo2max,Horizontal,MTR,0.19481160112867651,0.13925612587662606,59
subject_604,Vo2max,Horizontal,SCML,0.15403707996220933,0.244086390617339,59
subject_604,Vo2max,Horizontal,SCMR,0.10873205644391246,0.41235777527693807,59
subject_604,Vo2max,Horizontal,STL,0.1721590893695281,0.19228645470713288,59
subject_604,Vo2max,Horizontal,STR,0.14950657761037964,0.2584017028571299,59
subject_604,Vo2max,Horizontal,UTL,-0.12232356349940153,0.35603115501453797,59
subject_604,Vo2max,Horizontal,UTR,-0.15856758231403903,0.23032292245362018,59
subject_604,WanT,Sagittal,MTL,0.5718717164393454,0.0007766938871744702,31
subject_604,WanT,Sagittal,MTR,0.580926180463574,0.000610980696536235,31
subject_604,WanT,Sagittal,SCML,0.7039845778837713,9.918408684424407e-06,31
subject_604,WanT,Sagittal,SCMR,0.7048077109768831,9.582926030677448e-06,31
subject_604,WanT,Sagittal,STL,0.3837858046633247,0.03305600879862275,31
subject_604,WanT,Sagittal,STR,0.6012987245180883,0.00034679106917705676,31
subject_604,WanT,Sagittal,UTL,0.4564273001304312,0.009854287323565056,31
subject_604,WanT,Sagittal,UTR,0.5541743549374442,0.0012176524293708493,31
subject_604,WanT,Frontal,MTL,0.3722746370034575,0.03917433792509167,31
subject_604,WanT,Frontal,MTR,0.24300322645295258,0.18776106799148282,31
subject_604,WanT,Frontal,SCML,0.5893785390429814,0.00048524273993824277,31
subject_604,WanT,Frontal,SCMR,0.5245176222510903,0.0024527420922244776,31
subject_604,WanT,Frontal,STL,0.6859942796809022,2.0468156026632157e-05,31
subject_604,WanT,Frontal,STR,0.5418589090322558,0.001641295061220393,31
subject_604,WanT,Frontal,UTL,0.5925315002759205,0.0004445517503966235,31
subject_604,WanT,Frontal,UTR,0.505374643336817,0.003731778055186698,31
subject_604,WanT,Horizontal,MTL,,,31
subject_604,WanT,Horizontal,MTR,,,31
subject_604,WanT,Horizontal,SCML,,,31
subject_604,WanT,Horizontal,SCMR,,,31
subject_604,WanT,Horizontal,STL,,,31
subject_604,WanT,Horizontal,STR,,,31
subject_604,WanT,Horizontal,UTL,,,31
subject_604,WanT,Horizontal,UTR,,,31
subject_604,Warmup,Sagittal,MTL,0.10998533626601498,0.398777841958758,61
subject_604,Warmup,Sagittal,MTR,0.16131182652348863,0.21424614151028643,61
subject_604,Warmup,Sagittal,SCML,0.19064124952775927,0.14110531746694682,61
subject_604,Warmup,Sagittal,SCMR,0.14664711502135327,0.25941890526160405,61
subject_604,Warmup,Sagittal,STL,0.18330889377669163,0.15733731903115902,61
subject_604,Warmup,Sagittal,STR,0.2053059610298946,0.11244970398830048,61
subject_604,Warmup,Sagittal,UTL,0.15397947077242094,0.23608855414625218,61
subject_604,Warmup,Sagittal,UTR,-0.09532062476387963,0.4649364041322444,61
subject_604,Warmup,Frontal,MTL,-0.2095502095503143,0.10505358372719875,61
subject_604,Warmup,Frontal,MTR,-0.07196673863344127,0.5815202228288366,61
subject_604,Warmup,Frontal,SCML,0.06138339471675874,0.6383942688927997,61
subject_604,Warmup,Frontal,SCMR,0.27728361061708257,0.030505110710840548,61
subject_604,Warmup,Frontal,STL,0.1841501841502762,0.15540784175950437,61
subject_604,Warmup,Frontal,STR,-0.270933604267073,0.03468997864539281,61
subject_604,Warmup,Frontal,UTL,0.2688169354837366,0.036186910129732665,61
subject_604,Warmup,Frontal,UTR,0.014816681483355557,0.9097656670603081,61
subject_604,Warmup,Horizontal,MTL,,,61
subject_604,Warmup,Horizontal,MTR,,,61
subject_604,Warmup,Horizontal,SCML,,,61
subject_604,Warmup,Horizontal,SCMR,,,61
subject_604,Warmup,Horizontal,STL,,,61
subject_604,Warmup,Horizontal,STR,,,61
subject_604,Warmup,Horizontal,UTL,,,61
subject_604,Warmup,Horizontal,UTR,,,61
subject_605,Cooldown,Sagittal,MTL,-0.5505325767147289,4.291205980479576e-06,61
subject_605,Cooldown,Sagittal,MTR,-0.2978059092928174,0.019754350590014107,61
subject_605,Cooldown,Sagittal,SCML,0.5557104174032758,3.3354332424796535e-06,61
subject_605,Cooldown,Sagittal,SCMR,0.6916153905274044,6.768405417827389e-10,61
subject_605,Cooldown,Sagittal,STL,-0.3328230586916503,0.008771521926492049,61
subject_605,Cooldown,Sagittal,STR,0.05412711812563485,0.6786510816446054,61
subject_605,Cooldown,Sagittal,UTL,0.4748667089207571,0.00011027564543009943,61
subject_605,Cooldown,Sagittal,UTR,-0.6776832624891493,1.990265776366132e-09,61
subject_605,Cooldown,Frontal,MTL,-0.19270259395327033,0.21012155120448048,44
subject_605,Cooldown,Frontal,MTR,-0.08969509186273397,0.5625818697488488,44
subject_605,Cooldown,Frontal,SCML,0.05797809263146713,0.7085334958520503,44
subject_605,Cooldown,Frontal,SCMR,0.14854612942717177,0.33588376936832465,44
subject_605,Cooldown,Frontal,STL,-0.07914700725600532,0.6095679541678631,44
subject_605,Cooldown,Frontal,STR,0.1894290504546304,0.21811953414060292,44
subject_605,Cooldown,Frontal,UTL,0.50587158865649,0.0004599463706605589,44
subject_605,Cooldown,Frontal,UTR,-0.1146467678634783,0.4586714555008202,44
subject_605,Cooldown,Horizontal,MTL,-0.5404796728610629,9.92786026126303e-06,59
subject_605,Cooldown,Horizontal,MTR,-0.23866804825673157,0.06869415761326282,59
subject_605,Cooldown,Horizontal,SCML,0.42650949076996914,0.0007559510161574131,59
subject_605,Cooldown,Horizontal,SCMR,0.5771860790534481,1.7061288217977825e-06,59
subject_605,Cooldown,Horizontal,STL,-0.40887452293232873,0.0013034239372626106,59
subject_605,Cooldown,Horizontal,STR,0.288883389950394,0.026485115533776225,59
subject_605,Cooldown,Horizontal,UTL,0.5354367444499527,1.2446103835085325e-05,59
subject_605,Cooldown,Horizontal,UTR,-0.747545369741503,1.033383729077745e-11,59
subject_605,Second_threshold,Sagittal,MTL,-0.19262828077531458,0.14382990954005792,59
subject_605,Second_threshold,Sagittal,MTR,-0.09579186275238133,0.47047258076225396,59
subject_605,Second_threshold,Sagittal,SCML,0.3911552266078637,0.0021891601628461627,59
subject_605,Second_threshold,Sagittal,SCMR,0.5900201167926502,8.751399176518234e-07,59
subject_605,Second_threshold,Sagittal,STL,0.33831301880347114,0.008772250890926299,59
subject_605,Second_threshold,Sagittal,STR,0.6304198279919386,8.753013823562424e-08,59
subject_605,Second_threshold,Sagittal,UTL,-0.012043107825187133,0.9278669578769122,59
subject_605,Second_threshold,Sagittal,UTR,-0.11407157998704037,0.3896423912041911,59
subject_605,Second_threshold,Frontal,MTL,-0.09501151426730581,0.4741122631016136,59
subject_605,Second_threshold,Frontal,MTR,-0.09014932219504908,0.497125882526158,59
subject_605,Second_threshold,Frontal,SCML,0.324451936393986,0.012173780751380932,59
subject_605,Second_threshold,Frontal,SCMR,0.581995217101823,1.3329650334206002e-06,59
subject_605,Second_threshold,Frontal,STL,0.18026806456574437,0.17185692280020629,59
subject_605,Second_threshold,Frontal,STR,0.5833713091977447,1.2411655967511058e-06,59
subject_605,Second_threshold,Frontal,UTL,-0.020977759506717663,0.8746909133315943,59
subject_605,Second_threshold,Frontal,UTR,-0.14812866916988393,0.2628656662516033,59
subject_605,Second_threshold,Horizontal,MTL,0.19590843420551265,0.13699994512487684,59
subject_605,Second_threshold,Horizontal,MTR,0.0927066697579658,0.4849498438504806,59
subject_605,Second_threshold,Horizontal,SCML,-0.16842128144708612,0.2022667259256845,59
subject_605,Second_threshold,Horizontal,SCMR,0.04048107951695542,0.7608133069930565,59
subject_605,Second_threshold,Horizontal,STL,0.03223493368942747,0.8084962121477404,59
subject_605,Second_threshold,Horizontal,STR,0.10270199803375726,0.4389069490823002,59
subject_605,Second_threshold,Horizontal,UTL,0.10645024613717907,0.4222933348661957,59
subject_605,Second_threshold,Horizontal,UTR,-0.0502265245858521,0.7055930739102807,59
subject_605,Vo2max,Sagittal,MTL,0.46116008081757964,0.0040698069421224595,37
subject_605,Vo2max,Sagittal,MTR,0.2795416823830701,0.09381341869552132,37
subject_605,Vo2max,Sagittal,SCML,0.7197779845791623,5.14429045884741e-07,37
subject_605,Vo2max,Sagittal,SCMR,0.7263540292887728,3.599715613999328e-07,37
subject_605,Vo2max,Sagittal,STL,0.016021636201595975,0.9250163761412208,37
subject_605,Vo2max,Sagittal,STR,0.1262600584245175,0.45649080808220277,37
subject_605,Vo2max,Sagittal,UTL,0.17922710944919676,0.2885073175651134,37
subject_605,Vo2max,Sagittal,UTR,0.13953171229300373,0.41013964690801874,37
subject_605,Vo2max,Frontal,MTL,0.44305184023660077,0.00602831472377139,37
subject_605,Vo2max,Frontal,MTR,0.36551776819519566,0.026104242997364052,37
subject_605,Vo2max,Frontal,SCML,0.6811922043637737,3.4746800219534624e-06,37
subject_605,Vo2max,Frontal,SCMR,0.7088829443785613,9.097336946017956e-07,37
subject_605,Vo2max,Frontal,STL,-0.00553814800295751,0.974048426072832,37
subject_605,Vo2max,Frontal,STR,-0.027690740014787548,0.8707656113025858,37
subject_605,Vo2max,Frontal,UTL,0.13291555207098024,0.4329033091978682,37
subject_605,Vo2max,Frontal,UTR,0.09968666405323519,0.5571879504707201,37
subject_605,Vo2max,Horizontal,MTL,-0.07111089611250608,0.6757755632739305,37
subject_605,Vo2max,Horizontal,MTR,-0.47237952417593326,0.0031564458636173616,37
subject_605,Vo2max,Horizontal,SCML,-0.060952196667862356,0.7200695101609114,37
subject_605,Vo2max,Horizontal,SCMR,-0.0406347977785749,0.811270923496511,37
subject_605,Vo2max,Horizontal,STL,-0.12698374305804658,0.45389304448212175,37
subject_605,Vo2max,Horizontal,STR,0.19301528944823076,0.25238647942942294,37
subject_605,Vo2max,Horizontal,UTL,0.26412618556073686,0.11418193951353667,37
subject_605,Vo2max,Horizontal,UTR,-0.48761757334289885,0.0022043558501585988,37
subject_605,WanT,Sagittal,MTL,0.5487169507972522,0.0013918477865172956,31
subject_605,WanT,Sagittal,MTR,0.4379966165117533,0.013724640736789303,31
subject_605,WanT,Sagittal,SCML,0.8709049823670039,1.8862766282082247e-10,31
subject_605,WanT,Sagittal,SCMR,0.4628272797154865,0.008746779927159746,31
subject_605,WanT,Sagittal,STL,-0.7251774835647662,3.935785913619094e-06,31
subject_605,WanT,Sagittal,STR,0.39932591152233277,0.026048246491623094,31
subject_605,WanT,Sagittal,UTL,0.6207665800933307,0.00019454644414726758,31
subject_605,WanT,Sagittal,UTR,0.5226651074359584,0.0025571243755611846,31
subject_605,WanT,Frontal,MTL,0.680129520660993,2.5641952900649958e-05,31
subject_605,WanT,Frontal,MTR,0.657841045129922,5.777306940718255e-05,31
subject_605,WanT,Frontal,SCML,0.6344491797210754,0.0001265807678464052,31
subject_605,WanT,Frontal,SCMR,0.6770400290032208,2.8815828930535576e-05,31
subject_605,WanT,Frontal,STL,-0.547722735327899,0.001425821277372126,31
subject_605,WanT,Frontal,STR,0.7055074878498359,9.305816146983192e-06,31
subject_605,WanT,Frontal,UTL,0.6949149450231884,1.438351257033951e-05,31
subject_605,WanT,Frontal,UTR,0.7004318944120673,1.1491407919944016e-05,31
subject_605,WanT,Horizontal,MTL,-0.4797264008827865,0.006315603370489007,31
subject_605,WanT,Horizontal,MTR,-0.4068565678372999,0.023118883089731333,31
subject_605,WanT,Horizontal,SCML,-0.48159485814036307,0.006086181419585505,31
subject_605,WanT,Horizontal,SCMR,-0.3218417626175656,0.07745972164032656,31
subject_605,WanT,Horizontal,STL,0.16395712435234472,0.37813033494627774,31
subject_605,WanT,Horizontal,STR,-0.4017183103789644,0.025086425113335212,31
subject_605,WanT,Horizontal,UTL,-0.47785794362520995,0.006552351890316896,31
subject_605,WanT,Horizontal,UTR,-0.33912499225014897,0.0619977476714626,31
subject_605,Warmup,Sagittal,MTL,-0.680883765811676,1.5615792899098694e-09,61
subject_605,Warmup,Sagittal,MTR,-0.2467186660134061,0.05526128058049564,61
subject_605,Warmup,Sagittal,SCML,0.23124706624177938,0.07295313638266514,61
subject_605,Warmup,Sagittal,SCMR,0.23815593579497135,0.0645634887844206,61
subject_605,Warmup,Sagittal,STL,-0.07581083888097093,0.5614501125311508,61
subject_605,Warmup,Sagittal,STR,0.16189161898965962,0.21258170986121075,61
subject_605,Warmup,Sagittal,UTL,0.7304195602529016,2.3760297863496615e-11,61
subject_605,Warmup,Sagittal,UTR,-0.1973162474322808,0.12744974115382093,61
subject_605,Warmup,Frontal,MTL,-0.3493314129679811,0.006690547786166354,59
subject_605,Warmup,Frontal,MTR,-0.006236338834617497,0.9626106702231857,59
subject_605,Warmup,Frontal,SCML,-0.19541599884350394,0.13800946326076854,59
subject_605,Warmup,Frontal,SCMR,0.1340491388678091,0.3114434740410359,59
subject_605,Warmup,Frontal,STL,-0.08827312597865797,0.5061585891811891,59
subject_605,Warmup,Frontal,STR,-0.19014404230289944,0.14916940059162592,59
subject_605,Warmup,Frontal,UTL,0.18168962419205203,0.16844488716115716,59
subject_605,Warmup,Frontal,UTR,-0.03407484105512653,0.79779014561747,59
subject_605,Warmup,Horizontal,MTL,0.14052226582285535,0.28421074226643317,60
subject_605,Warmup,Horizontal,MTR,0.08569799966293976,0.5150147305131608,60
subject_605,Warmup,Horizontal,SCML,0.13019983573245034,0.32142342842883037,60
subject_605,Warmup,Horizontal,SCMR,-0.003929384264021255,0.9762291828186141,60
subject_605,Warmup,Horizontal,STL,0.1714271849152765,0.19031250512456724,60
subject_605,Warmup,Horizontal,STR,-0.18745657786533143,0.15150477038044588,60
subject_605,Warmup,Horizontal,UTL,-0.22035737467916022,0.09067634065926317,60
subject_605,Warmup,Horizontal,UTR,0.14488824833843453,0.2693626927675784,60
subject_606,Cooldown,Sagittal,MTL,-0.17120496022333223,0.19089640589660575,60
subject_606,Cooldown,Sagittal,MTR,-0.20697505558099813,0.11257350794296665,60
subject_606,Cooldown,Sagittal,SCML,0.4304850577013753,0.0005963926860850012,60
subject_606,Cooldown,Sagittal,SCMR,0.2001790408565561,0.12514527330734804,60
subject_606,Cooldown,Sagittal,STL,-0.2824593619846222,0.028769249000047133,60
subject_606,Cooldown,Sagittal,STR,-0.45311821388188317,0.00027744743526736344,60
subject_606,Cooldown,Sagittal,UTL,0.06744437826979754,0.6086399082070291,60
subject_606,Cooldown,Sagittal,UTR,0.18400816653455787,0.15931242413696534,60
subject_606,Cooldown,Frontal,MTL,0.16966268861247785,0.1949841696060785,60
subject_606,Cooldown,Frontal,MTR,0.14501894613245314,0.2689263553911313,60
subject_606,Cooldown,Frontal,SCML,-0.02868451806885468,0.8277719014798758,60
subject_606,Cooldown,Frontal,SCMR,0.129155160487417,0.32535471534245197,60
subject_606,Cooldown,Frontal,STL,0.06145969784491995,0.6408635971306623,60
subject_606,Cooldown,Frontal,STR,0.0897950130851103,0.495050612658365,60
subject_606,Cooldown,Frontal,UTL,-0.1439713376464602,0.27243711839651724,60
subject_606,Cooldown,Frontal,UTR,-0.10171779537807772,0.4393228086585827,60
subject_606,Cooldown,Horizontal,MTL,0.057232824449200366,0.6640313017594467,60
subject_606,Cooldown,Horizontal,MTR,0.001168016825493885,0.9929331518244191,60
subject_606,Cooldown,Horizontal,SCML,-0.16936243969661335,0.1957871899179243,60
subject_606,Cooldown,Horizontal,SCMR,-0.19038674255550328,0.1450966238943033,60
subject_606,Cooldown,Horizontal,STL,-0.015184218731420505,0.9083271305481302,60
subject_606,Cooldown,Horizontal,STR,0.13665796858278456,0.29779440472490837,60
subject_606,Cooldown,Horizontal,UTL,0.11329763207290686,0.38873237307895037,60
subject_606,Cooldown,Horizontal,UTR,-0.10395349746895577,0.429278674685098,60
subject_606,Second_threshold,Sagittal,MTL,0.14271353899515046,0.28090884183667436,59
subject_606,Second_threshold,Sagittal,MTR,0.062286504455864866,0.639319376092582,59
subject_606,Second_threshold,Sagittal,SCML,0.36775254009645614,0.004163808184059166,59
subject_606,Second_threshold,Sagittal,SCMR,0.346026091275615,0.007264111542697918,59
subject_606,Second_threshold,Sagittal,STL,0.07403867510791483,0.5773227075884815,59
subject_606,Second_threshold,Sagittal,STR,0.16061299891134967,0.2242884949371333,59
subject_606,Second_threshold,Sagittal,UTL,0.3532581962922612,0.006060963878288358,59
subject_606,Second_threshold,Sagittal,UTR,0.39222116206944224,0.002123607495900531,59
subject_606,Second_threshold,Frontal,MTL,0.01278042968526915,0.9234635454876664,59
subject_606,Second_threshold,Frontal,MTR,0.09798329425373017,0.4603321484091201,59
subject_606,Second_threshold,Frontal,SCML,0.2044868749643064,0.12029102246257534,59
subject_606,Second_threshold,Frontal,SCMR,0.24708830724853692,0.05920306266848665,59
subject_606,Second_threshold,Frontal,STL,0.36637231764438233,0.004318526390491642,59
subject_606,Second_threshold,Frontal,STR,0.3770226757154399,0.003245613974932338,59
subject_606,Second_threshold,Frontal,UTL,0.22791766272063319,0.0825386995958986,59
subject_606,Second_threshold,Frontal,UTR,0.28755966791855586,0.027216255182123405,59
subject_606,Second_threshold,Horizontal,MTL,0.12201052538012513,0.3572727451554346,59
subject_606,Second_threshold,Horizontal,MTR,0.11444398117050497,0.38808627549844066,59
subject_606,Second_threshold,Horizontal,SCML,-0.2667206833891107,0.04114749710594836,59
subject_606,Second_threshold,Horizontal,SCMR,-0.3099130399190258,0.01690853010250966,59
subject_606,Second_threshold,Horizontal,STL,0.0018916360524050407,0.9886552188056705,59
subject_606,Second_threshold,Horizontal,STR,0.08606944038442935,0.5168742597463727,59
subject_606,Second_threshold,Horizontal,UTL,-0.10876907301328984,0.41219771638718516,59
subject_606,Second_threshold,Horizontal,UTR,-0.011980361665231924,0.9282417898589009,59
subject_606,Vo2max,Sagittal,MTL,0.2773374564617215,0.033453330789583735,59
subject_606,Vo2max,Sagittal,MTR,0.298855017738924,0.021490524309502525,59
subject_606,Vo2max,Sagittal,SCML,0.43147285425260157,0.0006450161557582672,59
subject_606,Vo2max,Sagittal,SCMR,0.2841262618029513,0.029192045528918315,59
subject_606,Vo2max,Sagittal,STL,-0.07098729063329502,0.5931533644528479,59
subject_606,Vo2max,Sagittal,STR,0.14985549877140908,0.2572794802537724,59
subject_606,Vo2max,Sagittal,UTL,0.4039339178031777,0.0015104645043289302,59
subject_606,Vo2max,Sagittal,UTR,0.5529924698606165,5.575601530018235e-06,59
subject_606,Vo2max,Frontal,MTL,0.0358767953726371,0.7873406697286397,59
subject_606,Vo2max,Frontal,MTR,-0.3328569348461331,0.009997139587456101,59
subject_606,Vo2max,Frontal,SCML,-0.17340451096774598,0.18904069850509078,59
subject_606,Vo2max,Frontal,SCMR,-0.382685817308129,0.0027775358262266334,59
subject_606,Vo2max,Frontal,STL,-0.20330184044494357,0.12250198003755602,59
subject_606,Vo2max,Frontal,STR,0.09567145432703225,0.4710332050386596,59
subject_606,Vo2max,Frontal,UTL,0.047835727163516126,0.719013435047648,59
subject_606,Vo2max,Frontal,UTR,0.06178781425287501,0.6420093646423267,59
subject_606,Vo2max,Horizontal,MTL,0.0,1.0,59
subject_606,Vo2max,Horizontal,MTR,-0.04515551137829133,0.734159128331322,59
subject_606,Vo2max,Horizontal,SCML,-0.2598394997304446,0.04687337047597248,59
subject_606,Vo2max,Horizontal,SCMR,-0.19265309871776198,0.14377729669805855,59
subject_606,Vo2max,Horizontal,STL,-0.00999983642979462,0.9400805626593892,59
subject_606,Vo2max,Horizontal,STR,-0.13609152391173615,0.30406088954978455,59
subject_606,Vo2max,Horizontal,UTL,-0.09843588985579078,0.4582527810063749,59
subject_606,Vo2max,Horizontal,UTR,-0.1267166772588037,0.33888722008636885,59
subject_606,WanT,Sagittal,MTL,0.23662149094309867,0.1999813750376748,31
subject_606,WanT,Sagittal,MTR,0.359230723706867,0.047174387648098885,31
subject_606,WanT,Sagittal,SCML,0.7845762757654821,1.7539025044479772e-07,31
subject_606,WanT,Sagittal,SCMR,0.8091390602924473,3.5941701493084844e-08,31
subject_606,WanT,Sagittal,STL,0.5776348161257997,0.0006672103377669067,31
subject_606,WanT,Sagittal,STR,0.4024202865001142,0.024809798592412554,31
subject_606,WanT,Sagittal,UTL,0.1031636950132541,0.5807674481525597,31
subject_606,WanT,Sagittal,UTR,0.4609615896227147,0.009058184573064525,31
subject_606,WanT,Frontal,MTL,-0.16389057034380916,0.3783266124550217,31
subject_606,WanT,Frontal,MTR,0.12938729237669144,0.4878587894811576,31
subject_606,WanT,Frontal,SCML,0.11213565339313257,0.5481150224007293,31
subject_606,WanT,Frontal,SCMR,0.10350983390135314,0.5794918853364561,31
subject_606,WanT,Frontal,STL,-0.03450327796711771,0.853804563301,31
subject_606,WanT,Frontal,STR,0.060380736442456,0.7469489777788112,31
subject_606,WanT,Frontal,UTL,0.04312909745889715,0.8178030439036612,31
subject_606,WanT,Frontal,UTR,0.3967876966218537,0.027101474878534305,31
subject_606,WanT,Horizontal,MTL,0.22137781397587547,0.23136600804171112,31
subject_606,WanT,Horizontal,MTR,0.1475852093172503,0.428182985463729,31
subject_606,WanT,Horizontal,SCML,0.18381066978602992,0.32225961330651587,31
subject_606,WanT,Horizontal,SCMR,0.22450840932502927,0.22466528277631106,31
subject_606,WanT,Horizontal,STL,0.18470512560007388,0.31986936242678166,31
subject_606,WanT,Horizontal,STR,0.14042956280489877,0.45115331139154125,31
subject_606,WanT,Horizontal,UTL,0.1144903441976245,0.539690198906559,31
subject_606,WanT,Horizontal,UTR,0.4517001860921903,0.010746277717216736,31
subject_606,Warmup,Sagittal,MTL,-0.32891296096897443,0.009648015543806053,61
subject_606,Warmup,Sagittal,MTR,-0.11601585925968096,0.3732623709170966,61
subject_606,Warmup,Sagittal,SCML,-0.02308562130498014,0.8598242901775663,61
subject_606,Warmup,Sagittal,SCMR,0.2044726458441098,0.1139477201713939,61
subject_606,Warmup,Sagittal,STL,0.04473451370271964,0.7321017368915754,61
subject_606,Warmup,Sagittal,STR,-0.041077385575198036,0.7532778811406423,61
subject_606,Warmup,Sagittal,UTL,0.1361627168907598,0.2954009158103305,61
subject_606,Warmup,Sagittal,UTR,-0.07294664497217203,0.576373181638627,61
subject_606,Warmup,Frontal,MTL,0.08128970193249391,0.533422315460536,61
subject_606,Warmup,Frontal,MTR,0.13444066088835532,0.3016079805168107,61
subject_606,Warmup,Frontal,SCML,0.21573036282084926,0.09496363274163937,61
subject_606,Warmup,Frontal,SCMR,0.16883245785979506,0.1933597661267694,61
subject_606,Warmup,Frontal,STL,0.29702006475334314,0.020096762464158757,61
subject_606,Warmup,Frontal,STR,0.19697120083642755,0.1281301197920933,61
subject_606,Warmup,Frontal,UTL,0.2845139567637287,0.026262921191670265,61
subject_606,Warmup,Frontal,UTR,0.15945287686758422,0.21964437176491103,61
subject_606,Warmup,Horizontal,MTL,0.05865884600854131,0.6533960852107642,61
subject_606,Warmup,Horizontal,MTR,0.10998533626601498,0.398777841958758,61
subject_606,Warmup,Horizontal,SCML,-0.21263831678096226,0.0999128909278898,61
subject_606,Warmup,Horizontal,SCMR,-0.19797360527882696,0.12616111544463332,61
subject_606,Warmup,Horizontal,STL,-0.03666177875533832,0.7790876074746017,61
subject_606,Warmup,Horizontal,STR,-0.1026529805149473,0.4311402434575811,61
subject_606,Warmup,Horizontal,UTL,-0.21263831678096226,0.0999128909278898,61
subject_606,Warmup,Horizontal,UTR,0.11731769201708261,0.3678864451610412,61
subject_607,Cooldown,Sagittal,MTL,0.08691544227519869,0.5053792027617154,61
subject_607,Cooldown,Sagittal,MTR,0.3139102732372461,0.013754251856504621,61
subject_607,Cooldown,Sagittal,SCML,0.021495216906769574,0.8693935767274045,61
subject_607,Cooldown,Sagittal,SCMR,0.34929059920180466,0.0057961768479624885,61
subject_607,Cooldown,Sagittal,STL,-0.31978474245400296,0.01199546838323052,61
subject_607,Cooldown,Sagittal,STR,0.04897171156150981,0.7078139770049084,61
subject_607,Cooldown,Sagittal,UTL,0.10197544517633912,0.43420365771510994,61
subject_607,Cooldown,Sagittal,UTR,0.03505990037091733,0.7885113938963622,61
subject_607,Cooldown,Frontal,MTL,0.04232870021696974,0.7460110313673883,61
subject_607,Cooldown,Frontal,MTR,0.24646921060262242,0.05551597033347605,61
subject_607,Cooldown,Frontal,SCML,0.03098009062893846,0.8126463769135843,61
subject_607,Cooldown,Frontal,SCMR,0.1906673980548383,0.14104976723592497,61
subject_607,Cooldown,Frontal,STL,-0.1412928786149676,0.2774068529949829,61
subject_607,Cooldown,Frontal,STR,0.1903446887774535,0.14173648159308622,61
subject_607,Cooldown,Frontal,UTL,-0.03130279990632323,0.8107306747818112,61
subject_607,Cooldown,Frontal,UTR,0.09608668734131694,0.46133973393735933,61
subject_607,Cooldown,Horizontal,MTL,0.07732523003920592,0.5536341162701831,61
subject_607,Cooldown,Horizontal,MTR,0.00860824017000405,0.9475029801473394,61
subject_607,Cooldown,Horizontal,SCML,-0.09784798947565157,0.45312814557176595,61
subject_607,Cooldown,Horizontal,SCMR,-0.29184614943148685,0.022479522473432063,61
subject_607,Cooldown,Horizontal,STL,-0.1361531689172613,0.2954350995166606,61
subject_607,Cooldown,Horizontal,STR,0.001399956013806887,0.9914565707160558,61
subject_607,Cooldown,Horizontal,UTL,0.29860763911519245,0.019410144253218877,61
subject_607,Cooldown,Horizontal,UTR,-0.2302480848239838,0.07423506751524271,61
subject_607,Second_threshold,Sagittal,MTL,-0.02148692876857556,0.8716747878816328,59
subject_607,Second_threshold,Sagittal,MTR,-0.243454000732239,0.06316070847735693,59
subject_607,Second_threshold,Sagittal,SCML,0.3488238346033618,0.00677596523560971,59
subject_607,Second_threshold,Sagittal,SCMR,0.17589599946887982,0.18266588635303896,59
subject_607,Second_threshold,Sagittal,STL,-0.17679935383152265,0.18039329547053556,59
subject_607,Second_threshold,Sagittal,STR,0.19131754894542502,0.1466290639980349,59
subject_607,Second_threshold,Sagittal,UTL,-0.017228258201830854,0.8969533880645545,59
subject_607,Second_threshold,Sagittal,UTR,0.29400958238442804,0.023807617499300382,59
subject_607,Second_threshold,Frontal,MTL,0.30197293861413144,0.03306475490677041,50
subject_607,Second_threshold,Frontal,MTR,0.43469807424689905,0.0016077783700888125,50
subject_607,Second_threshold,Frontal,SCML,0.07803905060812673,0.5901042278102338,50
subject_607,Second_threshold,Frontal,SCMR,0.009693683827107334,0.9467309499865172,50
subject_607,Second_threshold,Frontal,STL,0.026192529532840524,0.8567164253455609,50
subject_607,Second_threshold,Frontal,STR,0.045677813185308794,0.7527722758195413,50
subject_607,Second_threshold,Frontal,UTL,0.15921141316036894,0.26942716779021747,50
subject_607,Second_threshold,Frontal,UTR,0.3531340477016424,0.011886330293811549,50
subject_607,Second_threshold,Horizontal,MTL,,,59
subject_607,Second_threshold,Horizontal,MTR,,,59
subject_607,Second_threshold,Horizontal,SCML,,,59
subject_607,Second_threshold,Horizontal,SCMR,,,59
subject_607,Second_threshold,Horizontal,STL,,,59
subject_607,Second_threshold,Horizontal,STR,,,59
subject_607,Second_threshold,Horizontal,UTL,,,59
subject_607,Second_threshold,Horizontal,UTR,,,59
subject_607,Vo2max,Sagittal,MTL,0.5789497232866221,0.00033421214813999275,34
subject_607,Vo2max,Sagittal,MTR,0.4010601435058164,0.018736214032272703,34
subject_607,Vo2max,Sagittal,SCML,0.2673734290038776,0.12633595801090244,34
subject_607,Vo2max,Sagittal,SCMR,-0.14246568077683572,0.4215410500966993,34
subject_607,Vo2max,Sagittal,STL,-0.41738594043808086,0.014049693004316542,34
subject_607,Vo2max,Sagittal,STR,-0.17219095254973227,0.3301653369253778,34
subject_607,Vo2max,Sagittal,UTL,0.1741931729282175,0.3244867464261529,34
subject_607,Vo2max,Sagittal,UTR,0.42539482195202194,0.012138108823424207,34
subject_607,Vo2max,Horizontal,MTL,-0.1651445647689541,0.3506330594631833,34
subject_607,Vo2max,Horizontal,MTR,0.031456107575038875,0.8598211062071297,34
subject_607,Vo2max,Horizontal,SCML,-0.047184161362558305,0.7910209458549159,34
subject_607,Vo2max,Horizontal,SCMR,-0.20446469923775268,0.24607562523056786,34
subject_607,Vo2max,Horizontal,STL,0.15728053787519436,0.3743584635924664,34
subject_607,Vo2max,Horizontal,STR,0.37747329090046644,0.02774719852087036,34
subject_607,Vo2max,Horizontal,UTL,0.10223234961887634,0.5650711117021746,34
subject_607,Vo2max,Horizontal,UTR,-0.38533731779422614,0.024414275525750595,34
subject_607,WanT,Sagittal,MTL,0.8011424865508272,6.16707998819154e-08,31
subject_607,WanT,Sagittal,MTR,0.6913998148729638,1.6553063841360006e-05,31
subject_607,WanT,Sagittal,SCML,0.8152012991749512,2.346686134781361e-08,31
subject_607,WanT,Sagittal,SCMR,0.2018593693195117,0.2761637007003836,31
subject_607,WanT,Sagittal,STL,-0.5992831172313156,0.0003674007984673564,31
subject_607,WanT,Sagittal,STR,0.49331743998978383,0.004802722154426925,31
subject_607,WanT,Sagittal,UTL,0.7440679039573687,1.6039209777608486e-06,31
subject_607,WanT,Sagittal,UTR,0.7130126163697514,6.7570957332447635e-06,31
subject_607,WanT,Frontal,MTL,-0.6830557937616107,0.00023465448361259392,24
subject_607,WanT,Frontal,MTR,-0.6794912495019286,0.00026041249382745133,24
subject_607,WanT,Frontal,SCML,-0.3444240890917973,0.09932685484042847,24
subject_607,WanT,Frontal,SCMR,-0.32793807189076685,0.11771875095047528,24
subject_607,WanT,Frontal,STL,0.20496129493172927,0.3366774804270169,24
subject_607,WanT,Frontal,STR,-0.29273819732640466,0.16507853429775027,24
subject_607,WanT,Frontal,UTL,-0.4821046111220241,0.017046293586084105,24
subject_607,WanT,Frontal,UTR,-0.3475430653190192,0.09610192749113373,24
subject_607,WanT,Horizontal,MTL,0.2559290968413601,0.16463016904451977,31
subject_607,WanT,Horizontal,MTR,0.29671021907706346,0.10504694403790053,31
subject_607,WanT,Horizontal,SCML,0.5226596801127174,0.002557435745551113,31
subject_607,WanT,Horizontal,SCMR,-0.2665101447727858,0.1472679477002642,31
subject_607,WanT,Horizontal,STL,-0.5702743958041331,0.0008097030556213513,31
subject_607,WanT,Horizontal,STR,0.25284295786136096,0.16995831130293862,31
subject_607,WanT,Horizontal,UTL,0.42985507221417074,0.015800483119495633,31
subject_607,WanT,Horizontal,UTR,0.4979705682727239,0.004361787478044099,31
subject_607,Warmup,Sagittal,MTL,-0.31416227043204853,0.013674486483573013,61
subject_607,Warmup,Sagittal,MTR,-0.2763699368176072,0.03107987335800414,61
subject_607,Warmup,Sagittal,SCML,0.10614246840855943,0.41555755723917903,61
subject_607,Warmup,Sagittal,SCMR,0.37346923968271106,0.0030305416602180394,61
subject_607,Warmup,Sagittal,STL,-0.4859824157577049,7.17259096127933e-05,61
subject_607,Warmup,Sagittal,STR,-0.29237768955572413,0.022224188754972424,61
subject_607,Warmup,Sagittal,UTL,0.2325308298248553,0.071331742150923,61
subject_607,Warmup,Sagittal,UTR,0.35878421862109955,0.004519524827127485,61
subject_607,Warmup,Frontal,MTL,-0.11350572844347519,0.5890423013300181,25
subject_607,Warmup,Frontal,MTR,0.07372021538081378,0.7261832486140114,25
subject_607,Warmup,Frontal,SCML,0.1314482147266362,0.5311051897392227,25
subject_607,Warmup,Frontal,SCMR,0.019112648432062833,0.9277478610424449,25
subject_607,Warmup,Frontal,STL,0.20360821390891426,0.3289663581738323,25
subject_607,Warmup,Frontal,STR,0.031594378020348764,0.8808266779778807,25
subject_607,Warmup,Frontal,UTL,-0.11935653918798422,0.5698533701445204,25
subject_607,Warmup,Frontal,UTR,-0.20672864630598572,0.3214468577057122,25
subject_607,Warmup,Horizontal,MTL,0.1259384102365638,0.3334843855779041,61
subject_607,Warmup,Horizontal,MTR,0.16180055111943556,0.21284253764343586,61
subject_607,Warmup,Horizontal,SCML,-0.26155791484291696,0.04173361289999511,61
subject_607,Warmup,Horizontal,SCMR,-0.0019362188739578655,0.9881841516993469,61
subject_607,Warmup,Horizontal,STL,0.0639794062699121,0.6242330367912684,61
subject_607,Warmup,Horizontal,STR,0.08628801503507881,0.5084688613976104,61
subject_607,Warmup,Horizontal,UTL,-0.301713410620217,0.01812452233737277,61
subject_607,Warmup,Horizontal,UTR,0.026349413371687478,0.8402505673829439,61
subject_608,Cooldown,Sagittal,MTL,-0.3076721569690028,0.015860451239368082,61
subject_608,Cooldown,Sagittal,MTR,-0.3098140323254326,0.015108099466681818,61
subject_608,Cooldown,Sagittal,SCML,0.3718625138047763,0.003168837428612706,61
subject_608,Cooldown,Sagittal,SCMR,0.40422130765114667,0.0012342969895348529,61
subject_608,Cooldown,Sagittal,STL,0.047516680984181416,0.7161230800810374,61
subject_608,Cooldown,Sagittal,STR,-0.3659311666638937,0.003729145302105569,61
subject_608,Cooldown,Sagittal,UTL,0.07447135854663663,0.5684064061210975,61
subject_608,Cooldown,Sagittal,UTR,-0.41011970286346877,0.0010286758229148395,61
subject_608,Cooldown,Frontal,MTL,-0.07062127498044538,0.5886212939920875,61
subject_608,Cooldown,Frontal,MTR,-0.47902192622380463,9.405891860169251e-05,61
subject_608,Cooldown,Frontal,SCML,0.28040956885604124,0.028605506976672457,61
subject_608,Cooldown,Frontal,SCMR,0.06798694708931348,0.602636448357541,61
subject_608,Cooldown,Frontal,STL,0.11984861436018311,0.3575702985450371,61
subject_608,Cooldown,Frontal,STR,-0.2655881482968445,0.03857338813114061,61
subject_608,Cooldown,Frontal,UTL,-0.10840658412597381,0.4056227407028172,61
subject_608,Cooldown,Frontal,UTR,-0.3958144179857291,0.0015913496459691687,61
subject_608,Cooldown,Horizontal,MTL,0.2135585522583581,0.1013422072771776,60
subject_608,Cooldown,Horizontal,MTR,0.15229603561281557,0.24537541238114569,60
subject_608,Cooldown,Horizontal,SCML,-0.09112568925309886,0.4886542071463073,60
subject_608,Cooldown,Horizontal,SCMR,-0.20563190767734008,0.11497797198711612,60
subject_608,Cooldown,Horizontal,STL,0.015085203446821153,0.9089223795608028,60
subject_608,Cooldown,Horizontal,STR,0.2653889763210613,0.040427104539203874,60
subject_608,Cooldown,Horizontal,UTL,-0.0012596605729524792,0.9923786958003196,60
subject_608,Cooldown,Horizontal,UTR,0.21208382768514547,0.10377924080258533,60
subject_608,Second_threshold,Sagittal,MTL,-0.10874249220097879,0.4123126476466123,59
subject_608,Second_threshold,Sagittal,MTR,0.22233358875901227,0.09055200365962812,59
subject_608,Second_threshold,Sagittal,SCML,-0.17926460660807111,0.1742955559436651,59
subject_608,Second_threshold,Sagittal,SCMR,-0.23002447842882318,0.07966495937056085,59
subject_608,Second_threshold,Sagittal,STL,0.40724932734185754,0.0013685274629614652,59
subject_608,Second_threshold,Sagittal,STR,0.3996921922749998,0.0017112374664908247,59
subject_608,Second_threshold,Sagittal,UTL,0.3934057259361978,0.0020528193140810346,59
subject_608,Second_threshold,Sagittal,UTR,0.22193232495015258,0.09115049562478564,59
subject_608,Second_threshold,Frontal,MTL,0.05948560366200121,0.6544866509030075,59
subject_608,Second_threshold,Frontal,MTR,0.18652667841546214,0.15720573643654284,59
subject_608,Second_threshold,Frontal,SCML,0.3508018841394026,0.006448385845357329,59
subject_608,Second_threshold,Frontal,SCMR,0.32291337169936213,0.012613624425063356,59
subject_608,Second_threshold,Frontal,STL,0.18053361510387897,0.17121575319115148,59
subject_608,Second_threshold,Frontal,STR,0.04809284964394212,0.7175659797668679,59
subject_608,Second_threshold,Frontal,UTL,0.13113534572870092,0.322173366887579,59
subject_608,Second_threshold,Frontal,UTR,0.08072834292484053,0.5433121228688312,59
subject_608,Second_threshold,Horizontal,MTL,0.026242302298948406,0.843599008918931,59
subject_608,Second_threshold,Horizontal,MTR,-0.15203270660824975,0.25035139903228154,59
subject_608,Second_threshold,Horizontal,SCML,-0.16801979340353018,0.20336018822951776,59
subject_608,Second_threshold,Horizontal,SCMR,-0.08207625337447415,0.5365787862652506,59
subject_608,Second_threshold,Horizontal,STL,-0.18783963750826224,0.15425274495073743,59
subject_608,Second_threshold,Horizontal,STR,-0.09219335149762137,0.4873811682677438,59
subject_608,Second_threshold,Horizontal,UTL,-0.09837410427592631,0.4585363408977447,59
subject_608,Second_threshold,Horizontal,UTR,-0.16363456657199538,0.21557693216713558,59
subject_608,Vo2max,Sagittal,MTL,0.5159275019165183,0.05895681330882279,14
subject_608,Vo2max,Sagittal,MTR,0.16509680061328583,0.5727294159695314,14
subject_608,Vo2max,Sagittal,SCML,0.529685568634292,0.05140864707024541,14
subject_608,Vo2max,Sagittal,SCMR,0.7498146361186732,0.002014248306065121,14
subject_608,Vo2max,Sagittal,STL,-0.2545242342788156,0.3798652201955174,14
subject_608,Vo2max,Sagittal,STR,-0.48382534624171253,0.07961560843154973,14
subject_608,Vo2max,Sagittal,UTL,0.681024302529804,0.007331086042469762,14
subject_608,Vo2max,Sagittal,UTR,0.7521076472383021,0.0019163809295709828,14
subject_608,Vo2max,Frontal,MTL,0.037693519612811706,0.8982036780676191,14
subject_608,Vo2max,Frontal,MTR,0.20495851289466363,0.4821159492125794,14
subject_608,Vo2max,Frontal,SCML,-0.056540279419217555,0.8477560603289227,14
subject_608,Vo2max,Frontal,SCMR,-0.5630469492163749,0.03604425910325365,14
subject_608,Vo2max,Frontal,STL,0.09894548898363072,0.736470970213185,14
subject_608,Vo2max,Frontal,STR,0.23322865260427242,0.4222870818767229,14
subject_608,Vo2max,Frontal,UTL,-0.19553513299146072,0.5029043709614001,14
subject_608,Vo2max,Frontal,UTR,-0.2073143578704644,0.47698319065313655,14
subject_608,Vo2max,Horizontal,MTL,-0.09944903161976938,0.7351736232069884,14
subject_608,Vo2max,Horizontal,MTR,0.06629935441317958,0.8218334930614787,14
subject_608,Vo2max,Horizontal,SCML,-0.331496772065898,0.24693849714183252,14
subject_608,Vo2max,Horizontal,SCMR,0.13259870882635916,0.6513506353785156,14
subject_608,Vo2max,Horizontal,STL,-0.03314967720658979,0.9104269251823802,14
subject_608,Vo2max,Horizontal,STR,0.13259870882635916,0.6513506353785156,14
subject_608,Vo2max,Horizontal,UTL,-0.331496772065898,0.24693849714183252,14
subject_608,Vo2max,Horizontal,UTR,-0.29834709485930816,0.30016726299291074,14
subject_608,WanT,Sagittal,MTL,0.41828341638243516,0.019195307608125316,31
subject_608,WanT,Sagittal,MTR,0.5428215398624417,0.0016040883550339944,31
subject_608,WanT,Sagittal,SCML,0.926522469063652,7.697058966762221e-14,31
subject_608,WanT,Sagittal,SCMR,0.8594159760810368,6.01164104023426e-10,31
subject_608,WanT,Sagittal,STL,0.4641875511527516,0.008525485756979066,31
subject_608,WanT,Sagittal,STR,0.5658765313165917,0.0009070338401132666,31
subject_608,WanT,Sagittal,UTL,0.8046603713774307,4.877998184298377e-08,31
subject_608,WanT,Sagittal,UTR,0.7984849272379263,7.339895780612966e-08,31
subject_608,WanT,Frontal,MTL,0.4727318650175532,0.007241014058421777,31
subject_608,WanT,Frontal,MTR,0.3934390887554682,0.02854395768579103,31
subject_608,WanT,Frontal,SCML,0.5518085846685699,0.0012906744399548283,31
subject_608,WanT,Frontal,SCMR,0.5617471887777141,0.0010076099091421106,31
subject_608,WanT,Frontal,STL,0.4720836951843482,0.007332318918428688,31
subject_608,WanT,Frontal,STR,0.336184086822355,0.06444215004210833,31
subject_608,WanT,Frontal,UTL,0.5731981891643366,0.0007501862575498756,31
subject_608,WanT,Frontal,UTR,0.6460092670943712,8.661153273090408e-05,31
subject_608,WanT,Horizontal,MTL,-0.2535803529292147,0.1686742293957906,31
subject_608,WanT,Horizontal,MTR,-0.03187075473973737,0.8648530777439756,31
subject_608,WanT,Horizontal,SCML,0.0,1.0,31
subject_608,WanT,Horizontal,SCMR,-0.1371828138797391,0.46178926958295885,31
subject_608,WanT,Horizontal,STL,-0.16212514367605527,0.3835547797168969,31
subject_608,WanT,Horizontal,STR,0.05127034458131663,0.7841534373973169,31
subject_608,WanT,Horizontal,UTL,-0.02355664480763197,0.8999019229953757,31
subject_608,WanT,Horizontal,UTR,-0.22309528317816155,0.22767348632950885,31
subject_608,Warmup,Sagittal,MTL,0.02131379846074741,0.8704863631629394,61
subject_608,Warmup,Sagittal,MTR,0.2761877096087674,0.031195582941594028,61
subject_608,Warmup,Sagittal,SCML,0.25763521297289416,0.04501161166815379,61
subject_608,Warmup,Sagittal,SCMR,0.3654410383856894,0.003779149751665898,61
subject_608,Warmup,Sagittal,STL,0.07006803380618178,0.5915524587078241,61
subject_608,Warmup,Sagittal,STR,0.2455832810497455,0.05642820114087662,61
subject_608,Warmup,Sagittal,UTL,0.09549502144356466,0.46411627715920317,61
subject_608,Warmup,Sagittal,UTR,0.006989545244212713,0.9573643077443905,61
subject_608,Warmup,Frontal,MTL,-0.06592565087252181,0.6137039247241424,61
subject_608,Warmup,Frontal,MTR,0.21134988073837874,0.10203342828268766,61
subject_608,Warmup,Frontal,SCML,0.29084845973171386,0.02296548901626977,61
subject_608,Warmup,Frontal,SCMR,0.3335062338256986,0.008625714482442249,61
subject_608,Warmup,Frontal,STL,-0.19002099369138636,0.14242780449072148,61
subject_608,Warmup,Frontal,STR,0.21716684993301302,0.09273043510048777,61
subject_608,Warmup,Frontal,UTL,0.08337655845642465,0.5229310750449476,61
subject_608,Warmup,Frontal,UTR,-0.01745090758390283,0.893808724930786,61
subject_608,Warmup,Horizontal,MTL,-0.007332355751067663,0.9552752751861758,61
subject_608,Warmup,Horizontal,MTR,0.08798826901281195,0.5001186565924594,61
subject_608,Warmup,Horizontal,SCML,0.15397947077242094,0.23608855414625218,61
subject_608,Warmup,Horizontal,SCMR,-0.13198240351921794,0.3106141553136573,61
subject_608,Warmup,Horizontal,STL,-0.21997067253202995,0.08849005779876372,61
subject_608,Warmup,Horizontal,STR,-0.07332355751067664,0.5743990085561348,61
subject_608,Warmup,Horizontal,UTL,0.1759765380256239,0.1749081707493276,61
subject_608,Warmup,Horizontal,UTR,0.11731769201708261,0.3678864451610412,61
subject_609,Cooldown,Sagittal,MTL,-0.0961665831426314,0.46096549670468223,61
subject_609,Cooldown,Sagittal,MTR,-0.4161972344497462,0.0008496107996092864,61
subject_609,Cooldown,Sagittal,SCML,0.3320881535485765,0.008930760601439795,61
subject_609,Cooldown,Sagittal,SCMR,0.4888623585774933,6.400589058709365e-05,61
subject_609,Cooldown,Sagittal,STL,0.07949415194592,0.5425312647141163,61
subject_609,Cooldown,Sagittal,STR,-0.5995939776135717,3.2883502721705975e-07,61
subject_609,Cooldown,Sagittal,UTL,0.15573384532224194,0.2307279293742761,61
subject_609,Cooldown,Sagittal,UTR,0.4275878394433395,0.0005879168012132978,61
subject_609,Cooldown,Frontal,MTL,0.046897904961054185,0.7196666817763426,61
subject_609,Cooldown,Frontal,MTR,-0.17195898485719865,0.18512027293065486,61
subject_609,Cooldown,Frontal,SCML,0.3939424016728551,0.0016824827787277358,61
subject_609,Cooldown,Frontal,SCMR,0.41895461765208397,0.0007780764197384092,61
subject_609,Cooldown,Frontal,STL,0.28764048376113227,0.024588741409205018,61
subject_609,Cooldown,Frontal,STR,-0.20947730882604199,0.10517736471087297,61
subject_609,Cooldown,Frontal,UTL,-0.0031265269974036117,0.9809213439474119,61
subject_609,Cooldown,Frontal,UTR,-0.01563263498701806,0.9048189010631439,61
subject_609,Cooldown,Horizontal,MTL,0.11490163945541636,0.3779009740643995,61
subject_609,Cooldown,Horizontal,MTR,0.20983166212061358,0.10457675119912017,61
subject_609,Cooldown,Horizontal,SCML,-0.44243039100063997,0.00035677302346018183,61
subject_609,Cooldown,Horizontal,SCMR,-0.44346787758714484,0.00034423632940420616,61
subject_609,Cooldown,Horizontal,STL,-0.2841848674867972,0.026444594236936177,61
subject_609,Cooldown,Horizontal,STR,0.4320267060637437,0.0005075437975034438,61
subject_609,Cooldown,Horizontal,UTL,-0.09573695667692328,0.46297984039506074,61
subject_609,Cooldown,Horizontal,UTR,-0.34193828746890265,0.0069925250876938586,61
subject_609,Second_threshold,Sagittal,MTL,-0.19447569927616973,0.13995261306968987,59
subject_609,Second_threshold,Sagittal,MTR,-0.17528138762725373,0.18422384462472882,59
subject_609,Second_threshold,Sagittal,SCML,0.4683945217659084,0.00018307839760922995,59
subject_609,Second_threshold,Sagittal,SCMR,-0.07291172549970175,0.5831467648771707,59
subject_609,Second_threshold,Sagittal,STL,-0.15888624642713797,0.22937547867478503,59
subject_609,Second_threshold,Sagittal,STR,-0.31284062111115163,0.015845544676631764,59
subject_609,Second_threshold,Sagittal,UTL,-0.20450606005103725,0.12025548006333242,59
subject_609,Second_threshold,Sagittal,UTR,-0.2539247478554512,0.0523021062943768,59
subject_609,Second_threshold,Frontal,MTL,0.32177715491252,0.012947172376107463,59
subject_609,Second_threshold,Frontal,MTR,0.22812559490066722,0.08225148852968343,59
subject_609,Second_threshold,Frontal,SCML,-0.12727006873405644,0.336764830841368,59
subject_609,Second_threshold,Frontal,SCMR,0.0648356953928212,0.625641393449568,59
subject_609,Second_threshold,Frontal,STL,0.21611898464273735,0.10017289218477349,59
subject_609,Second_threshold,Frontal,STR,0.43463929133706064,0.0005821709535185523,59
subject_609,Second_threshold,Frontal,UTL,0.004802644103171941,0.971202063190486,59
subject_609,Second_threshold,Frontal,UTR,0.3601983077378956,0.0050744330288544455,59
subject_609,Second_threshold,Horizontal,MTL,,,59
subject_609,Second_threshold,Horizontal,MTR,,,59
subject_609,Second_threshold,Horizontal,SCML,,,59
subject_609,Second_threshold,Horizontal,SCMR,,,59
subject_609,Second_threshold,Horizontal,STL,,,59
subject_609,Second_threshold,Horizontal,STR,,,59
subject_609,Second_threshold,Horizontal,UTL,,,59
subject_609,Second_threshold,Horizontal,UTR,,,59
subject_609,Vo2max,Sagittal,MTL,0.14705471725373134,0.2663806412482953,59
subject_609,Vo2max,Sagittal,MTR,0.1337455622787995,0.3125505477090077,59
subject_609,Vo2max,Sagittal,SCML,0.42190348276798795,0.0008740275584209953,59
subject_609,Vo2max,Sagittal,SCMR,0.3991438467420602,0.0017388638291893155,59
subject_609,Vo2max,Sagittal,STL,-0.011216314880593697,0.9328072594151737,59
subject_609,Vo2max,Sagittal,STR,-0.19528814130293165,0.13827248818258134,59
subject_609,Vo2max,Sagittal,UTL,0.030476983873799785,0.8187581210969769,59
subject_609,Vo2max,Sagittal,UTR,0.3025134955112894,0.019870287825607368,59
subject_609,Vo2max,Frontal,MTL,0.21442250696755902,0.10293238999038014,59
subject_609,Vo2max,Frontal,MTR,0.2430121745632335,0.06365602045236055,59
subject_609,Vo2max,Frontal,SCML,0.3144863435524199,0.015273503065572715,59
subject_609,Vo2max,Frontal,SCMR,0.25015959146215216,0.05601691811562183,59
subject_609,Vo2max,Frontal,STL,0.14652204642783198,0.2681356649447166,59
subject_609,Vo2max,Frontal,STR,-0.2358647576643149,0.07211120879510025,59
subject_609,Vo2max,Frontal,UTL,0.0821952943375643,0.5359861002870885,59
subject_609,Vo2max,Frontal,UTR,0.24658588301269288,0.05973794286927672,59
subject_609,Vo2max,Horizontal,MTL,,,59
subject_609,Vo2max,Horizontal,MTR,,,59
subject_609,Vo2max,Horizontal,SCML,,,59
subject_609,Vo2max,Horizontal,SCMR,,,59
subject_609,Vo2max,Horizontal,STL,,,59
subject_609,Vo2max,Horizontal,STR,,,59
subject_609,Vo2max,Horizontal,UTL,,,59
subject_609,Vo2max,Horizontal,UTR,,,59
subject_609,WanT,Sagittal,MTL,0.6768932007331041,2.8975095856530795e-05,31
subject_609,WanT,Sagittal,MTR,0.5695561194417935,0.0008249435795526515,31
subject_609,WanT,Sagittal,SCML,0.4009415361656516,0.02539546839403681,31
subject_609,WanT,Sagittal,SCMR,0.8181155231882122,1.9012942432867335e-08,31
subject_609,WanT,Sagittal,STL,0.6884588219686517,1.8590151535316633e-05,31
subject_609,WanT,Sagittal,STR,0.15725186767630564,0.39820233483977874,31
subject_609,WanT,Sagittal,UTL,0.8501746136306073,1.4217921999131365e-09,31
subject_609,WanT,Sagittal,UTR,0.7834186594815691,1.880388688933607e-07,31
subject_609,WanT,Frontal,MTL,-0.38536751151669124,0.032279485009485756,31
subject_609,WanT,Frontal,MTR,-0.462347704495207,0.008825948604305196,31
subject_609,WanT,Frontal,SCML,0.5421271772183961,0.0016308514396391317,31
subject_609,WanT,Frontal,SCMR,0.12293503545356917,0.509991047301726,31
subject_609,WanT,Frontal,STL,-0.16842333130451034,0.3650949778710979,31
subject_609,WanT,Frontal,STR,-0.22440892619797637,0.2248761736903616,31
subject_609,WanT,Frontal,UTL,-0.08001274603524522,0.6687442261205948,31
subject_609,WanT,Frontal,UTR,-0.21041252747460987,0.255889261903468,31
subject_609,WanT,Horizontal,MTL,-0.11695580383045467,0.5309354167755345,31
subject_609,WanT,Horizontal,MTR,0.027846619959632064,0.8817898732325082,31
subject_609,WanT,Horizontal,SCML,-0.5290857792330091,0.002210969686216277,31
subject_609,WanT,Horizontal,SCMR,-0.634902935079611,0.00012474548447261965,31
subject_609,WanT,Horizontal,STL,-0.05569323991926413,0.7660275307979536,31
subject_609,WanT,Horizontal,STR,0.4901005112895243,0.005129413137380228,31
subject_609,WanT,Horizontal,UTL,-0.4622538913298923,0.008841506009957987,31
subject_609,WanT,Horizontal,UTR,-0.33415943951558474,0.06616830265122699,31
subject_609,Warmup,Sagittal,MTL,-0.17872661474180118,0.1681580803425608,61
subject_609,Warmup,Sagittal,MTR,0.03837741516156036,0.7690295944712175,61
subject_609,Warmup,Sagittal,SCML,-0.09238469357589853,0.4788602804607577,61
subject_609,Warmup,Sagittal,SCMR,-0.015077879234557024,0.9081817603170482,61
subject_609,Warmup,Sagittal,STL,-0.3917052904037232,0.0017975043573964082,61
subject_609,Warmup,Sagittal,STR,-0.09880513926151914,0.4486996407053496,61
subject_609,Warmup,Sagittal,UTL,-0.03160834799074767,0.8089178639567971,61
subject_609,Warmup,Sagittal,UTR,-0.14769930255970695,0.2559787383454589,61
subject_609,Warmup,Frontal,MTL,-0.03772465911208926,0.7728520500008549,61
subject_609,Warmup,Frontal,MTR,0.11568895461040707,0.37461973206536,61
subject_609,Warmup,Frontal,SCML,-0.11317397733626777,0.3851614446291679,61
subject_609,Warmup,Frontal,SCMR,-0.14838365917421775,0.2537578569335786,61
subject_609,Warmup,Frontal,STL,0.03269470456381069,0.8024806819639502,61
subject_609,Warmup,Frontal,STR,0.02514977274139284,0.8474345655394128,61
subject_609,Warmup,Frontal,UTL,-0.1559285909966356,0.2301381094614656,61
subject_609,Warmup,Frontal,UTR,-0.07041936367589995,0.5896902965843098,61
subject_609,Warmup,Horizontal,MTL,-0.13546698476229896,0.2978985379541688,61
subject_609,Warmup,Horizontal,MTR,0.0016683126202253565,0.9898189662636906,61
subject_609,Warmup,Horizontal,SCML,0.11361208943734676,0.383312470521445,61
subject_609,Warmup,Horizontal,SCMR,-0.06689933607103679,0.6084651341763837,61
subject_609,Warmup,Horizontal,STL,-0.006005925432811283,0.9633598656908388,61
subject_609,Warmup,Horizontal,STR,0.18351438822478922,0.15686439849654757,61
subject_609,Warmup,Horizontal,UTL,0.024857858041357813,0.8491845780492775,61
subject_609,Warmup,Horizontal,UTR,0.1848490383209695,0.1538183906249091,61
subject_610,Cooldown,Sagittal,MTL,-0.08777961527504713,0.5011395563558595,61
subject_610,Cooldown,Sagittal,MTR,-0.11783286750406723,0.36577206558741304,61
subject_610,Cooldown,Sagittal,SCML,0.11037509107975918,0.3970984955431284,61
subject_610,Cooldown,Sagittal,SCMR,0.13414476998106442,0.30268295875062656,61
subject_610,Cooldown,Sagittal,STL,-0.2578803881869244,0.04480071557430094,61
subject_610,Cooldown,Sagittal,STR,0.30437248376824905,0.017082233384126025,61
subject_610,Cooldown,Sagittal,UTL,-0.19577456494279308,0.13051102659229386,61
subject_610,Cooldown,Sagittal,UTR,-0.23217486093718176,0.07177842027776397,61
subject_610,Cooldown,Frontal,MTL,-0.05080005080007619,0.6974210246258341,61
subject_610,Cooldown,Frontal,MTR,0.10160010160015238,0.43590599972556177,61
subject_610,Cooldown,Frontal,SCML,-0.05291671958341271,0.6854579277552743,61
subject_610,Cooldown,Frontal,SCMR,-0.2328335661670159,0.07095361048667545,61
subject_610,Cooldown,Frontal,STL,0.057150057150085726,0.661763325999796,61
subject_610,Cooldown,Frontal,STR,-0.2984502984504476,0.01947728968212291,61
subject_610,Cooldown,Frontal,UTL,0.12488345821685398,0.3375820929759586,61
subject_610,Cooldown,Frontal,UTR,0.2328335661670159,0.07095361048667545,61
subject_610,Cooldown,Horizontal,MTL,-0.1456952568435469,0.2625577997441813,61
subject_610,Cooldown,Horizontal,MTR,-0.13667760116930222,0.2935613464077791,61
subject_610,Cooldown,Horizontal,SCML,-0.13959330983730803,0.28328567376830005,61
subject_610,Cooldown,Horizontal,SCMR,0.03459773893685218,0.7912359512326593,61
subject_610,Cooldown,Horizontal,STL,0.03673191744642342,0.7786756956868818,61
subject_610,Cooldown,Horizontal,STR,0.1179208773668732,0.3654115966131508,61
subject_610,Cooldown,Horizontal,UTL,-0.2665919605829209,0.037817874933289176,61
subject_610,Cooldown,Horizontal,UTR,-0.33566720304763537,0.008178313226597183,61
subject_610,Second_threshold,Sagittal,MTL,-0.0841484579116806,0.5263076727779213,59
subject_610,Second_threshold,Sagittal,MTR,-0.11622986561606086,0.3806751408025532,59
subject_610,Second_threshold,Sagittal,SCML,-0.04543586928467249,0.7325700082930806,59
subject_610,Second_threshold,Sagittal,SCMR,0.006600481010949044,0.960429188289805,59
subject_610,Second_threshold,Sagittal,STL,-0.286368776140152,0.027888442382509926,59
subject_610,Second_threshold,Sagittal,STR,0.3143363956795686,0.015324880610271922,59
subject_610,Second_threshold,Sagittal,UTL,0.13357531571460135,0.3131725005290471,59
subject_610,Second_threshold,Sagittal,UTR,-0.019279544534306976,0.8847630767804441,59
subject_610,Second_threshold,Frontal,MTL,-0.250016902741644,0.05616179876046463,59
subject_610,Second_threshold,Frontal,MTR,-0.125008451370822,0.34549123218191524,59
subject_610,Second_threshold,Frontal,SCML,0.13663714452159617,0.30210795333962914,59
subject_610,Second_threshold,Frontal,SCMR,0.09884389178158019,0.4563826948767976,59
subject_610,Second_threshold,Frontal,STL,0.24420255616625697,0.06232861569987644,59
subject_610,Second_threshold,Frontal,STR,-0.1657088773985315,0.20973551296047882,59
subject_610,Second_threshold,Frontal,UTL,-0.09302954520619312,0.48342383191214017,59
subject_610,Second_threshold,Frontal,UTR,-0.034886079452322416,0.7930813152224745,59
subject_610,Second_threshold,Horizontal,MTL,0.16192216388791583,0.22048440726166119,59
subject_610,Second_threshold,Horizontal,MTR,0.08481637156033688,0.5230180510572053,59
subject_610,Second_threshold,Horizontal,SCML,-0.16192216388791583,0.22048440726166119,59
subject_610,Second_threshold,Horizontal,SCMR,-0.053974054629305275,0.6847364979562116,59
subject_610,Second_threshold,Horizontal,STL,0.1927644808189474,0.14354134891029421,59
subject_610,Second_threshold,Horizontal,STR,0.007710579232757897,0.9537807223394827,59
subject_610,Second_threshold,Horizontal,UTL,-0.223606797749979,0.08867334385123035,59
subject_610,Second_threshold,Horizontal,UTR,-0.17734332235343164,0.1790347207135418,59
subject_610,Vo2max,Sagittal,MTL,-0.7652441518328653,0.0023016282205184173,13
subject_610,Vo2max,Sagittal,MTR,-0.26641833434181234,0.3789377436547742,13
subject_610,Vo2max,Sagittal,SCML,0.4308041151059093,0.14166627847167013,13
subject_610,Vo2max,Sagittal,SCMR,0.7737468646310083,0.0019125998240601223,13
subject_610,Vo2max,Sagittal,STL,-0.18989391915852583,0.5343496225736797,13
subject_610,Vo2max,Sagittal,STR,0.5186654806867198,0.06936151809305054,13
subject_610,Vo2max,Sagittal,UTL,0.3712851255189087,0.21164698406559881,13
subject_610,Vo2max,Sagittal,UTR,0.3514454623232418,0.2389895947432201,13
subject_610,Vo2max,Frontal,MTL,0.7172648495980158,0.005783909392561681,13
subject_610,Vo2max,Frontal,MTR,0.24359938288234503,0.4225510722711446,13
subject_610,Vo2max,Frontal,SCML,-0.081199794294115,0.7920074492386101,13
subject_610,Vo2max,Frontal,SCMR,-0.6766649524509584,0.011086264319289075,13
subject_610,Vo2max,Frontal,STL,0.43306556956861336,0.1393562658790184,13
subject_610,Vo2max,Frontal,STR,-0.43306556956861336,0.1393562658790184,13
subject_610,Vo2max,Frontal,UTL,-0.5819318591078242,0.03693644898437288,13
subject_610,Vo2max,Frontal,UTR,-0.2571326819313642,0.39639002044163957,13
subject_610,Vo2max,Horizontal,MTL,-0.1543033499620919,0.6147373473434844,13
subject_610,Vo2max,Horizontal,MTR,-0.4629100498862757,0.11117295276905712,13
subject_610,Vo2max,Horizontal,SCML,-0.23145502494313785,0.4467415966241965,13
subject_610,Vo2max,Horizontal,SCMR,0.3857583749052298,0.19297758301955473,13
subject_610,Vo2max,Horizontal,STL,0.07715167498104596,0.8021872773938725,13
subject_610,Vo2max,Horizontal,STR,0.1543033499620919,0.6147373473434844,13
subject_610,Vo2max,Horizontal,UTL,0.3086066999241838,0.3049372317414359,13
subject_610,Vo2max,Horizontal,UTR,0.07715167498104596,0.8021872773938725,13
subject_610,WanT,Sagittal,MTL,-0.02158684987775087,0.908235417896274,31
subject_610,WanT,Sagittal,MTR,0.14864088058679886,0.424849690831055,31
subject_610,WanT,Sagittal,SCML,0.19572077222494122,0.2913367639925911,31
subject_610,WanT,Sagittal,SCMR,0.18256307325183593,0.32561194232121254,31
subject_610,WanT,Sagittal,STL,0.14843529154034407,0.42549771219237953,31
subject_610,WanT,Sagittal,STR,-0.029604822689486908,0.8743831959629875,31
subject_610,WanT,Sagittal,UTL,0.40932779149144743,0.022218822059359846,31
subject_610,WanT,Sagittal,UTR,0.22183058112469706,0.23038868228470452,31
subject_610,WanT,Frontal,MTL,0.3709015162851302,0.03996125216560813,31
subject_610,WanT,Frontal,MTR,0.5110198668817348,0.003305589766240812,31
subject_610,WanT,Frontal,SCML,0.24726767752342013,0.17989204791077287,31
subject_610,WanT,Frontal,SCMR,0.2884789571106568,0.11552246035379028,31
subject_610,WanT,Frontal,STL,0.27199444527576216,0.13880950567047165,31
subject_610,WanT,Frontal,STR,0.15660286243149943,0.4001768191198271,31
subject_610,WanT,Frontal,UTL,0.09890707100936805,0.5965543473394768,31
subject_610,WanT,Frontal,UTR,0.2884789571106568,0.11552246035379028,31
subject_610,WanT,Horizontal,MTL,-0.5520524474738834,0.0012829746300546043,31
subject_610,WanT,Horizontal,MTR,-0.5175491695067658,0.002865596340583344,31
subject_610,WanT,Horizontal,SCML,-0.60380736442456,0.0003225732732674789,31
subject_610,WanT,Horizontal,SCMR,-0.5002975305232069,0.004154631431137735,31
subject_610,WanT,Horizontal,STL,-0.60380736442456,0.0003225732732674789,31
subject_610,WanT,Horizontal,STR,-0.6814397398505748,2.4393660951035888e-05,31
subject_610,WanT,Horizontal,UTL,-0.543426627982104,0.0015810789729251542,31
subject_610,WanT,Horizontal,UTR,-0.6210590034081189,0.0001928080734103126,31
subject_610,Warmup,Sagittal,MTL,0.032025848070454506,0.8064424605006724,61
subject_610,Warmup,Sagittal,MTR,0.14710450214119228,0.25791964715803667,61
subject_610,Warmup,Sagittal,SCML,0.38128179121201355,0.0024316416055006488,61
subject_610,Warmup,Sagittal,SCMR,0.4167648228817054,0.0008344180156149677,61
subject_610,Warmup,Sagittal,STL,0.24345004508117887,0.0586747044039705,61
subject_610,Warmup,Sagittal,STR,0.1382605440966316,0.28795282822119433,61
subject_610,Warmup,Sagittal,UTL,-0.05094655831124185,0.6965905804830024,61
subject_610,Warmup,Sagittal,UTR,0.22471693395042763,0.08166066804439522,61
subject_610,Warmup,Frontal,MTL,0.16754224900808132,0.19683529221637722,61
subject_610,Warmup,Frontal,MTR,-0.066265435897182,0.611873552247749,61
subject_610,Warmup,Frontal,SCML,-0.08075388386611056,0.5361326534185736,61
subject_610,Warmup,Frontal,SCMR,-0.1093607408578064,0.4014777223164767,61
subject_610,Warmup,Frontal,STL,0.14132641289927347,0.27729167831257695,61
subject_610,Warmup,Frontal,STR,0.012382072429241484,0.9245451683650835,61
subject_610,Warmup,Frontal,UTL,0.016310178165414645,0.9007139807156764,61
subject_610,Warmup,Frontal,UTR,-0.16338642699734743,0.2083325360661472,61
subject_610,Warmup,Horizontal,MTL,-0.35075020548773694,0.005581334451710028,61
subject_610,Warmup,Horizontal,MTR,-0.0962564179399992,0.46054490208984405,61
subject_610,Warmup,Horizontal,SCML,-0.05754931362349598,0.659545121477393,61
subject_610,Warmup,Horizontal,SCMR,-0.02445148543292317,0.8516219637870428,61
subject_610,Warmup,Horizontal,STL,-0.08593658948732061,0.5102036028443895,61
subject_610,Warmup,Horizontal,STR,-0.14212232217412632,0.2745674150266974,61
subject_610,Warmup,Horizontal,UTL,0.275598301590603,0.031572310863243545,61
subject_610,Warmup,Horizontal,UTR,0.17773037890724255,0.17058098329440985,61
subject_611,Cooldown,Sagittal,MTL,-0.44694661268440783,0.00030507302590522143,61
subject_611,Cooldown,Sagittal,MTR,-0.3852874543343282,0.0021675467332709325,61
subject_611,Cooldown,Sagittal,SCML,-0.1614712923518324,0.21378744697270746,61
subject_611,Cooldown,Sagittal,SCMR,-0.413648472899267,0.000920961401471793,61
subject_611,Cooldown,Sagittal,STL,-0.30448323703035357,0.01703995615805289,61
subject_611,Cooldown,Sagittal,STR,0.11978004649234791,0.35784742343196013,61
subject_611,Cooldown,Sagittal,UTL,-0.05663975177620756,0.6646027147922519,61
subject_611,Cooldown,Sagittal,UTR,-0.23689953321603135,0.06602856413328471,61
subject_611,Cooldown,Frontal,MTL,0.1948702931551627,0.1323322970501131,61
subject_611,Cooldown,Frontal,MTR,-0.032907214202018434,0.8012229720901337,61
subject_611,Cooldown,Frontal,SCML,0.13944939845484974,0.28378721215568825,61
subject_611,Cooldown,Frontal,SCMR,0.021802722166769414,0.8675418537808451,61
subject_611,Cooldown,Frontal,STL,0.20238613837414218,0.11776568327595037,61
subject_611,Cooldown,Frontal,STR,0.1826147257260159,0.15894264719641774,61
subject_611,Cooldown,Frontal,UTL,0.36746389192253925,0.003576531531501959,61
subject_611,Cooldown,Frontal,UTR,0.11358405725079408,0.3834306165215283,61
subject_611,Cooldown,Horizontal,MTL,0.25558282541117916,0.04680922506073309,61
subject_611,Cooldown,Horizontal,MTR,0.2877673293518462,0.024522765743747576,61
subject_611,Cooldown,Horizontal,SCML,0.05300977119639271,0.6849337469131676,61
subject_611,Cooldown,Horizontal,SCMR,0.33888389443408196,0.007549829000293787,61
subject_611,Cooldown,Horizontal,STL,-0.13820404633345243,0.28815178514268236,61
subject_611,Cooldown,Horizontal,STR,-0.3616023678039646,0.004191757195354861,61
subject_611,Cooldown,Horizontal,UTL,0.04165053451145142,0.7499467054894118,61
subject_611,Cooldown,Horizontal,UTR,0.25558282541117916,0.04680922506073309,61
subject_611,Second_threshold,Sagittal,MTL,0.1395779003241319,0.2917223296709182,59
subject_611,Second_threshold,Sagittal,MTR,-0.04680993509103556,0.7247977939508938,59
subject_611,Second_threshold,Sagittal,SCML,-0.16231031133098536,0.21936526181923038,59
subject_611,Second_threshold,Sagittal,SCMR,-0.0951443316697102,0.4734917178476558,59
subject_611,Second_threshold,Sagittal,STL,0.23028335883865766,0.07931737162698797,59
subject_611,Second_threshold,Sagittal,STR,-0.09837260305529885,0.45854323181909096,59
subject_611,Second_threshold,Sagittal,UTL,-0.019817999339308157,0.8815674446452132,59
subject_611,Second_threshold,Sagittal,UTR,0.10047994687644703,0.4489259102571047,59
subject_611,Second_threshold,Frontal,MTL,0.18149410153754852,0.16891122347498042,59
subject_611,Second_threshold,Frontal,MTR,-0.021999285034854366,0.868641616166234,59
subject_611,Second_threshold,Frontal,SCML,-0.2529917779008252,0.053203370404983776,59
subject_611,Second_threshold,Frontal,SCMR,-0.14849517398526696,0.26167328634653386,59
subject_611,Second_threshold,Frontal,STL,-0.16499463776140774,0.21173413767952867,59
subject_611,Second_threshold,Frontal,STR,0.027499106293567957,0.8362095544170901,59
subject_611,Second_threshold,Frontal,UTL,0.17049445902012134,0.196686733494118,59
subject_611,Second_threshold,Frontal,UTR,-0.24749195664211163,0.058776146447109684,59
subject_611,Second_threshold,Horizontal,MTL,0.18583283937188444,0.15878300034377943,59
subject_611,Second_threshold,Horizontal,MTR,0.2358647576643149,0.07211120879510025,59
subject_611,Second_threshold,Horizontal,SCML,0.14652204642783198,0.2681356649447166,59
subject_611,Second_threshold,Horizontal,SCMR,0.13937462952891333,0.29243259651297104,59
subject_611,Second_threshold,Horizontal,STL,0.2537332999116115,0.05248602760313662,59
subject_611,Second_threshold,Horizontal,STR,0.04645820984297111,0.7267846886198636,59
subject_611,Second_threshold,Horizontal,UTL,-0.0035737084494593166,0.9785690676951188,59
subject_611,Second_threshold,Horizontal,UTR,0.08576900278702358,0.5183439800099828,59
subject_611,Vo2max,Sagittal,MTL,0.5292058423046856,0.028929591147403594,17
subject_611,Vo2max,Sagittal,MTR,0.242872246468334,0.34758589194033795,17
subject_611,Vo2max,Sagittal,SCML,-0.019174124721184262,0.9417732623736035,17
subject_611,Vo2max,Sagittal,SCMR,0.2786639459478779,0.2787722321771585,17
subject_611,Vo2max,Sagittal,STL,0.16873229754642152,0.5173878698958997,17
subject_611,Vo2max,Sagittal,STR,-0.42055246888464154,0.09278121277009058,17
subject_611,Vo2max,Sagittal,UTL,0.5509365169886945,0.02190075706380548,17
subject_611,Vo2max,Sagittal,UTR,0.7707998137916073,0.00029274102643778003,17
subject_611,Vo2max,Frontal,MTL,0.408248290463863,0.10377091535383602,17
subject_611,Vo2max,Frontal,MTR,0.3572172541558802,0.1592459066983778,17
subject_611,Vo2max,Frontal,SCML,0.05103103630798288,0.8457801257277214,17
subject_611,Vo2max,Frontal,SCMR,0.15309310892394865,0.5574624351198404,17
subject_611,Vo2max,Frontal,STL,0.2041241452319315,0.43195708095606894,17
subject_611,Vo2max,Frontal,STR,-0.15309310892394865,0.5574624351198404,17
subject_611,Vo2max,Frontal,UTL,0.2041241452319315,0.43195708095606894,17
subject_611,Vo2max,Frontal,UTR,0.3061862178478973,0.23198812442321462,17
subject_611,Vo2max,Horizontal,MTL,-0.37625606633113623,0.13661446447767894,17
subject_611,Vo2max,Horizontal,MTR,-0.4620688533891147,0.061854159792169496,17
subject_611,Vo2max,Horizontal,SCML,0.08581278705797844,0.7433125489878277,17
subject_611,Vo2max,Horizontal,SCMR,0.3515023777567194,0.16650654325569483,17
subject_611,Vo2max,Horizontal,STL,0.2970442628930023,0.24693488235097114,17
subject_611,Vo2max,Horizontal,STR,0.5808865585463157,0.014475837844034254,17
subject_611,Vo2max,Horizontal,UTL,0.0049507377148833714,0.9849547420240569,17
subject_611,Vo2max,Horizontal,UTR,-0.1518226232564234,0.5607762906222128,17
subject_611,WanT,Sagittal,MTL,-0.1422738314196424,0.44517072343453506,31
subject_611,WanT,Sagittal,MTR,0.01590372133693888,0.9323293225623459,31
subject_611,WanT,Sagittal,SCML,-0.013969484958121985,0.9405440928624876,31
subject_611,WanT,Sagittal,SCMR,0.26670970512352904,0.1469537724169429,31
subject_611,WanT,Sagittal,STL,-0.1715022922550976,0.3562654282597528,31
subject_611,WanT,Sagittal,STR,0.0034386424512300277,0.9853526251588554,31
subject_611,WanT,Sagittal,UTL,-0.07822911576548312,0.6757246387453231,31
subject_611,WanT,Sagittal,UTR,0.12894909192112602,0.4893461733480934,31
subject_611,WanT,Frontal,MTL,0.6481741006621088,8.053000210570747e-05,31
subject_611,WanT,Frontal,MTR,0.6919159111362388,1.6217098018016667e-05,31
subject_611,WanT,Frontal,SCML,0.6581154212244111,5.722126771037107e-05,31
subject_611,WanT,Frontal,SCMR,0.6839628546863971,2.2142683734781204e-05,31
subject_611,WanT,Frontal,STL,0.7356577216103689,2.414164169347868e-06,31
subject_611,WanT,Frontal,STR,0.7515638345100525,1.0992441720806104e-06,31
subject_611,WanT,Frontal,UTL,0.7396342498352898,1.9935826168200574e-06,31
subject_611,WanT,Frontal,UTR,0.6103970825253602,0.0002659388141292249,31
subject_611,WanT,Horizontal,MTL,0.435146143776982,0.014423805086900134,31
subject_611,WanT,Horizontal,MTR,0.3934227936457553,0.028551127207141494,31
subject_611,WanT,Horizontal,SCML,0.45349567996034873,0.010399787780178242,31
subject_611,WanT,Horizontal,SCMR,0.305607156196786,0.09454501189050371,31
subject_611,WanT,Horizontal,STL,0.5452433608771823,0.0015137137348916058,31
subject_611,WanT,Horizontal,STR,0.44497625244664274,0.01213142036183142,31
subject_611,WanT,Horizontal,UTL,0.4281558442785565,0.016265152913906622,31
subject_611,WanT,Horizontal,UTR,0.3687382985419405,0.04122667022794923,31
subject_611,Warmup,Sagittal,MTL,0.3733366929310193,0.0030417439080483357,61
subject_611,Warmup,Sagittal,MTR,0.046453707388163706,0.722214138056233,61
subject_611,Warmup,Sagittal,SCML,0.15531209397849913,0.23200885984640743,61
subject_611,Warmup,Sagittal,SCMR,0.07908323920418713,0.5446264231724698,61
subject_611,Warmup,Sagittal,STL,-0.13317662256642834,0.3062175889701045,61
subject_611,Warmup,Sagittal,STR,-0.10527641397245292,0.41939446390491397,61
subject_611,Warmup,Sagittal,UTL,-0.08314094256038215,0.5241103942788938,61
subject_611,Warmup,Sagittal,UTR,0.022919027922232577,0.8608257486521407,61
subject_611,Warmup,Frontal,MTL,-0.034700902500687414,0.7906275594634846,61
subject_611,Warmup,Frontal,MTR,0.18418171327287933,0.15533587232147955,61
subject_611,Warmup,Frontal,SCML,-0.030029627164056414,0.8182949319746624,61
subject_611,Warmup,Frontal,SCMR,0.049215222296648015,0.7064266578787846,61
subject_611,Warmup,Frontal,STL,0.3041333906670825,0.017173806841572704,61
subject_611,Warmup,Frontal,STR,0.08541760615553824,0.5127709641965628,61
subject_611,Warmup,Frontal,UTL,0.25408401206032183,0.04815882383930815,61
subject_611,Warmup,Frontal,UTR,0.20586977733580897,0.11144476651651132,61
subject_611,Warmup,Horizontal,MTL,-0.15973317574070625,0.21882437578883782,61
subject_611,Warmup,Horizontal,MTR,0.029917731516558542,0.8189605330156828,61
subject_611,Warmup,Horizontal,SCML,-0.014142146076074369,0.9138576609546655,61
subject_611,Warmup,Horizontal,SCMR,0.0013325426393869465,0.9918679561233482,61
subject_611,Warmup,Horizontal,STL,0.1543170346902948,0.23505049120737262,61
subject_611,Warmup,Horizontal,STR,0.23886901442171815,0.06374367500257277,61
subject_611,Warmup,Horizontal,UTL,-0.0021922475680236867,0.9866218613248453,61
subject_611,Warmup,Horizontal,UTR,0.11004223086550269,0.39853243941645056,61
subject_612,Cooldown,Sagittal,MTL,-0.0847513403266191,0.5160765069502595,61
subject_612,Cooldown,Sagittal,MTR,-0.31417921110979,0.013669138511988569,61
subject_612,Cooldown,Sagittal,SCML,0.30302349491149455,0.0176044144925012,61
subject_612,Cooldown,Sagittal,SCMR,0.5854209533988024,7.213418230942117e-07,61
subject_612,Cooldown,Sagittal,STL,0.0764046174156642,0.5583793439895101,61
subject_612,Cooldown,Sagittal,STR,0.1443555026522843,0.2670189717491213,61
subject_612,Cooldown,Sagittal,UTL,-0.20583232716950992,0.11151130228457594,61
subject_612,Cooldown,Sagittal,UTR,-0.33959391228096686,0.007416930316855015,61
subject_612,Cooldown,Frontal,MTL,-0.053002600768255206,0.7264632274687268,46
subject_612,Cooldown,Frontal,MTR,0.24598166064144636,0.09938473155796988,46
subject_612,Cooldown,Frontal,SCML,-0.37163811883706427,0.010990235085401543,46
subject_612,Cooldown,Frontal,SCMR,-0.7112267118294643,3.0336229819803615e-08,46
subject_612,Cooldown,Frontal,STL,0.09050736505456444,0.5497151004293364,46
subject_612,Cooldown,Frontal,STR,0.014877923022668129,0.9218248390643865,46
subject_612,Cooldown,Frontal,UTL,0.013576104758184668,0.9286466853269514,46
subject_612,Cooldown,Frontal,UTR,0.29241317874135647,0.0486095958537544,46
subject_612,Cooldown,Horizontal,MTL,-0.09870827182919407,0.44914673165606817,61
subject_612,Cooldown,Horizontal,MTR,-0.16389297964092603,0.20690630165723264,61
subject_612,Cooldown,Horizontal,SCML,-0.37993372553123755,0.002526764098638668,61
subject_612,Cooldown,Horizontal,SCMR,0.024211462901500433,0.8530622474579616,61
subject_612,Cooldown,Horizontal,STL,-0.12478215495388682,0.3379772329456282,61
subject_612,Cooldown,Horizontal,STR,-0.25142673013096606,0.05062977198927553,61
subject_612,Cooldown,Horizontal,UTL,-0.14713119763219493,0.2578323238597945,61
subject_612,Cooldown,Horizontal,UTR,-0.3650343637456988,0.0038210896433988257,61
subject_612,Second_threshold,Sagittal,MTL,-0.23734924374979113,0.07028521026142297,59
subject_612,Second_threshold,Sagittal,MTR,-0.18823206164183487,0.15337815463399776,59
subject_612,Second_threshold,Sagittal,SCML,0.39826706478658497,0.0017838671674262137,59
subject_612,Second_threshold,Sagittal,SCMR,0.44178210220282,0.0004602832883015123,59
subject_612,Second_threshold,Sagittal,STL,-0.2297484960869693,0.08003683525525168,59
subject_612,Second_threshold,Sagittal,STR,0.30088059274023027,0.020580151840323208,59
subject_612,Second_threshold,Sagittal,UTL,0.20649202515052636,0.11661938288644054,59
subject_612,Second_threshold,Sagittal,UTR,0.15937344601367068,0.2279321740241065,59
subject_612,Second_threshold,Frontal,MTL,0.37964610007220995,0.0030207247724109328,59
subject_612,Second_threshold,Frontal,MTR,0.24914375224107219,0.057054990422597304,59
subject_612,Second_threshold,Frontal,SCML,-0.22126573967155916,0.09215155678169204,59
subject_612,Second_threshold,Frontal,SCMR,-0.4939395575676331,7.018191656990862e-05,59
subject_612,Second_threshold,Frontal,STL,0.16144949939912928,0.22185261510401597,59
subject_612,Second_threshold,Frontal,STR,-0.28977787377301145,0.02600046824144248,59
subject_612,Second_threshold,Frontal,UTL,0.03085124097428906,0.8165708255428509,59
subject_612,Second_threshold,Frontal,UTR,-0.04223263142698015,0.750791450502011,59
subject_612,Second_threshold,Horizontal,MTL,-0.11326255879574215,0.39303567139209994,59
subject_612,Second_threshold,Horizontal,MTR,0.08607954468476404,0.5168248667493481,59
subject_612,Second_threshold,Horizontal,SCML,0.027183014110978114,0.8380667397313227,59
subject_612,Second_threshold,Horizontal,SCMR,0.07248803762927498,0.5853432524802872,59
subject_612,Second_threshold,Horizontal,STL,0.15403707996220933,0.244086390617339,59
subject_612,Second_threshold,Horizontal,STR,0.2084031081841656,0.1132003331610442,59
subject_612,Second_threshold,Horizontal,UTL,-0.09061004703659373,0.49492063868153585,59
subject_612,Second_threshold,Horizontal,UTR,-0.18575059642501712,0.15897072853138447,59
subject_612,Vo2max,Sagittal,MTL,0.2308708890544922,0.18208723119527,35
subject_612,Vo2max,Sagittal,MTR,0.029360131672562594,0.8670359830706217,35
subject_612,Vo2max,Sagittal,SCML,0.6228644519218279,6.442133992465289e-05,35
subject_612,Vo2max,Sagittal,SCMR,0.5087179887850846,0.0018050956597877531,35
subject_612,Vo2max,Sagittal,STL,-0.24991916960303281,0.14763460047058244,35
subject_612,Vo2max,Sagittal,STR,0.5903534768502586,0.00018917446788806102,35
subject_612,Vo2max,Sagittal,UTL,0.5489628521996703,0.0006379398633043107,35
subject_612,Vo2max,Sagittal,UTR,-0.18360823806939144,0.29105946373921643,35
subject_612,Vo2max,Frontal,MTL,-0.5229450016493212,0.0012680308286870945,35
subject_612,Vo2max,Frontal,MTR,-0.028667188419326185,0.8701472399199598,35
subject_612,Vo2max,Frontal,SCML,-0.5651751609337049,0.00040389266431582315,35
subject_612,Vo2max,Frontal,SCMR,-0.6351477606238882,4.152724334091304e-05,35
subject_612,Vo2max,Frontal,STL,0.21253791844220862,0.2202777163888029,35
subject_612,Vo2max,Frontal,STR,-0.642083370725338,3.213483237005216e-05,35
subject_612,Vo2max,Frontal,UTL,-0.5435977072847498,0.0007383842664536714,35
subject_612,Vo2max,Frontal,UTR,-0.0974067907581406,0.5777566969944912,35
subject_612,Vo2max,Horizontal,MTL,,,35
subject_612,Vo2max,Horizontal,MTR,,,35
subject_612,Vo2max,Horizontal,SCML,,,35
subject_612,Vo2max,Horizontal,SCMR,,,35
subject_612,Vo2max,Horizontal,STL,,,35
subject_612,Vo2max,Horizontal,STR,,,35
subject_612,Vo2max,Horizontal,UTL,,,35
subject_612,Vo2max,Horizontal,UTR,,,35
subject_612,WanT,Sagittal,MTL,0.6283414922036188,0.00015373672461949466,31
subject_612,WanT,Sagittal,MTR,0.7298254974569549,3.17749572317597e-06,31
subject_612,WanT,Sagittal,SCML,0.6580091953522756,5.74343375447157e-05,31
subject_612,WanT,Sagittal,SCMR,0.5739166022895315,0.0007361643454810125,31
subject_612,WanT,Sagittal,STL,-0.0028644678902151302,0.9877982026935493,31
subject_612,WanT,Sagittal,STR,0.5712567392486173,0.0007892599449773525,31
subject_612,WanT,Sagittal,UTL,0.8470640761064742,1.875411689289841e-09,31
subject_612,WanT,Sagittal,UTR,0.5282897208953904,0.002251550050769548,31
subject_612,WanT,Frontal,MTL,-0.07599909054264065,0.6844892936797587,31
subject_612,WanT,Frontal,MTR,0.09031470870579733,0.6289706296112073,31
subject_612,WanT,Frontal,SCML,-0.09284099426400146,0.6193656014953551,31
subject_612,WanT,Frontal,SCMR,-0.12210380197986585,0.512878017390266,31
subject_612,WanT,Frontal,STL,0.11094604076446432,0.5523945912814375,31
subject_612,WanT,Frontal,STR,0.04968361597801438,0.7906838390161658,31
subject_612,WanT,Frontal,UTL,-0.10799870761322619,0.5630638593355555,31
subject_612,WanT,Frontal,UTR,0.04463104486160614,0.8115692886706728,31
subject_612,WanT,Horizontal,MTL,-0.553040903856227,0.0012521741334470462,31
subject_612,WanT,Horizontal,MTR,-0.6627849582151969,4.8526413084562876e-05,31
subject_612,WanT,Horizontal,SCML,-0.4916879285846767,0.004965905201146521,31
subject_612,WanT,Horizontal,SCMR,-0.3689819780415764,0.04108253894467669,31
subject_612,WanT,Horizontal,STL,-0.08554851481526009,0.6472537398926912,31
subject_612,WanT,Horizontal,STR,-0.5115628360670099,0.0032669042327340123,31
subject_612,WanT,Horizontal,UTL,-0.7993169313547028,6.952463911734602e-08,31
subject_612,WanT,Horizontal,UTR,-0.5106987096547345,0.0033286569630559893,31
subject_612,Warmup,Sagittal,MTL,0.5340881842094847,1.3213610387502499e-05,59
subject_612,Warmup,Sagittal,MTR,0.47621359990682655,0.0001376083303418969,59
subject_612,Warmup,Sagittal,SCML,0.1649783287080072,0.21177993049288144,59
subject_612,Warmup,Sagittal,SCMR,0.2199296400797412,0.09418394282310134,59
subject_612,Warmup,Sagittal,STL,-0.1950196228704832,0.13882610041152316,59
subject_612,Warmup,Sagittal,STR,0.1524144748346736,0.24914977090231089,59
subject_612,Warmup,Sagittal,UTL,0.36422736773387004,0.004569042438613341,59
subject_612,Warmup,Sagittal,UTR,0.17477440289142332,0.18551617177052357,59
subject_612,Warmup,Frontal,MTL,-0.3883679017373894,0.0023691855752315935,59
subject_612,Warmup,Frontal,MTR,-0.35927700976894034,0.005196680360538428,59
subject_612,Warmup,Frontal,SCML,0.007789528230480693,0.9533080044505206,59
subject_612,Warmup,Frontal,SCMR,-0.1694521987369185,0.19947811933861098,59
subject_612,Warmup,Frontal,STL,0.48669571578522647,9.282485213418296e-05,59
subject_612,Warmup,Frontal,STR,-0.4684202841675602,0.00018290831492129858,59
subject_612,Warmup,Frontal,UTL,-0.3629920155404004,0.004719063060037198,59
subject_612,Warmup,Frontal,UTR,-0.2335360482946039,0.0750516301106597,59
subject_612,Warmup,Horizontal,MTL,0.08891012180438912,0.5030824623075884,59
subject_612,Warmup,Horizontal,MTR,-0.03622264221660298,0.7853393090622844,59
subject_612,Warmup,Horizontal,SCML,-0.18111321108301487,0.1698223820521499,59
subject_612,Warmup,Horizontal,SCMR,0.0098789024227099,0.9408039006672052,59
subject_612,Warmup,Horizontal,STL,-0.3819842270114496,0.002832065628577155,59
subject_612,Warmup,Horizontal,STR,0.306245975104007,0.018325442448546562,59
subject_612,Warmup,Horizontal,UTL,0.20745695087690796,0.11488333236276312,59
subject_612,Warmup,Horizontal,UTR,0.24367959309351095,0.06290900506963777,59
subject_613,Cooldown,Sagittal,MTL,0.14435013117951187,0.2753715247757638,59
subject_613,Cooldown,Sagittal,MTR,0.2585755322358702,0.04799292447969603,59
subject_613,Cooldown,Sagittal,SCML,0.43677899471291415,0.0005429018240591318,59
subject_613,Cooldown,Sagittal,SCMR,0.30210547134309895,0.020045687020357025,59
subject_613,Cooldown,Sagittal,STL,-0.5125347011129859,3.324095525679698e-05,59
subject_613,Cooldown,Sagittal,STR,-0.21066596635238724,0.10925194333071091,59
subject_613,Cooldown,Sagittal,UTL,0.46956701138919527,0.00017548246366253187,59
subject_613,Cooldown,Sagittal,UTR,0.23975497392710235,0.0674046226460738,59
subject_613,Cooldown,Frontal,MTL,-0.022954150538435227,0.8629938215495928,59
subject_613,Cooldown,Frontal,MTR,0.08807145127641726,0.5071345031318942,59
subject_613,Cooldown,Frontal,SCML,0.1159184602190979,0.38196129539368534,59
subject_613,Cooldown,Frontal,SCMR,-0.1836936099667935,0.16371934838625055,59
subject_613,Cooldown,Frontal,STL,0.006131174420134672,0.9632407345406001,59
subject_613,Cooldown,Frontal,STR,-0.3460036165372552,0.007268154090830972,59
subject_613,Cooldown,Frontal,UTL,-0.1257947855165562,0.3424414034208107,59
subject_613,Cooldown,Frontal,UTR,0.3550040597746943,0.00579815167017972,59
subject_613,Cooldown,Horizontal,MTL,0.0532481263033519,0.688758945746138,59
subject_613,Cooldown,Horizontal,MTR,-0.15080584451860574,0.25423962954978896,59
subject_613,Cooldown,Horizontal,SCML,-0.024261736205364176,0.8552708733190202,59
subject_613,Cooldown,Horizontal,SCMR,-0.07473253217994412,0.5737501832656814,59
subject_613,Cooldown,Horizontal,STL,-0.26936911855376694,0.039103360272286954,59
subject_613,Cooldown,Horizontal,STR,-0.10818818947365683,0.4147135765729157,59
subject_613,Cooldown,Horizontal,UTL,-0.06490014434934915,0.6252971799383038,59
subject_613,Cooldown,Horizontal,UTR,0.30020706220426935,0.020879160263569434,59
subject_613,Second_threshold,Sagittal,MTL,0.16799653999199946,0.45487407946111363,22
subject_613,Second_threshold,Sagittal,MTR,0.04941074705647044,0.827147303662181,22
subject_613,Second_threshold,Sagittal,SCML,0.502827014162905,0.017071132108739503,22
subject_613,Second_threshold,Sagittal,SCMR,0.5074774374152787,0.01591493490363974,22
subject_613,Second_threshold,Sagittal,STL,-0.6760552803138248,0.0005527347791963869,22
subject_613,Second_threshold,Sagittal,STR,-0.61327456640678,0.0024045332801301824,22
subject_613,Second_threshold,Sagittal,UTL,-0.5272417362378669,0.011686680053360387,22
subject_613,Second_threshold,Sagittal,UTR,-0.3609891049655075,0.09882929753062622,22
subject_613,Second_threshold,Frontal,MTL,-0.3157909871260333,0.15223804461702914,22
subject_613,Second_threshold,Frontal,MTR,-0.18575940419178427,0.4078574724473597,22
subject_613,Second_threshold,Frontal,SCML,0.16718346377260587,0.4570912988705313,22
subject_613,Second_threshold,Frontal,SCMR,0.130031582934249,0.5641024553162579,22
subject_613,Second_threshold,Frontal,STL,0.40867068922192545,0.05897758942229278,22
subject_613,Second_threshold,Frontal,STR,0.33436692754521175,0.12827489785102153,22
subject_613,Second_threshold,Frontal,UTL,-0.07430376167671371,0.7424379124308189,22
subject_613,Second_threshold,Frontal,UTR,-0.46439851047946074,0.029452739631060515,22
subject_613,Second_threshold,Horizontal,MTL,0.1547818111102747,0.49159365221022555,22
subject_613,Second_threshold,Horizontal,MTR,0.36115755925730764,0.09866044654890514,22
subject_613,Second_threshold,Horizontal,SCML,-0.01719797901225274,0.9394490730116228,22
subject_613,Second_threshold,Horizontal,SCMR,-0.22357372715928564,0.3172250291283439,22
subject_613,Second_threshold,Horizontal,STL,-0.05159393703675823,0.8196287037450849,22
subject_613,Second_threshold,Horizontal,STR,-0.05159393703675823,0.8196287037450849,22
subject_613,Second_threshold,Horizontal,UTL,0.18917776913478018,0.3991276377045269,22
subject_613,Second_threshold,Horizontal,UTR,0.22357372715928564,0.3172250291283439,22
subject_613,WanT,Sagittal,MTL,-0.47489891804783113,0.010660013103762096,28
subject_613,WanT,Sagittal,MTR,0.4676014169430772,0.012104867884530003,28
subject_613,WanT,Sagittal,SCML,-0.04967914213620928,0.8017777901882746,28
subject_613,WanT,Sagittal,SCMR,-0.051643853972104574,0.794101417012782,28
subject_613,WanT,Sagittal,STL,0.5217713289899042,0.004403551522590523,28
subject_613,WanT,Sagittal,STR,0.5717311442455272,0.0014810665236626851,28
subject_613,WanT,Sagittal,UTL,-0.34915736055053304,0.06858674376556942,28
subject_613,WanT,Sagittal,UTR,0.18047281578295235,0.35808997754125815,28
subject_613,WanT,Frontal,MTL,-0.21805108659845543,0.30603106217820697,24
subject_613,WanT,Frontal,MTR,0.003711507856994986,0.9862675389670611,24
subject_613,WanT,Frontal,SCML,0.26722856570363895,0.2068160097077032,24
subject_613,WanT,Frontal,SCMR,0.30063213641659386,0.1534540650579679,24
subject_613,WanT,Frontal,STL,0.5808509796197153,0.002917941896587603,24
subject_613,WanT,Frontal,STR,0.6170381812254164,0.00131908698749615,24
subject_613,WanT,Frontal,UTL,-0.5632213172989892,0.004160889676326112,24
subject_613,WanT,Frontal,UTR,-0.0556726178549248,0.7961141654323868,24
subject_613,WanT,Horizontal,MTL,-0.10623403112566752,0.5905528194432836,28
subject_613,WanT,Horizontal,MTR,0.03814337616084798,0.8471912173051809,28
subject_613,WanT,Horizontal,SCML,-0.34549702704371393,0.07174036105311574,28
subject_613,WanT,Horizontal,SCMR,-0.33730092968683756,0.07920633095941582,28
subject_613,WanT,Horizontal,STL,-0.15887819491791225,0.41936504963044147,28
subject_613,WanT,Horizontal,STR,-0.35463882794176843,0.06406582030352027,28
subject_613,WanT,Horizontal,UTL,0.1907168808042399,0.3309858262539647,28
subject_613,WanT,Horizontal,UTR,0.01985977436473903,0.9201009980192547,28
subject_613,Warmup,Sagittal,MTL,-0.2966590829000996,0.02025573466324016,61
subject_613,Warmup,Sagittal,MTR,0.10763783955982345,0.40898034256664995,61
subject_613,Warmup,Sagittal,SCML,-0.10608717023680563,0.4158019409311074,61
subject_613,Warmup,Sagittal,SCMR,0.2723563516134927,0.033713038810099384,61
subject_613,Warmup,Sagittal,STL,-0.16020018247453108,0.21746294068528388,61
subject_613,Warmup,Sagittal,STR,-0.015880992721941167,0.9033139230806232,61
subject_613,Warmup,Sagittal,UTL,0.37208043049032863,0.0031497580704981172,61
subject_613,Warmup,Sagittal,UTR,0.2966590829000996,0.02025573466324016,61
subject_613,Warmup,Frontal,MTL,0.019145608059847684,0.887588154292554,57
subject_613,Warmup,Frontal,MTR,-0.08916015233251938,0.5095448219525017,57
subject_613,Warmup,Frontal,SCML,-0.09963443118140465,0.4608815577700524,57
subject_613,Warmup,Frontal,SCMR,-0.21935887261394996,0.10111576099892418,57
subject_613,Warmup,Frontal,STL,-0.050568444606503525,0.7087285114332033,57
subject_613,Warmup,Frontal,STR,-0.22171987809218224,0.09740535157609707,57
subject_613,Warmup,Frontal,UTL,-0.25949596574389966,0.051261824685449056,57
subject_613,Warmup,Frontal,UTR,-0.11998200566653426,0.37400682116969813,57
subject_613,Warmup,Horizontal,MTL,-0.027411343635769445,0.842531891280398,55
subject_613,Warmup,Horizontal,MTR,0.07860840260664699,0.5683595280328716,55
subject_613,Warmup,Horizontal,SCML,-0.09956533102585444,0.46953479160211614,55
subject_613,Warmup,Horizontal,SCMR,0.1560613852053909,0.2552096570637137,55
subject_613,Warmup,Horizontal,STL,-0.29036900060681353,0.031512298966527366,55
subject_613,Warmup,Horizontal,STR,-0.19813461032075794,0.147037610221434,55
subject_613,Warmup,Horizontal,UTL,0.1568582265901516,0.2527610006791951,55
subject_613,Warmup,Horizontal,UTR,0.27773906465835585,0.040068466294729696,55
subject_614,Cooldown,Sagittal,MTL,-0.30846045565509544,0.015579904070504231,61
subject_614,Cooldown,Sagittal,MTR,-0.35184186572565673,0.005425257444082529,61
subject_614,Cooldown,Sagittal,SCML,0.7293932051495725,2.615234292586729e-11,61
subject_614,Cooldown,Sagittal,STL,-0.4134807281326629,0.0009258417031960301,61
subject_614,Cooldown,Sagittal,STR,-0.2989058996947694,0.019283401643005047,61
subject_614,Cooldown,Sagittal,UTL,0.5626009984549666,2.3694482810253117e-06,61
subject_614,Cooldown,Sagittal,UTR,0.12985147222961263,0.31855957823097714,61
subject_614,Cooldown,Frontal,MTL,0.07027599386134024,0.5904498850744665,61
subject_614,Cooldown,Frontal,MTR,0.06677270403774403,0.6091453631934506,61
subject_614,Cooldown,Frontal,SCML,-0.06677270403774403,0.6091453631934506,61
subject_614,Cooldown,Frontal,STL,0.13648817152730888,0.29423726465041644,61
subject_614,Cooldown,Frontal,STR,0.27809114619706826,0.030004546552039883,61
subject_614,Cooldown,Frontal,UTL,0.03345641781534394,0.7979749154558077,61
subject_614,Cooldown,Frontal,UTR,0.3538673050814546,0.005145817469902668,61
subject_614,Cooldown,Horizontal,MTL,-0.16909809017316468,0.19264969941307222,61
subject_614,Cooldown,Horizontal,MTR,-0.05962370736557435,0.6480673777187009,61
subject_614,Cooldown,Horizontal,SCML,0.4592503740885562,0.00019693640719308978,61
subject_614,Cooldown,Horizontal,STL,-0.4093586354871974,0.0010533455375412873,61
subject_614,Cooldown,Horizontal,STR,-0.1442138156114994,0.2674937193432706,61
subject_614,Cooldown,Horizontal,UTL,0.29980212636092174,0.018906791046731243,61
subject_614,Cooldown,Horizontal,UTR,-0.014125726813882628,0.9139572947573654,61
subject_614,Second_threshold,Sagittal,MTL,-0.06430531296984161,0.6284771088271862,59
subject_614,Second_threshold,Sagittal,MTR,-0.08978022598414831,0.4988962181493596,59
subject_614,Second_threshold,Sagittal,SCML,0.4801644255371156,0.0001188089041197213,59
subject_614,Second_threshold,Sagittal,STL,-0.016038643459894864,0.9040340353580649,59
subject_614,Second_threshold,Sagittal,STR,-0.2215563736593371,0.0917140381858356,59
subject_614,Second_threshold,Sagittal,UTL,0.10304526944721923,0.4373704115170716,59
subject_614,Second_threshold,Sagittal,UTR,0.2527292257975538,0.05345926426622466,59
subject_614,Second_threshold,Frontal,MTL,,,59
subject_614,Second_threshold,Frontal,MTR,,,59
subject_614,Second_threshold,Frontal,SCML,,,59
subject_614,Second_threshold,Frontal,STL,,,59
subject_614,Second_threshold,Frontal,STR,,,59
subject_614,Second_threshold,Frontal,UTL,,,59
subject_614,Second_threshold,Frontal,UTR,,,59
subject_614,Second_threshold,Horizontal,MTL,,,59
subject_614,Second_threshold,Horizontal,MTR,,,59
subject_614,Second_threshold,Horizontal,SCML,,,59
subject_614,Second_threshold,Horizontal,STL,,,59
subject_614,Second_threshold,Horizontal,STR,,,59
subject_614,Second_threshold,Horizontal,UTL,,,59
subject_614,Second_threshold,Horizontal,UTR,,,59
subject_614,Vo2max,Sagittal,MTL,-0.47657543878350456,0.001632600695197088,41
subject_614,Vo2max,Sagittal,MTR,-0.017858251900724164,0.91175824077602,41
subject_614,Vo2max,Sagittal,SCML,0.024077543607444022,0.8812181020914517,41
subject_614,Vo2max,Sagittal,STL,-0.0326068579480884,0.8396175619594104,41
subject_614,Vo2max,Sagittal,STR,-0.400788926985904,0.009409422897904526,41
subject_614,Vo2max,Sagittal,UTL,0.32633512055402913,0.03731217566367361,41
subject_614,Vo2max,Sagittal,UTR,-0.286531653631022,0.06933166253049533,41
subject_614,Vo2max,Frontal,MTL,0.1336306209562122,0.4048801192037766,41
subject_614,Vo2max,Frontal,MTR,-0.10690449676496978,0.5058815430776623,41
subject_614,Vo2max,Frontal,SCML,0.08017837257372733,0.6182593595867906,41
subject_614,Vo2max,Frontal,STL,0.12026755886059098,0.4538584967078597,41
subject_614,Vo2max,Frontal,STR,-0.16035674514745465,0.31657027085056766,41
subject_614,Vo2max,Frontal,UTL,0.24053511772118197,0.1298013814365046,41
subject_614,Vo2max,Frontal,UTR,0.026726124191242446,0.8682608949416989,41
subject_614,Vo2max,Horizontal,MTL,-0.05345224838248489,0.7399540091036262,41
subject_614,Vo2max,Horizontal,MTR,0.22717205562556075,0.15318270923104083,41
subject_614,Vo2max,Horizontal,SCML,-0.09354143466934854,0.5607604718933056,41
subject_614,Vo2max,Horizontal,STL,0.21380899352993957,0.17950212539583418,41
subject_614,Vo2max,Horizontal,STR,0.040089186286863664,0.8034709382484256,41
subject_614,Vo2max,Horizontal,UTL,0.08017837257372733,0.6182593595867906,41
subject_614,Vo2max,Horizontal,UTR,0.05345224838248489,0.7399540091036262,41
subject_614,WanT,Sagittal,MTL,0.7341424840187801,2.594540775850541e-06,31
subject_614,WanT,Sagittal,MTR,0.7021257145768499,1.0715361312665166e-05,31
subject_614,WanT,Sagittal,SCML,0.4918754642925827,0.004946886524477853,31
subject_614,WanT,Sagittal,STL,-0.2147366765754932,0.24602215670590083,31
subject_614,WanT,Sagittal,STR,0.8312124346834856,7.0366231733589e-09,31
subject_614,WanT,Sagittal,UTL,0.7814538885444349,2.1142732855448704e-07,31
subject_614,WanT,Sagittal,UTR,0.8991206144552226,6.368894265663775e-12,31
subject_614,WanT,Frontal,MTL,-0.2738612787525831,0.13601277395705227,31
subject_614,WanT,Frontal,MTR,-0.09128709291752769,0.625266433628533,31
subject_614,WanT,Frontal,SCML,-0.13693063937629155,0.4626208728077911,31
subject_614,WanT,Frontal,STL,-0.027386127875258306,0.8837314061762249,31
subject_614,WanT,Frontal,STR,-0.24647515087732474,0.1813366085111341,31
subject_614,WanT,Frontal,UTL,-0.13693063937629155,0.4626208728077911,31
subject_614,WanT,Frontal,UTR,-0.4290493367123801,0.01601942192479654,31
subject_614,WanT,Horizontal,MTL,0.3537637764438433,0.05089205742074427,31
subject_614,WanT,Horizontal,MTR,0.26837252006084666,0.144354793232638,31
subject_614,WanT,Horizontal,SCML,0.3659625273557,0.04289727381303948,31
subject_614,WanT,Horizontal,STL,0.09759000729485333,0.6014762511281206,31
subject_614,WanT,Horizontal,STR,0.29277002188455997,0.10996852212800931,31
subject_614,WanT,Horizontal,UTL,0.2805712709727033,0.12630037350323786,31
subject_614,WanT,Horizontal,UTR,0.4147575310031266,0.020342271475331356,31
subject_614,Warmup,Sagittal,MTL,-0.022367202918757736,0.864144535383173,61
subject_614,Warmup,Sagittal,MTR,0.15923510525556048,0.22028292978966077,61
subject_614,Warmup,Sagittal,SCML,0.6967208755138918,4.48974504561801e-10,61
subject_614,Warmup,Sagittal,STL,0.10066587113857274,0.4401593701940365,61
subject_614,Warmup,Sagittal,STR,-0.20908355267498208,0.10584788916895595,61
subject_614,Warmup,Sagittal,UTL,0.23656479717564588,0.06642336515218154,61
subject_614,Warmup,Sagittal,UTR,0.3432867701875285,0.006758161519052567,61
subject_614,Warmup,Frontal,MTL,-0.12917122661105557,0.3211230140437498,61
subject_614,Warmup,Frontal,MTR,0.3013995287591297,0.018251063144073668,61
subject_614,Warmup,Frontal,SCML,0.35737372695725367,0.004691910832403549,61
subject_614,Warmup,Frontal,STL,-0.030139952875912965,0.8176387944635622,61
subject_614,Warmup,Frontal,STR,0.21097967013139074,0.10264913874398537,61
subject_614,Warmup,Frontal,UTL,0.33584518918874445,0.008142382040844687,61
subject_614,Warmup,Frontal,UTR,0.37459655717206114,0.002936737840734435,61
subject_614,Warmup,Horizontal,MTL,,,61
subject_614,Warmup,Horizontal,MTR,,,61
subject_614,Warmup,Horizontal,SCML,,,61
subject_614,Warmup,Horizontal,STL,,,61
subject_614,Warmup,Horizontal,STR,,,61
subject_614,Warmup,Horizontal,UTL,,,61
subject_614,Warmup,Horizontal,UTR,,,61
subject_615,Cooldown,Sagittal,MTL,-0.2733637959795132,0.03303522164732216,61
subject_615,Cooldown,Sagittal,MTR,-0.13498982497475276,0.2996194264300563,61
subject_615,Cooldown,Sagittal,SCML,0.5203527395664266,1.7197637182625884e-05,61
subject_615,Cooldown,Sagittal,SCMR,0.5818851090485512,8.724699161253567e-07,61
subject_615,Cooldown,Sagittal,STL,-0.4265635495919266,0.0006080297161809789,61
subject_615,Cooldown,Sagittal,STR,0.02226553221330482,0.8647562600925544,61
subject_615,Cooldown,Sagittal,UTL,-0.17401493752714348,0.17984189970091075,61
subject_615,Cooldown,Sagittal,UTR,0.04418190650287868,0.7352892622961787,61
subject_615,Cooldown,Frontal,MTL,0.12574631475828554,0.33422819610218524,61
subject_615,Cooldown,Frontal,MTR,0.11122222809472586,0.3934627805312113,61
subject_615,Cooldown,Frontal,SCML,-0.2414548718446443,0.060840776133717626,61
subject_615,Cooldown,Frontal,SCMR,-0.22325134989298281,0.0837234966221748,61
subject_615,Cooldown,Frontal,STL,0.14349797623596955,0.26990090660182653,61
subject_615,Cooldown,Frontal,STR,0.012878023508356243,0.9215322321558665,61
subject_615,Cooldown,Frontal,UTL,0.23138483842457624,0.07277773513564963,61
subject_615,Cooldown,Frontal,UTR,0.0025820598512994977,0.9842433197058428,61
subject_615,Cooldown,Horizontal,MTL,0.03312146094819398,0.7999554893275923,61
subject_615,Cooldown,Horizontal,MTR,0.05744453573498128,0.6601269692749016,61
subject_615,Cooldown,Horizontal,SCML,-0.023717388782922354,0.8560284956359516,61
subject_615,Cooldown,Horizontal,SCMR,0.04466137323235782,0.7325233654927231,61
subject_615,Cooldown,Horizontal,STL,-0.04032593657311394,0.7576521271314981,61
subject_615,Cooldown,Horizontal,STR,-0.13605620339450614,0.2957824022058778,61
subject_615,Cooldown,Horizontal,UTL,0.08543360475568804,0.5126917227712723,61
subject_615,Cooldown,Horizontal,UTR,0.13066878578118107,0.31549693415103025,61
subject_615,Second_threshold,Sagittal,MTL,0.23524232496990027,0.07288799897494057,59
subject_615,Second_threshold,Sagittal,MTR,-0.5111154667086485,3.5246318233106324e-05,59
subject_615,Second_threshold,Sagittal,SCML,0.44816372648502284,0.00037150714268474665,59
subject_615,Second_threshold,Sagittal,SCMR,0.5385803066797535,1.081480792455773e-05,59
subject_615,Second_threshold,Sagittal,STL,0.04084514662369478,0.7587269434495567,59
subject_615,Second_threshold,Sagittal,STR,-0.05569514370952084,0.6752346374847339,59
subject_615,Second_threshold,Sagittal,UTL,-0.08649740570610026,0.5147843174178843,59
subject_615,Second_threshold,Sagittal,UTR,-0.17348470822327933,0.18883304818293284,59
subject_615,Second_threshold,Frontal,MTL,-0.35631341210920314,0.005607664293431302,59
subject_615,Second_threshold,Frontal,MTR,0.17815670605460157,0.1770171161568422,59
subject_615,Second_threshold,Frontal,SCML,-0.2612965022134156,0.04560946718636512,59
subject_615,Second_threshold,Frontal,SCMR,-0.3642314879338521,0.004568549200581934,59
subject_615,Second_threshold,Frontal,STL,-0.15836151649297917,0.2309370319036658,59
subject_615,Second_threshold,Frontal,STR,0.02375422747394687,0.858266793722625,59
subject_615,Second_threshold,Frontal,UTL,0.15440247858065467,0.24295592920559053,59
subject_615,Second_threshold,Frontal,UTR,0.1385663269313568,0.2952681366881504,59
subject_615,Second_threshold,Horizontal,MTL,,,59
subject_615,Second_threshold,Horizontal,MTR,,,59
subject_615,Second_threshold,Horizontal,SCML,,,59
subject_615,Second_threshold,Horizontal,SCMR,,,59
subject_615,Second_threshold,Horizontal,STL,,,59
subject_615,Second_threshold,Horizontal,STR,,,59
subject_615,Second_threshold,Horizontal,UTL,,,59
subject_615,Second_threshold,Horizontal,UTR,,,59
subject_615,Vo2max,Sagittal,MTL,0.2556420436289553,0.11623610470164177,39
subject_615,Vo2max,Sagittal,MTR,-0.17559251481584812,0.28496508921619834,39
subject_615,Vo2max,Sagittal,SCML,0.4397043150418032,0.005096747373447243,39
subject_615,Vo2max,Sagittal,SCMR,0.5488815433714217,0.00029663268653770734,39
subject_615,Vo2max,Sagittal,STL,0.341888955317916,0.03314759562214863,39
subject_615,Vo2max,Sagittal,STR,-0.1263233209528131,0.44349813825743345,39
subject_615,Vo2max,Sagittal,UTL,-0.3536639827820376,0.02719545594966116,39
subject_615,Vo2max,Sagittal,UTR,-0.3430251421784892,0.03253030601862583,39
subject_615,Vo2max,Frontal,MTL,-0.03543982027668904,0.8304004838541909,39
subject_615,Vo2max,Frontal,MTR,-0.14175928110675615,0.3893248120549174,39
subject_615,Vo2max,Frontal,SCML,0.2430159104687248,0.1360385188238698,39
subject_615,Vo2max,Frontal,SCMR,0.14175928110675615,0.3893248120549174,39
subject_615,Vo2max,Frontal,STL,0.24807874193682322,0.12781829283767124,39
subject_615,Vo2max,Frontal,STR,0.2430159104687248,0.1360385188238698,39
subject_615,Vo2max,Frontal,UTL,-0.29870705661780755,0.06472443390360444,39
subject_615,Vo2max,Frontal,UTR,-0.3797123601073825,0.017115608778971055,39
subject_615,Vo2max,Horizontal,MTL,,,39
subject_615,Vo2max,Horizontal,MTR,,,39
subject_615,Vo2max,Horizontal,SCML,,,39
subject_615,Vo2max,Horizontal,SCMR,,,39
subject_615,Vo2max,Horizontal,STL,,,39
subject_615,Vo2max,Horizontal,STR,,,39
subject_615,Vo2max,Horizontal,UTL,,,39
subject_615,Vo2max,Horizontal,UTR,,,39
subject_615,WanT,Sagittal,MTL,0.8040703086810215,5.075337841196522e-08,31
subject_615,WanT,Sagittal,MTR,0.5923585746912845,0.00044670274352402674,31
subject_615,WanT,Sagittal,SCML,0.7337168709244318,2.6473601362634955e-06,31
subject_615,WanT,Sagittal,SCMR,0.7217741577250109,4.5911469826021e-06,31
subject_615,WanT,Sagittal,STL,0.6692262196475582,3.847638360223731e-05,31
subject_615,WanT,Sagittal,STR,0.4366690226188317,0.014046663717365146,31
subject_615,WanT,Sagittal,UTL,0.794733278361474,9.344436051345869e-08,31
subject_615,WanT,Sagittal,UTR,0.7714992726826003,3.7617756494532257e-07,31
subject_615,WanT,Frontal,MTL,-0.40977329723904454,0.022059672552350154,31
subject_615,WanT,Frontal,MTR,-0.46309636091822787,0.008702623432505491,31
subject_615,WanT,Frontal,SCML,-0.48883852959093704,0.005262665669575667,31
subject_615,WanT,Frontal,SCMR,-0.5384841406025904,0.0017777344521613286,31
subject_615,WanT,Frontal,STL,-0.28631595768625545,0.11839996214021456,31
subject_615,WanT,Frontal,STR,-0.43052463729153456,0.015620445946453903,31
subject_615,WanT,Frontal,UTL,-0.41292539952549867,0.02096025111266806,31
subject_615,WanT,Frontal,UTR,-0.3220397835994029,0.07726715453074082,31
subject_615,WanT,Horizontal,MTL,0.37957095763822735,0.035199391215611504,31
subject_615,WanT,Horizontal,MTR,0.6306617114023468,0.00014286377850174215,31
subject_615,WanT,Horizontal,SCML,0.4930509346640891,0.004829092138581856,31
subject_615,WanT,Horizontal,SCMR,0.5178339181524957,0.0028476191730214696,31
subject_615,WanT,Horizontal,STL,0.339135563525564,0.06198909409742432,31
subject_615,WanT,Horizontal,STR,0.48087683751188937,0.006173489866844705,31
subject_615,WanT,Horizontal,UTL,0.36522291456599193,0.04335143227380121,31
subject_615,WanT,Horizontal,UTR,0.31522215840517165,0.08411259742024757,31
subject_615,Warmup,Sagittal,MTL,0.29891306784337124,0.019280364306861423,61
subject_615,Warmup,Sagittal,MTR,0.18346419941503772,0.1569798049280548,61
subject_615,Warmup,Sagittal,SCML,0.4303366793411272,0.0005368870978835916,61
subject_615,Warmup,Sagittal,SCMR,0.7137929565354156,1.067410181083579e-10,61
subject_615,Warmup,Sagittal,STL,-0.08328129705987225,0.5234077233548092,61
subject_615,Warmup,Sagittal,STR,-0.5698567049884025,1.6391500503664118e-06,61
subject_615,Warmup,Sagittal,UTL,0.2626563984195971,0.040851802705092394,61
subject_615,Warmup,Sagittal,UTR,0.020609054198776896,0.8747337066255542,61
subject_615,Warmup,Frontal,MTL,0.0037912391250785856,0.9768661559834333,61
subject_615,Warmup,Frontal,MTR,0.1051166181227146,0.42010462333225246,61
subject_615,Warmup,Frontal,SCML,-0.2449411277595415,0.05709698778830402,61
subject_615,Warmup,Frontal,SCMR,-0.08674716188572668,0.5062069244057754,61
subject_615,Warmup,Frontal,STL,0.16871014106599705,0.19368736241738238,61
subject_615,Warmup,Frontal,STR,0.19953652585681464,0.12313702285837094,61
subject_615,Warmup,Frontal,UTL,-0.0208969489870403,0.8729981942589948,61
subject_615,Warmup,Frontal,UTR,0.07284595176043854,0.576901114721152,61
subject_615,Warmup,Horizontal,MTL,-0.0972683924001869,0.4558214452567673,61
subject_615,Warmup,Horizontal,MTR,-0.08466393079331672,0.5165109691701019,61
subject_615,Warmup,Horizontal,SCML,0.013080101667506795,0.9203049058655534,61
subject_615,Warmup,Horizontal,SCMR,0.07324856933803806,0.5747915291491457,61
subject_615,Warmup,Horizontal,STL,0.027349303486605116,0.8342726311754838,61
subject_615,Warmup,Horizontal,STR,-0.1568423099949224,0.22738470954455078,61
subject_615,Warmup,Horizontal,UTL,0.08823123124809129,0.4989312485838825,61
subject_615,Warmup,Horizontal,UTR,-0.23127997948455198,0.07291120309417605,61
subject_616,Cooldown,Sagittal,MTL,0.4814548895888668,8.561281924535824e-05,61
subject_616,Cooldown,Sagittal,MTR,0.21556138822054796,0.09522906058119722,61
subject_616,Cooldown,Sagittal,SCML,-0.4336142027896428,0.0004813150466382094,61
subject_616,Cooldown,Sagittal,SCMR,0.15791402324087356,0.22418446757225866,61
subject_616,Cooldown,Sagittal,STL,-0.6872361041645872,9.561256446497105e-10,61
subject_616,Cooldown,Sagittal,STR,-0.5360012239006691,8.513596338307507e-06,61
subject_616,Cooldown,Sagittal,UTL,0.3784052550872695,0.0026386153601092007,61
subject_616,Cooldown,Sagittal,UTR,0.43446234792957356,0.00046781238811638296,61
subject_616,Cooldown,Frontal,MTL,0.4069885591824109,0.0013792410199379422,59
subject_616,Cooldown,Frontal,MTR,0.36470763816709795,0.0045118633933348695,59
subject_616,Cooldown,Frontal,SCML,-0.38882410806788187,0.002338846579562078,59
subject_616,Cooldown,Frontal,SCMR,-0.3199903985812454,0.013487050449013977,59
subject_616,Cooldown,Frontal,STL,-0.24242911750647364,0.06431443513442907,59
subject_616,Cooldown,Frontal,STR,-0.5362984802744659,1.19775617473795e-05,59
subject_616,Cooldown,Frontal,UTL,0.4068652012801051,0.001384335308612612,59
subject_616,Cooldown,Frontal,UTR,0.6946283478839602,1.0447454208856042e-09,59
subject_616,Cooldown,Horizontal,MTL,-0.4019915763650522,0.0013211893732626707,61
subject_616,Cooldown,Horizontal,MTR,-0.3524488307373592,0.005340149542794722,61
subject_616,Cooldown,Horizontal,SCML,0.46891774151123383,0.00013799093557974827,61
subject_616,Cooldown,Horizontal,SCMR,0.27422344290415995,0.03246586541647327,61
subject_616,Cooldown,Horizontal,STL,0.2451062152106913,0.05692444295575138,61
subject_616,Cooldown,Horizontal,STR,0.36592098086418806,0.003730178499082283,61
subject_616,Cooldown,Horizontal,UTL,-0.32463535950777733,0.010693074521375127,61
subject_616,Cooldown,Horizontal,UTR,-0.38417357135860125,0.0022382845381146185,61
subject_616,Second_threshold,Sagittal,MTL,-0.21834662061323648,0.09663701048654717,59
subject_616,Second_threshold,Sagittal,MTR,-0.08349171876165441,0.5295522593150865,59
subject_616,Second_threshold,Sagittal,SCML,0.16276637760039095,0.21805536581377755,59
subject_616,Second_threshold,Sagittal,SCMR,-0.6252170567733191,1.199355324490401e-07,59
subject_616,Second_threshold,Sagittal,STL,0.1514197559372882,0.2522889094198194,59
subject_616,Second_threshold,Sagittal,STR,0.2384610862887368,0.06894192042334392,59
subject_616,Second_threshold,Sagittal,UTL,0.008980213936573294,0.94618064242012,59
subject_616,Second_threshold,Sagittal,UTR,0.12186999791626663,0.35783097546606607,59
subject_616,Second_threshold,Frontal,MTL,0.2584106104889805,0.05227780529284523,57
subject_616,Second_threshold,Frontal,MTR,0.09513885355008124,0.48145233604132603,57
subject_616,Second_threshold,Frontal,SCML,-0.2875141101773321,0.030112307456645036,57
subject_616,Second_threshold,Frontal,SCMR,0.6633500379417081,1.876203098741999e-08,57
subject_616,Second_threshold,Frontal,STL,-0.21110337740482593,0.11495490221122037,57
subject_616,Second_threshold,Frontal,STR,-0.4069995207382609,0.0016783437545410062,57
subject_616,Second_threshold,Frontal,UTL,0.035583429477392584,0.7927198538624787,57
subject_616,Second_threshold,Frontal,UTR,0.051689613346107124,0.7025669337065477,57
subject_616,Second_threshold,Horizontal,MTL,-0.3607226454233717,0.005005994244212496,59
subject_616,Second_threshold,Horizontal,MTR,-0.20712909553376663,0.11547096095807037,59
subject_616,Second_threshold,Horizontal,SCML,0.27441306924218767,0.03544232126036468,59
subject_616,Second_threshold,Horizontal,SCMR,-0.45793375294843813,0.0002654168457982942,59
subject_616,Second_threshold,Horizontal,STL,0.20310177822201386,0.1228782723605075,59
subject_616,Second_threshold,Horizontal,STR,0.0864484491919341,0.5150231768447232,59
subject_616,Second_threshold,Horizontal,UTL,0.009443364731006456,0.9434093555243799,59
subject_616,Second_threshold,Horizontal,UTR,0.02360841182751614,0.8591279406707633,59
subject_616,Vo2max,Sagittal,MTL,-0.12951428985143984,0.3282432440132789,59
subject_616,Vo2max,Sagittal,MTR,-0.32895924142702304,0.010960535613779018,59
subject_616,Vo2max,Sagittal,SCML,0.2112029442992727,0.10833073707085442,59
subject_616,Vo2max,Sagittal,SCMR,0.24353742428941882,0.06306753487842208,59
subject_616,Vo2max,Sagittal,STL,-0.6475420542753901,2.9754691949507974e-08,59
subject_616,Vo2max,Sagittal,STR,-0.607329719160372,3.393493288068187e-07,59
subject_616,Vo2max,Sagittal,UTL,-0.016490584794974526,0.9013431522464489,59
subject_616,Vo2max,Sagittal,UTR,0.08421662288342606,0.5259714744388182,59
subject_616,Vo2max,Frontal,MTL,0.11772187773154823,0.3831384680310894,57
subject_616,Vo2max,Frontal,MTR,0.3068987742366543,0.020230472418550766,57
subject_616,Vo2max,Frontal,SCML,-0.12558653522670432,0.3519342840274411,57
subject_616,Vo2max,Frontal,SCMR,-0.19934426903262767,0.13711013297034402,57
subject_616,Vo2max,Frontal,STL,0.33304344645028133,0.011359591836848981,57
subject_616,Vo2max,Frontal,STR,0.3463283408677747,0.008314817140683248,57
subject_616,Vo2max,Frontal,UTL,-0.013710011038853194,0.9193759500738191,57
subject_616,Vo2max,Frontal,UTR,-0.12356723127524533,0.35979275714290776,57
subject_616,Vo2max,Horizontal,MTL,-0.16761337897714232,0.20447132776184987,59
subject_616,Vo2max,Horizontal,MTR,-0.30790591378523124,0.01767200175785407,59
subject_616,Vo2max,Horizontal,SCML,0.15989524049938475,0.22639338208125326,59
subject_616,Vo2max,Horizontal,SCMR,-0.09357389127900774,0.4808568348939324,59
subject_616,Vo2max,Horizontal,STL,0.031555575015256625,0.8124582214593512,59
subject_616,Vo2max,Horizontal,STR,0.06270133736797745,0.6370852335315902,59
subject_616,Vo2max,Horizontal,UTL,-0.14281971289372639,0.2805473923750837,59
subject_616,Vo2max,Horizontal,UTR,-0.09951617488577684,0.4533104012609567,59
subject_616,WanT,Sagittal,MTL,0.7763576671951288,2.8499967272717593e-07,31
subject_616,WanT,Sagittal,MTR,0.7957870608683472,8.736076539316423e-08,31
subject_616,WanT,Sagittal,SCML,0.6428061506834272,9.636360872723062e-05,31
subject_616,WanT,Sagittal,SCMR,0.5595665377886914,0.001064563311870248,31
subject_616,WanT,Sagittal,STL,0.5501586208521856,0.0013438394875121282,31
subject_616,WanT,Sagittal,STR,0.6702118217593354,3.7115791075043883e-05,31
subject_616,WanT,Sagittal,UTL,0.7951735010681402,9.085729754026648e-08,31
subject_616,WanT,Sagittal,UTR,0.8528481222875888,1.1150551398496501e-09,31
subject_616,WanT,Frontal,MTL,0.403917115052721,0.02685460422207857,30
subject_616,WanT,Frontal,MTR,0.5251652906381671,0.002883664313821126,30
subject_616,WanT,Frontal,SCML,0.4044040555169196,0.02665405697087291,30
subject_616,WanT,Frontal,SCMR,0.17262039455839612,0.3616741145539466,30
subject_616,WanT,Frontal,STL,0.3364758607612179,0.06905347458718153,30
subject_616,WanT,Frontal,STR,0.43654212615402577,0.015872226929905364,30
subject_616,WanT,Frontal,UTL,0.4759843037541106,0.007843350463934447,30
subject_616,WanT,Frontal,UTR,0.5234609990134721,0.002992894062387876,30
subject_616,WanT,Horizontal,MTL,0.5651110830457229,0.0014023357533343363,29
subject_616,WanT,Horizontal,MTR,0.5362566635838507,0.0027118285174539784,29
subject_616,WanT,Horizontal,SCML,0.7325211582254529,6.249476056772621e-06,29
subject_616,WanT,Horizontal,SCMR,0.33400351584638827,0.07659423175249734,29
subject_616,WanT,Horizontal,STL,0.7074776998245828,1.7723933280754737e-05,29
subject_616,WanT,Horizontal,STR,0.6533076104574831,0.00012185446622633258,29
subject_616,WanT,Horizontal,UTL,0.5879768494117348,0.0007957278889536642,29
subject_616,WanT,Horizontal,UTR,0.5610279104803636,0.0015450901113870875,29
subject_616,Warmup,Sagittal,MTL,0.4142574136527019,0.0013575150787067012,57
subject_616,Warmup,Sagittal,MTR,-0.45379587008206124,0.00039207264270938494,57
subject_616,Warmup,Sagittal,SCML,0.7331401170726706,8.891612632127952e-11,57
subject_616,Warmup,Sagittal,SCMR,0.6129275636419393,4.019708176256169e-07,57
subject_616,Warmup,Sagittal,STL,-0.5803971600834064,2.2195707229304824e-06,57
subject_616,Warmup,Sagittal,STR,-0.09866686530228409,0.4652681412714954,57
subject_616,Warmup,Sagittal,UTL,0.588904610312642,1.445425596476871e-06,57
subject_616,Warmup,Sagittal,UTR,0.5451287265660387,1.162115513138225e-05,57
subject_616,Warmup,Frontal,MTL,0.10102882711241548,0.45459962968737894,57
subject_616,Warmup,Frontal,MTR,-0.09244874519881652,0.4939900767046134,57
subject_616,Warmup,Frontal,SCML,-0.31936243824968424,0.015456625664380283,57
subject_616,Warmup,Frontal,SCMR,-0.2291733329441438,0.08638324226192483,57
subject_616,Warmup,Frontal,STL,-0.03471330850540046,0.7976800579746169,57
subject_616,Warmup,Frontal,STR,-0.06464534999024577,0.6328287775068031,57
subject_616,Warmup,Frontal,UTL,-0.08530959307223414,0.528069321405069,57
subject_616,Warmup,Frontal,UTR,-0.2706000643208717,0.04176251917988038,57
subject_616,Warmup,Horizontal,MTL,-0.15916393050862718,0.23696941626881707,57
subject_616,Warmup,Horizontal,MTR,0.0570737343637963,0.6732477132987376,57
subject_616,Warmup,Horizontal,SCML,0.16205926241172458,0.2284370347443009,57
subject_616,Warmup,Horizontal,SCMR,0.045333758427949386,0.7377367995327069,57
subject_616,Warmup,Horizontal,STL,-0.11093484017758044,0.41134762503026917,57
subject_616,Warmup,Horizontal,STR,-0.15610995028207242,0.24620397623180995,57
subject_616,Warmup,Horizontal,UTL,0.06845675157186408,0.6128699444562578,57
subject_616,Warmup,Horizontal,UTR,0.31095071397648577,0.01855727482194753,57
subject_617,Cooldown,Sagittal,MTR,0.12906038830081426,0.32571285945020173,60
subject_617,Cooldown,Sagittal,SCML,0.031719464091970136,0.8098729691122187,60
subject_617,Cooldown,Sagittal,SCMR,-0.16555232221946614,0.2061830227256269,60
subject_617,Cooldown,Sagittal,STL,-0.32644857631534036,0.010908223889915955,60
subject_617,Cooldown,Sagittal,STR,-0.16287508304840076,0.21371754565491854,60
subject_617,Cooldown,Sagittal,UTL,0.4766067733011806,0.00011829551886443464,60
subject_617,Cooldown,Sagittal,UTR,0.2468298114019181,0.057269516453327715,60
subject_617,Cooldown,Frontal,MTR,0.0961924474208703,0.46470130579971014,60
subject_617,Cooldown,Frontal,SCML,0.2996240513623976,0.020030953854523414,60
subject_617,Cooldown,Frontal,SCMR,0.35220351740229167,0.005783654200471588,60
subject_617,Cooldown,Frontal,STL,0.28025644449913517,0.030093367436794406,60
subject_617,Cooldown,Frontal,STR,-0.250702911063342,0.05335158818096473,60
subject_617,Cooldown,Frontal,UTL,-0.19468031491442356,0.13607500240046996,60
subject_617,Cooldown,Frontal,UTR,-0.13600363930646536,0.3001356150637875,60
subject_617,Cooldown,Horizontal,MTR,0.10478031454136409,0.4255973018451481,60
subject_617,Cooldown,Horizontal,SCML,-0.12942923370207846,0.32432039714409755,60
subject_617,Cooldown,Horizontal,SCMR,-0.028682378659740382,0.8277845508002661,60
subject_617,Cooldown,Horizontal,STL,-0.046877762622013194,0.7220871443819661,60
subject_617,Cooldown,Horizontal,STR,0.5408421026027296,8.149044698303306e-06,60
subject_617,Cooldown,Horizontal,UTL,-0.3882877011062354,0.0021719413166910754,60
subject_617,Cooldown,Horizontal,UTR,-0.379772619941625,0.0027640882715747775,60
subject_617,Second_threshold,Sagittal,MTR,-0.24774029456205898,0.05851473259873335,59
subject_617,Second_threshold,Sagittal,SCML,0.23766955088067446,0.06989610046987035,59
subject_617,Second_threshold,Sagittal,SCMR,0.09466499060501442,0.47573332606144114,59
subject_617,Second_threshold,Sagittal,STL,-0.14099041153938316,0.2868179353000589,59
subject_617,Second_threshold,Sagittal,STR,0.22961295593556685,0.08021997258405579,59
subject_617,Second_threshold,Sagittal,UTL,0.3182355003317505,0.014036036014776154,59
subject_617,Second_threshold,Sagittal,UTR,-0.0986932880775682,0.4570725036339341,59
subject_617,Second_threshold,Frontal,MTR,,,59
subject_617,Second_threshold,Frontal,SCML,,,59
subject_617,Second_threshold,Frontal,SCMR,,,59
subject_617,Second_threshold,Frontal,STL,,,59
subject_617,Second_threshold,Frontal,STR,,,59
subject_617,Second_threshold,Frontal,UTL,,,59
subject_617,Second_threshold,Frontal,UTR,,,59
subject_617,Second_threshold,Horizontal,MTR,0.17828862514417282,0.17669145004488515,59
subject_617,Second_threshold,Horizontal,SCML,-0.17143137033093545,0.1942013578924799,59
subject_617,Second_threshold,Horizontal,SCMR,-0.10514457380297375,0.4280394235935933,59
subject_617,Second_threshold,Horizontal,STL,0.2217179056280098,0.09147157239517113,59
subject_617,Second_threshold,Horizontal,STR,-0.036572025670599556,0.7833188841789684,59
subject_617,Second_threshold,Horizontal,UTL,-0.018286012835299778,0.8906642636587809,59
subject_617,Second_threshold,Horizontal,UTR,0.18057437674858529,0.17111748908369953,59
subject_617,Vo2max,Sagittal,MTR,0.28746435434863243,0.08912932352746218,36
subject_617,Vo2max,Sagittal,SCML,0.3025418498148133,0.07289582778694942,36
subject_617,Vo2max,Sagittal,SCMR,-0.12061996372944686,0.4834631382387034,36
subject_617,Vo2max,Sagittal,STL,0.13034098054316876,0.4486383062401452,36
subject_617,Vo2max,Sagittal,STR,-0.08471171794814772,0.6232729014047684,36
subject_617,Vo2max,Sagittal,UTL,0.5515189131050368,0.0004893696069636732,36
subject_617,Vo2max,Sagittal,UTR,0.3438065742485715,0.040063209345702754,36
subject_617,Vo2max,Frontal,MTR,0.008135639963592848,0.9624400444922612,36
subject_617,Vo2max,Frontal,SCML,0.1871197191626355,0.27448902818658977,36
subject_617,Vo2max,Frontal,SCMR,0.21966227901700694,0.1980073371892659,36
subject_617,Vo2max,Frontal,STL,0.12203459945389274,0.4783098657757239,36
subject_617,Vo2max,Frontal,STR,-0.1383058793810784,0.4211510640122359,36
subject_617,Vo2max,Frontal,UTL,-0.1383058793810784,0.4211510640122359,36
subject_617,Vo2max,Frontal,UTR,0.024406919890778544,0.8876375129976646,36
subject_617,Vo2max,Horizontal,MTR,0.0350205157094262,0.8393151829784002,36
subject_617,Vo2max,Horizontal,SCML,0.1400820628377048,0.4151528584224612,36
subject_617,Vo2max,Horizontal,SCMR,-0.0116735052364754,0.9461268507002114,36
subject_617,Vo2max,Horizontal,STL,-0.0350205157094262,0.8393151829784002,36
subject_617,Vo2max,Horizontal,STR,0.23347010472950802,0.17055933752306088,36
subject_617,Vo2max,Horizontal,UTL,-0.0233470104729508,0.8924880753703772,36
subject_617,Vo2max,Horizontal,UTR,-0.3151846413848359,0.06115001470400061,36
subject_617,WanT,Sagittal,MTR,0.18642276654227122,0.31531020317537767,31
subject_617,WanT,Sagittal,SCML,0.6576580930796789,5.814365045344676e-05,31
subject_617,WanT,Sagittal,SCMR,0.1356743467613196,0.4667755493799484,31
subject_617,WanT,Sagittal,STL,0.2187360460762649,0.23712401272001088,31
subject_617,WanT,Sagittal,STR,-0.046605691635567804,0.8033908628194899,31
subject_617,WanT,Sagittal,UTL,-0.33846088947785685,0.06254327788491333,31
subject_617,WanT,Sagittal,UTR,0.5880602602372311,0.0005032075364753773,31
subject_617,WanT,Frontal,MTR,-0.4402295802570897,0.013196936493906132,31
subject_617,WanT,Frontal,SCML,-0.3680607966083864,0.04162953052194184,31
subject_617,WanT,Frontal,SCMR,-0.3391932831489051,0.06194186189694191,31
subject_617,WanT,Frontal,STL,-0.3319764047840348,0.06806968527160147,31
subject_617,WanT,Frontal,STR,-0.562916512459885,0.000978183515350213,31
subject_617,WanT,Frontal,UTL,-0.21650635094610968,0.24205787705061935,31
subject_617,WanT,Frontal,UTR,-0.20207259421636903,0.2756460138405482,31
subject_617,WanT,Horizontal,MTR,0.37030470701419166,0.04030720919735188,31
subject_617,WanT,Horizontal,SCML,0.5742406326162103,0.0007299156903574761,31
subject_617,WanT,Horizontal,SCMR,0.2146693953705459,0.24617372003031715,31
subject_617,WanT,Horizontal,STL,0.3273708279400825,0.07222044082010211,31
subject_617,WanT,Horizontal,STR,0.18246898606496403,0.32586562521009144,31
subject_617,WanT,Horizontal,UTL,0.0,1.0,31
subject_617,WanT,Horizontal,UTR,0.6118077768060559,0.0002550297241556849,31
subject_617,Warmup,Sagittal,MTR,0.04239653593826221,0.7520057170360287,58
subject_617,Warmup,Sagittal,SCML,0.0970011510825342,0.4688397422355235,58
subject_617,Warmup,Sagittal,SCMR,0.2833070554872921,0.031161915086039122,58
subject_617,Warmup,Sagittal,STL,0.15611744767250546,0.24189428783661104,58
subject_617,Warmup,Sagittal,STR,0.019406865042162276,0.8850310732798059,58
subject_617,Warmup,Sagittal,UTL,-0.26154482733744855,0.04734798015543984,58
subject_617,Warmup,Sagittal,UTR,0.1951302225264932,0.14213978904835298,58
subject_617,Warmup,Frontal,MTR,-0.22549380840084868,0.08876989362612529,58
subject_617,Warmup,Frontal,SCML,-0.22549380840084868,0.08876989362612529,58
subject_617,Warmup,Frontal,SCMR,-0.22549380840084868,0.08876989362612529,58
subject_617,Warmup,Frontal,STL,-0.22549380840084868,0.08876989362612529,58
subject_617,Warmup,Frontal,STR,-0.22549380840084868,0.08876989362612529,58
subject_617,Warmup,Frontal,UTL,-0.22549380840084868,0.08876989362612529,58
subject_617,Warmup,Frontal,UTR,-0.22549380840084868,0.08876989362612529,58
subject_617,Warmup,Horizontal,MTR,0.03952793647889237,0.7683011675137785,58
subject_617,Warmup,Horizontal,SCML,0.0069755182021574765,0.9585540896122557,58
subject_617,Warmup,Horizontal,SCMR,0.09998242756425717,0.4552193736958321,58
subject_617,Warmup,Horizontal,STL,-0.02557690007457742,0.8488556789332765,58
subject_617,Warmup,Horizontal,STR,0.11858380943667711,0.3753041034964553,58
subject_617,Warmup,Horizontal,UTL,0.0627796638194173,0.6396630436750439,58
subject_617,Warmup,Horizontal,UTR,0.09998242756425717,0.4552193736958321,58
subject_618,Cooldown,Sagittal,MTL,-0.36023280759184834,0.0043483244334292055,61
subject_618,Cooldown,Sagittal,MTR,-0.1380385578132079,0.28873507270896626,61
subject_618,Cooldown,Sagittal,SCML,-0.12175481846772834,0.3499189187543328,61
subject_618,Cooldown,Sagittal,SCMR,0.003981083982596022,0.9757080780217868,61
subject_618,Cooldown,Sagittal,STL,-0.08661622303800928,0.5068514543050797,61
subject_618,Cooldown,Sagittal,STR,0.36681265472975005,0.0036406857531222927,61
subject_618,Cooldown,Sagittal,UTL,-0.29244379422153277,0.02219260679476489,61
subject_618,Cooldown,Sagittal,UTR,-0.08575918412508929,0.5110804728233551,61
subject_618,Cooldown,Frontal,MTL,0.28077597459940185,0.029776582427737296,60
subject_618,Cooldown,Frontal,MTR,0.0873940459738398,0.5067010661235908,60
subject_618,Cooldown,Frontal,SCML,0.3452064815966672,0.0069070008594092885,60
subject_618,Cooldown,Frontal,SCMR,0.24801827529817294,0.05604327321304937,60
subject_618,Cooldown,Frontal,STL,0.2880688570565292,0.025616419695579692,60
subject_618,Cooldown,Frontal,STR,-0.15758050565420975,0.22918287406121723,60
subject_618,Cooldown,Frontal,UTL,0.4914257612742778,6.686896735127859e-05,60
subject_618,Cooldown,Frontal,UTR,0.29029891202275826,0.024446545673682294,60
subject_618,Cooldown,Horizontal,MTL,-0.2540833054511595,0.048159467532857485,61
subject_618,Cooldown,Horizontal,MTR,-0.1979168020113636,0.12627207572778062,61
subject_618,Cooldown,Horizontal,SCML,-0.34366922049916526,0.00669295701453443,61
subject_618,Cooldown,Horizontal,SCMR,-0.13603787099882356,0.29584809350956615,61
subject_618,Cooldown,Horizontal,STL,-0.3426430359052591,0.006869169126044546,61
subject_618,Cooldown,Horizontal,STR,0.5215070106230988,1.6347759463910053e-05,61
subject_618,Cooldown,Horizontal,UTL,-0.5035145740766113,3.5288461559463526e-05,61
subject_618,Cooldown,Horizontal,UTR,-0.22880495828793834,0.07611854079097927,61
subject_618,Second_threshold,Sagittal,MTL,-0.05198705499576431,0.6957670318390496,59
subject_618,Second_threshold,Sagittal,MTR,0.30432133456906796,0.01910874935072144,59
subject_618,Second_threshold,Sagittal,SCML,-0.02743239905612834,0.8366014161474982,59
subject_618,Second_threshold,Sagittal,SCMR,0.10090868797613459,0.4469829920198946,59
subject_618,Second_threshold,Sagittal,STL,-0.09290105495632973,0.4840308135313617,59
subject_618,Second_threshold,Sagittal,STR,0.0676582430540543,0.6106418373376988,59
subject_618,Second_threshold,Sagittal,UTL,0.00231470641978734,0.9861181491688389,59
subject_618,Second_threshold,Sagittal,UTR,-0.03425139904955592,0.7967646991586487,59
subject_618,Second_threshold,Frontal,MTL,0.1130728307643075,0.393833963811732,59
subject_618,Second_threshold,Frontal,MTR,0.039936637161956785,0.7639365067568199,59
subject_618,Second_threshold,Frontal,SCML,0.06179975969587473,0.6419448759801675,59
subject_618,Second_threshold,Frontal,SCMR,0.13325168311783472,0.314356995719271,59
subject_618,Second_threshold,Frontal,STL,0.1862090243666582,0.15792640021788154,59
subject_618,Second_threshold,Frontal,STR,0.19884105071958855,0.13110243824209517,59
subject_618,Second_threshold,Frontal,UTL,0.06843967098395352,0.6065167953093764,59
subject_618,Second_threshold,Frontal,UTR,0.009943672026537497,0.9404164907340599,59
subject_618,Second_threshold,Horizontal,MTL,-0.12095316693397333,0.36148608962051293,59
subject_618,Second_threshold,Horizontal,MTR,-0.04548284987010241,0.732303822653896,59
subject_618,Second_threshold,Horizontal,SCML,-0.14664874755911697,0.2677175156420398,59
subject_618,Second_threshold,Horizontal,SCMR,-0.051168206103865216,0.7003312037268211,59
subject_618,Second_threshold,Horizontal,STL,-0.29223845817272914,0.024705622993106205,59
subject_618,Second_threshold,Horizontal,STR,-0.18310191399912554,0.1651043736990958,59
subject_618,Second_threshold,Horizontal,UTL,-0.10233641220773043,0.4405466837407543,59
subject_618,Second_threshold,Horizontal,UTR,-0.1950300143327063,0.13880464517150473,59
subject_618,Vo2max,Sagittal,MTL,0.4654180100196305,0.08041344964886044,15
subject_618,Vo2max,Sagittal,MTR,0.5840187384416212,0.022255008557648205,15
subject_618,Vo2max,Sagittal,SCML,0.8517688677579338,5.57586168003999e-05,15
subject_618,Vo2max,Sagittal,SCMR,0.7960624650142716,0.00038457233933736687,15
subject_618,Vo2max,Sagittal,STL,0.4456512219492987,0.0959408145757402,15
subject_618,Vo2max,Sagittal,STR,0.35400520453230583,0.19548496745713298,15
subject_618,Vo2max,Sagittal,UTL,0.4151025494769678,0.12389894908578487,15
subject_618,Vo2max,Sagittal,UTR,0.3450203008639732,0.20786930935663658,15
subject_618,Vo2max,Frontal,MTL,-0.48593509309818655,0.06628456493948678,15
subject_618,Vo2max,Frontal,MTR,-0.4117660525726739,0.12725724301082925,15
subject_618,Vo2max,Frontal,SCML,-0.3427121182903,0.21112958948539734,15
subject_618,Vo2max,Frontal,SCMR,-0.4117660525726739,0.12725724301082925,15
subject_618,Vo2max,Frontal,STL,-0.16368339978044177,0.5599604924729678,15
subject_618,Vo2max,Frontal,STR,-0.0920719123764985,0.7441587684640435,15
subject_618,Vo2max,Frontal,UTL,0.015345318729416418,0.9567130942586494,15
subject_618,Vo2max,Frontal,UTR,-0.0920719123764985,0.7441587684640435,15
subject_618,Vo2max,Horizontal,MTL,0.42433421239575275,0.11492481241624554,15
subject_618,Vo2max,Horizontal,MTR,0.27003086243366087,0.33038446665033766,15
subject_618,Vo2max,Horizontal,SCML,0.42433421239575275,0.11492481241624554,15
subject_618,Vo2max,Horizontal,SCMR,0.4629100498862757,0.08227686582718165,15
subject_618,Vo2max,Horizontal,STL,0.3471825374147068,0.2048444407476489,15
subject_618,Vo2max,Horizontal,STR,0.5014858873767987,0.05684175794985336,15
subject_618,Vo2max,Horizontal,UTL,0.4629100498862757,0.08227686582718165,15
subject_618,Vo2max,Horizontal,UTR,0.38575837490522974,0.1555794972145472,15
subject_618,WanT,Sagittal,MTL,0.46288117565703846,0.008737920404287697,31
subject_618,WanT,Sagittal,MTR,0.5057555953513471,0.0037016005316862425,31
subject_618,WanT,Sagittal,SCML,0.6128400464361843,0.00024730045605202177,31
subject_618,WanT,Sagittal,SCMR,0.6295021431894227,0.00014820894559812735,31
subject_618,WanT,Sagittal,STL,0.456378893997238,0.009863094505028269,31
subject_618,WanT,Sagittal,STR,0.5667144859119755,0.0008877348436719324,31
subject_618,WanT,Sagittal,UTL,0.48116884282522693,0.006137855257078586,31
subject_618,WanT,Sagittal,UTR,0.5478172298381807,0.001422561477802343,31
subject_618,WanT,Frontal,MTL,0.7453372166091442,1.5058853771559405e-06,31
subject_618,WanT,Frontal,MTR,0.7816236671304845,2.0930618382056273e-07,31
subject_618,WanT,Frontal,SCML,0.7764398884845787,2.8364735700766604e-07,31
subject_618,WanT,Frontal,SCMR,0.7825251938515115,1.9836477848062736e-07,31
subject_618,WanT,Frontal,STL,0.7892866442592148,1.3153247113129257e-07,31
subject_618,WanT,Frontal,STR,0.7058954225642091,9.155332838253879e-06,31
subject_618,WanT,Frontal,UTL,0.7611139342271181,6.661350641107497e-07,31
subject_618,WanT,Frontal,UTR,0.8194877894136222,1.7196768007692542e-08,31
subject_618,WanT,Horizontal,MTL,-0.35334967211447943,0.05118286037975654,31
subject_618,WanT,Horizontal,MTR,-0.243880558008425,0.18612283768111523,31
subject_618,WanT,Horizontal,SCML,-0.2812940527028993,0.12528553367157555,31
subject_618,WanT,Horizontal,SCMR,-0.2715942577821097,0.1394144523587534,31
subject_618,WanT,Horizontal,STL,-0.392148851797638,0.02911619827382979,31
subject_618,WanT,Horizontal,STR,-0.26120162036697797,0.15580480434921465,31
subject_618,WanT,Horizontal,UTL,-0.14688260880052872,0.43040941964469326,31
subject_618,WanT,Horizontal,UTR,-0.3886846393259274,0.030699004783321066,31
subject_618,Warmup,Sagittal,MTL,0.11985445730392542,0.3616881899685926,60
subject_618,Warmup,Sagittal,MTR,-0.26444078674993077,0.04117501653013694,60
subject_618,Warmup,Sagittal,SCML,-0.12976424304168188,0.3230589489962455,60
subject_618,Warmup,Sagittal,SCMR,0.21259187913633965,0.10293459964594819,60
subject_618,Warmup,Sagittal,STL,-0.15943681065186954,0.22367475741583093,60
subject_618,Warmup,Sagittal,STR,-0.03166020371804711,0.8102215700631318,60
subject_618,Warmup,Sagittal,UTL,0.1660244046093466,0.20487418144709366,60
subject_618,Warmup,Sagittal,UTR,-0.1711922584897812,0.19092981876241147,60
subject_618,Warmup,Frontal,MTL,-0.03287181067464156,0.80310163591758,60
subject_618,Warmup,Frontal,MTR,-0.39785251658935794,0.0016440405100334333,60
subject_618,Warmup,Frontal,SCML,-0.181218807272236,0.1658416538182203,60
subject_618,Warmup,Frontal,SCMR,-0.07883583247757875,0.5493416399190933,60
subject_618,Warmup,Frontal,STL,0.052086278805377605,0.692665848757862,60
subject_618,Warmup,Frontal,STR,-0.15296223649174182,0.24329209757014683,60
subject_618,Warmup,Frontal,UTL,-0.17754545307077174,0.1747363394243639,60
subject_618,Warmup,Frontal,UTR,-0.20344730961955806,0.11897254760180469,60
subject_618,Warmup,Horizontal,MTL,0.0060142103243816004,0.9639415197059799,59
subject_618,Warmup,Horizontal,MTR,0.10023683873969334,0.45002966812740314,59
subject_618,Warmup,Horizontal,SCML,-0.20448315102897446,0.12029792237368057,59
subject_618,Warmup,Horizontal,SCMR,0.1283031535868075,0.3328250238649458,59
subject_618,Warmup,Horizontal,STL,-0.15436473165912776,0.24307254350403407,59
subject_618,Warmup,Horizontal,STR,-0.06415157679340375,0.6293000677495478,59
subject_618,Warmup,Horizontal,UTL,0.2445778865248518,0.06191473400833786,59
subject_618,Warmup,Horizontal,UTR,0.008018947099175468,0.9519344190178645,59
subject_619,Cooldown,Sagittal,MTL,0.16443232948650616,0.2133170184505033,59
subject_619,Cooldown,Sagittal,MTR,0.1842466941629063,0.1624324292592516,59
subject_619,Cooldown,Sagittal,SCML,0.10902383459955915,0.4110971055404777,59
subject_619,Cooldown,Sagittal,SCMR,0.44087708552979615,0.0004743247725477403,59
subject_619,Cooldown,Sagittal,STL,-0.35283316646995483,0.006126504509055229,59
subject_619,Cooldown,Sagittal,STR,0.1823638812298547,0.16684394804012226,59
subject_619,Cooldown,Sagittal,UTL,0.24796347469093813,0.0582806038515247,59
subject_619,Cooldown,Sagittal,UTR,-0.006724331903755704,0.9596872944327499,59
subject_619,Cooldown,Frontal,MTL,0.17705275917535612,0.17975948492487098,59
subject_619,Cooldown,Frontal,MTR,0.3638615522077556,0.004613022541200104,59
subject_619,Cooldown,Frontal,SCML,0.16338147488884142,0.21629738849565142,59
subject_619,Cooldown,Frontal,SCMR,-0.3282712839595283,0.011138663339000262,59
subject_619,Cooldown,Frontal,STL,-0.11668729968490028,0.3787905663959805,59
subject_619,Cooldown,Frontal,STR,0.3148567374060937,0.015147224954402369,59
subject_619,Cooldown,Frontal,UTL,0.0833755788177588,0.5301270711337781,59
subject_619,Cooldown,Frontal,UTR,-0.08103284700340298,0.5417874335362513,59
subject_619,Cooldown,Horizontal,MTL,0.09104914242242478,0.5045356732497427,56
subject_619,Cooldown,Horizontal,MTR,-0.0974808699224636,0.4747746732556705,56
subject_619,Cooldown,Horizontal,SCML,-0.17924420576670733,0.18622746357206266,56
subject_619,Cooldown,Horizontal,SCMR,-0.5085084554718206,6.297405824253507e-05,56
subject_619,Cooldown,Horizontal,STL,0.05314214846907088,0.6972871847912537,56
subject_619,Cooldown,Horizontal,STR,-0.022310054765759712,0.8703547556347315,56
subject_619,Cooldown,Horizontal,UTL,0.16027060964159276,0.23801981197717723,56
subject_619,Cooldown,Horizontal,UTR,-0.20243862306372237,0.13457949290665247,56
subject_619,Second_threshold,Sagittal,MTL,-0.0918212029637455,0.48914784172129805,59
subject_619,Second_threshold,Sagittal,MTR,-0.0515997233177344,0.6979246500889155,59
subject_619,Second_threshold,Sagittal,SCML,0.6521691171195808,2.197019791718976e-08,59
subject_619,Second_threshold,Sagittal,SCMR,0.2385760769877465,0.06880417218727444,59
subject_619,Second_threshold,Sagittal,STL,-0.26904040681848956,0.03935241334251278,59
subject_619,Second_threshold,Sagittal,STR,-0.26634877928324313,0.041441473387109226,59
subject_619,Second_threshold,Sagittal,UTL,-0.19563238312995213,0.13756517903761098,59
subject_619,Second_threshold,Sagittal,UTR,-0.06551666114201961,0.6220084709065508,59
subject_619,Second_threshold,Frontal,MTL,-0.09899678265684464,0.45568299337879126,59
subject_619,Second_threshold,Frontal,MTR,0.1264958889504126,0.3397363228223247,59
subject_619,Second_threshold,Frontal,SCML,0.24199213538339806,0.06481147368448896,59
subject_619,Second_threshold,Frontal,SCMR,0.20899320783111647,0.11216029405420838,59
subject_619,Second_threshold,Frontal,STL,-0.17599428027883493,0.18241764212854134,59
subject_619,Second_threshold,Frontal,STR,-0.005499821258713592,0.9670237736187947,59
subject_619,Second_threshold,Frontal,UTL,-0.032998927552281544,0.8040463197430205,59
subject_619,Second_threshold,Frontal,UTR,0.005499821258713592,0.9670237736187947,59
subject_619,Second_threshold,Horizontal,MTL,,,59
subject_619,Second_threshold,Horizontal,MTR,,,59
subject_619,Second_threshold,Horizontal,SCML,,,59
subject_619,Second_threshold,Horizontal,SCMR,,,59
subject_619,Second_threshold,Horizontal,STL,,,59
subject_619,Second_threshold,Horizontal,STR,,,59
subject_619,Second_threshold,Horizontal,UTL,,,59
subject_619,Second_threshold,Horizontal,UTR,,,59
subject_619,WanT,Horizontal,MTL,,,31
subject_619,WanT,Horizontal,MTR,,,31
subject_619,WanT,Horizontal,SCML,,,31
subject_619,WanT,Horizontal,SCMR,,,31
subject_619,WanT,Horizontal,STL,,,31
subject_619,WanT,Horizontal,STR,,,31
subject_619,WanT,Horizontal,UTL,,,31
subject_619,WanT,Horizontal,UTR,,,31
subject_619,Warmup,Sagittal,MTL,-0.09511474432705155,0.5593486900837576,40
subject_619,Warmup,Sagittal,MTR,-0.022915749893311816,0.8883799531241311,40
subject_619,Warmup,Sagittal,SCML,0.5049135520425942,0.0008914942839557934,40
subject_619,Warmup,Sagittal,SCMR,0.23107513490745393,0.15139999507759283,40
subject_619,Warmup,Sagittal,STL,-0.5043382612502936,0.0009056645611377341,40
subject_619,Warmup,Sagittal,STR,-0.32225872548711726,0.04256299549551131,40
subject_619,Warmup,Sagittal,UTL,0.36981609765064305,0.018838916392802527,40
subject_619,Warmup,Sagittal,UTR,0.40203238201948305,0.01012384752109464,40
subject_619,Warmup,Frontal,MTL,0.04932176661754605,0.7624762292786396,40
subject_619,Warmup,Frontal,MTR,-0.26003310424371556,0.10513412019347838,40
subject_619,Warmup,Frontal,SCML,0.4350458244995242,0.0050246318225119916,40
subject_619,Warmup,Frontal,SCMR,0.1326516868302549,0.41451464655604287,40
subject_619,Warmup,Frontal,STL,0.08362823734950853,0.607923433494721,40
subject_619,Warmup,Frontal,STR,-0.4705455637786854,0.0021832196045395557,40
subject_619,Warmup,Frontal,UTL,0.35708561274920947,0.023700896178097845,40
subject_619,Warmup,Frontal,UTR,0.12668534409426144,0.43599870198777374,40
subject_619,Warmup,Horizontal,MTL,-0.5127470001255606,0.0007172293319345183,40
subject_619,Warmup,Horizontal,MTR,-0.4405705115728543,0.004438500450124889,40
subject_619,Warmup,Horizontal,SCML,0.18795280163838224,0.24547517662753304,40
subject_619,Warmup,Horizontal,SCMR,-0.2033025525975551,0.20831412339926747,40
subject_619,Warmup,Horizontal,STL,-0.17358282201702896,0.28408866230378926,40
subject_619,Warmup,Horizontal,STR,-0.0805045449241724,0.6214382936837648,40
subject_619,Warmup,Horizontal,UTL,0.3507581389393962,0.02648148152136406,40
subject_619,Warmup,Horizontal,UTR,-0.24837203413725403,0.1222593072052261,40
subject_620,Cooldown,Sagittal,MTL,-0.03596115295594406,0.7832055562486151,61
subject_620,Cooldown,Sagittal,MTR,0.205357110301049,0.11235825022617943,61
subject_620,Cooldown,Sagittal,SCML,-0.03629515747256274,0.7812416891604835,61
subject_620,Cooldown,Sagittal,SCMR,0.6323262173785892,4.59801307958715e-08,61
subject_620,Cooldown,Sagittal,STL,-0.4731452315000721,0.0001177172704549327,61
subject_620,Cooldown,Sagittal,STR,-0.07835189285679763,0.5483650669683336,61
subject_620,Cooldown,Sagittal,UTL,0.2630842242566434,0.04051255315731831,61
subject_620,Cooldown,Sagittal,UTR,0.3254317340254629,0.01049139789440497,61
subject_620,Cooldown,Frontal,MTL,0.2811225277230645,0.02818644126494044,61
subject_620,Cooldown,Frontal,MTR,0.18878091236434408,0.1450996256579469,61
subject_620,Cooldown,Frontal,SCML,-0.059272605576695246,0.6500044179868824,61
subject_620,Cooldown,Frontal,SCMR,-0.1377036700814551,0.2899178019668836,61
subject_620,Cooldown,Frontal,STL,-0.10517382893718026,0.41985028985244544,61
subject_620,Cooldown,Frontal,STR,0.11642448117823885,0.371569884624845,61
subject_620,Cooldown,Frontal,UTL,0.43428236542003146,0.00047064863416454954,61
subject_620,Cooldown,Frontal,UTR,-0.3832051231371425,0.0023014533508838113,61
subject_620,Cooldown,Horizontal,MTL,0.18742740530153137,0.14805832735616825,61
subject_620,Cooldown,Horizontal,MTR,0.21203908478557085,0.1008948211347091,61
subject_620,Cooldown,Horizontal,SCML,0.2025730542147864,0.11741972129917504,61
subject_620,Cooldown,Horizontal,SCMR,-0.032184503940667,0.8055022663101747,61
subject_620,Cooldown,Horizontal,STL,0.2480100009545516,0.05395797606848463,61
subject_620,Cooldown,Horizontal,STR,0.5130588569365151,2.3589487872927642e-05,61
subject_620,Cooldown,Horizontal,UTL,-0.3653887800322783,0.003784516176674656,61
subject_620,Cooldown,Horizontal,UTR,0.11548557296356983,0.37546570396420104,61
subject_620,Second_threshold,Sagittal,MTL,0.10146280647020489,0.44447881556814706,59
subject_620,Second_threshold,Sagittal,MTR,0.2225462824550778,0.09023601747952088,59
subject_620,Second_threshold,Sagittal,SCML,0.30385233554409363,0.019303885967333713,59
subject_620,Second_threshold,Sagittal,SCMR,0.5649966563886824,3.1347518436758725e-06,59
subject_620,Second_threshold,Sagittal,STL,-0.03152173135143385,0.8126557203249706,59
subject_620,Second_threshold,Sagittal,STR,-0.13913163282441268,0.29328315550413137,59
subject_620,Second_threshold,Sagittal,UTL,0.2831952372208184,0.029748058760730795,59
subject_620,Second_threshold,Sagittal,UTR,0.16257636725359706,0.21860043963462655,59
subject_620,Second_threshold,Frontal,MTL,-0.01107273064716533,0.9336654743947626,59
subject_620,Second_threshold,Frontal,MTR,-0.2823546315027159,0.030257660374874505,59
subject_620,Second_threshold,Frontal,SCML,-0.15778641172210595,0.2326569248610998,59
subject_620,Second_threshold,Frontal,SCMR,-0.31003645812062924,0.016862518268013795,59
subject_620,Second_threshold,Frontal,STL,-0.11072730647165331,0.4037815961585442,59
subject_620,Second_threshold,Frontal,STR,-0.07197274920657463,0.5880196460788923,59
subject_620,Second_threshold,Frontal,UTL,-0.28512281416450724,0.02860656991708431,59
subject_620,Second_threshold,Frontal,UTR,-0.21868643028151524,0.09610628819653359,59
subject_620,Second_threshold,Horizontal,MTL,0.027499106293567957,0.8362095544170901,59
subject_620,Second_threshold,Horizontal,MTR,0.1264958889504126,0.3397363228223247,59
subject_620,Second_threshold,Horizontal,SCML,0.08799714013941747,0.5074943408633122,59
subject_620,Second_threshold,Horizontal,SCMR,0.269491241676966,0.03901116454983951,59
subject_620,Second_threshold,Horizontal,STL,-0.10449660391555823,0.4309074169732743,59
subject_620,Second_threshold,Horizontal,STR,0.09899678265684464,0.45568299337879126,59
subject_620,Second_threshold,Horizontal,UTL,0.027499106293567957,0.8362095544170901,59
subject_620,Second_threshold,Horizontal,UTR,0.016499463776140772,0.9012902972641851,59
subject_620,Vo2max,Sagittal,MTL,-0.38462421407842773,0.01874801086531185,37
subject_620,Vo2max,Sagittal,MTR,0.27843390756541325,0.09517697773601093,37
subject_620,Vo2max,Sagittal,SCML,0.4074837043415547,0.01230549941425451,37
subject_620,Vo2max,Sagittal,SCMR,0.34182912184164344,0.03838321681300713,37
subject_620,Vo2max,Sagittal,STL,-0.14087825394717807,0.4055915842341351,37
subject_620,Vo2max,Sagittal,STR,0.3765170692758071,0.021623867716224994,37
subject_620,Vo2max,Sagittal,UTL,0.485232552038818,0.0023342907591406997,37
subject_620,Vo2max,Sagittal,UTR,0.45227235677570465,0.004948259163990765,37
subject_620,Vo2max,Frontal,MTL,-0.19379591094941798,0.25043606452472456,37
subject_620,Vo2max,Frontal,MTR,-0.38189194216502953,0.019679181530443218,37
subject_620,Vo2max,Frontal,SCML,-0.19379591094941798,0.25043606452472456,37
subject_620,Vo2max,Frontal,SCMR,0.1595966325465795,0.3454072032398147,37
subject_620,Vo2max,Frontal,STL,-0.06839855680567693,0.6875045499963477,37
subject_620,Vo2max,Frontal,STR,0.06839855680567693,0.6875045499963477,37
subject_620,Vo2max,Frontal,UTL,-0.4331908597692872,0.007402286000213298,37
subject_620,Vo2max,Frontal,UTR,-0.4331908597692872,0.007402286000213298,37
subject_620,Vo2max,Horizontal,MTL,0.2874810234385729,0.08447494762585754,37
subject_620,Vo2max,Horizontal,MTR,-0.25966027923484003,0.1206628808351514,37
subject_620,Vo2max,Horizontal,SCML,-0.009273581401244287,0.9565575305651665,37
subject_620,Vo2max,Horizontal,SCMR,-0.0741886512099543,0.6625571228525514,37
subject_620,Vo2max,Horizontal,STL,-0.018547162802488575,0.913238161868437,37
subject_620,Vo2max,Horizontal,STR,-0.10200939541368716,0.5479915702648825,37
subject_620,Vo2max,Horizontal,UTL,0.2132923722286186,0.2049686597486225,37
subject_620,Vo2max,Horizontal,UTR,0.1391037210186643,0.4115912723036685,37
subject_620,WanT,Sagittal,MTL,0.2496226561979154,0.17564739998328963,31
subject_620,WanT,Sagittal,MTR,-0.010188679844812873,0.9566178617693026,31
subject_620,WanT,Sagittal,SCML,0.5914065528102745,0.00045871016324268335,31
subject_620,WanT,Sagittal,SCMR,0.3626243781131127,0.04497764025172948,31
subject_620,WanT,Sagittal,STL,0.2741681121876919,0.13555707375103113,31
subject_620,WanT,Sagittal,STR,0.47006863829477585,0.007622441025307458,31
subject_620,WanT,Sagittal,UTL,0.34363638385687056,0.05838988363066887,31
subject_620,WanT,Sagittal,UTR,0.38809607772514493,0.030974743854143057,31
subject_620,WanT,Frontal,MTL,0.03848917444931265,0.837128257674124,31
subject_620,WanT,Frontal,MTR,-0.24573857533022694,0.18268647837458438,31
subject_620,WanT,Frontal,SCML,-0.23981716387648652,0.19379505322365467,31
subject_620,WanT,Frontal,SCMR,-0.0710569374448849,0.7040560262044867,31
subject_620,WanT,Frontal,STL,-0.2161315180615249,0.24289397214191136,31
subject_620,WanT,Frontal,STR,-0.11546752334793793,0.5362120881253678,31
subject_620,WanT,Frontal,UTL,-0.09770328898671672,0.6010522327411965,31
subject_620,WanT,Frontal,UTR,-0.2960705726870204,0.10583443985676419,31
subject_620,WanT,Horizontal,MTL,0.02314550249431379,0.901640485003445,31
subject_620,WanT,Horizontal,MTR,0.09258200997725516,0.6203474775956456,31
subject_620,WanT,Horizontal,SCML,0.2546005274374517,0.166909111748058,31
subject_620,WanT,Horizontal,SCMR,0.2160246899469287,0.24313261256564223,31
subject_620,WanT,Horizontal,STL,0.31632186742228846,0.08297804440741717,31
subject_620,WanT,Horizontal,STR,0.2237398574450333,0.2262979894513152,31
subject_620,WanT,Horizontal,UTL,0.4166190448976482,0.019729870433781608,31
subject_620,WanT,Horizontal,UTR,0.30089153242607924,0.10000723612699834,31
subject_620,Warmup,Sagittal,MTL,-0.3769342465125207,0.0027504031338091333,61
subject_620,Warmup,Sagittal,MTR,-0.09373059679674513,0.47244985043385834,61
subject_620,Warmup,Sagittal,SCML,0.49924426961865287,4.209383952096538e-05,61
subject_620,Warmup,Sagittal,SCMR,0.6367121369583072,3.470711451982254e-08,61
subject_620,Warmup,Sagittal,STL,-0.06851345593552143,0.5998236300848933,61
subject_620,Warmup,Sagittal,STR,-0.5522140452856167,3.9558919860392736e-06,61
subject_620,Warmup,Sagittal,UTL,0.31759817626747744,0.01262598632231485,61
subject_620,Warmup,Sagittal,UTR,0.09119510285222865,0.4845645048884128,61
subject_620,Warmup,Frontal,MTL,0.06600279062762271,0.6132881776722766,61
subject_620,Warmup,Frontal,MTR,0.0397835874004724,0.7608138994442653,61
subject_620,Warmup,Frontal,SCML,0.005338751788333772,0.967427726590783,61
subject_620,Warmup,Frontal,SCMR,-0.039981318948188474,0.7596607155357885,61
subject_620,Warmup,Frontal,STL,-0.007434706194124067,0.9546516252965067,61
subject_620,Warmup,Frontal,STR,0.011428883457988592,0.9303387816365196,61
subject_620,Warmup,Frontal,UTL,-0.08787189980501955,0.5006878945304317,61
subject_620,Warmup,Frontal,UTR,0.017598107746729843,0.8929182280383471,61
subject_620,Warmup,Horizontal,MTL,0.05926338249692222,0.650055333173585,61
subject_620,Warmup,Horizontal,MTR,-0.23288396742927506,0.07089081275085242,61
subject_620,Warmup,Horizontal,SCML,-0.2512856368537415,0.05076381173684367,61
subject_620,Warmup,Horizontal,SCMR,-0.2484503343140201,0.053519318352150375,61
subject_620,Warmup,Horizontal,STL,-0.07883252943774458,0.5459066609127434,61
subject_620,Warmup,Horizontal,STR,0.2323836199222654,0.07151619468623242,61
subject_620,Warmup,Horizontal,UTL,-0.231271736573355,0.07292170321406333,61
subject_620,Warmup,Horizontal,UTR,-0.0101737326425298,0.9379732023535533,61
subject_621,Cooldown,Sagittal,MTL,-0.16072359414295853,0.21594413765863707,61
subject_621,Cooldown,Sagittal,MTR,-0.2666392092354988,0.03778261790307341,61
subject_621,Cooldown,Sagittal,SCML,0.5800421735903368,9.62549469620843e-07,61
subject_621,Cooldown,Sagittal,SCMR,-0.32525478761329446,0.010535921275741421,61
subject_621,Cooldown,Sagittal,STL,0.5052845191908426,3.2778500085333485e-05,61
subject_621,Cooldown,Sagittal,STR,-0.4730271812272158,0.00011824410411957974,61
subject_621,Cooldown,Sagittal,UTL,-0.05271648082833775,0.686586418198367,61
subject_621,Cooldown,Sagittal,UTR,-0.54880377065798,4.663474723770812e-06,61
subject_621,Cooldown,Frontal,MTL,0.054843084718318426,0.6746366900133648,61
subject_621,Cooldown,Frontal,MTR,0.08050941817516,0.537371478273422,61
subject_621,Cooldown,Frontal,SCML,-0.28428629434259495,0.026388489330397193,61
subject_621,Cooldown,Frontal,SCMR,0.2202355563662168,0.08809746476857068,61
subject_621,Cooldown,Frontal,STL,-0.21902705187609645,0.08989980380759585,61
subject_621,Cooldown,Frontal,STR,-0.04085896133264017,0.7545485581072349,61
subject_621,Cooldown,Frontal,UTL,-0.0014962436544347104,0.9908689859808397,61
subject_621,Cooldown,Frontal,UTR,0.07314329556871219,0.5753427861773575,61
subject_621,Cooldown,Horizontal,MTL,-0.2161915547740602,0.09424212390212663,61
subject_621,Cooldown,Horizontal,MTR,-0.23007541608982557,0.07445844956872413,61
subject_621,Cooldown,Horizontal,SCML,0.10512066424793755,0.4200866331866657,61
subject_621,Cooldown,Horizontal,SCMR,-0.4284162920293304,0.0005720927622511528,61
subject_621,Cooldown,Horizontal,STL,0.05751885402245639,0.6597142476767326,61
subject_621,Cooldown,Horizontal,STR,-0.23800905112740578,0.06473340788292829,61
subject_621,Cooldown,Horizontal,UTL,0.04363499270669106,0.7384483266688328,61
subject_621,Cooldown,Horizontal,UTR,-0.003966817518790095,0.9757951035753322,61
subject_621,Second_threshold,Sagittal,MTL,0.05974364074553006,0.6530834022265453,59
subject_621,Second_threshold,Sagittal,MTR,-0.14043591710702488,0.2887367004729651,59
subject_621,Second_threshold,Sagittal,SCML,0.20825212125870698,0.11346762923760992,59
subject_621,Second_threshold,Sagittal,SCMR,0.19277414844691135,0.1435208830019798,59
subject_621,Second_threshold,Sagittal,STL,-0.25088326189119575,0.055286788611022895,59
subject_621,Second_threshold,Sagittal,STR,0.10777872878213712,0.41649228603725236,59
subject_621,Second_threshold,Sagittal,UTL,0.10447631647962041,0.43099738644105573,59
subject_621,Second_threshold,Sagittal,UTR,0.42744556812575213,0.0007337952022860788,59
subject_621,Second_threshold,Frontal,MTL,-0.09083034786043864,0.4938679774672914,59
subject_621,Second_threshold,Frontal,MTR,-0.10472768598681259,0.42988337706952817,59
subject_621,Second_threshold,Frontal,SCML,-0.12186896510820218,0.3578350801624577,59
subject_621,Second_threshold,Frontal,SCMR,-0.0048290485266710495,0.9710438027086369,59
subject_621,Second_threshold,Frontal,STL,-0.1273246840543649,0.3365558200729662,59
subject_621,Second_threshold,Frontal,STR,0.010579671199653366,0.9366130974081821,59
subject_621,Second_threshold,Frontal,UTL,-0.2854299445955262,0.028428127046317125,59
subject_621,Second_threshold,Frontal,UTR,0.01076398602891562,0.935511119776452,59
subject_621,Second_threshold,Horizontal,MTL,,,59
subject_621,Second_threshold,Horizontal,MTR,,,59
subject_621,Second_threshold,Horizontal,SCML,,,59
subject_621,Second_threshold,Horizontal,SCMR,,,59
subject_621,Second_threshold,Horizontal,STL,,,59
subject_621,Second_threshold,Horizontal,STR,,,59
subject_621,Second_threshold,Horizontal,UTL,,,59
subject_621,Second_threshold,Horizontal,UTR,,,59
subject_621,Vo2max,Sagittal,MTL,-0.06686960980480709,0.8543750609172778,10
subject_621,Vo2max,Sagittal,MTR,-0.13981827504641486,0.7000568732769904,10
subject_621,Vo2max,Sagittal,SCML,0.960490759014502,1.0163235882999591e-05,10
subject_621,Vo2max,Sagittal,SCMR,0.6686960980480711,0.03450954165178537,10
subject_621,Vo2max,Sagittal,STL,-0.7294866524160775,0.01664687995337704,10
subject_621,Vo2max,Sagittal,STR,0.40729671426564323,0.24271027029946396,10
subject_621,Vo2max,Sagittal,UTL,0.7173285415424762,0.01952834313830294,10
subject_621,Vo2max,Sagittal,UTR,0.11550205329921227,0.750683041040583,10
subject_621,Vo2max,Frontal,MTL,,,10
subject_621,Vo2max,Frontal,MTR,,,10
subject_621,Vo2max,Frontal,SCML,,,10
subject_621,Vo2max,Frontal,SCMR,,,10
subject_621,Vo2max,Frontal,STL,,,10
subject_621,Vo2max,Frontal,STR,,,10
subject_621,Vo2max,Frontal,UTL,,,10
subject_621,Vo2max,Frontal,UTR,,,10
subject_621,Vo2max,Horizontal,MTL,,,10
subject_621,Vo2max,Horizontal,MTR,,,10
subject_621,Vo2max,Horizontal,SCML,,,10
subject_621,Vo2max,Horizontal,SCMR,,,10
subject_621,Vo2max,Horizontal,STL,,,10
subject_621,Vo2max,Horizontal,STR,,,10
subject_621,Vo2max,Horizontal,UTL,,,10
subject_621,Vo2max,Horizontal,UTR,,,10
subject_621,WanT,Sagittal,MTL,0.6018335158211169,0.0003414975022532354,31
subject_621,WanT,Sagittal,MTR,0.6521265963390355,7.04034171555425e-05,31
subject_621,WanT,Sagittal,SCML,0.7388242916251544,2.0734171372824645e-06,31
subject_621,WanT,Sagittal,SCMR,0.7013675203607631,1.1056690098509401e-05,31
subject_621,WanT,Sagittal,STL,0.7899590973400256,1.2616410415531188e-07,31
subject_621,WanT,Sagittal,STR,0.6117237868853103,0.0002556679371575328,31
subject_621,WanT,Sagittal,UTL,0.767022085723067,4.8297906639025e-07,31
subject_621,WanT,Sagittal,UTR,0.7886965095445967,1.3641477001116417e-07,31
subject_621,WanT,Frontal,MTL,0.37816127826755663,0.03594081867430949,31
subject_621,WanT,Frontal,MTR,0.3537637764438433,0.05089205742074427,31
subject_621,WanT,Frontal,SCML,0.34156502553198664,0.060025321523491985,31
subject_621,WanT,Frontal,SCMR,0.37816127826755663,0.03594081867430949,31
subject_621,WanT,Frontal,STL,0.4269562819149833,0.016599983758070227,31
subject_621,WanT,Frontal,STR,0.30496877279641665,0.09527091461369853,31
subject_621,WanT,Frontal,UTL,0.51234753829798,0.003211685636637704,31
subject_621,WanT,Frontal,UTR,0.4147575310031266,0.020342271475331356,31
subject_621,WanT,Horizontal,MTL,-0.6515837655350017,7.172302679182535e-05,31
subject_621,WanT,Horizontal,MTR,-0.6737968484509677,3.2523421890717376e-05,31
subject_621,WanT,Horizontal,SCML,-0.45166601929130795,0.010752964185629496,31
subject_621,WanT,Horizontal,SCMR,-0.3924311315153987,0.028990210635014693,31
subject_621,WanT,Horizontal,STL,-0.5479227119271605,0.0014189303180921569,31
subject_621,WanT,Horizontal,STR,-0.42204857540335333,0.018030126195501574,31
subject_621,WanT,Horizontal,UTL,-0.7626491801148315,6.13283535297629e-07,31
subject_621,WanT,Horizontal,UTR,-0.6515837655350017,7.172302679182535e-05,31
subject_621,Warmup,Sagittal,MTL,0.25903345961474655,0.10652629918286957,40
subject_621,Warmup,Sagittal,MTR,0.13103376324581986,0.42028036154227344,40
subject_621,Warmup,Sagittal,SCML,0.7778588955634631,3.5112075507321983e-09,40
subject_621,Warmup,Sagittal,SCMR,0.6058652294795867,3.431067808526094e-05,40
subject_621,Warmup,Sagittal,STL,0.5143691502232798,0.0006851936750568093,40
subject_621,Warmup,Sagittal,STR,0.3111814840613464,0.05064115512277189,40
subject_621,Warmup,Sagittal,UTL,0.3934805480970711,0.012007518371545898,40
subject_621,Warmup,Sagittal,UTR,0.20157581813358394,0.21228682719168276,40
subject_621,Warmup,Frontal,MTL,0.2530151689170727,0.15541708431677242,33
subject_621,Warmup,Frontal,MTR,-0.15053949118363466,0.4030313303550353,33
subject_621,Warmup,Frontal,SCML,0.3219368636758452,0.06769019048333004,33
subject_621,Warmup,Frontal,SCMR,0.1893532877056802,0.2912446730333019,33
subject_621,Warmup,Frontal,STL,0.324294711128119,0.06558994883399386,33
subject_621,Warmup,Frontal,STR,0.30216721965293414,0.0874325287266671,33
subject_621,Warmup,Frontal,UTL,0.03119613552239176,0.8631703067920594,33
subject_621,Warmup,Frontal,UTR,-0.013784338951754498,0.9393115055381356,33
subject_621,Warmup,Horizontal,MTL,0.06919658262052333,0.6973821796379334,34
subject_621,Warmup,Horizontal,MTR,0.4305377616218416,0.011030157877263034,34
subject_621,Warmup,Horizontal,SCML,-0.07088430414785317,0.6903613902815089,34
subject_621,Warmup,Horizontal,SCMR,0.3048025078357687,0.07963807106862082,34
subject_621,Warmup,Horizontal,STL,-0.00405053166559161,0.9818615955177042,34
subject_621,Warmup,Horizontal,STR,0.10936435497097347,0.5380945667141643,34
subject_621,Warmup,Horizontal,UTL,0.44758374904787285,0.00794853839472254,34
subject_621,Warmup,Horizontal,UTR,0.4415079515494855,0.00894984344657212,34
subject_622,Cooldown,Sagittal,MTL,-0.3764356684611045,0.0027892372553191785,61
subject_622,Cooldown,Sagittal,MTR,0.30936655437996813,0.015262697954136867,61
subject_622,Cooldown,Sagittal,SCML,-0.09126874544755452,0.48421034157392934,61
subject_622,Cooldown,Sagittal,SCMR,-0.6261243988831635,6.793058251838027e-08,61
subject_622,Cooldown,Sagittal,STL,0.5582887806410999,2.9374675317589816e-06,61
subject_622,Cooldown,Sagittal,STR,0.25524588558878175,0.04710988701571361,61
subject_622,Cooldown,Sagittal,UTL,-0.0424041051884409,0.7455738218519032,61
subject_622,Cooldown,Sagittal,UTR,0.2046839861161863,0.11356636155082758,61
subject_622,Cooldown,Frontal,MTL,-0.1693122472089383,0.19207859316845716,61
subject_622,Cooldown,Frontal,MTR,-0.03370645263619865,0.7964973036987676,61
subject_622,Cooldown,Frontal,SCML,-0.08061692060261065,0.5368265393599402,61
subject_622,Cooldown,Frontal,SCMR,-0.25413551024796716,0.04811192994215728,61
subject_622,Cooldown,Frontal,STL,0.2721308560355575,0.03386633060282998,61
subject_622,Cooldown,Frontal,STR,0.0685550247418883,0.5996017999104258,61
subject_622,Cooldown,Frontal,UTL,-0.05164608527893577,0.6926303702721405,61
subject_622,Cooldown,Frontal,UTR,-0.05003040407819237,0.7017893724822074,61
subject_622,Cooldown,Horizontal,MTL,-0.04003999375416847,0.7593186200644979,61
subject_622,Cooldown,Horizontal,MTR,0.171791206486124,0.18555589640261094,61
subject_622,Cooldown,Horizontal,SCML,-0.03760070735904082,0.773578505580293,61
subject_622,Cooldown,Horizontal,SCMR,0.06925193570557517,0.5958881676855055,61
subject_622,Cooldown,Horizontal,STL,-0.13889058754696326,0.2857402467933457,61
subject_622,Cooldown,Horizontal,STR,0.08826052115053332,0.49878820127520906,61
subject_622,Cooldown,Horizontal,UTL,0.028825225815593786,0.8254658142811095,61
subject_622,Cooldown,Horizontal,UTR,0.18485031291857565,0.15381550276332073,61
subject_622,Vo2max,Sagittal,MTL,0.44721359549995804,0.0718795975011998,17
subject_622,Vo2max,Sagittal,MTR,0.2608745973749755,0.3118551507613521,17
subject_622,Vo2max,Sagittal,SCML,-0.07453559924999299,0.7761766416269094,17
subject_622,Vo2max,Sagittal,SCMR,0.3354101966249685,0.18813706218300852,17
subject_622,Vo2max,Sagittal,STL,0.4099457958749615,0.10220222989735056,17
subject_622,Vo2max,Sagittal,STR,-0.22360679774997902,0.3882859011558922,17
subject_622,Vo2max,Sagittal,UTL,0.4844813951249545,0.04874077415367003,17
subject_622,Vo2max,Sagittal,UTR,-0.037267799624996496,0.8870774545200167,17
subject_622,Vo2max,Frontal,MTL,0.14907119849998599,0.5679820582475446,17
subject_622,Vo2max,Frontal,MTR,-0.11180339887498951,0.6692274972949901,17
subject_622,Vo2max,Frontal,SCML,0.22360679774997902,0.3882859011558922,17
subject_622,Vo2max,Frontal,SCMR,0.14907119849998599,0.5679820582475446,17
subject_622,Vo2max,Frontal,STL,0.44721359549995804,0.0718795975011998,17
subject_622,Vo2max,Frontal,STR,0.037267799624996496,0.8870774545200167,17
subject_622,Vo2max,Frontal,UTL,0.07453559924999299,0.7761766416269094,17
subject_622,Vo2max,Frontal,UTR,0.2608745973749755,0.3118551507613521,17
subject_622,Vo2max,Horizontal,MTL,,,17
subject_622,Vo2max,Horizontal,MTR,,,17
subject_622,Vo2max,Horizontal,SCML,,,17
subject_622,Vo2max,Horizontal,SCMR,,,17
subject_622,Vo2max,Horizontal,STL,,,17
subject_622,Vo2max,Horizontal,STR,,,17
subject_622,Vo2max,Horizontal,UTL,,,17
subject_622,Vo2max,Horizontal,UTR,,,17
subject_622,WanT,Sagittal,MTL,-0.6738963721158594,3.240356047762648e-05,31
subject_622,WanT,Sagittal,MTR,-0.5537395695929349,0.001230795134573202,31
subject_622,WanT,Sagittal,SCML,-0.7058703009228071,9.165010772546152e-06,31
subject_622,WanT,Sagittal,SCMR,-0.6297031074591228,0.00014727001164236434,31
subject_622,WanT,Sagittal,STL,-0.6303140742516122,0.00014444793459786982,31
subject_622,WanT,Sagittal,STR,-0.7722620257066602,3.6029725306684816e-07,31
subject_622,WanT,Sagittal,UTL,-0.8136041119984462,2.6295334864518945e-08,31
subject_622,WanT,Sagittal,UTR,-0.5402983001581672,0.0017032117164009228,31
subject_622,WanT,Frontal,MTL,0.2780020892636601,0.1299567875112476,31
subject_622,WanT,Frontal,MTR,0.29099717857815505,0.11223837116895012,31
subject_622,WanT,Frontal,SCML,0.18100302973760843,0.3298339255228986,31
subject_622,WanT,Frontal,SCMR,0.11185059017118879,0.549139107056328,31
subject_622,WanT,Frontal,STL,0.27057632394109155,0.14096187864670623,31
subject_622,WanT,Frontal,STR,0.12206101748972052,0.5130268307978716,31
subject_622,WanT,Frontal,UTL,0.19306989838678232,0.2980499832845356,31
subject_622,WanT,Frontal,UTR,0.250155469304028,0.17469694857845453,31
subject_622,WanT,Horizontal,MTL,-0.007216878364870322,0.9692642730591539,31
subject_622,WanT,Horizontal,MTR,-0.11547005383792515,0.5362030951500085,31
subject_622,WanT,Horizontal,SCML,-0.0649519052838329,0.7284841918455082,31
subject_622,WanT,Horizontal,SCMR,-0.014433756729740644,0.9385717361711832,31
subject_622,WanT,Horizontal,STL,-0.13712068893253612,0.46199406740922444,31
subject_622,WanT,Horizontal,STR,0.05051814855409226,0.7872474390090104,31
subject_622,WanT,Horizontal,UTL,0.021650635094610966,0.9079654108497891,31
subject_622,WanT,Horizontal,UTR,-0.05051814855409226,0.7872474390090104,31
subject_622,Warmup,Sagittal,MTL,-0.19708960538274725,0.12789633493237612,61
subject_622,Warmup,Sagittal,MTR,0.04517692325611387,0.7295530879830356,61
subject_622,Warmup,Sagittal,SCML,-0.37126705155647477,0.003221496526377477,61
subject_622,Warmup,Sagittal,SCMR,-0.11458894366083461,0.37920894730722526,61
subject_622,Warmup,Sagittal,STL,0.124271723473983,0.3399726050060689,61
subject_622,Warmup,Sagittal,STR,-0.28133541928028544,0.028062310911772522,61
subject_622,Warmup,Sagittal,UTL,-0.056041902930169904,0.6679351760187205,61
subject_622,Warmup,Sagittal,UTR,0.061952902234708174,0.6352763511532977,61
subject_622,Warmup,Frontal,MTL,-0.08283115057301446,0.5256630028874608,61
subject_622,Warmup,Frontal,MTR,-0.1889041691065657,0.14483240041913592,61
subject_622,Warmup,Frontal,SCML,0.1543997219581036,0.23479669545585113,61
subject_622,Warmup,Frontal,SCMR,0.013207933774930613,0.9195286099716454,61
subject_622,Warmup,Frontal,STL,0.10100485789898488,0.43861335435997234,61
subject_622,Warmup,Frontal,STR,-0.09911069685374288,0.4472909557845724,61
subject_622,Warmup,Frontal,UTL,0.11518546896741812,0.37671609312851634,61
subject_622,Warmup,Frontal,UTR,0.10003218060548222,0.44305759265617256,61
subject_622,Warmup,Horizontal,MTL,0.11731769201708261,0.3678864451610412,61
subject_622,Warmup,Horizontal,MTR,0.06599120175960897,0.6133506284967625,61
subject_622,Warmup,Horizontal,SCML,-0.13198240351921794,0.3106141553136573,61
subject_622,Warmup,Horizontal,SCMR,0.05865884600854131,0.6533960852107642,61
subject_622,Warmup,Horizontal,STL,0.05865884600854131,0.6533960852107642,61
subject_622,Warmup,Horizontal,STR,0.08798826901281195,0.5001186565924594,61
subject_622,Warmup,Horizontal,UTL,0.05132649025747365,0.6944386758181281,61
subject_622,Warmup,Horizontal,UTR,-0.11731769201708261,0.3678864451610412,61
subject_623,Cooldown,Sagittal,MTL,-0.4742065478199965,0.0001130767410049042,61
subject_623,Cooldown,Sagittal,MTR,-0.11715828499767929,0.3685421815123946,61
subject_623,Cooldown,Sagittal,SCML,0.22988118784849748,0.07471036232761792,61
subject_623,Cooldown,Sagittal,SCMR,0.21132261518136822,0.10207867668230095,61
subject_623,Cooldown,Sagittal,STL,0.36434329924807557,0.0038933038035049794,61
subject_623,Cooldown,Sagittal,STR,-0.24817713920429943,0.053791130846926806,61
subject_623,Cooldown,Sagittal,UTL,-0.19711188422399092,0.1278523824334989,61
subject_623,Cooldown,Sagittal,UTR,0.06950710706462566,0.5945309948904611,61
subject_623,Cooldown,Frontal,MTL,0.06670842923244179,0.6094907540814399,61
subject_623,Cooldown,Frontal,MTR,0.01524764096741526,0.9071525131268752,61
subject_623,Cooldown,Frontal,SCML,0.5470091197060225,5.0816365253400795e-06,61
subject_623,Cooldown,Frontal,SCMR,0.4059684407574314,0.001169841547676238,61
subject_623,Cooldown,Frontal,STL,-0.14104067894859118,0.27827405879314937,61
subject_623,Cooldown,Frontal,STR,0.23252652475308275,0.07133713096524741,61
subject_623,Cooldown,Frontal,UTL,0.15628831991600645,0.22905135883800645,61
subject_623,Cooldown,Frontal,UTR,-0.05908460874873414,0.651042551892821,61
subject_623,Cooldown,Horizontal,MTL,-0.20874311375356056,0.10643027854029416,61
subject_623,Cooldown,Horizontal,MTR,0.13077881825524276,0.3150860636211056,61
subject_623,Cooldown,Horizontal,SCML,-0.34958184110536045,0.005752737392048138,61
subject_623,Cooldown,Horizontal,SCMR,-0.06538940912762138,0.6165973557467386,61
subject_623,Cooldown,Horizontal,STL,0.3319770001863855,0.00895506289591741,61
subject_623,Cooldown,Horizontal,STR,-0.3697016592984747,0.0033636538346193327,61
subject_623,Cooldown,Horizontal,UTL,-0.15089863644835705,0.2457086884454663,61
subject_623,Cooldown,Horizontal,UTR,0.3747316138467533,0.002925674762967883,61
subject_623,Second_threshold,Sagittal,MTL,-0.17331722578174735,0.18926688738417635,59
subject_623,Second_threshold,Sagittal,MTR,0.19418583465201997,0.14055573702451252,59
subject_623,Second_threshold,Sagittal,SCML,0.69784105530514,8.122146934077158e-10,59
subject_623,Second_threshold,Sagittal,SCMR,0.7417337162153846,1.8110481904787782e-11,59
subject_623,Second_threshold,Sagittal,STL,0.17508077019331972,0.18473444970884426,59
subject_623,Second_threshold,Sagittal,STR,0.13745848941311,0.299183474257684,59
subject_623,Second_threshold,Sagittal,UTL,-0.0498364587418403,0.7077766972669969,59
subject_623,Second_threshold,Sagittal,UTR,-0.07455873873369687,0.5746440514411564,59
subject_623,Second_threshold,Frontal,MTL,,,59
subject_623,Second_threshold,Frontal,MTR,,,59
subject_623,Second_threshold,Frontal,SCML,,,59
subject_623,Second_threshold,Frontal,SCMR,,,59
subject_623,Second_threshold,Frontal,STL,,,59
subject_623,Second_threshold,Frontal,STR,,,59
subject_623,Second_threshold,Frontal,UTL,,,59
subject_623,Second_threshold,Frontal,UTR,,,59
subject_623,Second_threshold,Horizontal,MTL,,,59
subject_623,Second_threshold,Horizontal,MTR,,,59
subject_623,Second_threshold,Horizontal,SCML,,,59
subject_623,Second_threshold,Horizontal,SCMR,,,59
subject_623,Second_threshold,Horizontal,STL,,,59
subject_623,Second_threshold,Horizontal,STR,,,59
subject_623,Second_threshold,Horizontal,UTL,,,59
subject_623,Second_threshold,Horizontal,UTR,,,59
subject_623,Vo2max,Sagittal,MTL,-0.0834407148295702,0.533468752036215,58
subject_623,Vo2max,Sagittal,MTR,-0.3432520693702173,0.008342217102848458,58
subject_623,Vo2max,Sagittal,SCML,0.5019952951543071,5.949489106114823e-05,58
subject_623,Vo2max,Sagittal,SCMR,0.507688821185469,4.745767740553745e-05,58
subject_623,Vo2max,Sagittal,STL,0.3071609043591233,0.019009083180117858,58
subject_623,Vo2max,Sagittal,STR,0.14362482332846221,0.2821099869036368,58
subject_623,Vo2max,Sagittal,UTL,-0.016083406867688936,0.9046187080185776,58
subject_623,Vo2max,Sagittal,UTR,0.4129253879210458,0.0012758759061218669,58
subject_623,Vo2max,Frontal,MTL,-0.2257762052659211,0.08836040595708357,58
subject_623,Vo2max,Frontal,MTR,-0.1806209642127369,0.17484055653646716,58
subject_623,Vo2max,Frontal,SCML,0.203198584739329,0.12605729554860992,58
subject_623,Vo2max,Frontal,SCMR,0.29350906684569744,0.02534257714853093,58
subject_623,Vo2max,Frontal,STL,0.15804334368614478,0.23606291242354388,58
subject_623,Vo2max,Frontal,STR,0.1806209642127369,0.17484055653646716,58
subject_623,Vo2max,Frontal,UTL,-0.033866430789888165,0.8007497973989582,58
subject_623,Vo2max,Frontal,UTR,0.06208845644812831,0.643360526264503,58
subject_623,Vo2max,Horizontal,MTL,0.058129318351312305,0.6647027681831807,58
subject_623,Vo2max,Horizontal,MTR,0.1278845003728871,0.33873203553156317,58
subject_623,Vo2max,Horizontal,SCML,-0.25344382801172166,0.05490543767918002,58
subject_623,Vo2max,Horizontal,SCMR,-0.2720452098841416,0.03884044218609452,58
subject_623,Vo2max,Horizontal,STL,-0.23484244613930175,0.0759835771486367,58
subject_623,Vo2max,Horizontal,STR,-0.23484244613930175,0.0759835771486367,58
subject_623,Vo2max,Horizontal,UTL,-0.08603139115994221,0.5207920576841601,58
subject_623,Vo2max,Horizontal,UTR,-0.1836886459901469,0.16750825182644685,58
subject_623,WanT,Sagittal,MTL,0.7403966404878392,1.9209969933950116e-06,31
subject_623,WanT,Sagittal,MTR,0.7523584803620159,1.055270961515924e-06,31
subject_623,WanT,Sagittal,SCML,0.6886307472392466,1.846512656069218e-05,31
subject_623,WanT,Sagittal,SCMR,0.6372773312276945,0.00011552322592802618,31
subject_623,WanT,Sagittal,STL,0.7368905839729942,2.2758822800604745e-06,31
subject_623,WanT,Sagittal,STR,0.7257536985728986,3.8336258147611614e-06,31
subject_623,WanT,Sagittal,UTL,0.7047173594838291,9.61924293006596e-06,31
subject_623,WanT,Sagittal,UTR,0.7181228696876479,5.402784471568011e-06,31
subject_623,WanT,Frontal,MTL,-0.4783403848824849,0.006490510765657269,31
subject_623,WanT,Frontal,MTR,-0.4551948823881712,0.010080594128213837,31
subject_623,WanT,Frontal,SCML,-0.3548977049128114,0.05010246344684429,31
subject_623,WanT,Frontal,SCMR,-0.29317636492797466,0.10945313716101832,31
subject_623,WanT,Frontal,STL,-0.46291004988627577,0.008733177123983775,31
subject_623,WanT,Frontal,STR,-0.6789347398332045,2.68300270860441e-05,31
subject_623,WanT,Frontal,UTL,-0.4166190448976482,0.019729870433781608,31
subject_623,WanT,Frontal,UTR,-0.3780432074071252,0.036003486473462576,31
subject_623,WanT,Horizontal,MTL,,,31
subject_623,WanT,Horizontal,MTR,,,31
subject_623,WanT,Horizontal,SCML,,,31
subject_623,WanT,Horizontal,SCMR,,,31
subject_623,WanT,Horizontal,STL,,,31
subject_623,WanT,Horizontal,STR,,,31
subject_623,WanT,Horizontal,UTL,,,31
subject_623,WanT,Horizontal,UTR,,,31
subject_623,Warmup,Sagittal,MTL,0.08006094324368201,0.5396477528202298,61
subject_623,Warmup,Sagittal,MTR,-0.22176505405526942,0.08585724003450913,61
subject_623,Warmup,Sagittal,SCML,0.20475680202814917,0.11343519403250953,61
subject_623,Warmup,Sagittal,SCMR,0.014846982432513799,0.9095819036517473,61
subject_623,Warmup,Sagittal,STL,-0.15771003491077423,0.22479116669912372,61
subject_623,Warmup,Sagittal,STR,-0.11692781734298316,0.36949148469200616,61
subject_623,Warmup,Sagittal,UTL,-0.1110391407663743,0.3942468802124699,61
subject_623,Warmup,Sagittal,UTR,-0.3599296943713419,0.00438366615583615,61
subject_623,Warmup,Frontal,MTL,-0.008611415107403703,0.9474836451760357,61
subject_623,Warmup,Frontal,MTR,-0.08611415107403704,0.5093267290345023,61
subject_623,Warmup,Frontal,SCML,0.06458561330552778,0.6209453210113314,61
subject_623,Warmup,Frontal,SCMR,-0.04305707553701852,0.7417911522624283,61
subject_623,Warmup,Frontal,STL,0.12486551905735371,0.3376520447531835,61
subject_623,Warmup,Frontal,STR,0.21528537768509262,0.09566386678950033,61
subject_623,Warmup,Frontal,UTL,0.02152853776850926,0.8691928925885275,61
subject_623,Warmup,Frontal,UTR,-0.07319702841293148,0.5750613883500857,61
subject_623,Warmup,Horizontal,MTL,0.33819076362136063,0.007681568387219874,61
subject_623,Warmup,Horizontal,MTR,0.0429745169242613,0.7422690824614523,61
subject_623,Warmup,Horizontal,SCML,-0.1625557814091623,0.21068628015545224,61
subject_623,Warmup,Horizontal,SCMR,-0.12331817900005415,0.3437198521502533,61
subject_623,Warmup,Horizontal,STL,0.07286983304548654,0.5767758853960475,61
subject_623,Warmup,Horizontal,STR,-0.17376652495462175,0.18047381205186733,61
subject_623,Warmup,Horizontal,UTL,0.03736914515153156,0.774936161151247,61
subject_623,Warmup,Horizontal,UTR,0.4540351135911085,0.00023755994791002603,61
subject_624,Cooldown,Sagittal,MTL,-0.07698420384885915,0.5553896639571162,61
subject_624,Cooldown,Sagittal,MTR,0.013123517461095285,0.9200412430940889,61
subject_624,Cooldown,Sagittal,SCML,0.5695287141584859,1.6669985719944282e-06,61
subject_624,Cooldown,Sagittal,SCMR,0.7344378230255961,1.6252422778451853e-11,61
subject_624,Cooldown,Sagittal,STL,0.14803221217271983,0.2548967386222531,61
subject_624,Cooldown,Sagittal,STR,0.4232267831926043,0.0006779511842759039,61
subject_624,Cooldown,Sagittal,UTL,0.24380993189892844,0.058290715556773426,61
subject_624,Cooldown,Sagittal,UTR,0.15990460322271674,0.21832393295558636,61
subject_624,Cooldown,Frontal,MTL,0.10821568562308975,0.41049497771700616,60
subject_624,Cooldown,Frontal,MTR,-0.0629042875854891,0.6330218091524785,60
subject_624,Cooldown,Frontal,SCML,0.35836925092625754,0.004930144624449213,60
subject_624,Cooldown,Frontal,SCMR,0.31502921232865794,0.014220238696748806,60
subject_624,Cooldown,Frontal,STL,-0.008841248397580615,0.9465461459684189,60
subject_624,Cooldown,Frontal,STR,0.13019933028734426,0.32142532316745,60
subject_624,Cooldown,Frontal,UTL,0.10976887790915123,0.40377007106879265,60
subject_624,Cooldown,Frontal,UTR,-0.020609666872738595,0.8757964663841596,60
subject_624,Cooldown,Horizontal,MTL,-0.0941375716694999,0.47820629775080975,59
subject_624,Cooldown,Horizontal,MTR,-0.07617162148922642,0.5663733059086181,59
subject_624,Cooldown,Horizontal,SCML,0.24664778444516716,0.059671832707224835,59
subject_624,Cooldown,Horizontal,SCMR,0.32188437506999273,0.012915375632917937,59
subject_624,Cooldown,Horizontal,STL,0.029286502431412346,0.8257247887577477,59
subject_624,Cooldown,Horizontal,STR,0.27072482920348906,0.03808991517721888,59
subject_624,Cooldown,Horizontal,UTL,-0.03933808422372148,0.7673744303923542,59
subject_624,Cooldown,Horizontal,UTR,-0.05166045525814698,0.6975861871506689,59
subject_624,Second_threshold,Sagittal,MTL,0.016763039919129037,0.8997214707646585,59
subject_624,Second_threshold,Sagittal,MTR,-0.05098324149316885,0.7013636426673548,59
subject_624,Second_threshold,Sagittal,SCML,0.3845087355362952,0.002640190665931925,59
subject_624,Second_threshold,Sagittal,SCMR,-0.019886587730146867,0.8811605185591547,59
subject_624,Second_threshold,Sagittal,STL,0.0047547338901049235,0.9714892259727554,59
subject_624,Second_threshold,Sagittal,STR,0.17064982874194093,0.19627301851782444,59
subject_624,Second_threshold,Sagittal,UTL,-0.2218413067558443,0.09128668060677132,59
subject_624,Second_threshold,Sagittal,UTR,0.032589015494952724,0.8064330990841143,59
subject_624,Second_threshold,Frontal,MTL,0.0449977355923254,0.7350539185417934,59
subject_624,Second_threshold,Frontal,MTR,-0.18949698928480918,0.15058401207962108,59
subject_624,Second_threshold,Frontal,SCML,0.35018221475234634,0.006549483124870676,59
subject_624,Second_threshold,Frontal,SCMR,0.022719085099224653,0.864383554744546,59
subject_624,Second_threshold,Frontal,STL,0.1215232484063535,0.359210684963461,59
subject_624,Second_threshold,Frontal,STR,0.14167313163652206,0.28446699670306663,59
subject_624,Second_threshold,Frontal,UTL,0.027673974418118558,0.8351825056957439,59
subject_624,Second_threshold,Frontal,UTR,0.07483718015721981,0.5732122590749378,59
subject_624,Second_threshold,Horizontal,MTL,0.12311481038675601,0.35290469043057077,59
subject_624,Second_threshold,Horizontal,MTR,-0.1108033293480804,0.40345689679452257,59
subject_624,Second_threshold,Horizontal,SCML,-0.0030778702596689,0.9815419684659843,59
subject_624,Second_threshold,Horizontal,SCMR,-0.07079101597238471,0.5941782334777455,59
subject_624,Second_threshold,Horizontal,STL,-0.1446599022044383,0.27433165080732774,59
subject_624,Second_threshold,Horizontal,STR,-0.1969836966188096,0.13481488727275742,59
subject_624,Second_threshold,Horizontal,UTL,-0.2554632315525187,0.050843075165186526,59
subject_624,Second_threshold,Horizontal,UTR,0.0061557405193378,0.963093551347168,59
subject_624,Vo2max,Sagittal,MTL,-0.19922430735314803,0.35066699802075174,24
subject_624,Vo2max,Sagittal,MTR,-0.33099823262036476,0.11413002592546609,24
subject_624,Vo2max,Sagittal,SCML,0.2005643811694248,0.34736900334272747,24
subject_624,Vo2max,Sagittal,SCMR,-0.25595409890886506,0.22735053544602166,24
subject_624,Vo2max,Sagittal,STL,0.4569651713503821,0.02477557347586615,24
subject_624,Vo2max,Sagittal,STR,0.5043144461921617,0.011971917442279139,24
subject_624,Vo2max,Sagittal,UTL,0.24121328692982044,0.25617343212474225,24
subject_624,Vo2max,Sagittal,UTR,0.020547798516243967,0.9240771882880856,24
subject_624,Vo2max,Frontal,MTL,0.12160992752745108,0.5713473485045193,24
subject_624,Vo2max,Frontal,MTR,-0.040997286174027064,0.8491504238024308,24
subject_624,Vo2max,Frontal,SCML,0.2906661525372031,0.16822919188630955,24
subject_624,Vo2max,Frontal,SCMR,0.04422179182816403,0.8374342628304541,24
subject_624,Vo2max,Frontal,STL,0.33626987535999736,0.10813663213032944,24
subject_624,Vo2max,Frontal,STR,0.4629468832010921,0.022720651644843166,24
subject_624,Vo2max,Frontal,UTL,0.12944086983035513,0.5466277789214402,24
subject_624,Vo2max,Frontal,UTR,0.2648701073041074,0.2110041568440447,24
subject_624,Vo2max,Horizontal,MTL,-0.36329036266768316,0.08099739552588217,24
subject_624,Vo2max,Horizontal,MTR,-0.4568321925761286,0.024822899754912604,24
subject_624,Vo2max,Horizontal,SCML,-0.31434405632024087,0.1346595057345107,24
subject_624,Vo2max,Horizontal,SCMR,-0.06417404609997997,0.7657708842738318,24
subject_624,Vo2max,Horizontal,STL,-0.08103332939743232,0.7066133583910981,24
subject_624,Vo2max,Horizontal,STR,-0.0326308708982949,0.879688573550295,24
subject_624,Vo2max,Horizontal,UTL,-0.3295717960727785,0.11579274371034717,24
subject_624,Vo2max,Horizontal,UTR,-0.43018364800918774,0.035883059987245045,24
subject_624,WanT,Sagittal,MTL,0.37420469213924124,0.03808936743386196,31
subject_624,WanT,Sagittal,MTR,0.3919356031717342,0.02921167133633853,31
subject_624,WanT,Sagittal,SCML,0.44162338873953433,0.012876235763168431,31
subject_624,WanT,Sagittal,SCMR,0.12287933692285828,0.5101842426696266,31
subject_624,WanT,Sagittal,STL,0.43997400166674416,0.01325646173741773,31
subject_624,WanT,Sagittal,STR,0.413171461733906,0.020876364684269212,31
subject_624,WanT,Sagittal,UTL,0.5379063591136531,0.0018020567582883837,31
subject_624,WanT,Sagittal,UTR,0.440180175050843,0.013208425681964942,31
subject_624,WanT,Frontal,MTL,-0.3674746277865038,0.04198062250786397,31
subject_624,WanT,Frontal,MTR,-0.3554799069982203,0.04970085098233927,31
subject_624,WanT,Frontal,SCML,-0.4595068491075155,0.009307451788248258,31
subject_624,WanT,Frontal,SCMR,-0.48218777568899707,0.006014880656020885,31
subject_624,WanT,Frontal,STL,-0.3273468346038826,0.07224256696055648,31
subject_624,WanT,Frontal,STR,-0.4010598459936976,0.025348197937812803,31
subject_624,WanT,Frontal,UTL,-0.41545351093963784,0.020111496084869073,31
subject_624,WanT,Frontal,UTR,-0.25516042404166733,0.1659459794134146,31
subject_624,WanT,Horizontal,MTL,-0.3377622437948525,0.0631212335645793,31
subject_624,WanT,Horizontal,MTR,-0.2921186973360886,0.11079841445324899,31
subject_624,WanT,Horizontal,SCML,-0.1460593486680443,0.4330262836193187,31
subject_624,WanT,Horizontal,SCMR,-0.4290493367123801,0.01601942192479654,31
subject_624,WanT,Horizontal,STL,-0.40166320883712187,0.025108245456130135,31
subject_624,WanT,Horizontal,STR,0.027386127875258306,0.8837314061762249,31
subject_624,WanT,Horizontal,UTL,-0.1734454765433026,0.35075918496565084,31
subject_624,WanT,Horizontal,UTR,-0.35601966237835797,0.04933080655915715,31
subject_624,Warmup,Sagittal,MTL,0.3366718093194753,0.007977305217109461,61
subject_624,Warmup,Sagittal,MTR,0.11146349044194684,0.3924309438631737,61
subject_624,Warmup,Sagittal,SCML,0.0074613172027115865,0.9544894813907165,61
subject_624,Warmup,Sagittal,SCMR,0.44979933453324994,0.00027603883329626407,61
subject_624,Warmup,Sagittal,STL,0.10856484922650493,0.40493349245176774,61
subject_624,Warmup,Sagittal,STR,-0.03239499950961469,0.8042552931948173,61
subject_624,Warmup,Sagittal,UTL,0.43498405720988015,0.0004596785954430982,61
subject_624,Warmup,Sagittal,UTR,0.13988627791558558,0.2822664740685535,61
subject_624,Warmup,Frontal,MTL,0.13901498485966937,0.28530471636008775,61
subject_624,Warmup,Frontal,MTR,0.14868275876278375,0.25279133215237237,61
subject_624,Warmup,Frontal,SCML,0.05575263995251051,0.6695498503339337,61
subject_624,Warmup,Frontal,SCMR,0.28669294689656766,0.02508633525016112,61
subject_624,Warmup,Frontal,STL,0.11940787037076896,0.35935391210978307,61
subject_624,Warmup,Frontal,STR,-0.2933463306220256,0.021765203213204305,61
subject_624,Warmup,Frontal,UTL,0.15096391889722646,0.24550210235740558,61
subject_624,Warmup,Frontal,UTR,0.033565641978228436,0.7973293546575013,61
subject_624,Warmup,Horizontal,MTL,-0.24056361166851212,0.061829011417364285,61
subject_624,Warmup,Horizontal,MTR,-0.1284504010802583,0.32385365567450614,61
subject_624,Warmup,Horizontal,SCML,-0.059457656102871334,0.648983199812558,61
subject_624,Warmup,Horizontal,SCMR,-0.2444201603534277,0.057644269454135894,61
subject_624,Warmup,Horizontal,STL,-0.15274362114271847,0.23991592569274378,61
subject_624,Warmup,Horizontal,STR,0.047250313021485094,0.7176477889827974,61
subject_624,Warmup,Horizontal,UTL,-0.3994109043519238,0.001428593275291785,61
subject_624,Warmup,Horizontal,UTR,-0.006559169416864254,0.9599873517054265,61
subject_625,Cooldown,Sagittal,MTL,-0.25459165418834595,0.047698197957026074,61
subject_625,Cooldown,Sagittal,MTR,-0.30994461825714054,0.01506323756363748,61
subject_625,Cooldown,Sagittal,SCML,0.505505547644148,3.247693542405361e-05,61
subject_625,Cooldown,Sagittal,SCMR,0.5148332016759622,2.1858472367261296e-05,61
subject_625,Cooldown,Sagittal,STL,-0.22101209967381483,0.08695440650794636,61
subject_625,Cooldown,Sagittal,STR,-0.5545690078514907,3.527218400374431e-06,61
subject_625,Cooldown,Sagittal,UTL,-0.1673114628906559,0.19746164621325416,61
subject_625,Cooldown,Sagittal,UTR,-0.39871723419992083,0.0014587690952128256,61
subject_625,Cooldown,Frontal,MTL,-0.20163241362528936,0.12237095556365953,60
subject_625,Cooldown,Frontal,MTR,0.17901879028023387,0.17112803822325773,60
subject_625,Cooldown,Frontal,SCML,0.07901021287276977,0.5484559153758234,60
subject_625,Cooldown,Frontal,SCMR,-0.19204396238931595,0.14156304812297962,60
subject_625,Cooldown,Frontal,STL,0.18737002200188813,0.15169720536072862,60
subject_625,Cooldown,Frontal,STR,-0.19647733231562622,0.13242690662881507,60
subject_625,Cooldown,Frontal,UTL,0.27026372946127075,0.03675694094072913,60
subject_625,Cooldown,Frontal,UTR,-0.18857287430747616,0.149039171810846,60
subject_625,Cooldown,Horizontal,MTL,-0.021421434247049287,0.8709453540341597,60
subject_625,Cooldown,Horizontal,MTR,0.2834120664321733,0.028211925010859586,60
subject_625,Cooldown,Horizontal,SCML,-0.32820233803964,0.010463920567079385,60
subject_625,Cooldown,Horizontal,SCMR,-0.303015924440079,0.01860263275435356,60
subject_625,Cooldown,Horizontal,STL,-0.22401627147444575,0.08531196588081456,60
subject_625,Cooldown,Horizontal,STR,0.04076563850650592,0.7571273055334264,60
subject_625,Cooldown,Horizontal,UTL,0.4813980496245986,9.865209621828657e-05,60
subject_625,Cooldown,Horizontal,UTR,0.265820524974748,0.04009044158297908,60
subject_625,Second_threshold,Sagittal,MTL,0.10000730540235479,0.45107316625064875,59
subject_625,Second_threshold,Sagittal,MTR,-0.02973190160610548,0.8231167291745178,59
subject_625,Second_threshold,Sagittal,SCML,0.06486960350423013,0.6254602847196742,59
subject_625,Second_threshold,Sagittal,SCMR,0.1459566078845178,0.27000709302726195,59
subject_625,Second_threshold,Sagittal,STL,0.137847907446489,0.2978033610929535,59
subject_625,Second_threshold,Sagittal,STR,0.18650011007466163,0.15726591906410814,59
subject_625,Second_threshold,Sagittal,UTL,0.18650011007466163,0.15726591906410814,59
subject_625,Second_threshold,Sagittal,UTR,-0.08108700438028767,0.5415164787667848,59
subject_625,Second_threshold,Horizontal,MTL,,,59
subject_625,Second_threshold,Horizontal,MTR,,,59
subject_625,Second_threshold,Horizontal,SCML,,,59
subject_625,Second_threshold,Horizontal,SCMR,,,59
subject_625,Second_threshold,Horizontal,STL,,,59
subject_625,Second_threshold,Horizontal,STR,,,59
subject_625,Second_threshold,Horizontal,UTL,,,59
subject_625,Second_threshold,Horizontal,UTR,,,59
subject_625,Vo2max,Sagittal,MTL,0.023498960774584843,0.8597744356172368,59
subject_625,Vo2max,Sagittal,MTR,0.05629349939361127,0.6719428853753738,59
subject_625,Vo2max,Sagittal,SCML,0.38735907954564613,0.002437523351922536,59
subject_625,Vo2max,Sagittal,SCMR,-0.14697413640756934,0.26664564082650727,59
subject_625,Vo2max,Sagittal,STL,0.1155446826468176,0.3835084782178809,59
subject_625,Vo2max,Sagittal,STR,0.09760356736663663,0.4620806897785444,59
subject_625,Vo2max,Sagittal,UTL,-0.1287080009230373,0.33128901788450643,59
subject_625,Vo2max,Sagittal,UTR,0.01894867791366938,0.8867276193151145,59
subject_625,Vo2max,Horizontal,MTL,0.14650100542240002,0.26820514843569815,59
subject_625,Vo2max,Horizontal,MTR,0.13107984695688424,0.32237999002108503,59
subject_625,Vo2max,Horizontal,SCML,0.2004750600517053,0.12790067222746573,59
subject_625,Vo2max,Horizontal,SCMR,0.09252695079309474,0.48580035179766123,59
subject_625,Vo2max,Horizontal,STL,-0.14650100542240002,0.26820514843569815,59
subject_625,Vo2max,Horizontal,STR,-0.053974054629305275,0.6847364979562116,59
subject_625,Vo2max,Horizontal,UTL,0.10023753002585264,0.4500265274340066,59
subject_625,Vo2max,Horizontal,UTR,0.16963274312067375,0.19899257828412217,59
subject_625,WanT,Sagittal,MTL,0.36018490202052583,0.04654828137789027,31
subject_625,WanT,Sagittal,MTR,0.3981208046946968,0.02654404788054994,31
subject_625,WanT,Sagittal,SCML,0.4181196229522761,0.019247377247552485,31
subject_625,WanT,Sagittal,SCMR,0.15133126392848653,0.4164200336255177,31
subject_625,WanT,Sagittal,STL,0.46512715452679243,0.008375410172134886,31
subject_625,WanT,Sagittal,STR,0.39605907085370934,0.027410163085687788,31
subject_625,WanT,Sagittal,UTL,0.5311026374383941,0.0021109842893904524,31
subject_625,WanT,Sagittal,UTR,0.4323455864550903,0.015139439303798529,31
subject_625,WanT,Horizontal,MTL,,,31
subject_625,WanT,Horizontal,MTR,,,31
subject_625,WanT,Horizontal,SCML,,,31
subject_625,WanT,Horizontal,SCMR,,,31
subject_625,WanT,Horizontal,STL,,,31
subject_625,WanT,Horizontal,STR,,,31
subject_625,WanT,Horizontal,UTL,,,31
subject_625,WanT,Horizontal,UTR,,,31
subject_625,Warmup,Sagittal,MTL,0.09319666251918174,0.47498741126543986,61
subject_625,Warmup,Sagittal,MTR,0.09725339478205965,0.45589125317823986,61
subject_625,Warmup,Sagittal,SCML,0.11707729310665636,0.36887562088519776,61
subject_625,Warmup,Sagittal,SCMR,0.07453569410994337,0.5680713778063686,61
subject_625,Warmup,Sagittal,STL,-0.31098909527222024,0.014708510179484864,61
subject_625,Warmup,Sagittal,STR,-0.145907137054842,0.26185689194941003,61
subject_625,Warmup,Sagittal,UTL,-0.08037738856848757,0.5380411178416852,61
subject_625,Warmup,Sagittal,UTR,-0.11891634506582766,0.36134944031247357,61
subject_625,Warmup,Frontal,MTL,-0.16516294940231027,0.2033610044381062,61
subject_625,Warmup,Frontal,MTR,-0.17183619988321172,0.1854390021461116,61
subject_625,Warmup,Frontal,SCML,-0.0035034565024732486,0.9786217566855873,61
subject_625,Warmup,Frontal,SCMR,-0.09626163818700306,0.46052046801556934,61
subject_625,Warmup,Frontal,STL,-0.00917571941123946,0.9440475916165818,61
subject_625,Warmup,Frontal,STR,0.02452419551731274,0.851185753217449,61
subject_625,Warmup,Frontal,UTL,-0.10210073235779181,0.43363626155521645,61
subject_625,Warmup,Frontal,UTR,0.09859727585531856,0.4496593353872173,61
subject_625,Warmup,Horizontal,MTL,-0.10998533626601498,0.398777841958758,61
subject_625,Warmup,Horizontal,MTR,-0.15397947077242094,0.23608855414625218,61
subject_625,Warmup,Horizontal,SCML,-0.029329423004270654,0.8224621133030128,61
subject_625,Warmup,Horizontal,SCMR,0.05132649025747365,0.6944386758181281,61
subject_625,Warmup,Horizontal,STL,-0.19797360527882696,0.12616111544463332,61
subject_625,Warmup,Horizontal,STR,0.029329423004270654,0.8224621133030128,61
subject_625,Warmup,Horizontal,UTL,0.02199706725320299,0.8663719187008005,61
subject_625,Warmup,Horizontal,UTR,-0.1759765380256239,0.1749081707493276,61
subject_626,Cooldown,Sagittal,MTL,0.21875959693852542,0.09030256168979543,61
subject_626,Cooldown,Sagittal,MTR,0.040507096186914796,0.7565968844668937,61
subject_626,Cooldown,Sagittal,SCML,0.6417302802349837,2.5019175026807663e-08,61
subject_626,Cooldown,Sagittal,SCMR,0.5948399252924159,4.2977380695477507e-07,61
subject_626,Cooldown,Sagittal,STL,0.24333514314778953,0.05879773154402527,61
subject_626,Cooldown,Sagittal,STR,-0.1302450755268035,0.3170823046525873,61
subject_626,Cooldown,Sagittal,UTL,0.5144640587941517,2.2208592003280587e-05,61
subject_626,Cooldown,Sagittal,UTR,0.14535212124851568,0.2636955805943317,61
subject_626,Cooldown,Frontal,MTL,0.1969681511855885,0.12813614547410485,61
subject_626,Cooldown,Frontal,MTR,0.29988844639967976,0.01887085092985655,61
subject_626,Cooldown,Frontal,SCML,-0.3265876635666244,0.010204534099173598,61
subject_626,Cooldown,Frontal,SCMR,-0.3702673644532414,0.003311651218318548,61
subject_626,Cooldown,Frontal,STL,-0.03401556706545297,0.7946715363086302,61
subject_626,Cooldown,Frontal,STR,0.30747779442872947,0.015930284179068888,61
subject_626,Cooldown,Frontal,UTL,0.056892810404818625,0.6631940827067782,61
subject_626,Cooldown,Frontal,UTR,-0.3839172709803092,0.002254849797047918,61
subject_626,Cooldown,Horizontal,MTL,-0.1005769650525442,0.4405653474339887,61
subject_626,Cooldown,Horizontal,MTR,-0.20715903719625017,0.10917276620858926,61
subject_626,Cooldown,Horizontal,SCML,-0.17998163824653507,0.16514174395771944,61
subject_626,Cooldown,Horizontal,SCMR,-0.3570808250893125,0.004728426925062183,61
subject_626,Cooldown,Horizontal,STL,0.0508546783377245,0.6971113396362166,61
subject_626,Cooldown,Horizontal,STR,0.17205489688620149,0.18487157619412817,61
subject_626,Cooldown,Horizontal,UTL,-0.09772882854645032,0.4536811524491968,61
subject_626,Cooldown,Horizontal,UTR,-0.02909903321888689,0.8238343241080507,61
subject_626,Second_threshold,Sagittal,MTL,-0.328941613419851,0.010965068962223523,59
subject_626,Second_threshold,Sagittal,MTR,-0.14506303139215826,0.27298229661966356,59
subject_626,Second_threshold,Sagittal,SCML,0.11398857828412638,0.3899897248789941,59
subject_626,Second_threshold,Sagittal,SCMR,0.06163527889196406,0.642833072852232,59
subject_626,Second_threshold,Sagittal,STL,-0.3337476976667839,0.009787572387439023,59
subject_626,Second_threshold,Sagittal,STR,-0.018967523325681794,0.8866157051169187,59
subject_626,Second_threshold,Sagittal,UTL,-0.08185018286188799,0.5377052380092414,59
subject_626,Second_threshold,Sagittal,UTR,-0.06475373050256938,0.6260792720565512,59
subject_626,Second_threshold,Frontal,MTL,0.18505390158618948,0.16056757089996215,59
subject_626,Second_threshold,Frontal,MTR,0.04626347539654737,0.7278855135982397,59
subject_626,Second_threshold,Frontal,SCML,-0.17734332235343164,0.1790347207135418,59
subject_626,Second_threshold,Frontal,SCMR,-0.15421158465515794,0.2435460644864713,59
subject_626,Second_threshold,Frontal,STL,-0.13107984695688424,0.32237999002108503,59
subject_626,Second_threshold,Frontal,STR,0.10023753002585264,0.4500265274340066,59
subject_626,Second_threshold,Frontal,UTL,0.06939521309482106,0.6014891840286168,59
subject_626,Second_threshold,Frontal,UTR,-0.11565868849136846,0.38303617677968926,59
subject_626,Second_threshold,Horizontal,MTL,,,59
subject_626,Second_threshold,Horizontal,MTR,,,59
subject_626,Second_threshold,Horizontal,SCML,,,59
subject_626,Second_threshold,Horizontal,SCMR,,,59
subject_626,Second_threshold,Horizontal,STL,,,59
subject_626,Second_threshold,Horizontal,STR,,,59
subject_626,Second_threshold,Horizontal,UTL,,,59
subject_626,Second_threshold,Horizontal,UTR,,,59
subject_626,Vo2max,Sagittal,MTL,0.19890170883304542,0.1309825104655657,59
subject_626,Vo2max,Sagittal,MTR,0.20881679639830597,0.1124704441492266,59
subject_626,Vo2max,Sagittal,SCML,0.24440375081247362,0.06210647960650411,59
subject_626,Vo2max,Sagittal,SCMR,0.026240247664750076,0.8436111004249073,59
subject_626,Vo2max,Sagittal,STL,-0.07051079787651857,0.5956427863173404,59
subject_626,Vo2max,Sagittal,STR,0.12210714527026298,0.3568892428402004,59
subject_626,Vo2max,Sagittal,UTL,0.1029085043795674,0.43798223227367206,59
subject_626,Vo2max,Sagittal,UTR,0.1484421230709869,0.2618456555947137,59
subject_626,Vo2max,Frontal,MTL,0.2389190432783072,0.06839463719757488,59
subject_626,Vo2max,Frontal,MTR,0.2061842078247192,0.11717739259907643,59
subject_626,Vo2max,Frontal,SCML,0.3656647057119691,0.0043997970954249305,59
subject_626,Vo2max,Frontal,SCMR,0.055754816514498255,0.674906084853566,59
subject_626,Vo2max,Frontal,STL,0.1907068155779997,0.14794709286782737,59
subject_626,Vo2max,Frontal,STR,0.03385113859808823,0.7990898942277973,59
subject_626,Vo2max,Frontal,UTL,0.44812028662870274,0.00037205468746179514,59
subject_626,Vo2max,Frontal,UTR,0.103423977820184,0.43567875455705396,59
subject_626,Vo2max,Horizontal,MTL,0.2670825194476782,0.0408631316431669,59
subject_626,Vo2max,Horizontal,MTR,0.06719014877283887,0.6131186238896598,59
subject_626,Vo2max,Horizontal,SCML,0.379949887241413,0.0029955982923086173,59
subject_626,Vo2max,Horizontal,SCMR,-0.014364327509877641,0.914012121591213,59
subject_626,Vo2max,Horizontal,STL,-0.02997043099607648,0.8217207868189654,59
subject_626,Vo2max,Horizontal,STR,-0.0551415656512359,0.6782854490629656,59
subject_626,Vo2max,Horizontal,UTL,0.30712140430581847,0.0179783065664548,59
subject_626,Vo2max,Horizontal,UTR,-0.031984121768489235,0.8099583925385798,59
subject_626,WanT,Sagittal,MTL,0.6829362091478635,2.303499822198923e-05,31
subject_626,WanT,Sagittal,MTR,0.4259718115952022,0.016879039586250193,31
subject_626,WanT,Sagittal,SCML,0.6291057227040253,0.00015007672278156322,31
subject_626,WanT,Sagittal,SCMR,0.6394655521705753,0.00010756777678596249,31
subject_626,WanT,Sagittal,STL,0.2565581297304436,0.16355894292244175,31
subject_626,WanT,Sagittal,STR,0.4011894744399257,0.025296487938482683,31
subject_626,WanT,Sagittal,UTL,0.5829943248823225,0.0005778224553029677,31
subject_626,WanT,Sagittal,UTR,0.6544974615926282,6.489089004625887e-05,31
subject_626,WanT,Frontal,MTL,-0.5771315832428735,0.0006761970452428455,31
subject_626,WanT,Frontal,MTR,-0.3066684999830504,0.09334746402421633,31
subject_626,WanT,Frontal,SCML,-0.5807952266017715,0.0006131355419898201,31
subject_626,WanT,Frontal,SCMR,-0.5708818386894593,0.0007970077129149638,31
subject_626,WanT,Frontal,STL,-0.14913183555043633,0.4233044011184717,31
subject_626,WanT,Frontal,STR,-0.2489122399721878,0.1769203401447708,31
subject_626,WanT,Frontal,UTL,-0.45580033553348676,0.009968874351857678,31
subject_626,WanT,Frontal,UTR,-0.4497660994129488,0.011130331159197445,31
subject_626,WanT,Horizontal,MTL,-0.23815698604072064,0.19699207171113528,31
subject_626,WanT,Horizontal,MTR,-0.37527767497325676,0.037496740978068266,31
subject_626,WanT,Horizontal,SCML,-0.09381941874331419,0.615661955284075,31
subject_626,WanT,Horizontal,SCMR,-0.1659882023920174,0.3721689982910344,31
subject_626,WanT,Horizontal,STL,-0.14433756729740646,0.438527324853282,31
subject_626,WanT,Horizontal,STR,-0.0649519052838329,0.7284841918455082,31
subject_626,WanT,Horizontal,UTL,-0.17320508075688773,0.3514375904911537,31
subject_626,WanT,Horizontal,UTR,-0.20928947258123934,0.25849390894869445,31
subject_626,Warmup,Sagittal,MTL,0.044123004789765094,0.7356292798366266,61
subject_626,Warmup,Sagittal,MTR,-0.005616143727808102,0.9657363188068855,61
subject_626,Warmup,Sagittal,SCML,0.3599168855993383,0.004385165173901802,61
subject_626,Warmup,Sagittal,SCMR,0.015692956636554695,0.9044533380097443,61
subject_626,Warmup,Sagittal,STL,-0.5972459832261382,3.7552044968282153e-07,61
subject_626,Warmup,Sagittal,STR,-0.3615291756647378,0.004199996714497093,61
subject_626,Warmup,Sagittal,UTL,0.3421816948799444,0.006949702826623516,61
subject_626,Warmup,Sagittal,UTR,0.25135602119577505,0.05069690989213682,61
subject_626,Warmup,Frontal,MTL,-0.10322516688480152,0.42856269411118725,61
subject_626,Warmup,Frontal,MTR,0.4535561127099732,0.00024165099538872792,61
subject_626,Warmup,Frontal,SCML,-0.18334614175792316,0.15725151930063266,61
subject_626,Warmup,Frontal,SCMR,-0.21887833977302454,0.09012357372171745,61
subject_626,Warmup,Frontal,STL,0.26300437172666213,0.04057569593145089,61
subject_626,Warmup,Frontal,STR,-0.11234785214263221,0.3886623763283514,61
subject_626,Warmup,Frontal,UTL,-0.2230760971199249,0.08397289433048406,61
subject_626,Warmup,Frontal,UTR,0.03794508215938269,0.7715606754352994,61
subject_626,Warmup,Horizontal,MTL,0.11866807252563827,0.36235996238645757,61
subject_626,Warmup,Horizontal,MTR,-0.48678127709496516,6.95027135903551e-05,61
subject_626,Warmup,Horizontal,SCML,0.06296673236054276,0.6297414635545753,61
subject_626,Warmup,Horizontal,SCMR,0.23007075285582929,0.07446448982052005,61
subject_626,Warmup,Horizontal,STL,-0.21553996846493484,0.09526274835780281,61
subject_626,Warmup,Horizontal,STR,0.06296673236054276,0.6297414635545753,61
subject_626,Warmup,Horizontal,UTL,0.3245208513966434,0.010722347330541228,61
subject_626,Warmup,Horizontal,UTR,-0.17679121008921622,0.17288833735431866,61
subject_627,Cooldown,Sagittal,MTL,-0.003843374658369642,0.9765481177156363,61
subject_627,Cooldown,Sagittal,MTR,0.03369358450504052,0.7965733322155965,61
subject_627,Cooldown,Sagittal,SCML,0.06264700693142516,0.6314848004825047,61
subject_627,Cooldown,Sagittal,SCMR,0.12132252671586835,0.35164517200101675,61
subject_627,Cooldown,Sagittal,STL,0.2938900488766653,0.021511105103200496,61
subject_627,Cooldown,Sagittal,STR,0.18320085871561959,0.15758637042274615,61
subject_627,Cooldown,Sagittal,UTL,-0.13541490046322371,0.2980860677943242,61
subject_627,Cooldown,Sagittal,UTR,0.1504040616308653,0.24727762700240252,61
subject_627,Cooldown,Frontal,MTL,-0.1735149950839172,0.18111528977262975,61
subject_627,Cooldown,Frontal,MTR,0.1426639522728043,0.27272372459103483,61
subject_627,Cooldown,Frontal,SCML,-0.502641942243773,3.659030537833874e-05,61
subject_627,Cooldown,Frontal,SCMR,-0.04580465534001758,0.7259418224189148,61
subject_627,Cooldown,Frontal,STL,-0.33676597210065734,0.007958687341894534,61
subject_627,Cooldown,Frontal,STR,-0.3665257256345129,0.0036692735583692742,61
subject_627,Cooldown,Frontal,UTL,-0.21805139531793302,0.09137586918072439,61
subject_627,Cooldown,Frontal,UTR,-0.24730974567034608,0.05466158456466209,61
subject_627,Cooldown,Horizontal,MTL,-0.33849788428335725,0.007622950131559607,61
subject_627,Cooldown,Horizontal,MTR,-0.3530346032403113,0.005259129229709453,61
subject_627,Cooldown,Horizontal,SCML,-0.17859397575686334,0.168479205310685,61
subject_627,Cooldown,Horizontal,SCMR,-0.2990410756859107,0.019226192507372297,61
subject_627,Cooldown,Horizontal,STL,-0.39872143424788087,0.0014585846773563114,61
subject_627,Cooldown,Horizontal,STR,-0.2720443119087104,0.03392531723103403,61
subject_627,Cooldown,Horizontal,UTL,-0.13290714474929363,0.3072061540161763,61
subject_627,Cooldown,Horizontal,UTR,-0.2907343791390799,0.02302161890883363,61
subject_627,Second_threshold,Sagittal,MTL,,,59
subject_627,Second_threshold,Sagittal,MTR,,,59
subject_627,Second_threshold,Sagittal,SCML,,,59
subject_627,Second_threshold,Sagittal,SCMR,,,59
subject_627,Second_threshold,Sagittal,STL,,,59
subject_627,Second_threshold,Sagittal,STR,,,59
subject_627,Second_threshold,Sagittal,UTL,,,59
subject_627,Second_threshold,Sagittal,UTR,,,59
subject_627,Second_threshold,Frontal,MTL,0.0458425718650363,0.730266727506923,59
subject_627,Second_threshold,Frontal,MTR,-0.1793839768631855,0.17400414789096091,59
subject_627,Second_threshold,Frontal,SCML,-0.04185626126807662,0.7529415418928153,59
subject_627,Second_threshold,Frontal,SCMR,0.0358767953726371,0.7873406697286397,59
subject_627,Second_threshold,Frontal,STL,0.09965776492399193,0.45266479495253636,59
subject_627,Second_threshold,Frontal,STR,0.04185626126807662,0.7529415418928153,59
subject_627,Second_threshold,Frontal,UTL,-0.4365010103670847,0.0005478640683278411,59
subject_627,Second_threshold,Frontal,UTR,-0.009965776492399195,0.940284279233973,59
subject_627,Second_threshold,Horizontal,MTL,,,59
subject_627,Second_threshold,Horizontal,MTR,,,59
subject_627,Second_threshold,Horizontal,SCML,,,59
subject_627,Second_threshold,Horizontal,SCMR,,,59
subject_627,Second_threshold,Horizontal,STL,,,59
subject_627,Second_threshold,Horizontal,STR,,,59
subject_627,Second_threshold,Horizontal,UTL,,,59
subject_627,Second_threshold,Horizontal,UTR,,,59
subject_627,Vo2max,Sagittal,MTL,0.12977796423848456,0.3272510570131533,59
subject_627,Vo2max,Sagittal,MTR,0.029983288025584857,0.8216455593605075,59
subject_627,Vo2max,Sagittal,SCML,-0.19237780311026453,0.14436171476429344,59
subject_627,Vo2max,Sagittal,SCMR,0.36033807824759767,0.0050561095940489945,59
subject_627,Vo2max,Sagittal,STL,-0.3773046693758478,0.003220748376336461,59
subject_627,Vo2max,Sagittal,STR,-0.17448358530657215,0.18626041767401372,59
subject_627,Vo2max,Sagittal,UTL,0.12095054910121159,0.361496558598243,59
subject_627,Vo2max,Sagittal,UTR,-0.18205421591582663,0.16757782183541356,59
subject_627,Vo2max,Frontal,MTL,0.058273700959974334,0.6610930212040476,59
subject_627,Vo2max,Frontal,MTR,-0.2590557539042347,0.04756502124798508,59
subject_627,Vo2max,Frontal,SCML,-0.14641715249585502,0.26848217467219515,59
subject_627,Vo2max,Frontal,SCMR,0.1178829087614014,0.37389126252956134,59
subject_627,Vo2max,Frontal,STL,-0.03332252436112562,0.8021633789747347,59
subject_627,Vo2max,Frontal,STR,-0.11697085530870198,0.3776251621934789,59
subject_627,Vo2max,Frontal,UTL,0.2164172549905363,0.09969371512373701,59
subject_627,Vo2max,Frontal,UTR,-0.28104275678181023,0.031067535814317208,59
subject_627,Vo2max,Horizontal,MTL,-0.016920812218088006,0.9042799362632301,53
subject_627,Vo2max,Horizontal,MTR,-0.40417180576622874,0.0026869656601612294,53
subject_627,Vo2max,Horizontal,SCML,0.155285934912833,0.2668727580176948,53
subject_627,Vo2max,Horizontal,SCMR,-0.6145467647612419,9.827029881662234e-07,53
subject_627,Vo2max,Horizontal,STL,-0.3054742074105964,0.026126864374923866,53
subject_627,Vo2max,Horizontal,STR,-0.4828214544558732,0.0002506439994823423,53
subject_627,Vo2max,Horizontal,UTL,0.29455064509259016,0.032275965009627795,53
subject_627,Vo2max,Horizontal,UTR,0.09205778596625601,0.5120787831336158,53
subject_627,WanT,Sagittal,MTL,0.5974420504831831,0.0003871648800472245,31
subject_627,WanT,Sagittal,MTR,0.5638176610187952,0.0009560222878318696,31
subject_627,WanT,Sagittal,SCML,0.5652795909955077,0.0009210054671183731,31
subject_627,WanT,Sagittal,SCMR,0.6374014698466588,0.0001150582497725601,31
subject_627,WanT,Sagittal,STL,0.5833100607082955,0.0005729023639950574,31
subject_627,WanT,Sagittal,STR,0.5375029214379698,0.0018192110014038294,31
subject_627,WanT,Sagittal,UTL,0.6919801889772594,1.6175687985998727e-05,31
subject_627,WanT,Sagittal,UTR,0.5350663714767823,0.0019258634825785026,31
subject_627,WanT,Frontal,MTL,-0.14311640268784975,0.48551079922600104,26
subject_627,WanT,Frontal,MTR,0.12082188769627517,0.5565762318466891,26
subject_627,WanT,Frontal,SCML,-0.10284244012242469,0.6171213532192952,26
subject_627,WanT,Frontal,SCMR,-0.07227737924687891,0.7256800418375684,26
subject_627,WanT,Frontal,STL,-0.02553081555486767,0.9014740583003027,26
subject_627,WanT,Frontal,STR,-0.11398969761821198,0.5792624109088017,26
subject_627,WanT,Frontal,UTL,-0.12010270979332115,0.5589450300511796,26
subject_627,WanT,Frontal,UTR,-0.2743663699769582,0.17497404382694487,26
subject_627,WanT,Horizontal,MTL,-0.2632801478500043,0.15242087924873227,31
subject_627,WanT,Horizontal,MTR,-0.11778322403815983,0.5280126490601769,31
subject_627,WanT,Horizontal,SCML,-0.15796808871000256,0.39602982485612864,31
subject_627,WanT,Horizontal,SCMR,-0.15519671873263413,0.40447383364112116,31
subject_627,WanT,Horizontal,STL,-0.14826829378921294,0.4260244949550474,31
subject_627,WanT,Horizontal,STR,-0.19261021342710843,0.29922399029461244,31
subject_627,WanT,Horizontal,UTL,-0.18429610349500306,0.32096102441232904,31
subject_627,WanT,Horizontal,UTR,-0.15796808871000256,0.39602982485612864,31
subject_627,Warmup,Sagittal,MTL,-0.24703008509607008,0.05494465940317912,61
subject_627,Warmup,Sagittal,MTR,0.14858291152883762,0.2531137050214274,61
subject_627,Warmup,Sagittal,SCML,-0.028797915762221543,0.8256285825146531,61
subject_627,Warmup,Sagittal,SCMR,0.27188620469626806,0.03403330070141612,61
subject_627,Warmup,Sagittal,STL,-0.2836464395267681,0.026744112964155832,61
subject_627,Warmup,Sagittal,STR,-0.1230101017173626,0.34493600802355895,61
subject_627,Warmup,Sagittal,UTL,-0.014073189603257588,0.9142761048985959,61
subject_627,Warmup,Sagittal,UTR,-0.2181670156782779,0.09119996282167987,61
subject_627,Warmup,Frontal,MTL,0.08689327042834755,0.5054882198052748,61
subject_627,Warmup,Frontal,MTR,0.32920665332800236,0.009579635929402336,61
subject_627,Warmup,Frontal,SCML,0.18227522624489959,0.15973215461162346,61
subject_627,Warmup,Frontal,SCMR,0.21067373736180178,0.10316011612302652,61
subject_627,Warmup,Frontal,STL,0.004167172826936739,0.9745729606255032,61
subject_627,Warmup,Frontal,STR,0.21576694859472448,0.09490623938001813,61
subject_627,Warmup,Frontal,UTL,0.32226136528310784,0.011314325949252574,61
subject_627,Warmup,Frontal,UTR,-0.0700702393862696,0.5915407602125935,61
subject_627,Warmup,Horizontal,MTL,0.10031893975525248,0.44174476765649484,61
subject_627,Warmup,Horizontal,MTR,0.02507973493881312,0.8478543718059202,61
subject_627,Warmup,Horizontal,SCML,-0.10066249776811294,0.4401747704024556,61
subject_627,Warmup,Horizontal,SCMR,-0.02293249735843529,0.8607447704387858,61
subject_627,Warmup,Horizontal,STL,-0.13699375762810595,0.2924355068773365,61
subject_627,Warmup,Horizontal,STR,-0.22421454814305364,0.08236320820193083,61
subject_627,Warmup,Horizontal,UTL,-0.0648036301758031,0.6197647203907728,61
subject_627,Warmup,Horizontal,UTR,0.27987094622644715,0.028925556228129257,61
subject_628,Cooldown,Sagittal,MTL,0.6368260402095559,3.445248192635661e-08,61
subject_628,Cooldown,Sagittal,MTR,0.5426595258438925,6.244573919423596e-06,61
subject_628,Cooldown,Sagittal,SCML,0.6892848385165318,8.140553527986614e-10,61
subject_628,Cooldown,Sagittal,SCMR,0.35392130557054513,0.005138544009851615,61
subject_628,Cooldown,Sagittal,STL,-0.10905055034256529,0.40282251684410725,61
subject_628,Cooldown,Sagittal,STR,0.387092986477325,0.0020571186921227755,61
subject_628,Cooldown,Sagittal,UTL,0.6490628247785878,1.5340962234666206e-08,61
subject_628,Cooldown,Sagittal,UTR,0.5099470620180698,2.693535509441608e-05,61
subject_628,Cooldown,Frontal,MTL,0.28587412323768924,0.025523151113076986,61
subject_628,Cooldown,Frontal,MTR,0.31616542106419937,0.013054461434016949,61
subject_628,Cooldown,Frontal,SCML,0.10601954239278542,0.4161009265053422,61
subject_628,Cooldown,Frontal,SCMR,0.29344694769431684,0.021717990461377013,61
subject_628,Cooldown,Frontal,STL,0.27640809266690486,0.031055690868120704,61
subject_628,Cooldown,Frontal,STR,0.18553419918737446,0.15227180261099083,61
subject_628,Cooldown,Frontal,UTL,0.1722817563882763,0.18428429576326624,61
subject_628,Cooldown,Frontal,UTR,0.08519427513705971,0.513877776665864,61
subject_628,Cooldown,Horizontal,MTL,-0.3742689141236007,0.00296373119109748,61
subject_628,Cooldown,Horizontal,MTR,-0.3118165903637767,0.01443258994214049,61
subject_628,Cooldown,Horizontal,SCML,-0.13786980926931214,0.2893306484951592,61
subject_628,Cooldown,Horizontal,SCMR,-0.0393998508090481,0.7630533535248829,61
subject_628,Cooldown,Horizontal,STL,-0.34020940453867055,0.007303383257740353,61
subject_628,Cooldown,Horizontal,STR,-0.43372471308544736,0.00047953586276490705,61
subject_628,Cooldown,Horizontal,UTL,-0.3479232307512854,0.006003997633237832,61
subject_628,Cooldown,Horizontal,UTR,-0.14997458271064618,0.24864559523361335,61
subject_628,Second_threshold,Sagittal,MTL,0.04678455067795017,0.7249411302086048,59
subject_628,Second_threshold,Sagittal,MTR,-0.17937209255910214,0.17403314410409607,59
subject_628,Second_threshold,Sagittal,SCML,0.34574847659655145,0.007314184242061597,59
subject_628,Second_threshold,Sagittal,SCMR,-0.2840893197793601,0.029213940490752592,59
subject_628,Second_threshold,Sagittal,STL,-0.34681318524651816,0.007123769397394223,59
subject_628,Second_threshold,Sagittal,STR,-0.032473613823985496,0.8071053616980984,59
subject_628,Second_threshold,Sagittal,UTL,-0.10662743979813945,0.42151693525961026,59
subject_628,Second_threshold,Sagittal,UTR,-0.03585562953564454,0.7874631976083836,59
subject_628,Second_threshold,Frontal,MTL,,,59
subject_628,Second_threshold,Frontal,MTR,,,59
subject_628,Second_threshold,Frontal,SCML,,,59
subject_628,Second_threshold,Frontal,SCMR,,,59
subject_628,Second_threshold,Frontal,STL,,,59
subject_628,Second_threshold,Frontal,STR,,,59
subject_628,Second_threshold,Frontal,UTL,,,59
subject_628,Second_threshold,Frontal,UTR,,,59
subject_628,Second_threshold,Horizontal,MTL,0.10224157551448723,0.44097260543248873,59
subject_628,Second_threshold,Horizontal,MTR,0.052123156144640546,0.6950094526846982,59
subject_628,Second_threshold,Horizontal,SCML,0.19846894070459287,0.13183995516111452,59
subject_628,Second_threshold,Horizontal,SCMR,0.032075788396701874,0.80942392035614,59
subject_628,Second_threshold,Horizontal,STL,0.016037894198350937,0.9040384974011363,59
subject_628,Second_threshold,Horizontal,STR,-0.03608526194628961,0.7861341422673304,59
subject_628,Second_threshold,Horizontal,UTL,0.12629841681201365,0.34049688056625865,59
subject_628,Second_threshold,Horizontal,UTR,0.09422262841531176,0.47780702014285803,59
subject_628,Vo2max,Sagittal,MTL,-0.21479719604505246,0.17192606274455638,42
subject_628,Vo2max,Sagittal,MTR,-0.3149333590382114,0.04221196091280249,42
subject_628,Vo2max,Sagittal,SCML,0.5205029905753619,0.00040996446950357704,42
subject_628,Vo2max,Sagittal,SCMR,0.014097667998183636,0.9293915190837113,42
subject_628,Vo2max,Sagittal,STL,-0.7336768187903204,3.249056938949076e-08,42
subject_628,Vo2max,Sagittal,STR,-0.6108989465879575,1.7333188749611733e-05,42
subject_628,Vo2max,Sagittal,UTL,-0.011534455634877521,0.9422053989734336,42
subject_628,Vo2max,Sagittal,UTR,-0.050837045205571293,0.7491761729206401,42
subject_628,Vo2max,Frontal,MTL,-0.12500940499652624,0.4302255108188955,42
subject_628,Vo2max,Frontal,MTR,-0.07500564299791575,0.6368636190589694,42
subject_628,Vo2max,Frontal,SCML,-0.17084618682858585,0.2793531897414076,42
subject_628,Vo2max,Frontal,SCMR,0.1791801471616876,0.25621020030115976,42
subject_628,Vo2max,Frontal,STL,0.3750282149895787,0.014398382501194462,42
subject_628,Vo2max,Frontal,STR,0.20001504799444195,0.2040825199897247,42
subject_628,Vo2max,Frontal,UTL,0.10834148433032274,0.4946332562588416,42
subject_628,Vo2max,Frontal,UTR,0.17084618682858585,0.2793531897414076,42
subject_628,Vo2max,Horizontal,MTL,-0.0260125757848455,0.8701084166492922,42
subject_628,Vo2max,Horizontal,MTR,-0.18608996523004856,0.2380216035901934,42
subject_628,Vo2max,Horizontal,SCML,-0.17408416102165833,0.2702042967601138,42
subject_628,Vo2max,Horizontal,SCMR,-0.018008706312585346,0.9098746163989976,42
subject_628,Vo2max,Horizontal,STL,-0.09804740103518687,0.5367500532072796,42
subject_628,Vo2max,Horizontal,STR,0.02201064104871542,0.8899582251394755,42
subject_628,Vo2max,Horizontal,UTL,-0.08203966209066656,0.6055020550258232,42
subject_628,Vo2max,Horizontal,UTR,-0.06202998841001619,0.6963556513296045,42
subject_628,WanT,Sagittal,MTL,0.2134956692347966,0.24882772880601625,31
subject_628,WanT,Sagittal,MTR,-0.19009888356522986,0.3056892853833099,31
subject_628,WanT,Sagittal,SCML,0.6954276740534618,1.4089458828662503e-05,31
subject_628,WanT,Sagittal,SCMR,0.5519134619553158,0.0012873580755716782,31
subject_628,WanT,Sagittal,STL,0.6056007290720894,0.00030619072417607926,31
subject_628,WanT,Sagittal,STR,-0.05849196417391688,0.7546195047495178,31
subject_628,WanT,Sagittal,UTL,0.4136217466584123,0.020723572863331284,31
subject_628,WanT,Sagittal,UTR,0.13745611580870468,0.46088888734151856,31
subject_628,WanT,Frontal,MTL,0.47610427702626446,0.006781386728701611,31
subject_628,WanT,Frontal,MTR,0.3328620531120739,0.06729323849998589,31
subject_628,WanT,Frontal,SCML,0.4602537030685467,0.009178765641490122,31
subject_628,WanT,Frontal,SCMR,0.3692596673853518,0.040918784609052766,31
subject_628,WanT,Frontal,STL,0.3058573715544806,0.09426164115258617,31
subject_628,WanT,Frontal,STR,-0.08923286079900394,0.6331022320659736,31
subject_628,WanT,Frontal,UTL,0.6222817924141065,0.00018568759306999505,31
subject_628,WanT,Frontal,UTR,0.3669114342064307,0.04232018428943419,31
subject_628,WanT,Horizontal,MTL,0.4916717110314274,0.004967552818115357,31
subject_628,WanT,Horizontal,MTR,0.5348008084903245,0.0019378095639350334,31
subject_628,WanT,Horizontal,SCML,0.5779299059492218,0.0006619896503803031,31
subject_628,WanT,Horizontal,SCMR,0.5520524474738834,0.0012829746300546043,31
subject_628,WanT,Horizontal,STL,0.3795360576382949,0.035217596616141184,31
subject_628,WanT,Horizontal,STR,0.19839384831092685,0.2846656190320531,31
subject_628,WanT,Horizontal,UTL,0.7073171983259132,8.622415621299566e-06,31
subject_628,WanT,Horizontal,UTR,0.5175491695067658,0.002865596340583344,31
subject_628,Warmup,Sagittal,MTL,-0.14647076027013703,0.2599985418330441,61
subject_628,Warmup,Sagittal,MTR,-0.06964850938722598,0.5937795154514299,61
subject_628,Warmup,Sagittal,SCML,0.3385126446776145,0.007620142769370585,61
subject_628,Warmup,Sagittal,SCMR,-0.14416196990370966,0.267667578791128,61
subject_628,Warmup,Sagittal,STL,-0.4122839940048894,0.0009613417719686356,61
subject_628,Warmup,Sagittal,STR,-0.006514087105277252,0.9602621431658991,61
subject_628,Warmup,Sagittal,UTL,0.04488398414733229,0.731240338480383,61
subject_628,Warmup,Sagittal,UTR,-0.0315534683411742,0.8092433905340938,61
subject_628,Warmup,Frontal,MTL,0.2971521116801089,0.020038876122700364,61
subject_628,Warmup,Frontal,MTR,0.3498119795727864,0.005718614205325535,61
subject_628,Warmup,Frontal,SCML,-0.22944656724666637,0.07527651948061727,61
subject_628,Warmup,Frontal,SCMR,-0.08275122097420755,0.5260639638562994,61
subject_628,Warmup,Frontal,STL,0.23320798638185763,0.07048815904703075,61
subject_628,Warmup,Frontal,STR,-0.22568514811147514,0.08032007697843511,61
subject_628,Warmup,Frontal,UTL,-0.28210643513934386,0.027616590673546042,61
subject_628,Warmup,Frontal,UTR,0.13541108886688508,0.2980997944868428,61
subject_628,Warmup,Horizontal,MTL,-0.35592274946149394,0.004875270124554205,61
subject_628,Warmup,Horizontal,MTR,-0.10033992405031478,0.4416487837920374,61
subject_628,Warmup,Horizontal,SCML,-0.1306312218768249,0.3156372794065478,61
subject_628,Warmup,Horizontal,SCMR,0.08140786290874595,0.532825529185378,61
subject_628,Warmup,Horizontal,STL,-0.03975732839729453,0.7609670827617712,61
subject_628,Warmup,Horizontal,STR,0.03975732839729453,0.7609670827617712,61
subject_628,Warmup,Horizontal,UTL,-0.13631084021929554,0.2948709344609038,61
subject_628,Warmup,Horizontal,UTR,-0.128738015762668,0.32276234761856387,61
subject_629,Cooldown,Sagittal,MTL,0.02342156204628619,0.8590131351086493,60
subject_629,Cooldown,Sagittal,MTR,0.134659524011796,0.3049822863746712,60
subject_629,Cooldown,Sagittal,SCML,0.6106377127079898,2.2096723507172223e-07,60
subject_629,Cooldown,Sagittal,SCMR,0.45105302019755344,0.0002981751198225313,60
subject_629,Cooldown,Sagittal,STL,-0.39955449920442293,0.0015632108402569864,60
subject_629,Cooldown,Sagittal,STR,-0.4669276344733696,0.0001693445822862695,60
subject_629,Cooldown,Sagittal,UTL,0.6037269061289005,3.2832196021750523e-07,60
subject_629,Cooldown,Sagittal,UTR,0.2825334354990893,0.02872558818182051,60
subject_629,Cooldown,Frontal,MTL,-0.20365292120642584,0.13220780678765826,56
subject_629,Cooldown,Frontal,MTR,-0.12066652233524569,0.37569175457444126,56
subject_629,Cooldown,Frontal,SCML,-0.7644524036366485,7.073240818763936e-12,56
subject_629,Cooldown,Frontal,SCMR,-0.2944041293287106,0.027630426311694805,56
subject_629,Cooldown,Frontal,STL,0.3870272111097438,0.0032118721883492374,56
subject_629,Cooldown,Frontal,STR,0.1051715681600504,0.440455688557062,56
subject_629,Cooldown,Frontal,UTL,-0.6062444151453926,7.356000177966956e-07,56
subject_629,Cooldown,Frontal,UTR,-0.6833378784242166,6.506703876043763e-09,56
subject_629,Cooldown,Horizontal,MTL,0.19636234938352198,0.1326580994354399,60
subject_629,Cooldown,Horizontal,MTR,-0.16303808206113593,0.2132533631098671,60
subject_629,Cooldown,Horizontal,SCML,0.2737307872260867,0.034318432935121365,60
subject_629,Cooldown,Horizontal,SCMR,-0.1657255229742316,0.20570214114127644,60
subject_629,Cooldown,Horizontal,STL,0.04520872824918678,0.7316027869640421,60
subject_629,Cooldown,Horizontal,STR,0.33207811549485217,0.009537274457471209,60
subject_629,Cooldown,Horizontal,UTL,0.2038871839401898,0.11815982997078367,60
subject_629,Cooldown,Horizontal,UTR,0.3678808005482042,0.003830354135152993,60
subject_629,WanT,Sagittal,MTL,0.478030399177443,0.006530188541167264,31
subject_629,WanT,Sagittal,MTR,0.4878201284852163,0.005372345912096259,31
subject_629,WanT,Sagittal,SCML,0.6190441596319654,0.00020507134599603857,31
subject_629,WanT,Sagittal,SCMR,0.6448723816354525,8.996689408009961e-05,31
subject_629,WanT,Sagittal,STL,0.5176059006343989,0.002862006907314241,31
subject_629,WanT,Sagittal,STR,0.032910153843152934,0.8604876843519885,31
subject_629,WanT,Sagittal,UTL,0.6002978694681441,0.0003568933305967757,31
subject_629,WanT,Sagittal,UTR,0.7144419473545226,6.350350899277861e-06,31
subject_629,WanT,Frontal,MTL,0.3377622437948525,0.0631212335645793,31
subject_629,WanT,Frontal,MTR,0.12780193008453877,0.4932509097096607,31
subject_629,WanT,Frontal,SCML,0.20996031371031368,0.2569359744890817,31
subject_629,WanT,Frontal,SCMR,0.3286335345030997,0.0710633968119605,31
subject_629,WanT,Frontal,STL,0.0,1.0,31
subject_629,WanT,Frontal,STR,0.027386127875258306,0.8837314061762249,31
subject_629,WanT,Frontal,UTL,0.118673220792786,0.5248775321541155,31
subject_629,WanT,Frontal,UTR,0.20083160441856093,0.27866780526066803,31
subject_629,WanT,Horizontal,MTL,-0.3916055690478857,0.02935993285041701,31
subject_629,WanT,Horizontal,MTR,-0.5527338720244988,0.0012616713835564277,31
subject_629,WanT,Horizontal,SCML,-0.5173391490206961,0.002878918412195459,31
subject_629,WanT,Horizontal,SCMR,-0.5117830006421922,0.003251329512462039,31
subject_629,WanT,Horizontal,STL,-0.5076673351766338,0.003553310122758316,31
subject_629,WanT,Horizontal,STR,-0.3918113523211636,0.02926741689743805,31
subject_629,WanT,Horizontal,UTL,-0.44387452046047793,0.012372068206049639,31
subject_629,WanT,Horizontal,UTR,-0.4580735663166546,0.009558683537601757,31
subject_629,Warmup,Sagittal,MTL,-0.03806921440158749,0.778594904610434,57
subject_629,Warmup,Sagittal,MTR,-0.3151815079972399,0.016937344113264904,57
subject_629,Warmup,Sagittal,SCML,0.5191495806639995,3.508235257227764e-05,57
subject_629,Warmup,Sagittal,SCMR,0.0803829652403442,0.5522472427598044,57
subject_629,Warmup,Sagittal,STL,-0.06018028793474807,0.6565447590691247,57
subject_629,Warmup,Sagittal,STR,-0.15405364030097893,0.2525582127919186,57
subject_629,Warmup,Sagittal,UTL,0.1138457059891899,0.39910522645899427,57
subject_629,Warmup,Sagittal,UTR,0.039187929431539065,0.772260877264637,57
subject_629,Warmup,Frontal,MTL,-0.25381191073690995,0.05676572400134161,57
subject_629,Warmup,Frontal,MTR,0.17232768462359047,0.1999002919696842,57
subject_629,Warmup,Frontal,SCML,-0.7723002956925058,1.9917125365907868e-12,57
subject_629,Warmup,Frontal,SCMR,-0.18836273313585014,0.16055794700123358,57
subject_629,Warmup,Frontal,STL,-0.03125198230450606,0.8174885945467814,57
subject_629,Warmup,Frontal,STR,0.17216406167958784,0.20033417578026586,57
subject_629,Warmup,Frontal,UTL,-0.11155812322100644,0.4087081745314509,57
subject_629,Warmup,Frontal,UTR,0.03144832983730924,0.8163617705777558,57
subject_629,Warmup,Horizontal,MTL,0.405594933731338,0.0017477407901373364,57
subject_629,Warmup,Horizontal,MTR,0.3546714318835485,0.006789370626762206,57
subject_629,Warmup,Horizontal,SCML,0.2463693364044467,0.06468506802934497,57
subject_629,Warmup,Horizontal,SCMR,-0.03765470207054863,0.7809454829134125,57
subject_629,Warmup,Horizontal,STL,0.10435731716694904,0.43979576919455876,57
subject_629,Warmup,Horizontal,STR,0.01255156735684954,0.926168558926487,57
subject_629,Warmup,Horizontal,UTL,-0.027972064395264694,0.8363643518594528,57
subject_629,Warmup,Horizontal,UTR,-0.18038395372843768,0.1793556617147062,57
subject_630,Cooldown,Sagittal,MTL,0.3657728119893654,0.003745236702591618,61
subject_630,Cooldown,Sagittal,MTR,0.332914313552688,0.00875192244042431,61
subject_630,Cooldown,Sagittal,SCML,-0.25032403369833656,0.05168507400693548,61
subject_630,Cooldown,Sagittal,SCMR,-0.172618125233221,0.18341600258320742,61
subject_630,Cooldown,Sagittal,STL,0.2415821189960111,0.06070072958235237,61
subject_630,Cooldown,Sagittal,STR,0.5342558728078357,9.224177666345718e-06,61
subject_630,Cooldown,Sagittal,UTL,0.38195229221620913,0.002385529183664313,61
subject_630,Cooldown,Sagittal,UTR,-0.48693852497461343,6.907265033329288e-05,61
subject_630,Cooldown,Frontal,MTL,0.3082844753888991,0.015642162000326962,61
subject_630,Cooldown,Frontal,MTR,0.5268145033244505,1.2918471625922192e-05,61
subject_630,Cooldown,Frontal,SCML,0.1136461292030513,0.3831690338558877,61
subject_630,Cooldown,Frontal,SCMR,-0.2844512085089994,0.02629747992670206,61
subject_630,Cooldown,Frontal,STL,0.2135063491324351,0.09850367918545348,61
subject_630,Cooldown,Frontal,STR,0.26532033864829563,0.038777051753824794,61
subject_630,Cooldown,Frontal,UTL,0.3782070745438991,0.002653436162684565,61
subject_630,Cooldown,Frontal,UTR,-0.14650449346761896,0.25988760124934196,61
subject_630,Cooldown,Horizontal,MTL,0.06316490758159034,0.6286618992648446,61
subject_630,Cooldown,Horizontal,MTR,0.00649844728205662,0.9603574740892,61
subject_630,Cooldown,Horizontal,SCML,0.00820661056762579,0.949949093338157,61
subject_630,Cooldown,Horizontal,SCMR,-0.03516588329204354,0.7878869518923485,61
subject_630,Cooldown,Horizontal,STL,-0.09123819984007495,0.4843572254677391,61
subject_630,Cooldown,Horizontal,STR,0.1763121582583133,0.174073992111329,61
subject_630,Cooldown,Horizontal,UTL,-0.013739574253491142,0.9163008855001473,61
subject_630,Cooldown,Horizontal,UTR,-0.2890509351058784,0.023863495391813743,61
subject_630,Second_threshold,Sagittal,MTL,-0.017040572913692202,0.8980699841887981,59
subject_630,Second_threshold,Sagittal,MTR,0.0,1.0,59
subject_630,Second_threshold,Sagittal,SCML,-0.2534785220911715,0.05273160489731179,59
subject_630,Second_threshold,Sagittal,SCMR,-0.0021300716142115253,0.9872253523856148,59
subject_630,Second_threshold,Sagittal,STL,-0.027690930984749826,0.8350829296249724,59
subject_630,Second_threshold,Sagittal,STR,0.09585322263951863,0.4701870257843828,59
subject_630,Second_threshold,Sagittal,UTL,-0.05751193358371118,0.665258828938135,59
subject_630,Second_threshold,Sagittal,UTR,-0.10650358071057625,0.42205955595950584,59
subject_630,Second_threshold,Frontal,MTL,-0.18225913092242516,0.16709193147841672,59
subject_630,Second_threshold,Frontal,MTR,-0.31806005200187915,0.014091962453442701,59
subject_630,Second_threshold,Frontal,SCML,-0.3466497195975537,0.007152719503542021,59
subject_630,Second_threshold,Frontal,SCMR,-0.07147416898918633,0.5906144870077112,59
subject_630,Second_threshold,Frontal,STL,-0.1929802562708031,0.14308508070092232,59
subject_630,Second_threshold,Frontal,STR,-0.07147416898918633,0.5906144870077112,59
subject_630,Second_threshold,Frontal,UTL,-0.20727509006864037,0.11520900548883545,59
subject_630,Second_threshold,Frontal,UTR,-0.350223428047013,0.00654271648557619,59
subject_630,Second_threshold,Horizontal,MTL,,,59
subject_630,Second_threshold,Horizontal,MTR,,,59
subject_630,Second_threshold,Horizontal,SCML,,,59
subject_630,Second_threshold,Horizontal,SCMR,,,59
subject_630,Second_threshold,Horizontal,STL,,,59
subject_630,Second_threshold,Horizontal,STR,,,59
subject_630,Second_threshold,Horizontal,UTL,,,59
subject_630,Second_threshold,Horizontal,UTR,,,59
subject_630,Vo2max,Sagittal,MTL,-0.20932338470148937,0.2009265073266392,39
subject_630,Vo2max,Sagittal,MTR,-0.3983046680699538,0.012026409954509862,39
subject_630,Vo2max,Sagittal,SCML,0.22228752182046377,0.17379605130767292,39
subject_630,Vo2max,Sagittal,SCMR,0.04764056892501167,0.7733475174215829,39
subject_630,Vo2max,Sagittal,STL,-0.10002411484477008,0.5446146342762092,39
subject_630,Vo2max,Sagittal,STR,0.1855031002389835,0.2582141293188467,39
subject_630,Vo2max,Sagittal,UTL,-0.31988744842347444,0.047121400557087995,39
subject_630,Vo2max,Sagittal,UTR,-0.33137599269963874,0.039327683720493486,39
subject_630,Vo2max,Frontal,MTL,0.034627923185459424,0.8342311428824675,39
subject_630,Vo2max,Frontal,MTR,-0.17031284668766775,0.2999241278734388,39
subject_630,Vo2max,Frontal,SCML,0.3281407959003059,0.041407870061017774,39
subject_630,Vo2max,Frontal,SCMR,0.2871526419256805,0.07631766177918507,39
subject_630,Vo2max,Frontal,STL,0.1924558723980976,0.24047711870787286,39
subject_630,Vo2max,Frontal,STR,0.42519320646091335,0.006968982835182077,39
subject_630,Vo2max,Frontal,UTL,0.040281461664718105,0.8076399091176506,39
subject_630,Vo2max,Frontal,UTR,0.04805507707369879,0.771427876572596,39
subject_630,Vo2max,Horizontal,MTL,0.015158642429675425,0.9270231175307242,39
subject_630,Vo2max,Horizontal,MTR,-0.08601928045411056,0.602590206390428,39
subject_630,Vo2max,Horizontal,SCML,0.14713507691661148,0.37140682431047783,39
subject_630,Vo2max,Horizontal,SCMR,0.3126770767835431,0.05261826384530116,39
subject_630,Vo2max,Horizontal,STL,0.11188521793331863,0.4976932574143685,39
subject_630,Vo2max,Horizontal,STR,0.09311737492514904,0.5728730642372012,39
subject_630,Vo2max,Horizontal,UTL,0.06689051738809156,0.6857761555034794,39
subject_630,Vo2max,Horizontal,UTR,-0.0007218401156988298,0.9965202619488149,39
subject_630,WanT,Sagittal,MTL,0.476185055524933,0.006770689146672411,31
subject_630,WanT,Sagittal,MTR,0.5187147481453839,0.0027926248683928538,31
subject_630,WanT,Sagittal,SCML,0.36629619655764073,0.04269363507136082,31
subject_630,WanT,Sagittal,SCMR,-0.3985007614898897,0.02638690108298933,31
subject_630,WanT,Sagittal,STL,0.5440358946188315,0.0015582017502194833,31
subject_630,WanT,Sagittal,STR,0.3844880881987585,0.03270938156844105,31
subject_630,WanT,Sagittal,UTL,0.3618711418341256,0.045458022867575776,31
subject_630,WanT,Sagittal,UTR,0.5484609493423466,0.001400527419851109,31
subject_630,WanT,Frontal,MTL,0.4351050864468492,0.014434088821490072,31
subject_630,WanT,Frontal,MTR,0.4004629617297434,0.02558741935084316,31
subject_630,WanT,Frontal,SCML,0.3533496721144795,0.05118286037975655,31
subject_630,WanT,Frontal,SCMR,-0.4115484416392172,0.02143482549730761,31
subject_630,WanT,Frontal,STL,0.47113289615263926,0.007468021794066766,31
subject_630,WanT,Frontal,STR,0.45173330631106,0.010739799406050875,31
subject_630,WanT,Frontal,UTL,0.3187075473973736,0.0805571713166917,31
subject_630,WanT,Frontal,UTR,0.4586617312544812,0.009454903680262082,31
subject_630,WanT,Horizontal,MTL,-0.32936627462013,0.07039860122284416,31
subject_630,WanT,Horizontal,MTR,-0.37816127826755663,0.03594081867430949,31
subject_630,WanT,Horizontal,SCML,-0.4269562819149833,0.016599983758070227,31
subject_630,WanT,Horizontal,SCMR,-0.17078251276599332,0.35831803270295914,31
subject_630,WanT,Horizontal,STL,-0.4147575310031266,0.020342271475331356,31
subject_630,WanT,Horizontal,STR,-0.43915503282684004,0.013448718450061575,31
subject_630,WanT,Horizontal,UTL,-0.29277002188455997,0.10996852212800931,31
subject_630,WanT,Horizontal,UTR,-0.29277002188455997,0.10996852212800931,31
subject_630,Warmup,Sagittal,MTL,-0.14386876563205525,0.26865223421735923,61
subject_630,Warmup,Sagittal,MTR,-0.056516034893548214,0.665291796272306,61
subject_630,Warmup,Sagittal,SCML,-0.6673404804635513,4.271435222612608e-09,61
subject_630,Warmup,Sagittal,SCMR,-0.552481846811074,3.904801910843683e-06,61
subject_630,Warmup,Sagittal,STL,-0.0021757598984683485,0.9867224678525732,61
subject_630,Warmup,Sagittal,STR,-0.2153465074817377,0.0955674342577445,61
subject_630,Warmup,Sagittal,UTL,0.08727214703856376,0.5036269761634034,61
subject_630,Warmup,Sagittal,UTR,-0.165706948316682,0.20185561548482403,61
subject_630,Warmup,Frontal,MTL,0.14627107554750016,0.2606559121722412,61
subject_630,Warmup,Frontal,MTR,0.2466595667742049,0.05532153397422525,61
subject_630,Warmup,Frontal,SCML,-0.6734326826374896,2.7340951185986333e-09,61
subject_630,Warmup,Frontal,SCMR,-0.4352066168820597,0.00045624802246916225,61
subject_630,Warmup,Frontal,STL,0.17479854523158805,0.17785905686096143,61
subject_630,Warmup,Frontal,STR,-0.08325031552295614,0.5235627888402709,61
subject_630,Warmup,Frontal,UTL,0.33511641668817327,0.008290381202094188,61
subject_630,Warmup,Frontal,UTR,-0.0827893202904186,0.5258728224374637,61
subject_630,Warmup,Horizontal,MTL,-0.09013928198367517,0.4896571822686078,61
subject_630,Warmup,Horizontal,MTR,-0.12150654219074604,0.3509097090089697,61
subject_630,Warmup,Horizontal,SCML,-0.06612230550883018,0.6126442879165951,61
subject_630,Warmup,Horizontal,SCMR,-0.11079872144503428,0.39527791090500614,61
subject_630,Warmup,Horizontal,STL,-0.004083490962347701,0.9750834028834194,61
subject_630,Warmup,Horizontal,STR,0.14319441641299271,0.27092605927314317,61
subject_630,Warmup,Horizontal,UTL,0.1184514859892859,0.3632429226554724,61
subject_630,Warmup,Horizontal,UTR,0.023684247581616663,0.856227535230754,61
subject_631,Cooldown,Sagittal,MTL,0.016381886352858664,0.9002796834724727,61
subject_631,Cooldown,Sagittal,MTR,-0.08329908607155048,0.5233186980675845,61
subject_631,Cooldown,Sagittal,SCML,0.6682099288203557,4.010481844569806e-09,61
subject_631,Cooldown,Sagittal,SCMR,0.20035073733667438,0.12158361725295155,61
subject_631,Cooldown,Sagittal,STL,-0.363314428983872,0.004003055244299803,61
subject_631,Cooldown,Sagittal,STR,0.21873693278653858,0.09033675633096636,61
subject_631,Cooldown,Sagittal,UTL,0.16734644753931638,0.19736660652773155,61
subject_631,Cooldown,Sagittal,UTR,0.3167075614481697,0.012890879735063504,61
subject_631,Cooldown,Frontal,MTL,-0.2110116052419158,0.10259591310698073,61
subject_631,Cooldown,Frontal,MTR,0.012624858007911844,0.9230700952102594,61
subject_631,Cooldown,Frontal,SCML,0.3859948522548014,0.0021236661611133694,61
subject_631,Cooldown,Frontal,SCMR,0.227193143677863,0.07826686030883294,61
subject_631,Cooldown,Frontal,STL,-0.2167946047165077,0.09330515422004046,61
subject_631,Cooldown,Frontal,STR,0.1282576972674743,0.3245861482522393,61
subject_631,Cooldown,Frontal,UTL,-0.03942213726341504,0.7629232386150884,61
subject_631,Cooldown,Frontal,UTR,0.14259301990871612,0.27296470521455557,61
subject_631,Cooldown,Horizontal,MTL,0.11306020481925808,0.38564246856225187,61
subject_631,Cooldown,Horizontal,MTR,-0.07922043589797718,0.5439264504789083,61
subject_631,Cooldown,Horizontal,SCML,-0.04801941502454254,0.7132484024390522,61
subject_631,Cooldown,Horizontal,SCMR,-0.16142758661934078,0.21391309534136657,61
subject_631,Cooldown,Horizontal,STL,-0.03853732039107309,0.768094039662673,61
subject_631,Cooldown,Horizontal,STR,0.07495784289761019,0.5658753190196538,61
subject_631,Cooldown,Horizontal,UTL,-0.03436171908459113,0.7926283087584327,61
subject_631,Cooldown,Horizontal,UTR,-0.029867148233864025,0.8192614648069029,61
subject_631,Second_threshold,Sagittal,MTL,-0.0637819059366645,0.6312807715813613,59
subject_631,Second_threshold,Sagittal,MTR,0.4162889775093793,0.0010403178875457743,59
subject_631,Second_threshold,Sagittal,SCML,0.658921402373145,1.398051081389997e-08,59
subject_631,Second_threshold,Sagittal,SCMR,0.13379657141111378,0.3123643530373476,59
subject_631,Second_threshold,Sagittal,STL,-0.4547243279923856,0.0002967459351094451,59
subject_631,Second_threshold,Sagittal,STR,-0.44783861269349956,0.0003756229423706684,59
subject_631,Second_threshold,Sagittal,UTL,0.37277837997417684,0.003640980272471902,59
subject_631,Second_threshold,Sagittal,UTR,0.47748874020896154,0.0001312620967573001,59
subject_631,Second_threshold,Frontal,MTL,-0.1906167510024024,0.1481422051094097,59
subject_631,Second_threshold,Frontal,MTR,0.2389081164921032,0.06840765469068447,59
subject_631,Second_threshold,Frontal,SCML,0.38874549219209154,0.0023440499334979213,59
subject_631,Second_threshold,Frontal,SCMR,0.1089238577156585,0.41152881907455663,59
subject_631,Second_threshold,Frontal,STL,-0.20564073137697597,0.11816758226806158,59
subject_631,Second_threshold,Frontal,STR,-0.31899129759585704,0.013797290189975159,59
subject_631,Second_threshold,Frontal,UTL,-0.058083781269556815,0.6621306680975049,59
subject_631,Second_threshold,Frontal,UTR,0.21731114470365367,0.09826831807459857,59
subject_631,Second_threshold,Horizontal,MTL,-0.223606797749979,0.08867334385123035,59
subject_631,Second_threshold,Horizontal,MTR,0.04626347539654737,0.7278855135982397,59
subject_631,Second_threshold,Horizontal,SCML,0.2158962185172211,0.10053193473112061,59
subject_631,Second_threshold,Horizontal,SCMR,0.223606797749979,0.08867334385123035,59
subject_631,Second_threshold,Horizontal,STL,-0.2081856392844632,0.11358547733901377,59
subject_631,Second_threshold,Horizontal,STR,-0.223606797749979,0.08867334385123035,59
subject_631,Second_threshold,Horizontal,UTL,-0.2158962185172211,0.10053193473112061,59
subject_631,Second_threshold,Horizontal,UTR,-0.015421158465515793,0.9077123034211019,59
subject_631,Vo2max,Sagittal,MTL,0.6251290010834325,5.723473390263557e-06,44
subject_631,Vo2max,Sagittal,MTR,0.3462939728286936,0.021296628014350217,44
subject_631,Vo2max,Sagittal,SCML,0.2327050146857847,0.12848400186064585,44
subject_631,Vo2max,Sagittal,SCMR,-0.32177633120832777,0.03317270662547407,44
subject_631,Vo2max,Sagittal,STL,-0.04393334625614693,0.777048024710706,44
subject_631,Vo2max,Sagittal,STR,-0.32843719338264676,0.029505337796545163,44
subject_631,Vo2max,Sagittal,UTL,0.7586296855134016,2.430600612708856e-09,44
subject_631,Vo2max,Sagittal,UTR,0.6456076092576688,2.2227565960498854e-06,44
subject_631,Vo2max,Frontal,MTL,-0.03725132165209691,0.8102782834912255,44
subject_631,Vo2max,Frontal,MTR,0.22416146187139016,0.14352167422138307,44
subject_631,Vo2max,Frontal,SCML,-0.0071888515468958945,0.9630606056595907,44
subject_631,Vo2max,Frontal,SCMR,0.25291686805897373,0.09763740707759876,44
subject_631,Vo2max,Frontal,STL,0.2601057196058696,0.08816365660629873,44
subject_631,Vo2max,Frontal,STR,0.09802979382130765,0.5266918914456891,44
subject_631,Vo2max,Frontal,UTL,-0.01895242680545281,0.9028135761006894,44
subject_631,Vo2max,Frontal,UTR,0.24376742063565165,0.11080626407022086,44
subject_631,Vo2max,Horizontal,MTL,0.23294541397390262,0.1280786523329673,44
subject_631,Vo2max,Horizontal,MTR,0.04215202729051572,0.7858709455019978,44
subject_631,Vo2max,Horizontal,SCML,0.2684418580080211,0.07808988205392128,44
subject_631,Vo2max,Horizontal,SCMR,-0.36162002359758216,0.01586914235423948,44
subject_631,Vo2max,Horizontal,STL,-0.388242356623171,0.009208684662725295,44
subject_631,Vo2max,Horizontal,STR,-0.5036057997340562,0.0004924677415790472,44
subject_631,Vo2max,Horizontal,UTL,0.5346651882639099,0.00018494331676808238,44
subject_631,Vo2max,Horizontal,UTR,0.40155352313596554,0.006899114202144414,44
subject_631,WanT,Sagittal,MTL,0.4336333984609512,0.01480676930729413,31
subject_631,WanT,Sagittal,MTR,0.47046476642032814,0.00756465098686639,31
subject_631,WanT,Sagittal,SCML,0.6035460628039331,0.00032502394572123474,31
subject_631,WanT,Sagittal,SCMR,-0.013633710791592554,0.9419707716312343,31
subject_631,WanT,Sagittal,STL,0.24276144737865546,0.18821430507211748,31
subject_631,WanT,Sagittal,STR,0.017703475206993315,0.9246918138481339,31
subject_631,WanT,Sagittal,UTL,0.6291855786209578,0.00014969879616527043,31
subject_631,WanT,Sagittal,UTR,0.6645925290349444,4.54923367376024e-05,31
subject_631,WanT,Frontal,MTL,0.7027467131975114,1.0442913899298609e-05,31
subject_631,WanT,Frontal,MTR,0.6258457010626842,0.00016624932168798987,31
subject_631,WanT,Frontal,SCML,0.5263397804617123,0.0023536904329042167,31
subject_631,WanT,Frontal,SCMR,0.13585106754653878,0.4661899350373836,31
subject_631,WanT,Frontal,STL,0.6014678585991945,0.0003451091195474756,31
subject_631,WanT,Frontal,STR,0.43503367959845946,0.014451988857996437,31
subject_631,WanT,Frontal,UTL,0.662190848008251,4.956254344565597e-05,31
subject_631,WanT,Frontal,UTR,0.684574139724728,2.162627731205144e-05,31
subject_631,WanT,Horizontal,MTL,-0.16201851746019652,0.38387188005008926,31
subject_631,WanT,Horizontal,MTR,-0.15430334996209194,0.4072173904779256,31
subject_631,WanT,Horizontal,SCML,0.09258200997725516,0.6203474775956456,31
subject_631,WanT,Horizontal,SCMR,-0.15430334996209194,0.4072173904779256,31
subject_631,WanT,Horizontal,STL,-0.31632186742228846,0.08297804440741717,31
subject_631,WanT,Horizontal,STR,-0.29317636492797466,0.10945313716101832,31
subject_631,WanT,Horizontal,UTL,0.02314550249431379,0.901640485003445,31
subject_631,WanT,Horizontal,UTR,0.007715167498104596,0.9671432257362845,31
subject_631,Warmup,Sagittal,MTL,0.07077881630293967,0.5877878107017535,61
subject_631,Warmup,Sagittal,MTR,-0.06113323205025518,0.6397658258116363,61
subject_631,Warmup,Sagittal,SCML,0.7455154898016696,5.501177366749437e-12,61
subject_631,Warmup,Sagittal,SCMR,0.3876669859340701,0.002023081074146623,61
subject_631,Warmup,Sagittal,STL,-0.46475150274568994,0.00016105979358642836,61
subject_631,Warmup,Sagittal,STR,-0.008496664244747005,0.9481824826148553,61
subject_631,Warmup,Sagittal,UTL,0.25276240174624737,0.049375129924943514,61
subject_631,Warmup,Sagittal,UTR,0.1548637294419926,0.23337600393016436,61
subject_631,Warmup,Frontal,MTL,0.01250115069692909,0.9238216620480285,61
subject_631,Warmup,Frontal,MTR,0.01348808364668665,0.9178275845504885,61
subject_631,Warmup,Frontal,SCML,-0.15100074131290664,0.24538563031711358,61
subject_631,Warmup,Frontal,SCMR,-0.3512247634949716,0.005513007453382447,61
subject_631,Warmup,Frontal,STL,0.11723940998995012,0.3682083774252792,61
subject_631,Warmup,Frontal,STR,0.04963450293155727,0.7040401774603436,61
subject_631,Warmup,Frontal,UTL,0.016654493527158823,0.8986289175676889,61
subject_631,Warmup,Frontal,UTR,-0.33605066939244904,0.008101071707437681,61
subject_631,Warmup,Horizontal,MTL,-0.08471713321910526,0.5162465086953173,61
subject_631,Warmup,Horizontal,MTR,-0.24830883874565335,0.053659957989584915,61
subject_631,Warmup,Horizontal,SCML,-0.4352707879188511,0.00045526321036661743,61
subject_631,Warmup,Horizontal,SCMR,-0.5112240797704627,2.5512388861122944e-05,61
subject_631,Warmup,Horizontal,STL,0.23078115601066604,0.07354879663041844,61
subject_631,Warmup,Horizontal,STR,-0.15482786415905445,0.23348560350434788,61
subject_631,Warmup,Horizontal,UTL,-0.257072680113147,0.04549857750873196,61
subject_631,Warmup,Horizontal,UTR,-0.2015683514523539,0.11928849215273336,61
subject_632,Cooldown,Sagittal,MTL,-0.21541605520290397,0.09545781464322083,61
subject_632,Cooldown,Sagittal,MTR,-0.15117056750908153,0.24484894616743919,61
subject_632,Cooldown,Sagittal,SCML,0.00846811625735622,0.9483563470775744,61
subject_632,Cooldown,Sagittal,SCMR,-0.26002726703187834,0.0429884658902981,61
subject_632,Cooldown,Sagittal,STL,-0.4761645813481849,0.00010495373049487377,61
subject_632,Cooldown,Sagittal,STR,-0.45428638824163997,0.00023543926712009118,61
subject_632,Cooldown,Sagittal,UTL,0.016562246307762953,0.8991874708064082,61
subject_632,Cooldown,Sagittal,UTR,0.3089660335412682,0.015402222123422193,61
subject_632,Cooldown,Frontal,MTL,-0.37216362752879717,0.008457858375844179,49
subject_632,Cooldown,Frontal,MTR,-0.21355350214744348,0.1406593044291322,49
subject_632,Cooldown,Frontal,SCML,0.0391341976022621,0.7894924102940163,49
subject_632,Cooldown,Frontal,SCMR,-0.02462085279612516,0.8666444994257728,49
subject_632,Cooldown,Frontal,STL,0.08215589827759658,0.5746644385046663,49
subject_632,Cooldown,Frontal,STR,0.691716380135348,3.7195653076809804e-08,49
subject_632,Cooldown,Frontal,UTL,-0.4151853282041316,0.003012653964661759,49
subject_632,Cooldown,Frontal,UTR,-0.060385881068391184,0.6802181091571696,49
subject_632,Cooldown,Horizontal,MTL,0.2297207089874916,0.07491901368055784,61
subject_632,Cooldown,Horizontal,MTR,0.1031565742965158,0.42887122417557677,61
subject_632,Cooldown,Horizontal,SCML,0.08256155022852188,0.5270160423284243,61
subject_632,Cooldown,Horizontal,SCMR,0.29295741284384297,0.02194851496903097,61
subject_632,Cooldown,Horizontal,STL,0.5841002861222239,7.746590528009471e-07,61
subject_632,Cooldown,Horizontal,STR,0.14186675169303886,0.27544024145473744,61
subject_632,Cooldown,Horizontal,UTL,0.05174461994175857,0.6920731932320375,61
subject_632,Cooldown,Horizontal,UTR,-0.08071676833696882,0.5363206453719597,61
subject_632,Second_threshold,Sagittal,MTL,-0.11572331846140106,0.3827685829857516,59
subject_632,Second_threshold,Sagittal,MTR,-0.3248602362695665,0.012059301555842544,59
subject_632,Second_threshold,Sagittal,SCML,0.18492352505650148,0.16086770319892899,59
subject_632,Second_threshold,Sagittal,SCMR,0.08596589371418364,0.5173805655772701,59
subject_632,Second_threshold,Sagittal,STL,0.06445772139408486,0.6276617008417233,59
subject_632,Second_threshold,Sagittal,STR,0.26407627101711345,0.04327563944030724,59
subject_632,Second_threshold,Sagittal,UTL,0.12821408934294912,0.33316353660553444,59
subject_632,Second_threshold,Sagittal,UTR,0.04471963157859048,0.7366319753990306,59
subject_632,Second_threshold,Frontal,MTL,-0.13359502488078354,0.3131004575035045,59
subject_632,Second_threshold,Frontal,MTR,-0.44783003834829405,0.0003757320490362098,59
subject_632,Second_threshold,Frontal,SCML,0.027118174365176835,0.8384478116335098,59
subject_632,Second_threshold,Frontal,SCMR,-0.017645821403508757,0.8944698948411504,59
subject_632,Second_threshold,Frontal,STL,-0.013590767292828109,0.9186267076616065,59
subject_632,Second_threshold,Frontal,STR,0.5114120195993571,3.481827794630598e-05,59
subject_632,Second_threshold,Frontal,UTL,-0.15637302414312249,0.23692128460964162,59
subject_632,Second_threshold,Frontal,UTR,0.06142773375476388,0.6439545267356074,59
subject_632,Second_threshold,Horizontal,MTL,-0.1927644808189474,0.14354134891029421,59
subject_632,Second_threshold,Horizontal,MTR,-0.2158962185172211,0.10053193473112061,59
subject_632,Second_threshold,Horizontal,SCML,-0.17734332235343164,0.1790347207135418,59
subject_632,Second_threshold,Horizontal,SCMR,0.14650100542240002,0.26820514843569815,59
subject_632,Second_threshold,Horizontal,STL,-0.10794810925861055,0.4157559614564979,59
subject_632,Second_threshold,Horizontal,STR,0.17734332235343164,0.1790347207135418,59
subject_632,Second_threshold,Horizontal,UTL,-0.2004750600517053,0.12790067222746573,59
subject_632,Second_threshold,Horizontal,UTR,-0.038552896163789485,0.7718910908977685,59
subject_632,Vo2max,Sagittal,MTL,-0.325779458010555,0.09068855272980038,28
subject_632,Vo2max,Sagittal,MTR,-0.42615799950089206,0.023743282476590553,28
subject_632,Vo2max,Sagittal,SCML,0.2211934327451739,0.25798613306456525,28
subject_632,Vo2max,Sagittal,SCMR,0.42675906861161267,0.023525479056859113,28
subject_632,Vo2max,Sagittal,STL,0.013223520435852787,0.9467529871434679,28
subject_632,Vo2max,Sagittal,STR,-0.47183925191565623,0.011247189759053172,28
subject_632,Vo2max,Sagittal,UTL,0.31556128312830506,0.10188813876102083,28
subject_632,Vo2max,Sagittal,UTR,-0.06251118751494045,0.7519976437199349,28
subject_632,Vo2max,Frontal,MTL,-0.26398226168514577,0.1746543739688237,28
subject_632,Vo2max,Frontal,MTR,-0.35219018630654925,0.06605587428129843,28
subject_632,Vo2max,Frontal,SCML,0.28418989532568545,0.14274451893629497,28
subject_632,Vo2max,Frontal,SCMR,0.32909574786021817,0.087261873129053,28
subject_632,Vo2max,Frontal,STL,0.1276609236338858,0.5173880481121359,28
subject_632,Vo2max,Frontal,STR,-0.2675105786700019,0.16875050483930873,28
subject_632,Vo2max,Frontal,UTL,0.4121715750491036,0.029294238105777252,28
subject_632,Vo2max,Frontal,UTR,-0.10809480217241084,0.5840253179289414,28
subject_632,Vo2max,Horizontal,MTL,,,28
subject_632,Vo2max,Horizontal,MTR,,,28
subject_632,Vo2max,Horizontal,SCML,,,28
subject_632,Vo2max,Horizontal,SCMR,,,28
subject_632,Vo2max,Horizontal,STL,,,28
subject_632,Vo2max,Horizontal,STR,,,28
subject_632,Vo2max,Horizontal,UTL,,,28
subject_632,Vo2max,Horizontal,UTR,,,28
subject_632,WanT,Sagittal,MTL,0.07936323949718942,0.6712830325790616,31
subject_632,WanT,Sagittal,MTR,-0.10499095225149016,0.5740479067451261,31
subject_632,WanT,Sagittal,SCML,0.28135370668968884,0.12520204468725457,31
subject_632,WanT,Sagittal,SCMR,0.17470935361534057,0.3472054292701006,31
subject_632,WanT,Sagittal,STL,0.03444585047621069,0.8540453006418184,31
subject_632,WanT,Sagittal,STR,-0.15293957611437545,0.411425775408163,31
subject_632,WanT,Sagittal,UTL,0.1556952441524723,0.4029474148174238,31
subject_632,WanT,Sagittal,UTR,0.20777737007250285,0.2620282551958362,31
subject_632,WanT,Frontal,MTL,0.4084170927412702,0.02254709604417936,31
subject_632,WanT,Frontal,MTR,0.148515306451371,0.42524543842877055,31
subject_632,WanT,Frontal,SCML,-0.028310730292292596,0.8798337655707076,31
subject_632,WanT,Frontal,SCMR,-0.09931961118935435,0.5950162541617868,31
subject_632,WanT,Frontal,STL,0.002320551663302672,0.9901150016482658,31
subject_632,WanT,Frontal,STR,-0.07100888089706175,0.7042472275322053,31
subject_632,WanT,Frontal,UTL,0.32998244652163994,0.06984331308458634,31
subject_632,WanT,Frontal,UTR,0.2534042416326518,0.16898027673480578,31
subject_632,WanT,Horizontal,MTL,,,31
subject_632,WanT,Horizontal,MTR,,,31
subject_632,WanT,Horizontal,SCML,,,31
subject_632,WanT,Horizontal,SCMR,,,31
subject_632,WanT,Horizontal,STL,,,31
subject_632,WanT,Horizontal,STR,,,31
subject_632,WanT,Horizontal,UTL,,,31
subject_632,WanT,Horizontal,UTR,,,31
subject_632,Warmup,Sagittal,MTL,0.06882488148322316,0.5981626018722619,61
subject_632,Warmup,Sagittal,MTR,0.24471401170294588,0.05733505558829014,61
subject_632,Warmup,Sagittal,SCML,0.29841057431974377,0.019494273252669735,61
subject_632,Warmup,Sagittal,SCMR,-0.08816879908515424,0.4992362283934579,61
subject_632,Warmup,Sagittal,STL,0.46619738356555107,0.00015268104481606007,61
subject_632,Warmup,Sagittal,STR,-0.1872204204378555,0.14851471657930887,61
subject_632,Warmup,Sagittal,UTL,-0.02909062106132759,0.8238844372129766,61
subject_632,Warmup,Sagittal,UTR,0.08015617170135589,0.5391640192130113,61
subject_632,Warmup,Frontal,MTL,0.07728323128587407,0.5538501759962351,61
subject_632,Warmup,Frontal,MTR,0.09431973307200496,0.469658401237089,61
subject_632,Warmup,Frontal,SCML,0.2717587309137143,0.03412057055262217,61
subject_632,Warmup,Frontal,SCMR,-0.10204216121727536,0.43390146446112704,61
subject_632,Warmup,Frontal,STL,0.4645836352127944,0.00016205939719668498,61
subject_632,Warmup,Frontal,STR,0.039290063807807064,0.7636944176421276,61
subject_632,Warmup,Frontal,UTL,-0.04559769595699739,0.7271317830166456,61
subject_632,Warmup,Frontal,UTR,0.012025765966680632,0.9267104077686587,61
subject_632,Warmup,Horizontal,MTL,-0.08798826901281195,0.5001186565924594,61
subject_632,Warmup,Horizontal,MTR,-0.2053059610298946,0.11244970398830048,61
subject_632,Warmup,Horizontal,SCML,-0.02199706725320299,0.8663719187008005,61
subject_632,Warmup,Horizontal,SCMR,-0.16131182652348863,0.21424614151028643,61
subject_632,Warmup,Horizontal,STL,-0.2053059610298946,0.11244970398830048,61
subject_632,Warmup,Horizontal,STR,0.21997067253202995,0.08849005779876372,61
subject_632,Warmup,Horizontal,UTL,-0.06599120175960897,0.6133506284967625,61
subject_632,Warmup,Horizontal,UTR,-0.18330889377669163,0.15733731903115902,61
